{"mean":{"confidence_interval":{"confidence_level":0.95,"lower_bound":876525.5217432431,"upper_bound":920202.6695093059},"point_estimate":896389.4832510403,"standard_error":11175.335994455529},"median":{"confidence_interval":{"confidence_level":0.95,"lower_bound":865445.1440677966,"upper_bound":884676.6583333333},"point_estimate":876314.1756965944,"standard_error":4902.262826341789},"median_abs_dev":{"confidence_interval":{"confidence_level":0.95,"lower_bound":31524.99153634898,"upper_bound":58387.920491093784},"point_estimate":44609.54224363551,"standard_error":7318.372127040648},"slope":{"confidence_interval":{"confidence_level":0.95,"lower_bound":857154.9703507957,"upper_bound":888941.1972379377},"point_estimate":872648.6069942367,"standard_error":8100.5410610901},"std_dev":{"confidence_interval":{"confidence_level":0.95,"lower_bound":60963.125077679375,"upper_bound":159947.175517765},"point_estimate":112438.91491466886,"standard_error":25813.692365239993}}