{"mean":{"confidence_interval":{"confidence_level":0.95,"lower_bound":27639.02328972115,"upper_bound":27731.409956183394},"point_estimate":27684.931935484787,"standard_error":23.553526405419895},"median":{"confidence_interval":{"confidence_level":0.95,"lower_bound":27633.222694394215,"upper_bound":27729.455311355312},"point_estimate":27678.602787878786,"standard_error":24.78838176121796},"median_abs_dev":{"confidence_interval":{"confidence_level":0.95,"lower_bound":157.86866826310268,"upper_bound":283.8126676266739},"point_estimate":202.45844785391864,"standard_error":34.24616498234613},"slope":{"confidence_interval":{"confidence_level":0.95,"lower_bound":27719.59669228442,"upper_bound":27818.700585176746},"point_estimate":27768.11948649961,"standard_error":25.372561474956495},"std_dev":{"confidence_interval":{"confidence_level":0.95,"lower_bound":201.70931239595149,"upper_bound":266.8871376589884},"point_estimate":235.98366860900447,"standard_error":16.6001793329612}}