{"mean":{"confidence_interval":{"confidence_level":0.95,"lower_bound":232749.64397475444,"upper_bound":243260.17433166347},"point_estimate":237235.34529955196,"standard_error":2716.5729645132055},"median":{"confidence_interval":{"confidence_level":0.95,"lower_bound":228773.99375,"upper_bound":230750.83333333334},"point_estimate":229694.87324561406,"standard_error":476.91598115222547},"median_abs_dev":{"confidence_interval":{"confidence_level":0.95,"lower_bound":2074.899578218602,"upper_bound":4293.115963334907},"point_estimate":3063.0404261201516,"standard_error":572.916959891408},"slope":{"confidence_interval":{"confidence_level":0.95,"lower_bound":228679.51287786802,"upper_bound":230607.5366838419},"point_estimate":229516.69287778926,"standard_error":494.5706312997899},"std_dev":{"confidence_interval":{"confidence_level":0.95,"lower_bound":10050.098610604748,"upper_bound":42198.427157059596},"point_estimate":27233.866179632067,"standard_error":8845.455923333173}}