{"mean":{"confidence_interval":{"confidence_level":0.95,"lower_bound":50722.981093899005,"upper_bound":53066.38192023023},"point_estimate":51802.17129173925,"standard_error":599.8106209962303},"median":{"confidence_interval":{"confidence_level":0.95,"lower_bound":49597.575,"upper_bound":51068.08},"point_estimate":50034.62858450704,"standard_error":358.919442757719},"median_abs_dev":{"confidence_interval":{"confidence_level":0.95,"lower_bound":2283.1747292121904,"upper_bound":4032.0356756165775},"point_estimate":3007.2827053166206,"standard_error":464.53392290899336},"slope":{"confidence_interval":{"confidence_level":0.95,"lower_bound":51289.9098696428,"upper_bound":54405.47073070578},"point_estimate":52677.63787690261,"standard_error":803.7603930380246},"std_dev":{"confidence_interval":{"confidence_level":0.95,"lower_bound":3661.820213913809,"upper_bound":8176.427984653869},"point_estimate":6029.962097493458,"standard_error":1165.4115753806057}}