{"mean":{"confidence_interval":{"confidence_level":0.95,"lower_bound":1749235.9656674536,"upper_bound":1780284.550359994},"point_estimate":1764361.5616957375,"standard_error":7902.706697182488},"median":{"confidence_interval":{"confidence_level":0.95,"lower_bound":1730092.2792857143,"upper_bound":1762707.7325581396},"point_estimate":1747251.839962121,"standard_error":9068.557236059565},"median_abs_dev":{"confidence_interval":{"confidence_level":0.95,"lower_bound":48685.07519816704,"upper_bound":87503.52631374529},"point_estimate":69606.5813505998,"standard_error":9791.473335986533},"slope":{"confidence_interval":{"confidence_level":0.95,"lower_bound":1744730.4947390559,"upper_bound":1778253.9523441035},"point_estimate":1761230.3787054825,"standard_error":8581.812026841397},"std_dev":{"confidence_interval":{"confidence_level":0.95,"lower_bound":64904.163613892866,"upper_bound":92845.0949706102},"point_estimate":79439.58267136985,"standard_error":7148.853815692235}}