{"mean":{"confidence_interval":{"confidence_level":0.95,"lower_bound":152406.89914946703,"upper_bound":162956.8010062869},"point_estimate":157006.6055080167,"standard_error":2708.8330645483893},"median":{"confidence_interval":{"confidence_level":0.95,"lower_bound":147966.54047619048,"upper_bound":153121.89969604864},"point_estimate":150048.53153008962,"standard_error":1179.132560914686},"median_abs_dev":{"confidence_interval":{"confidence_level":0.95,"lower_bound":5860.5643472529055,"upper_bound":10461.53005233439},"point_estimate":7736.084849989326,"standard_error":1207.6739129475486},"slope":{"confidence_interval":{"confidence_level":0.95,"lower_bound":147037.49341953645,"upper_bound":150850.13411242262},"point_estimate":148804.8783643311,"standard_error":976.1837414633145},"std_dev":{"confidence_interval":{"confidence_level":0.95,"lower_bound":10807.95421784764,"upper_bound":40942.41109518152},"point_estimate":27173.374317697362,"standard_error":7963.803996286812}}