{"mean":{"confidence_interval":{"confidence_level":0.95,"lower_bound":143853.2650636667,"upper_bound":145107.3228602271},"point_estimate":144433.21096328655,"standard_error":322.1176413088599},"median":{"confidence_interval":{"confidence_level":0.95,"lower_bound":143420.4236453202,"upper_bound":144255.42908424907},"point_estimate":143702.75562116737,"standard_error":247.25210190553406},"median_abs_dev":{"confidence_interval":{"confidence_level":0.95,"lower_bound":1218.470090568967,"upper_bound":2056.9805875807265},"point_estimate":1585.199022535828,"standard_error":218.32696064752983},"slope":{"confidence_interval":{"confidence_level":0.95,"lower_bound":144289.49354587618,"upper_bound":145684.78243322924},"point_estimate":144930.63916992125,"standard_error":358.12112432403507},"std_dev":{"confidence_interval":{"confidence_level":0.95,"lower_bound":1858.6920294810327,"upper_bound":4399.68697251786},"point_estimate":3243.3140061957724,"standard_error":647.4157176209031}}