{"mean":{"confidence_interval":{"confidence_level":0.95,"lower_bound":995637.9081362936,"upper_bound":1038666.1385435238},"point_estimate":1016471.1088715032,"standard_error":10982.161952158644},"median":{"confidence_interval":{"confidence_level":0.95,"lower_bound":953819.422077922,"upper_bound":1010096.506006006},"point_estimate":981087.3152173914,"standard_error":14413.419959913272},"median_abs_dev":{"confidence_interval":{"confidence_level":0.95,"lower_bound":65483.66497379601,"upper_bound":132773.07461735676},"point_estimate":95726.21951082429,"standard_error":17488.935097671485},"slope":{"confidence_interval":{"confidence_level":0.95,"lower_bound":998819.2913733869,"upper_bound":1045324.947565758},"point_estimate":1021785.359698537,"standard_error":11891.264308438656},"std_dev":{"confidence_interval":{"confidence_level":0.95,"lower_bound":91488.4773925453,"upper_bound":128523.43821443405},"point_estimate":110747.65450774136,"standard_error":9466.519081254679}}