{"mean":{"confidence_interval":{"confidence_level":0.95,"lower_bound":935306.2919317652,"upper_bound":955500.7048249263},"point_estimate":944946.6486724312,"standard_error":5154.511100890652},"median":{"confidence_interval":{"confidence_level":0.95,"lower_bound":919488.925925926,"upper_bound":940428.1666666666},"point_estimate":925570.9312280702,"standard_error":5281.892371034298},"median_abs_dev":{"confidence_interval":{"confidence_level":0.95,"lower_bound":27464.059943781056,"upper_bound":53609.03763995159},"point_estimate":36887.73547266125,"standard_error":6416.8384924772},"slope":{"confidence_interval":{"confidence_level":0.95,"lower_bound":924269.1875497206,"upper_bound":942695.3970986193},"point_estimate":932809.6279799024,"standard_error":4714.057742309489},"std_dev":{"confidence_interval":{"confidence_level":0.95,"lower_bound":39252.68137104157,"upper_bound":63986.52720957986},"point_estimate":52070.05077357218,"standard_error":6339.911122275222}}