{"mean":{"confidence_interval":{"confidence_level":0.95,"lower_bound":902947.7317335688,"upper_bound":977159.1448766915},"point_estimate":938160.3487846204,"standard_error":18992.80017427532},"median":{"confidence_interval":{"confidence_level":0.95,"lower_bound":872262.28125,"upper_bound":938968.6857769424},"point_estimate":916254.5235247209,"standard_error":16551.703313100425},"median_abs_dev":{"confidence_interval":{"confidence_level":0.95,"lower_bound":93713.97181748554,"upper_bound":169890.14876134688},"point_estimate":132590.3757613015,"standard_error":19376.336106031216},"slope":{"confidence_interval":{"confidence_level":0.95,"lower_bound":884989.9186132423,"upper_bound":948655.4640605729},"point_estimate":915734.3656775529,"standard_error":16272.819268964771},"std_dev":{"confidence_interval":{"confidence_level":0.95,"lower_bound":134520.54432690822,"upper_bound":242009.85291869717},"point_estimate":191147.15995698425,"standard_error":27565.86549386514}}