{"mean":{"confidence_interval":{"confidence_level":0.95,"lower_bound":19241624.94225,"upper_bound":19344953.159666672},"point_estimate":19292829.62333334,"standard_error":26341.37745400802},"median":{"confidence_interval":{"confidence_level":0.95,"lower_bound":19197028.5,"upper_bound":19374047.666666668},"point_estimate":19310474.333333336,"standard_error":41436.301186740864},"median_abs_dev":{"confidence_interval":{"confidence_level":0.95,"lower_bound":220968.18267703056,"upper_bound":346059.34315621946},"point_estimate":282092.56729185674,"standard_error":32157.25575707246},"slope":null,"std_dev":{"confidence_interval":{"confidence_level":0.95,"lower_bound":227354.2545520765,"upper_bound":300384.44035531295},"point_estimate":264318.33162390307,"standard_error":18699.83453879125}}