{"mean":{"confidence_interval":{"confidence_level":0.95,"lower_bound":218464.0197194351,"upper_bound":231170.39177232713},"point_estimate":224209.16190581024,"standard_error":3255.7296731791607},"median":{"confidence_interval":{"confidence_level":0.95,"lower_bound":211887.55555555556,"upper_bound":220200.48837209304},"point_estimate":216668.57430555555,"standard_error":2020.9980372026666},"median_abs_dev":{"confidence_interval":{"confidence_level":0.95,"lower_bound":10906.251096736858,"upper_bound":19091.429942437346},"point_estimate":14954.237933914452,"standard_error":2021.5616677467603},"slope":{"confidence_interval":{"confidence_level":0.95,"lower_bound":208962.333726359,"upper_bound":216757.76335773463},"point_estimate":212335.32240776316,"standard_error":2011.218062283742},"std_dev":{"confidence_interval":{"confidence_level":0.95,"lower_bound":17480.385856933095,"upper_bound":46119.71104401235},"point_estimate":32816.53631197152,"standard_error":7452.931909881351}}