{"mean":{"confidence_interval":{"confidence_level":0.95,"lower_bound":17740.825961444472,"upper_bound":17809.90596944166},"point_estimate":17770.366134544063,"standard_error":17.807297630162587},"median":{"confidence_interval":{"confidence_level":0.95,"lower_bound":17735.592016718914,"upper_bound":17761.421585623677},"point_estimate":17750.366316466552,"standard_error":6.050328042427282},"median_abs_dev":{"confidence_interval":{"confidence_level":0.95,"lower_bound":40.8903623422182,"upper_bound":69.72141385310628},"point_estimate":56.59179797042431,"standard_error":7.311076106507342},"slope":{"confidence_interval":{"confidence_level":0.95,"lower_bound":17763.57114751073,"upper_bound":17800.674307081186},"point_estimate":17780.970960893104,"standard_error":9.519908603668041},"std_dev":{"confidence_interval":{"confidence_level":0.95,"lower_bound":75.30734857482874,"upper_bound":277.32843828663334},"point_estimate":178.63878167151472,"standard_error":58.28446133344662}}