{"mean":{"confidence_interval":{"confidence_level":0.95,"lower_bound":176063.2191932815,"upper_bound":189043.18602521616},"point_estimate":181864.3398795586,"standard_error":3345.4306380499897},"median":{"confidence_interval":{"confidence_level":0.95,"lower_bound":169770.71557971014,"upper_bound":177851.9625875876},"point_estimate":173472.37133350846,"standard_error":2217.8325327138896},"median_abs_dev":{"confidence_interval":{"confidence_level":0.95,"lower_bound":9979.97328376207,"upper_bound":15583.07356143147},"point_estimate":12793.655494405679,"standard_error":1431.6599803246054},"slope":{"confidence_interval":{"confidence_level":0.95,"lower_bound":175306.90639413078,"upper_bound":189033.28859427435},"point_estimate":181468.41126348457,"standard_error":3524.9542129756696},"std_dev":{"confidence_interval":{"confidence_level":0.95,"lower_bound":17944.974454546213,"upper_bound":48594.84647966373},"point_estimate":33587.27782215654,"standard_error":8208.386746258997}}