{"mean":{"confidence_interval":{"confidence_level":0.95,"lower_bound":92507101.531,"upper_bound":93658354.66450001},"point_estimate":93117995.92,"standard_error":294117.9870684094},"median":{"confidence_interval":{"confidence_level":0.95,"lower_bound":93488694.0,"upper_bound":93702201.0},"point_estimate":93597746.0,"standard_error":55864.253536043645},"median_abs_dev":{"confidence_interval":{"confidence_level":0.95,"lower_bound":378142.6645041259,"upper_bound":651172.3452568795},"point_estimate":505650.35792291164,"standard_error":73602.0672809399},"slope":null,"std_dev":{"confidence_interval":{"confidence_level":0.95,"lower_bound":1852801.9611434287,"upper_bound":3804253.5100550596},"point_estimate":2952316.89209742,"standard_error":492884.46896756365}}