{"mean":{"confidence_interval":{"confidence_level":0.95,"lower_bound":658423.7968862342,"upper_bound":689904.8042149014},"point_estimate":672632.9782186671,"standard_error":8087.196733325877},"median":{"confidence_interval":{"confidence_level":0.95,"lower_bound":640074.1041666666,"upper_bound":653048.1647727273},"point_estimate":646383.5684508493,"standard_error":2474.2119552856952},"median_abs_dev":{"confidence_interval":{"confidence_level":0.95,"lower_bound":16027.779286936979,"upper_bound":32056.361154234117},"point_estimate":23232.11436475032,"standard_error":4512.744337549562},"slope":{"confidence_interval":{"confidence_level":0.95,"lower_bound":637232.2088721935,"upper_bound":646540.8704535495},"point_estimate":641538.4569750258,"standard_error":2373.075649718055},"std_dev":{"confidence_interval":{"confidence_level":0.95,"lower_bound":43676.17769956199,"upper_bound":116097.95304270255},"point_estimate":81263.99877579884,"standard_error":19028.913780224528}}