{"mean":{"confidence_interval":{"confidence_level":0.95,"lower_bound":141526.83351453277,"upper_bound":147152.76070284378},"point_estimate":144101.24847744967,"standard_error":1437.2181826971346},"median":{"confidence_interval":{"confidence_level":0.95,"lower_bound":142866.5214429145,"upper_bound":145195.98163265307},"point_estimate":143959.82277983427,"standard_error":632.5918046602673},"median_abs_dev":{"confidence_interval":{"confidence_level":0.95,"lower_bound":5368.645420837144,"upper_bound":11750.368543931418},"point_estimate":7448.936249573512,"standard_error":1813.7181425571691},"slope":{"confidence_interval":{"confidence_level":0.95,"lower_bound":141624.9169284323,"upper_bound":144783.7896250078},"point_estimate":143300.46969874811,"standard_error":805.7086289705502},"std_dev":{"confidence_interval":{"confidence_level":0.95,"lower_bound":8682.564185830324,"upper_bound":20646.50266165758},"point_estimate":14471.243401364836,"standard_error":3345.3426895623206}}