{"mean":{"confidence_interval":{"confidence_level":0.95,"lower_bound":268145.0077365764,"upper_bound":273980.66476001864},"point_estimate":270896.22075164504,"standard_error":1493.4444927264367},"median":{"confidence_interval":{"confidence_level":0.95,"lower_bound":266792.2638888889,"upper_bound":270706.4643382353},"point_estimate":268859.1463903743,"standard_error":921.5968290642152},"median_abs_dev":{"confidence_interval":{"confidence_level":0.95,"lower_bound":7198.552354003351,"upper_bound":11421.072228992181},"point_estimate":9892.901907499345,"standard_error":1039.6619315299845},"slope":{"confidence_interval":{"confidence_level":0.95,"lower_bound":269239.443964351,"upper_bound":273063.876574404},"point_estimate":271095.3592286094,"standard_error":976.3968954869954},"std_dev":{"confidence_interval":{"confidence_level":0.95,"lower_bound":9827.589554795892,"upper_bound":20416.770895543395},"point_estimate":15040.590907417822,"standard_error":2811.243231023063}}