{"mean":{"confidence_interval":{"confidence_level":0.95,"lower_bound":116960.26968243794,"upper_bound":124249.63772016914},"point_estimate":120394.5175190441,"standard_error":1870.7616664498328},"median":{"confidence_interval":{"confidence_level":0.95,"lower_bound":111211.87373737374,"upper_bound":116634.23675213676},"point_estimate":114401.76893547273,"standard_error":1420.7165041246833},"median_abs_dev":{"confidence_interval":{"confidence_level":0.95,"lower_bound":5888.865023831057,"upper_bound":10946.561705052573},"point_estimate":8010.532044395286,"standard_error":1291.654269616962},"slope":{"confidence_interval":{"confidence_level":0.95,"lower_bound":112048.55652314058,"upper_bound":117650.02921161077},"point_estimate":114639.21705531747,"standard_error":1435.7370280383238},"std_dev":{"confidence_interval":{"confidence_level":0.95,"lower_bound":13103.035345290378,"upper_bound":23543.543864240833},"point_estimate":18713.27084892165,"standard_error":2663.6277059793356}}