{"mean":{"confidence_interval":{"confidence_level":0.95,"lower_bound":10145.343293454933,"upper_bound":10408.90662331555},"point_estimate":10275.050886844145,"standard_error":67.09017075657535},"median":{"confidence_interval":{"confidence_level":0.95,"lower_bound":10208.090079432144,"upper_bound":10420.736254295532},"point_estimate":10344.498900765844,"standard_error":63.18945956779751},"median_abs_dev":{"confidence_interval":{"confidence_level":0.95,"lower_bound":351.56521851030755,"upper_bound":667.4354904044121},"point_estimate":500.52898648662836,"standard_error":82.08492579621411},"slope":{"confidence_interval":{"confidence_level":0.95,"lower_bound":10093.784173206106,"upper_bound":10393.658476777495},"point_estimate":10246.271973296729,"standard_error":76.10836614421395},"std_dev":{"confidence_interval":{"confidence_level":0.95,"lower_bound":540.4731800778786,"upper_bound":814.4602897738594},"point_estimate":673.9654301972478,"standard_error":71.05186570961553}}