{"mean":{"confidence_interval":{"confidence_level":0.95,"lower_bound":30751812.732874997,"upper_bound":31601240.1315},"point_estimate":31162585.875,"standard_error":217159.15981926586},"median":{"confidence_interval":{"confidence_level":0.95,"lower_bound":30228479.0,"upper_bound":30958262.75},"point_estimate":30531906.25,"standard_error":191623.34253133403},"median_abs_dev":{"confidence_interval":{"confidence_level":0.95,"lower_bound":1201443.4211701155,"upper_bound":2129414.976145327},"point_estimate":1626586.0059723258,"standard_error":229900.07537692902},"slope":null,"std_dev":{"confidence_interval":{"confidence_level":0.95,"lower_bound":1707953.509361492,"upper_bound":2647070.6036362154},"point_estimate":2178172.9842234887,"standard_error":241233.61235425278}}