{"mean":{"confidence_interval":{"confidence_level":0.95,"lower_bound":60381.13399201967,"upper_bound":62091.26228233534},"point_estimate":61219.75535859845,"standard_error":435.5273216001262},"median":{"confidence_interval":{"confidence_level":0.95,"lower_bound":59947.26631016043,"upper_bound":62508.137792103145},"point_estimate":61092.71008403361,"standard_error":746.5961886048967},"median_abs_dev":{"confidence_interval":{"confidence_level":0.95,"lower_bound":3501.36355192389,"upper_bound":5524.711129816387},"point_estimate":4796.014616016801,"standard_error":545.99528704062},"slope":{"confidence_interval":{"confidence_level":0.95,"lower_bound":59764.86849110327,"upper_bound":61896.62250792786},"point_estimate":60821.300560679425,"standard_error":543.4881231427389},"std_dev":{"confidence_interval":{"confidence_level":0.95,"lower_bound":3614.752776207854,"upper_bound":5232.433013448345},"point_estimate":4388.823041789709,"standard_error":419.77857582886077}}