{"mean":{"confidence_interval":{"confidence_level":0.95,"lower_bound":6899.810262923839,"upper_bound":6914.497154478636},"point_estimate":6907.00582473541,"standard_error":3.742515664051996},"median":{"confidence_interval":{"confidence_level":0.95,"lower_bound":6901.093623051488,"upper_bound":6913.646339330335},"point_estimate":6906.92913583694,"standard_error":3.6670693992559213},"median_abs_dev":{"confidence_interval":{"confidence_level":0.95,"lower_bound":21.888663710144638,"upper_bound":37.459079670954516},"point_estimate":29.112241258991045,"standard_error":4.0121218287065314},"slope":{"confidence_interval":{"confidence_level":0.95,"lower_bound":6901.580916506445,"upper_bound":6916.665770924225},"point_estimate":6909.426216476511,"standard_error":3.830878994144569},"std_dev":{"confidence_interval":{"confidence_level":0.95,"lower_bound":28.654717451379696,"upper_bound":47.533290696455865},"point_estimate":37.62383295639661,"standard_error":4.940788111149522}}