{"mean":{"confidence_interval":{"confidence_level":0.95,"lower_bound":59689.82552645786,"upper_bound":60292.606202463314},"point_estimate":59963.843113782685,"standard_error":153.9838578521311},"median":{"confidence_interval":{"confidence_level":0.95,"lower_bound":59499.13650822558,"upper_bound":59933.13233105742},"point_estimate":59739.65359898798,"standard_error":103.54321575719555},"median_abs_dev":{"confidence_interval":{"confidence_level":0.95,"lower_bound":629.4857014375151,"upper_bound":1245.583540922405},"point_estimate":937.484494193278,"standard_error":163.0206656208096},"slope":{"confidence_interval":{"confidence_level":0.95,"lower_bound":59537.05861901568,"upper_bound":60008.47908593577},"point_estimate":59762.97503472735,"standard_error":120.76349738507061},"std_dev":{"confidence_interval":{"confidence_level":0.95,"lower_bound":924.3691774813623,"upper_bound":2232.686394890788},"point_estimate":1552.388237839947,"standard_error":374.1693526652738}}