{"mean":{"confidence_interval":{"confidence_level":0.95,"lower_bound":147935.54083809946,"upper_bound":153256.2045213866},"point_estimate":150359.63637146953,"standard_error":1366.7762326732964},"median":{"confidence_interval":{"confidence_level":0.95,"lower_bound":144610.3402061856,"upper_bound":147821.65714285715},"point_estimate":145862.83647262905,"standard_error":931.6837123264253},"median_abs_dev":{"confidence_interval":{"confidence_level":0.95,"lower_bound":3690.6658120731263,"upper_bound":7692.795442043663},"point_estimate":6147.160756874217,"standard_error":1073.431962447215},"slope":{"confidence_interval":{"confidence_level":0.95,"lower_bound":147271.20363369712,"upper_bound":151851.06104364814},"point_estimate":149434.31487470708,"standard_error":1171.7762218054754},"std_dev":{"confidence_interval":{"confidence_level":0.95,"lower_bound":8180.602173670167,"upper_bound":19420.470013328857},"point_estimate":13738.649816337294,"standard_error":3031.2528550499387}}