{"mean":{"confidence_interval":{"confidence_level":0.95,"lower_bound":27155636.421125002,"upper_bound":27251629.262875},"point_estimate":27201740.26,"standard_error":24447.854796785796},"median":{"confidence_interval":{"confidence_level":0.95,"lower_bound":27143469.0,"upper_bound":27227025.0},"point_estimate":27177318.25,"standard_error":16516.723142778952},"median_abs_dev":{"confidence_interval":{"confidence_level":0.95,"lower_bound":139615.32757133245,"upper_bound":231430.14939129353},"point_estimate":181273.79228174686,"standard_error":22854.019776982055},"slope":null,"std_dev":{"confidence_interval":{"confidence_level":0.95,"lower_bound":181143.48432818902,"upper_bound":305510.24019585905},"point_estimate":245880.5059492538,"standard_error":31992.058670063903}}