{"mean":{"confidence_interval":{"confidence_level":0.95,"lower_bound":3220855.960338235,"upper_bound":3352217.070632354},"point_estimate":3282141.927058823,"standard_error":33540.2016913283},"median":{"confidence_interval":{"confidence_level":0.95,"lower_bound":3172707.6470588236,"upper_bound":3282396.3529411764},"point_estimate":3212784.3823529407,"standard_error":25419.84413074649},"median_abs_dev":{"confidence_interval":{"confidence_level":0.95,"lower_bound":146860.77183975885,"upper_bound":230379.44714215334},"point_estimate":189411.52190197993,"standard_error":21402.68877583874},"slope":null,"std_dev":{"confidence_interval":{"confidence_level":0.95,"lower_bound":221126.38052900886,"upper_bound":443723.9139542916},"point_estimate":336245.5193832,"standard_error":57373.97053566981}}