{"mean":{"confidence_interval":{"confidence_level":0.95,"lower_bound":1280251.529197306,"upper_bound":1365992.3888808286},"point_estimate":1320340.8338676696,"standard_error":22005.06037978974},"median":{"confidence_interval":{"confidence_level":0.95,"lower_bound":1271390.7368421052,"upper_bound":1300382.8368983958},"point_estimate":1289998.5568609023,"standard_error":8016.225150917724},"median_abs_dev":{"confidence_interval":{"confidence_level":0.95,"lower_bound":58672.35632155886,"upper_bound":114550.51550848199},"point_estimate":83879.46069005338,"standard_error":13826.693789857238},"slope":{"confidence_interval":{"confidence_level":0.95,"lower_bound":1254644.9855749332,"upper_bound":1298822.330866437},"point_estimate":1277933.5537283877,"standard_error":11269.094348527631},"std_dev":{"confidence_interval":{"confidence_level":0.95,"lower_bound":137636.1386417938,"upper_bound":296466.08132526325},"point_estimate":220625.65417667697,"standard_error":41327.90045251222}}