{"mean":{"confidence_interval":{"confidence_level":0.95,"lower_bound":185119.75608577114,"upper_bound":202560.6771142103},"point_estimate":192697.5811127375,"standard_error":4471.043675553947},"median":{"confidence_interval":{"confidence_level":0.95,"lower_bound":176276.67857142858,"upper_bound":182304.375},"point_estimate":179009.48871786383,"standard_error":1562.6424387302634},"median_abs_dev":{"confidence_interval":{"confidence_level":0.95,"lower_bound":7954.06139357357,"upper_bound":14646.859105756648},"point_estimate":10797.059177962828,"standard_error":1762.5639906974118},"slope":{"confidence_interval":{"confidence_level":0.95,"lower_bound":180854.38942446286,"upper_bound":191530.16864198237},"point_estimate":185745.61688783803,"standard_error":2738.1909756288164},"std_dev":{"confidence_interval":{"confidence_level":0.95,"lower_bound":21457.936753806127,"upper_bound":67225.14121490128},"point_estimate":44560.60570148931,"standard_error":13175.946503537965}}