{"mean":{"confidence_interval":{"confidence_level":0.95,"lower_bound":53316.81254965666,"upper_bound":54782.785346869},"point_estimate":54001.079887658496,"standard_error":374.276415112487},"median":{"confidence_interval":{"confidence_level":0.95,"lower_bound":52756.29172932331,"upper_bound":53937.28297682709},"point_estimate":53347.21562304972,"standard_error":329.5879043862114},"median_abs_dev":{"confidence_interval":{"confidence_level":0.95,"lower_bound":1795.0920647000673,"upper_bound":2681.9939891519657},"point_estimate":2280.326301175297,"standard_error":224.5602754684132},"slope":{"confidence_interval":{"confidence_level":0.95,"lower_bound":53249.670220374974,"upper_bound":54543.09763427775},"point_estimate":53867.14170595693,"standard_error":328.86417994420657},"std_dev":{"confidence_interval":{"confidence_level":0.95,"lower_bound":2411.051989271086,"upper_bound":5033.393921235196},"point_estimate":3759.8691253271923,"standard_error":677.960356000511}}