{"mean":{"confidence_interval":{"confidence_level":0.95,"lower_bound":62542.99000712988,"upper_bound":63241.02945778409},"point_estimate":62846.70229902122,"standard_error":180.13739438506894},"median":{"confidence_interval":{"confidence_level":0.95,"lower_bound":62397.09765625,"upper_bound":62615.83838383838},"point_estimate":62547.08701160915,"standard_error":56.75991355614108},"median_abs_dev":{"confidence_interval":{"confidence_level":0.95,"lower_bound":298.33262964671894,"upper_bound":560.3669316970951},"point_estimate":392.6301423500742,"standard_error":66.29069597530774},"slope":{"confidence_interval":{"confidence_level":0.95,"lower_bound":62408.902234159665,"upper_bound":62871.07481235322},"point_estimate":62618.66902061475,"standard_error":118.95749348377291},"std_dev":{"confidence_interval":{"confidence_level":0.95,"lower_bound":701.8012923916299,"upper_bound":2686.438814054134},"point_estimate":1805.0553990624487,"standard_error":523.8276334633586}}