{"mean":{"confidence_interval":{"confidence_level":0.95,"lower_bound":25447940.894000012,"upper_bound":25885449.248166665},"point_estimate":25617365.37333333,"standard_error":116454.83581829822},"median":{"confidence_interval":{"confidence_level":0.95,"lower_bound":25378777.0,"upper_bound":25513442.0},"point_estimate":25419126.0,"standard_error":33062.93516522577},"median_abs_dev":{"confidence_interval":{"confidence_level":0.95,"lower_bound":153207.18638002413,"upper_bound":254025.9613901395},"point_estimate":210211.67276799495,"standard_error":25882.014576824968},"slope":null,"std_dev":{"confidence_interval":{"confidence_level":0.95,"lower_bound":183737.16978499002,"upper_bound":1938667.1346005104},"point_estimate":1173923.9154906266,"standard_error":525667.5996427018}}