{"mean":{"confidence_interval":{"confidence_level":0.95,"lower_bound":3250125.2260625004,"upper_bound":3309302.761515625},"point_estimate":3277571.73875,"standard_error":15159.494509236822},"median":{"confidence_interval":{"confidence_level":0.95,"lower_bound":3207599.5625,"upper_bound":3233341.3125},"point_estimate":3218176.65625,"standard_error":5726.710891291193},"median_abs_dev":{"confidence_interval":{"confidence_level":0.95,"lower_bound":34327.424821816385,"upper_bound":66078.4615393728},"point_estimate":46013.83378934115,"standard_error":7971.637129098303},"slope":null,"std_dev":{"confidence_interval":{"confidence_level":0.95,"lower_bound":99094.93283884508,"upper_bound":206436.1142567961},"point_estimate":152635.4878244173,"standard_error":28254.706585295593}}