{"mean":{"confidence_interval":{"confidence_level":0.95,"lower_bound":79523.0397969702,"upper_bound":81434.40824602885},"point_estimate":80368.3010471616,"standard_error":492.5914692207528},"median":{"confidence_interval":{"confidence_level":0.95,"lower_bound":78567.9605656313,"upper_bound":79397.43789543789},"point_estimate":78980.56451498868,"standard_error":240.17934280644948},"median_abs_dev":{"confidence_interval":{"confidence_level":0.95,"lower_bound":1108.1222650521524,"upper_bound":1958.3396944632923},"point_estimate":1423.042345786151,"standard_error":216.2405205851212},"slope":{"confidence_interval":{"confidence_level":0.95,"lower_bound":78691.43964986248,"upper_bound":79881.74185253204},"point_estimate":79223.82856373124,"standard_error":304.16184606084687},"std_dev":{"confidence_interval":{"confidence_level":0.95,"lower_bound":2566.5129921310754,"upper_bound":7295.9061788687295},"point_estimate":4942.64239379781,"standard_error":1340.0198995202215}}