{"mean":{"confidence_interval":{"confidence_level":0.95,"lower_bound":87914.38308261885,"upper_bound":92666.83521577358},"point_estimate":90120.17474642456,"standard_error":1213.417087401512},"median":{"confidence_interval":{"confidence_level":0.95,"lower_bound":84912.66025641025,"upper_bound":88382.85294117648},"point_estimate":86426.672008547,"standard_error":1021.7795694708161},"median_abs_dev":{"confidence_interval":{"confidence_level":0.95,"lower_bound":4206.2018975308665,"upper_bound":8201.101464316678},"point_estimate":5984.2727332973955,"standard_error":1046.237707392633},"slope":{"confidence_interval":{"confidence_level":0.95,"lower_bound":85891.94281769235,"upper_bound":90267.55779349338},"point_estimate":87902.98963720999,"standard_error":1116.4691473265664},"std_dev":{"confidence_interval":{"confidence_level":0.95,"lower_bound":7811.657286173657,"upper_bound":16333.314727412178},"point_estimate":12198.822836236503,"standard_error":2210.1392100018597}}