{"mean":{"confidence_interval":{"confidence_level":0.95,"lower_bound":207991.28868277988,"upper_bound":224882.39334611947},"point_estimate":215819.01598726783,"standard_error":4318.856179478465},"median":{"confidence_interval":{"confidence_level":0.95,"lower_bound":197963.30536130536,"upper_bound":207771.78113207547},"point_estimate":200759.7417119565,"standard_error":2642.971807846868},"median_abs_dev":{"confidence_interval":{"confidence_level":0.95,"lower_bound":13243.62738192783,"upper_bound":24010.437870632086},"point_estimate":15973.670681081969,"standard_error":2924.7764932189625},"slope":{"confidence_interval":{"confidence_level":0.95,"lower_bound":200950.39897355132,"upper_bound":215866.34084489834},"point_estimate":207498.51204137728,"standard_error":3843.573232956085},"std_dev":{"confidence_interval":{"confidence_level":0.95,"lower_bound":27071.10200169753,"upper_bound":59153.05774820144},"point_estimate":43366.92947236117,"standard_error":8381.984051823543}}