{"mean":{"confidence_interval":{"confidence_level":0.95,"lower_bound":398501.92136770976,"upper_bound":417273.0966563332},"point_estimate":407181.06917844445,"standard_error":4799.537448390389},"median":{"confidence_interval":{"confidence_level":0.95,"lower_bound":389304.05603293946,"upper_bound":399573.741285403},"point_estimate":392645.38886938203,"standard_error":2823.44202659464},"median_abs_dev":{"confidence_interval":{"confidence_level":0.95,"lower_bound":15811.229318859685,"upper_bound":27979.777022426344},"point_estimate":20258.33006981067,"standard_error":3127.8712986031123},"slope":{"confidence_interval":{"confidence_level":0.95,"lower_bound":384948.5928135682,"upper_bound":395125.26042065653},"point_estimate":389647.6200403921,"standard_error":2596.4046868893633},"std_dev":{"confidence_interval":{"confidence_level":0.95,"lower_bound":29747.57697513016,"upper_bound":64162.068747447396},"point_estimate":48209.22411884601,"standard_error":8828.32566877381}}