{"mean":{"confidence_interval":{"confidence_level":0.95,"lower_bound":10952661.296650004,"upper_bound":11120122.603399998},"point_estimate":11035542.636,"standard_error":42742.886650259985},"median":{"confidence_interval":{"confidence_level":0.95,"lower_bound":10847718.5,"upper_bound":11304027.4},"point_estimate":11157764.7,"standard_error":143974.98700823804},"median_abs_dev":{"confidence_interval":{"confidence_level":0.95,"lower_bound":245196.97970688288,"upper_bound":609749.1691622867},"point_estimate":446746.0679286713,"standard_error":98016.77159253448},"slope":null,"std_dev":{"confidence_interval":{"confidence_level":0.95,"lower_bound":377277.07405352924,"upper_bound":480900.18680498516},"point_estimate":428752.5912737732,"standard_error":26693.71460396615}}