{"mean":{"confidence_interval":{"confidence_level":0.95,"lower_bound":4667013.929045458,"upper_bound":4744438.874409091},"point_estimate":4704038.9427272715,"standard_error":19837.0249783252},"median":{"confidence_interval":{"confidence_level":0.95,"lower_bound":4602183.2272727275,"upper_bound":4691630.909090909},"point_estimate":4637284.863636363,"standard_error":29354.415930527615},"median_abs_dev":{"confidence_interval":{"confidence_level":0.95,"lower_bound":92556.02072043966,"upper_bound":177550.10766603606},"point_estimate":125876.30948343004,"standard_error":22424.844051649212},"slope":null,"std_dev":{"confidence_interval":{"confidence_level":0.95,"lower_bound":149028.88949467128,"upper_bound":244300.14628877683},"point_estimate":199644.75208691944,"standard_error":24396.36593309759}}