{"mean":{"confidence_interval":{"confidence_level":0.95,"lower_bound":788271.4863981216,"upper_bound":790577.7077919628},"point_estimate":789447.5496931406,"standard_error":588.8629319432619},"median":{"confidence_interval":{"confidence_level":0.95,"lower_bound":789015.9290081521,"upper_bound":791973.05},"point_estimate":791088.1425702812,"standard_error":788.0817752421534},"median_abs_dev":{"confidence_interval":{"confidence_level":0.95,"lower_bound":3878.524805540149,"upper_bound":6537.671533554377},"point_estimate":5176.877034906374,"standard_error":725.2285631788889},"slope":{"confidence_interval":{"confidence_level":0.95,"lower_bound":789878.1286323238,"upper_bound":791909.303449153},"point_estimate":790947.9832126496,"standard_error":518.0909677398429},"std_dev":{"confidence_interval":{"confidence_level":0.95,"lower_bound":4883.169812965654,"upper_bound":6895.885522258463},"point_estimate":5919.435065166775,"standard_error":514.642233157542}}