{"mean":{"confidence_interval":{"confidence_level":0.95,"lower_bound":1323174.6848706666,"upper_bound":1386657.2817802178},"point_estimate":1352627.8233664453,"standard_error":16280.17909934121},"median":{"confidence_interval":{"confidence_level":0.95,"lower_bound":1283119.5734649124,"upper_bound":1333153.8630753593},"point_estimate":1301494.9393168604,"standard_error":13025.440510321698},"median_abs_dev":{"confidence_interval":{"confidence_level":0.95,"lower_bound":51841.15142881601,"upper_bound":105980.55098677079},"point_estimate":69548.46740113743,"standard_error":13610.251549108461},"slope":{"confidence_interval":{"confidence_level":0.95,"lower_bound":1283645.1949674126,"upper_bound":1373542.8353567969},"point_estimate":1320566.7079739915,"standard_error":23542.799324267948},"std_dev":{"confidence_interval":{"confidence_level":0.95,"lower_bound":100883.89521593816,"upper_bound":220637.28065512495},"point_estimate":163783.66994888883,"standard_error":30755.457011273043}}