{"mean":{"confidence_interval":{"confidence_level":0.95,"lower_bound":53678.794267381876,"upper_bound":54270.782277211},"point_estimate":53947.644851291814,"standard_error":151.8634248324774},"median":{"confidence_interval":{"confidence_level":0.95,"lower_bound":53546.92138905502,"upper_bound":53895.55043859649},"point_estimate":53752.785800551384,"standard_error":95.96246322803586},"median_abs_dev":{"confidence_interval":{"confidence_level":0.95,"lower_bound":471.6222511137614,"upper_bound":846.0467793043601},"point_estimate":675.5219244065933,"standard_error":93.06335254027832},"slope":{"confidence_interval":{"confidence_level":0.95,"lower_bound":53635.542823093565,"upper_bound":53913.161789092555},"point_estimate":53774.37689141577,"standard_error":70.8673362416746},"std_dev":{"confidence_interval":{"confidence_level":0.95,"lower_bound":820.7007274438602,"upper_bound":2100.214982282027},"point_estimate":1521.7735561266165,"standard_error":326.42067507233065}}