{"mean":{"confidence_interval":{"confidence_level":0.95,"lower_bound":6796155.8610625,"upper_bound":6843271.75175},"point_estimate":6818259.85625,"standard_error":12035.88704635592},"median":{"confidence_interval":{"confidence_level":0.95,"lower_bound":6769089.625,"upper_bound":6825661.1875},"point_estimate":6795309.625,"standard_error":13905.72310778476},"median_abs_dev":{"confidence_interval":{"confidence_level":0.95,"lower_bound":69222.4074460566,"upper_bound":113674.83180686831},"point_estimate":87255.08560091257,"standard_error":12663.20120930566},"slope":null,"std_dev":{"confidence_interval":{"confidence_level":0.95,"lower_bound":81155.65629680455,"upper_bound":160831.8548691505},"point_estimate":120196.55888847042,"standard_error":21029.10666253643}}