{"mean":{"confidence_interval":{"confidence_level":0.95,"lower_bound":9498110.231291672,"upper_bound":9669535.6805},"point_estimate":9582840.878333332,"standard_error":43853.038882675675},"median":{"confidence_interval":{"confidence_level":0.95,"lower_bound":9415342.0,"upper_bound":9711708.666666666},"point_estimate":9596808.75,"standard_error":85726.78105830558},"median_abs_dev":{"confidence_interval":{"confidence_level":0.95,"lower_bound":395483.0055362713,"upper_bound":594660.3538701689},"point_estimate":542978.1481102109,"standard_error":52876.893482716565},"slope":null,"std_dev":{"confidence_interval":{"confidence_level":0.95,"lower_bound":377464.31915734784,"upper_bound":507116.06575942686},"point_estimate":440295.59164229216,"standard_error":33216.7595786333}}