{"mean":{"confidence_interval":{"confidence_level":0.95,"lower_bound":12291906.926125,"upper_bound":13105354.9465},"point_estimate":12701555.745,"standard_error":208289.22037134558},"median":{"confidence_interval":{"confidence_level":0.95,"lower_bound":12051422.5,"upper_bound":13304446.25},"point_estimate":12774940.25,"standard_error":325646.6737103463},"median_abs_dev":{"confidence_interval":{"confidence_level":0.95,"lower_bound":1743461.307809876,"upper_bound":2771380.3940981627},"point_estimate":2237230.943506211,"standard_error":265460.4807671806},"slope":null,"std_dev":{"confidence_interval":{"confidence_level":0.95,"lower_bound":1827988.5147687227,"upper_bound":2320031.690279233},"point_estimate":2090219.7444418932,"standard_error":124914.44439150457}}