{"mean":{"confidence_interval":{"confidence_level":0.95,"lower_bound":1016942.7524579295,"upper_bound":1027830.7240931174},"point_estimate":1021485.3473522426,"standard_error":2835.7555433617913},"median":{"confidence_interval":{"confidence_level":0.95,"lower_bound":1015842.4615384615,"upper_bound":1019865.182523479},"point_estimate":1018303.4596774194,"standard_error":1115.5120216992943},"median_abs_dev":{"confidence_interval":{"confidence_level":0.95,"lower_bound":7439.993627965173,"upper_bound":13126.862274143461},"point_estimate":10482.263264977979,"standard_error":1461.0836069902098},"slope":{"confidence_interval":{"confidence_level":0.95,"lower_bound":1013508.9260426407,"upper_bound":1020031.4587363531},"point_estimate":1016655.8176592286,"standard_error":1657.7791956900458},"std_dev":{"confidence_interval":{"confidence_level":0.95,"lower_bound":11902.794427402301,"upper_bound":45062.7018320013},"point_estimate":28445.269997009444,"standard_error":10664.76207092297}}