{"mean":{"confidence_interval":{"confidence_level":0.95,"lower_bound":189286.01258458837,"upper_bound":196031.97742774675},"point_estimate":192344.88280894372,"standard_error":1730.6123985815777},"median":{"confidence_interval":{"confidence_level":0.95,"lower_bound":186504.98943089432,"upper_bound":189926.10379746836},"point_estimate":188268.01288566244,"standard_error":994.8163112760968},"median_abs_dev":{"confidence_interval":{"confidence_level":0.95,"lower_bound":4965.219406301705,"upper_bound":8042.53528784341},"point_estimate":6171.775222002121,"standard_error":762.3558183156092},"slope":{"confidence_interval":{"confidence_level":0.95,"lower_bound":186743.77656421255,"upper_bound":190230.63675477},"point_estimate":188473.19201241317,"standard_error":888.8531229509975},"std_dev":{"confidence_interval":{"confidence_level":0.95,"lower_bound":9737.56940280525,"upper_bound":24680.72182819944},"point_estimate":17382.066549576477,"standard_error":3966.904870284583}}