{"mean":{"confidence_interval":{"confidence_level":0.95,"lower_bound":92741.47726611122,"upper_bound":96169.37839551385},"point_estimate":94412.82204014988,"standard_error":877.3083703512903},"median":{"confidence_interval":{"confidence_level":0.95,"lower_bound":90968.61508704061,"upper_bound":94370.74880382774},"point_estimate":92777.5306122449,"standard_error":899.3261222543002},"median_abs_dev":{"confidence_interval":{"confidence_level":0.95,"lower_bound":5481.41371682899,"upper_bound":9488.867077834966},"point_estimate":6723.406877026042,"standard_error":1004.912167202365},"slope":{"confidence_interval":{"confidence_level":0.95,"lower_bound":94136.72272316302,"upper_bound":98969.78605824953},"point_estimate":96458.39601891533,"standard_error":1235.6955596112434},"std_dev":{"confidence_interval":{"confidence_level":0.95,"lower_bound":7293.459805251857,"upper_bound":10019.246765082922},"point_estimate":8767.267202166266,"standard_error":696.251866751842}}