{"mean":{"confidence_interval":{"confidence_level":0.95,"lower_bound":107225.16966266776,"upper_bound":108836.86518983459},"point_estimate":107931.63136875561,"standard_error":414.77813412860485},"median":{"confidence_interval":{"confidence_level":0.95,"lower_bound":107009.19859843547,"upper_bound":107340.23023255814},"point_estimate":107201.95039009498,"standard_error":80.95502527092482},"median_abs_dev":{"confidence_interval":{"confidence_level":0.95,"lower_bound":861.9431901519937,"upper_bound":1411.8595157253499},"point_estimate":1192.6552229117253,"standard_error":138.21926848236},"slope":{"confidence_interval":{"confidence_level":0.95,"lower_bound":107107.43593762667,"upper_bound":108364.02843578444},"point_estimate":107624.65369351264,"standard_error":328.0992647832774},"std_dev":{"confidence_interval":{"confidence_level":0.95,"lower_bound":1673.462532645158,"upper_bound":6281.376897179839},"point_estimate":4180.7996323401885,"standard_error":1211.8009207743999}}