{"mean":{"confidence_interval":{"confidence_level":0.95,"lower_bound":145601.8473757557,"upper_bound":151185.07721688124},"point_estimate":148222.21101557105,"standard_error":1428.6767720426822},"median":{"confidence_interval":{"confidence_level":0.95,"lower_bound":142651.55078125,"upper_bound":146524.8806352459},"point_estimate":144327.92154255317,"standard_error":1009.4141928534781},"median_abs_dev":{"confidence_interval":{"confidence_level":0.95,"lower_bound":6391.55301130426,"upper_bound":10783.561578436538},"point_estimate":8329.053426673012,"standard_error":1093.6673880116732},"slope":{"confidence_interval":{"confidence_level":0.95,"lower_bound":142525.3511561857,"upper_bound":148012.89481537798},"point_estimate":145084.5633892419,"standard_error":1402.6058395204573},"std_dev":{"confidence_interval":{"confidence_level":0.95,"lower_bound":9951.804073485033,"upper_bound":18800.543690964238},"point_estimate":14386.598497416127,"standard_error":2295.034868515085}}