{"mean":{"confidence_interval":{"confidence_level":0.95,"lower_bound":231444.29370055656,"upper_bound":235113.11776343695},"point_estimate":233151.36664673086,"standard_error":937.2976388424721},"median":{"confidence_interval":{"confidence_level":0.95,"lower_bound":228621.67027972027,"upper_bound":230905.4153846154},"point_estimate":229807.30066666665,"standard_error":632.138069406731},"median_abs_dev":{"confidence_interval":{"confidence_level":0.95,"lower_bound":2749.114079005331,"upper_bound":5818.948315657128},"point_estimate":3851.2640257020416,"standard_error":802.9363655853193},"slope":{"confidence_interval":{"confidence_level":0.95,"lower_bound":228801.6675541979,"upper_bound":234164.29143123186},"point_estimate":230911.14695492832,"standard_error":1421.1026089901475},"std_dev":{"confidence_interval":{"confidence_level":0.95,"lower_bound":6257.338437958092,"upper_bound":12368.259178718818},"point_estimate":9419.134681704527,"standard_error":1573.3690954468475}}