{"mean":{"confidence_interval":{"confidence_level":0.95,"lower_bound":85882.3159414118,"upper_bound":90849.48624888272},"point_estimate":87960.6405475821,"standard_error":1293.4752323918508},"median":{"confidence_interval":{"confidence_level":0.95,"lower_bound":84405.44636854742,"upper_bound":85388.42638544252},"point_estimate":84818.28356305209,"standard_error":283.4142211721689},"median_abs_dev":{"confidence_interval":{"confidence_level":0.95,"lower_bound":1597.551745813828,"upper_bound":2740.6112085842333},"point_estimate":2172.909316234941,"standard_error":290.61943684868714},"slope":{"confidence_interval":{"confidence_level":0.95,"lower_bound":83810.23550069887,"upper_bound":84505.14975207183},"point_estimate":84129.1409391163,"standard_error":177.44481398977842},"std_dev":{"confidence_interval":{"confidence_level":0.95,"lower_bound":4208.282663501258,"upper_bound":20484.629463505902},"point_estimate":12985.92704629118,"standard_error":4607.42530917499}}