{"mean":{"confidence_interval":{"confidence_level":0.95,"lower_bound":12856980.420750001,"upper_bound":12973192.3456875},"point_estimate":12911872.865,"standard_error":29606.627806557808},"median":{"confidence_interval":{"confidence_level":0.95,"lower_bound":12786910.125,"upper_bound":12857674.25},"point_estimate":12818000.25,"standard_error":18420.95249700376},"median_abs_dev":{"confidence_interval":{"confidence_level":0.95,"lower_bound":94846.40981426465,"upper_bound":192804.52825203538},"point_estimate":129096.09543308616,"standard_error":26007.97307945533},"slope":null,"std_dev":{"confidence_interval":{"confidence_level":0.95,"lower_bound":214409.81087389126,"upper_bound":367025.08307179564},"point_estimate":296465.91453754867,"standard_error":39044.63616006389}}