{"mean":{"confidence_interval":{"confidence_level":0.95,"lower_bound":52416.10453369524,"upper_bound":54553.678734313005},"point_estimate":53454.848881170714,"standard_error":544.6046528551082},"median":{"confidence_interval":{"confidence_level":0.95,"lower_bound":51332.452425598414,"upper_bound":52832.16340269278},"point_estimate":51782.12151116428,"standard_error":366.44222683096115},"median_abs_dev":{"confidence_interval":{"confidence_level":0.95,"lower_bound":3077.499383458738,"upper_bound":5334.196375918238},"point_estimate":4183.310495468235,"standard_error":597.4620031176992},"slope":{"confidence_interval":{"confidence_level":0.95,"lower_bound":52020.60823836778,"upper_bound":54895.2792870981},"point_estimate":53363.071823322156,"standard_error":735.9818799061633},"std_dev":{"confidence_interval":{"confidence_level":0.95,"lower_bound":4546.4018101659085,"upper_bound":6272.475315161019},"point_estimate":5464.294715216653,"standard_error":438.2382763216982}}