{"mean":{"confidence_interval":{"confidence_level":0.95,"lower_bound":9963352.6088,"upper_bound":10142180.822800003},"point_estimate":10048219.245999994,"standard_error":45588.4742409051},"median":{"confidence_interval":{"confidence_level":0.95,"lower_bound":9854037.6,"upper_bound":10010059.4},"point_estimate":9941388.5,"standard_error":37660.79455306688},"median_abs_dev":{"confidence_interval":{"confidence_level":0.95,"lower_bound":236240.2967458969,"upper_bound":434421.8073874712},"point_estimate":359845.9908914563,"standard_error":53753.868887735785},"slope":null,"std_dev":{"confidence_interval":{"confidence_level":0.95,"lower_bound":325447.13323926687,"upper_bound":580972.6880645223},"point_estimate":457777.39545840956,"standard_error":65710.4759526517}}