{"mean":{"confidence_interval":{"confidence_level":0.95,"lower_bound":23567886.44775,"upper_bound":23695174.568333324},"point_estimate":23625325.97666667,"standard_error":32677.09054816786},"median":{"confidence_interval":{"confidence_level":0.95,"lower_bound":23524926.666666668,"upper_bound":23592329.333333332},"point_estimate":23555328.0,"standard_error":16145.487351901495},"median_abs_dev":{"confidence_interval":{"confidence_level":0.95,"lower_bound":108751.42616927992,"upper_bound":187971.57356783916},"point_estimate":146136.66710555647,"standard_error":19836.18070793047},"slope":null,"std_dev":{"confidence_interval":{"confidence_level":0.95,"lower_bound":163915.99774134735,"upper_bound":472076.9089372034},"point_estimate":330096.3622605024,"standard_error":79500.5552947393}}