{"mean":{"confidence_interval":{"confidence_level":0.95,"lower_bound":1430879.6739854745,"upper_bound":1467964.4421448505},"point_estimate":1448844.1574603925,"standard_error":9467.47526154337},"median":{"confidence_interval":{"confidence_level":0.95,"lower_bound":1409447.7368421052,"upper_bound":1452986.6393442622},"point_estimate":1431933.2601351351,"standard_error":9591.026203624293},"median_abs_dev":{"confidence_interval":{"confidence_level":0.95,"lower_bound":59970.25447987427,"upper_bound":96365.01345402756},"point_estimate":82459.05741547084,"standard_error":9281.226106473156},"slope":{"confidence_interval":{"confidence_level":0.95,"lower_bound":1442425.3486010516,"upper_bound":1489416.912381757},"point_estimate":1465444.6407950348,"standard_error":11958.707685293979},"std_dev":{"confidence_interval":{"confidence_level":0.95,"lower_bound":73929.33069802624,"upper_bound":114506.30292797617},"point_estimate":95081.521464901,"standard_error":10417.793865302345}}