{"mean":{"confidence_interval":{"confidence_level":0.95,"lower_bound":59072.705175206014,"upper_bound":61744.4039769916},"point_estimate":60316.37172436681,"standard_error":683.9884461597782},"median":{"confidence_interval":{"confidence_level":0.95,"lower_bound":57344.974175035866,"upper_bound":58338.85005012878},"point_estimate":57705.81707946336,"standard_error":259.80405592630586},"median_abs_dev":{"confidence_interval":{"confidence_level":0.95,"lower_bound":1360.840856214576,"upper_bound":2850.5316060180326},"point_estimate":2062.4143890301007,"standard_error":422.56550210916396},"slope":{"confidence_interval":{"confidence_level":0.95,"lower_bound":57574.582269979204,"upper_bound":59119.38076984061},"point_estimate":58280.093787845864,"standard_error":394.93905193796616},"std_dev":{"confidence_interval":{"confidence_level":0.95,"lower_bound":4415.294884866875,"upper_bound":9029.301329376374},"point_estimate":6877.428984365703,"standard_error":1183.81748985078}}