{"mean":{"confidence_interval":{"confidence_level":0.95,"lower_bound":184671.83182270353,"upper_bound":192347.1880985063},"point_estimate":188265.32569100478,"standard_error":1960.2624270438694},"median":{"confidence_interval":{"confidence_level":0.95,"lower_bound":179675.3176100629,"upper_bound":184841.09982638888},"point_estimate":181511.50287899235,"standard_error":1376.0286580942043},"median_abs_dev":{"confidence_interval":{"confidence_level":0.95,"lower_bound":6430.667160272328,"upper_bound":13018.386365306005},"point_estimate":8963.301866315509,"standard_error":1704.9383522396602},"slope":{"confidence_interval":{"confidence_level":0.95,"lower_bound":183338.51723765105,"upper_bound":190050.65267404667},"point_estimate":186445.4123077681,"standard_error":1713.838938962941},"std_dev":{"confidence_interval":{"confidence_level":0.95,"lower_bound":13340.688791008355,"upper_bound":25776.235956529268},"point_estimate":19629.804708597556,"standard_error":3228.2590547531795}}