{"mean":{"confidence_interval":{"confidence_level":0.95,"lower_bound":96282768.5,"upper_bound":98706335.44675},"point_estimate":97467296.09,"standard_error":619666.0732485722},"median":{"confidence_interval":{"confidence_level":0.95,"lower_bound":94642490.5,"upper_bound":98009259.0},"point_estimate":95908278.5,"standard_error":904740.5944106649},"median_abs_dev":{"confidence_interval":{"confidence_level":0.95,"lower_bound":4223077.795225382,"upper_bound":6593445.289742947},"point_estimate":5546659.284827113,"standard_error":601582.1311888807},"slope":null,"std_dev":{"confidence_interval":{"confidence_level":0.95,"lower_bound":5150047.809196355,"upper_bound":7176941.29840343},"point_estimate":6221153.803870917,"standard_error":516818.98318000964}}