{"mean":{"confidence_interval":{"confidence_level":0.95,"lower_bound":74316.4042203131,"upper_bound":79455.5047158321},"point_estimate":76468.81276318093,"standard_error":1330.4563126282146},"median":{"confidence_interval":{"confidence_level":0.95,"lower_bound":72733.18140589568,"upper_bound":74387.52816901408},"point_estimate":73208.00677558257,"standard_error":387.8575778513588},"median_abs_dev":{"confidence_interval":{"confidence_level":0.95,"lower_bound":1800.4149451791006,"upper_bound":3518.224866110454},"point_estimate":2527.9915040461688,"standard_error":427.642185445164},"slope":{"confidence_interval":{"confidence_level":0.95,"lower_bound":73084.21554134024,"upper_bound":74717.42187217722},"point_estimate":73838.74331651501,"standard_error":417.54591390784094},"std_dev":{"confidence_interval":{"confidence_level":0.95,"lower_bound":3970.0102037203205,"upper_bound":20820.94708747239},"point_estimate":13283.316547313067,"standard_error":4589.466866346041}}