{"mean":{"confidence_interval":{"confidence_level":0.95,"lower_bound":1559050.8135527903,"upper_bound":1634310.6086646013},"point_estimate":1593027.6484753815,"standard_error":19294.872958597207},"median":{"confidence_interval":{"confidence_level":0.95,"lower_bound":1515184.0772727272,"upper_bound":1568524.2222222222},"point_estimate":1534767.5267206477,"standard_error":12875.278555979496},"median_abs_dev":{"confidence_interval":{"confidence_level":0.95,"lower_bound":68179.08787726995,"upper_bound":127596.69025288803},"point_estimate":86493.19558035952,"standard_error":15378.035823770097},"slope":{"confidence_interval":{"confidence_level":0.95,"lower_bound":1507630.9935251134,"upper_bound":1552719.8956493977},"point_estimate":1527825.5638096645,"standard_error":11540.69711847214},"std_dev":{"confidence_interval":{"confidence_level":0.95,"lower_bound":108566.72883088568,"upper_bound":278426.6207500834},"point_estimate":192784.57824313545,"standard_error":46288.57178874486}}