{"mean":{"confidence_interval":{"confidence_level":0.95,"lower_bound":148914.65850926228,"upper_bound":153282.24704884976},"point_estimate":150919.2471561965,"standard_error":1117.4882104244534},"median":{"confidence_interval":{"confidence_level":0.95,"lower_bound":146517.8805916306,"upper_bound":150048.70714285714},"point_estimate":147367.26160545927,"standard_error":1094.020017314804},"median_abs_dev":{"confidence_interval":{"confidence_level":0.95,"lower_bound":5072.36641088284,"upper_bound":8974.379610651911},"point_estimate":6565.734916413641,"standard_error":963.9143935620982},"slope":{"confidence_interval":{"confidence_level":0.95,"lower_bound":145846.15715984575,"upper_bound":149090.58990381358},"point_estimate":147402.5349295953,"standard_error":830.2902457974438},"std_dev":{"confidence_interval":{"confidence_level":0.95,"lower_bound":7333.0749898930435,"upper_bound":15472.54660877329},"point_estimate":11211.280487232476,"standard_error":2301.4104563190695}}