{"mean":{"confidence_interval":{"confidence_level":0.95,"lower_bound":3183214.950671875,"upper_bound":3280898.99509375},"point_estimate":3229472.78,"standard_error":24933.215397764223},"median":{"confidence_interval":{"confidence_level":0.95,"lower_bound":3120902.90625,"upper_bound":3199146.75},"point_estimate":3152912.34375,"standard_error":20997.403375975806},"median_abs_dev":{"confidence_interval":{"confidence_level":0.95,"lower_bound":119905.36553375423,"upper_bound":232138.36886622012},"point_estimate":171801.09039992094,"standard_error":29989.192404526886},"slope":null,"std_dev":{"confidence_interval":{"confidence_level":0.95,"lower_bound":181925.08578774522,"upper_bound":313504.07811070146},"point_estimate":250610.33897561333,"standard_error":33623.29113792443}}