{"mean":{"confidence_interval":{"confidence_level":0.95,"lower_bound":207874.59220559103,"upper_bound":209615.16646237252},"point_estimate":208715.47542272814,"standard_error":444.2188192451993},"median":{"confidence_interval":{"confidence_level":0.95,"lower_bound":208186.26944444445,"upper_bound":209634.3142857143},"point_estimate":209067.91984126985,"standard_error":388.818587385162},"median_abs_dev":{"confidence_interval":{"confidence_level":0.95,"lower_bound":2341.555317839538,"upper_bound":4132.577115302948},"point_estimate":3348.588643744762,"standard_error":456.45444014791053},"slope":{"confidence_interval":{"confidence_level":0.95,"lower_bound":208803.8249480484,"upper_bound":210427.56877325522},"point_estimate":209609.1201034432,"standard_error":415.51610150400626},"std_dev":{"confidence_interval":{"confidence_level":0.95,"lower_bound":3198.485151041848,"upper_bound":5885.803042437623},"point_estimate":4458.323261815425,"standard_error":719.4784995032887}}