{"mean":{"confidence_interval":{"confidence_level":0.95,"lower_bound":8955428.407875001,"upper_bound":9208073.721458336},"point_estimate":9060816.708333338,"standard_error":65707.32433593992},"median":{"confidence_interval":{"confidence_level":0.95,"lower_bound":8857835.916666668,"upper_bound":8914579.666666668},"point_estimate":8889686.5,"standard_error":15286.805607978116},"median_abs_dev":{"confidence_interval":{"confidence_level":0.95,"lower_bound":93255.66189438058,"upper_bound":181176.10747598007},"point_estimate":132843.18154156208,"standard_error":22193.64738215006},"slope":null,"std_dev":{"confidence_interval":{"confidence_level":0.95,"lower_bound":261799.8532672282,"upper_bound":1043525.0992460754},"point_estimate":660737.4866427399,"standard_error":242543.43949942503}}