{"mean":{"confidence_interval":{"confidence_level":0.95,"lower_bound":17666776.138,"upper_bound":17974492.343333334},"point_estimate":17805033.97,"standard_error":79431.2813637434},"median":{"confidence_interval":{"confidence_level":0.95,"lower_bound":17527123.0,"upper_bound":17601903.333333332},"point_estimate":17557882.666666664,"standard_error":16536.71932186147},"median_abs_dev":{"confidence_interval":{"confidence_level":0.95,"lower_bound":115768.10235470538,"upper_bound":232931.67104713793},"point_estimate":161022.21794128141,"standard_error":30230.187539481627},"slope":null,"std_dev":{"confidence_interval":{"confidence_level":0.95,"lower_bound":379191.64179736626,"upper_bound":1138443.0047618274},"point_estimate":799243.2692207254,"standard_error":195710.65461985627}}