{"mean":{"confidence_interval":{"confidence_level":0.95,"lower_bound":305397.6327773625,"upper_bound":321641.37923386693},"point_estimate":312798.3997418486,"standard_error":4149.443177092097},"median":{"confidence_interval":{"confidence_level":0.95,"lower_bound":297530.8279220779,"upper_bound":315586.87109375},"point_estimate":308753.05338691163,"standard_error":4448.925959585201},"median_abs_dev":{"confidence_interval":{"confidence_level":0.95,"lower_bound":21535.7760338329,"upper_bound":33335.77373137067},"point_estimate":27749.812909273234,"standard_error":3061.098307214809},"slope":{"confidence_interval":{"confidence_level":0.95,"lower_bound":295961.2474587413,"upper_bound":310166.8934507849},"point_estimate":302875.210664253,"standard_error":3616.725954904093},"std_dev":{"confidence_interval":{"confidence_level":0.95,"lower_bound":24071.57787709267,"upper_bound":58859.01444369958},"point_estimate":41790.10099907569,"standard_error":9134.573775284065}}