{"mean":{"confidence_interval":{"confidence_level":0.95,"lower_bound":899983.9808965987,"upper_bound":914269.0418397298},"point_estimate":906619.7199668726,"standard_error":3641.963704025406},"median":{"confidence_interval":{"confidence_level":0.95,"lower_bound":896148.6298295455,"upper_bound":906789.9393939395},"point_estimate":901287.6125792812,"standard_error":2833.18586461665},"median_abs_dev":{"confidence_interval":{"confidence_level":0.95,"lower_bound":17266.49558242329,"upper_bound":28054.84894291982},"point_estimate":22537.13456142411,"standard_error":2706.8083503207936},"slope":{"confidence_interval":{"confidence_level":0.95,"lower_bound":897570.5061791225,"upper_bound":906601.4602688877},"point_estimate":901997.2914792375,"standard_error":2299.8821492210363},"std_dev":{"confidence_interval":{"confidence_level":0.95,"lower_bound":21580.19904602016,"upper_bound":49803.227116714734},"point_estimate":36520.923175031385,"standard_error":7199.471656494086}}