{"mean":{"confidence_interval":{"confidence_level":0.95,"lower_bound":125003.71326751594,"upper_bound":131592.4010150821},"point_estimate":128165.56958050486,"standard_error":1684.482857952049},"median":{"confidence_interval":{"confidence_level":0.95,"lower_bound":120353.48924590735,"upper_bound":125682.7049122807},"point_estimate":122067.0129954516,"standard_error":1582.6181056787625},"median_abs_dev":{"confidence_interval":{"confidence_level":0.95,"lower_bound":7394.750431414924,"upper_bound":13641.858742387732},"point_estimate":10078.586598671123,"standard_error":1643.4762290726746},"slope":{"confidence_interval":{"confidence_level":0.95,"lower_bound":121982.12781408611,"upper_bound":130509.34224306229},"point_estimate":125782.57042411703,"standard_error":2190.3820191566388},"std_dev":{"confidence_interval":{"confidence_level":0.95,"lower_bound":12877.201911236367,"upper_bound":20370.314996839475},"point_estimate":16955.62394586929,"standard_error":1917.5364971806587}}