{"mean":{"confidence_interval":{"confidence_level":0.95,"lower_bound":165589.31137017815,"upper_bound":172228.72600892454},"point_estimate":168841.86206530978,"standard_error":1690.1507552961261},"median":{"confidence_interval":{"confidence_level":0.95,"lower_bound":160025.60737880738,"upper_bound":168636.84523809524},"point_estimate":165152.47567099566,"standard_error":2493.968008187152},"median_abs_dev":{"confidence_interval":{"confidence_level":0.95,"lower_bound":11536.162403858832,"upper_bound":21575.84432303029},"point_estimate":16989.882360745603,"standard_error":2861.2328407422983},"slope":{"confidence_interval":{"confidence_level":0.95,"lower_bound":162640.18680376813,"upper_bound":169724.85919641762},"point_estimate":166007.25805864594,"standard_error":1800.5429262617774},"std_dev":{"confidence_interval":{"confidence_level":0.95,"lower_bound":14632.480059608823,"upper_bound":19128.83973965597},"point_estimate":17031.929044775872,"standard_error":1151.789179971201}}