{"mean":{"confidence_interval":{"confidence_level":0.95,"lower_bound":145894.05398367037,"upper_bound":158663.4896424188},"point_estimate":151931.01914982998,"standard_error":3249.9139327384687},"median":{"confidence_interval":{"confidence_level":0.95,"lower_bound":141313.7190860215,"upper_bound":150222.0719178082},"point_estimate":145358.06407828286,"standard_error":2216.9482097076684},"median_abs_dev":{"confidence_interval":{"confidence_level":0.95,"lower_bound":16113.812573398742,"upper_bound":31255.51853270509},"point_estimate":24528.694209959544,"standard_error":3712.805783793125},"slope":{"confidence_interval":{"confidence_level":0.95,"lower_bound":139755.94524140586,"upper_bound":150612.1558691292},"point_estimate":145046.9583844392,"standard_error":2762.4236114012374},"std_dev":{"confidence_interval":{"confidence_level":0.95,"lower_bound":23011.682773366356,"upper_bound":41822.452611059394},"point_estimate":32660.15218076389,"standard_error":4869.3596625313985}}