{"mean":{"confidence_interval":{"confidence_level":0.95,"lower_bound":383917.81615042797,"upper_bound":413547.5883488855},"point_estimate":397689.78002377006,"standard_error":7568.422303207258},"median":{"confidence_interval":{"confidence_level":0.95,"lower_bound":369322.3829787234,"upper_bound":385725.0140845071},"point_estimate":379056.20816864294,"standard_error":3795.32319170178},"median_abs_dev":{"confidence_interval":{"confidence_level":0.95,"lower_bound":24561.718310615466,"upper_bound":47057.20906418906},"point_estimate":33321.31040661144,"standard_error":5764.587113761485},"slope":{"confidence_interval":{"confidence_level":0.95,"lower_bound":375331.82494020375,"upper_bound":400826.14151299535},"point_estimate":387412.30185409583,"standard_error":6511.169254959215},"std_dev":{"confidence_interval":{"confidence_level":0.95,"lower_bound":47991.53485102635,"upper_bound":101914.47789326195},"point_estimate":76123.06667718994,"standard_error":13945.540779604056}}