{"mean":{"confidence_interval":{"confidence_level":0.95,"lower_bound":61056.905415596935,"upper_bound":63047.838214901516},"point_estimate":62003.2446690992,"standard_error":510.0491290802823},"median":{"confidence_interval":{"confidence_level":0.95,"lower_bound":60206.58674339301,"upper_bound":61159.33707865168},"point_estimate":60645.937494454796,"standard_error":224.3252655473695},"median_abs_dev":{"confidence_interval":{"confidence_level":0.95,"lower_bound":1937.316162885172,"upper_bound":3344.5767814460173},"point_estimate":2786.6904986981262,"standard_error":371.27803328411505},"slope":{"confidence_interval":{"confidence_level":0.95,"lower_bound":61758.96198835407,"upper_bound":65569.90979612208},"point_estimate":63524.39520301811,"standard_error":978.8358885153543},"std_dev":{"confidence_interval":{"confidence_level":0.95,"lower_bound":3703.9235369397556,"upper_bound":6410.8943234659},"point_estimate":5115.143414228085,"standard_error":693.3547283260028}}