{"mean":{"confidence_interval":{"confidence_level":0.95,"lower_bound":312308.5199599548,"upper_bound":319271.80821247713},"point_estimate":315764.26039097685,"standard_error":1781.4438116315532},"median":{"confidence_interval":{"confidence_level":0.95,"lower_bound":313086.42727272725,"upper_bound":320503.5473710317},"point_estimate":315807.58554881846,"standard_error":1838.5542935778403},"median_abs_dev":{"confidence_interval":{"confidence_level":0.95,"lower_bound":10691.480990817066,"upper_bound":20204.72714397296},"point_estimate":16555.791100467435,"standard_error":2468.4420069923513},"slope":{"confidence_interval":{"confidence_level":0.95,"lower_bound":322677.51979505364,"upper_bound":329502.79234230064},"point_estimate":326084.603075218,"standard_error":1741.4327383241261},"std_dev":{"confidence_interval":{"confidence_level":0.95,"lower_bound":15112.337868263936,"upper_bound":20510.835592232306},"point_estimate":17956.521390002956,"standard_error":1378.0951906913285}}