{"mean":{"confidence_interval":{"confidence_level":0.95,"lower_bound":341495.54838678293,"upper_bound":356338.5893073804},"point_estimate":348592.0952850908,"standard_error":3790.257934618006},"median":{"confidence_interval":{"confidence_level":0.95,"lower_bound":335455.4516627345,"upper_bound":345467.5473251029},"point_estimate":340442.81091546424,"standard_error":2336.8600033942744},"median_abs_dev":{"confidence_interval":{"confidence_level":0.95,"lower_bound":16126.63143348759,"upper_bound":29028.00656683544},"point_estimate":21143.223063909867,"standard_error":3206.8919427506507},"slope":{"confidence_interval":{"confidence_level":0.95,"lower_bound":331966.6078715675,"upper_bound":340658.9250078922},"point_estimate":336015.16347963153,"standard_error":2219.6109164847626},"std_dev":{"confidence_interval":{"confidence_level":0.95,"lower_bound":27046.138809320037,"upper_bound":47737.7454748254},"point_estimate":38126.71370501558,"standard_error":5287.823341591251}}