{"mean":{"confidence_interval":{"confidence_level":0.95,"lower_bound":2879056.7781111104,"upper_bound":2892031.784166667},"point_estimate":2884998.7022222215,"standard_error":3313.1557937102752},"median":{"confidence_interval":{"confidence_level":0.95,"lower_bound":2874803.222222222,"upper_bound":2883286.6666666665},"point_estimate":2877508.8055555555,"standard_error":2378.606385610659},"median_abs_dev":{"confidence_interval":{"confidence_level":0.95,"lower_bound":13631.806641320694,"upper_bound":24776.01644347119},"point_estimate":20530.17958551657,"standard_error":2797.07391453061},"slope":null,"std_dev":{"confidence_interval":{"confidence_level":0.95,"lower_bound":19027.930877547264,"upper_bound":46137.66184304948},"point_estimate":33317.61143468314,"standard_error":7180.520382881687}}