{"mean":{"confidence_interval":{"confidence_level":0.95,"lower_bound":420549.3186320377,"upper_bound":421791.1415872159},"point_estimate":421188.49350306636,"standard_error":317.2238221716984},"median":{"confidence_interval":{"confidence_level":0.95,"lower_bound":421024.32444444444,"upper_bound":422112.27777777775},"point_estimate":421611.50752688176,"standard_error":292.3623317490662},"median_abs_dev":{"confidence_interval":{"confidence_level":0.95,"lower_bound":1558.8376498842754,"upper_bound":2906.329712179429},"point_estimate":2066.3950150383,"standard_error":340.3445215652639},"slope":{"confidence_interval":{"confidence_level":0.95,"lower_bound":421051.881488489,"upper_bound":422048.7314058913},"point_estimate":421543.45222107286,"standard_error":254.17838768748405},"std_dev":{"confidence_interval":{"confidence_level":0.95,"lower_bound":2370.532640853323,"upper_bound":4038.9759950402436},"point_estimate":3213.6703934746974,"standard_error":429.979340664545}}