{"mean":{"confidence_interval":{"confidence_level":0.95,"lower_bound":3293299.6712031253,"upper_bound":3328299.0165156247},"point_estimate":3309641.065625,"standard_error":8941.73133143965},"median":{"confidence_interval":{"confidence_level":0.95,"lower_bound":3282311.3125,"upper_bound":3308200.53125},"point_estimate":3298890.5625,"standard_error":7497.108776064361},"median_abs_dev":{"confidence_interval":{"confidence_level":0.95,"lower_bound":41997.42412939668,"upper_bound":66698.45704961562},"point_estimate":53372.48710244894,"standard_error":6292.209991160473},"slope":null,"std_dev":{"confidence_interval":{"confidence_level":0.95,"lower_bound":60504.41593408807,"upper_bound":114741.60119148057},"point_estimate":89611.9207068219,"standard_error":13874.507467963722}}