{"mean":{"confidence_interval":{"confidence_level":0.95,"lower_bound":139534.62719387584,"upper_bound":141661.34816845678},"point_estimate":140559.6449457335,"standard_error":539.9572692738085},"median":{"confidence_interval":{"confidence_level":0.95,"lower_bound":139504.61317567568,"upper_bound":141190.06041666667},"point_estimate":140065.22657967033,"standard_error":438.5431539667825},"median_abs_dev":{"confidence_interval":{"confidence_level":0.95,"lower_bound":2320.834200046965,"upper_bound":3549.846094557412},"point_estimate":2908.506747491616,"standard_error":314.039607335306},"slope":{"confidence_interval":{"confidence_level":0.95,"lower_bound":139330.0994974147,"upper_bound":140613.70656972734},"point_estimate":139990.94378454264,"standard_error":327.13676056961975},"std_dev":{"confidence_interval":{"confidence_level":0.95,"lower_bound":3235.400718643789,"upper_bound":7533.551180028748},"point_estimate":5442.954869288299,"standard_error":1118.7663812224648}}