{"mean":{"confidence_interval":{"confidence_level":0.95,"lower_bound":48092.767188802616,"upper_bound":51133.11663263456},"point_estimate":49517.812060724376,"standard_error":778.123738958108},"median":{"confidence_interval":{"confidence_level":0.95,"lower_bound":46112.44631044124,"upper_bound":48089.045454545456},"point_estimate":46947.68895843461,"standard_error":564.270973508701},"median_abs_dev":{"confidence_interval":{"confidence_level":0.95,"lower_bound":2836.3469319951773,"upper_bound":5334.211728708606},"point_estimate":3915.8401177274136,"standard_error":643.5377091776916},"slope":{"confidence_interval":{"confidence_level":0.95,"lower_bound":44964.35204394612,"upper_bound":46187.26867810117},"point_estimate":45536.68504883324,"standard_error":311.8208951201636},"std_dev":{"confidence_interval":{"confidence_level":0.95,"lower_bound":5460.124872464882,"upper_bound":9996.36344083619},"point_estimate":7802.556446538958,"standard_error":1163.4735023665255}}