{"mean":{"confidence_interval":{"confidence_level":0.95,"lower_bound":265446.6784501786,"upper_bound":273372.30612251774},"point_estimate":269127.1987944406,"standard_error":2031.6783769766882},"median":{"confidence_interval":{"confidence_level":0.95,"lower_bound":260181.97727272726,"upper_bound":262940.95499999996},"point_estimate":261475.4030203136,"standard_error":669.5491816324139},"median_abs_dev":{"confidence_interval":{"confidence_level":0.95,"lower_bound":3256.8301370995,"upper_bound":6938.138550256003},"point_estimate":4508.532873247025,"standard_error":965.4011856246522},"slope":{"confidence_interval":{"confidence_level":0.95,"lower_bound":262783.7728920467,"upper_bound":266958.99737788487},"point_estimate":264705.5567533619,"standard_error":1067.9541360713138},"std_dev":{"confidence_interval":{"confidence_level":0.95,"lower_bound":13020.23624283063,"upper_bound":26913.747937320077},"point_estimate":20475.061075631027,"standard_error":3557.104640250982}}