{"mean":{"confidence_interval":{"confidence_level":0.95,"lower_bound":1346749.7286686157,"upper_bound":1414549.1128452707},"point_estimate":1378309.4985057772,"standard_error":17282.832640569766},"median":{"confidence_interval":{"confidence_level":0.95,"lower_bound":1313568.1734693877,"upper_bound":1378283.08125},"point_estimate":1349815.0422885572,"standard_error":15960.799413890878},"median_abs_dev":{"confidence_interval":{"confidence_level":0.95,"lower_bound":95085.9490396918,"upper_bound":150361.9181199726},"point_estimate":124306.15717729635,"standard_error":13826.686828210455},"slope":{"confidence_interval":{"confidence_level":0.95,"lower_bound":1291754.0423881074,"upper_bound":1339870.1563597058},"point_estimate":1314368.2992788532,"standard_error":12252.776402637877},"std_dev":{"confidence_interval":{"confidence_level":0.95,"lower_bound":112930.98636942728,"upper_bound":234306.7993173825},"point_estimate":173465.28915780052,"standard_error":32127.25404632051}}