{"mean":{"confidence_interval":{"confidence_level":0.95,"lower_bound":388621.4192821628,"upper_bound":397019.3158446189},"point_estimate":392393.2462422068,"standard_error":2160.0508857931904},"median":{"confidence_interval":{"confidence_level":0.95,"lower_bound":384434.38245614036,"upper_bound":388578.668485136},"point_estimate":386412.37680180185,"standard_error":989.4933433781474},"median_abs_dev":{"confidence_interval":{"confidence_level":0.95,"lower_bound":6093.242412336114,"upper_bound":10710.206718088004},"point_estimate":8003.187165663392,"standard_error":1148.337025252183},"slope":{"confidence_interval":{"confidence_level":0.95,"lower_bound":386634.4522649303,"upper_bound":392292.2390567264},"point_estimate":389328.49163390964,"standard_error":1445.3173711022907},"std_dev":{"confidence_interval":{"confidence_level":0.95,"lower_bound":11831.212123900641,"upper_bound":31413.7396336204},"point_estimate":21736.04695620185,"standard_error":5326.584205497454}}