{"mean":{"confidence_interval":{"confidence_level":0.95,"lower_bound":257255.71057156482,"upper_bound":276749.3423342933},"point_estimate":266569.55421514047,"standard_error":4971.1297999763565},"median":{"confidence_interval":{"confidence_level":0.95,"lower_bound":239911.36424731184,"upper_bound":253171.204375},"point_estimate":245744.29539295394,"standard_error":3336.533345435603},"median_abs_dev":{"confidence_interval":{"confidence_level":0.95,"lower_bound":14004.684769225054,"upper_bound":31898.736554744857},"point_estimate":22113.682165760678,"standard_error":4611.511410733124},"slope":{"confidence_interval":{"confidence_level":0.95,"lower_bound":251405.9656686836,"upper_bound":281277.9162271524},"point_estimate":265281.2318817792,"standard_error":7645.343644668404},"std_dev":{"confidence_interval":{"confidence_level":0.95,"lower_bound":37372.14421955225,"upper_bound":60715.946979361535},"point_estimate":49885.65196844678,"standard_error":5975.900292525247}}