{"mean":{"confidence_interval":{"confidence_level":0.95,"lower_bound":152051.72927445621,"upper_bound":155435.33908327037},"point_estimate":153736.93130352604,"standard_error":857.7280475466933},"median":{"confidence_interval":{"confidence_level":0.95,"lower_bound":152801.20349189517,"upper_bound":154053.45852534563},"point_estimate":153429.90095238097,"standard_error":352.84144522559586},"median_abs_dev":{"confidence_interval":{"confidence_level":0.95,"lower_bound":2193.307149898666,"upper_bound":3511.973544831917},"point_estimate":2747.3010865246424,"standard_error":334.2164554914236},"slope":{"confidence_interval":{"confidence_level":0.95,"lower_bound":152186.99700712602,"upper_bound":154646.968056552},"point_estimate":153559.15342396926,"standard_error":627.1145848638984},"std_dev":{"confidence_interval":{"confidence_level":0.95,"lower_bound":4106.122935147402,"upper_bound":12242.598742307937},"point_estimate":8591.72462095774,"standard_error":2076.886154467872}}