{"mean":{"confidence_interval":{"confidence_level":0.95,"lower_bound":198541.87800748125,"upper_bound":209693.25255159772},"point_estimate":203613.72184603586,"standard_error":2853.8995704415033},"median":{"confidence_interval":{"confidence_level":0.95,"lower_bound":189174.06472043542,"upper_bound":200191.51898734178},"point_estimate":196154.00192307692,"standard_error":2821.432230450604},"median_abs_dev":{"confidence_interval":{"confidence_level":0.95,"lower_bound":10492.05332204482,"upper_bound":22162.530802530313},"point_estimate":18626.525365429487,"standard_error":3131.7207204483393},"slope":{"confidence_interval":{"confidence_level":0.95,"lower_bound":195902.26103604425,"upper_bound":204486.6338094},"point_estimate":199966.8753893897,"standard_error":2187.957577486082},"std_dev":{"confidence_interval":{"confidence_level":0.95,"lower_bound":17853.833444834137,"upper_bound":40440.126890336345},"point_estimate":28547.02749927314,"standard_error":6644.1102600689255}}