{"mean":{"confidence_interval":{"confidence_level":0.95,"lower_bound":179322.224989904,"upper_bound":184130.47951109597},"point_estimate":181415.32257610493,"standard_error":1235.538851440431},"median":{"confidence_interval":{"confidence_level":0.95,"lower_bound":178174.55399061032,"upper_bound":180367.7564102564},"point_estimate":179448.06499104344,"standard_error":571.5102943647096},"median_abs_dev":{"confidence_interval":{"confidence_level":0.95,"lower_bound":4319.525015067168,"upper_bound":7033.6140107947695},"point_estimate":5666.985532140286,"standard_error":706.4362907482287},"slope":{"confidence_interval":{"confidence_level":0.95,"lower_bound":179137.93776358117,"upper_bound":181915.97078127824},"point_estimate":180526.10756711493,"standard_error":710.8622192628193},"std_dev":{"confidence_interval":{"confidence_level":0.95,"lower_bound":5381.960380346326,"upper_bound":18855.343096589007},"point_estimate":12414.72233449936,"standard_error":3682.6044784256}}