{"mean":{"confidence_interval":{"confidence_level":0.95,"lower_bound":6949.719449005599,"upper_bound":6978.702673966752},"point_estimate":6963.950702119368,"standard_error":7.369316025511023},"median":{"confidence_interval":{"confidence_level":0.95,"lower_bound":6949.051988400995,"upper_bound":6977.79104892513},"point_estimate":6960.385700312989,"standard_error":8.322490800636373},"median_abs_dev":{"confidence_interval":{"confidence_level":0.95,"lower_bound":52.15951190716759,"upper_bound":85.49597700326913},"point_estimate":69.65623538866282,"standard_error":8.005262616151514},"slope":{"confidence_interval":{"confidence_level":0.95,"lower_bound":6954.591317640073,"upper_bound":6985.892600445671},"point_estimate":6971.1917698982425,"standard_error":8.000667569204165},"std_dev":{"confidence_interval":{"confidence_level":0.95,"lower_bound":58.27364871334129,"upper_bound":91.93559403137978},"point_estimate":74.19854291130602,"standard_error":8.792598656887836}}