{"mean":{"confidence_interval":{"confidence_level":0.95,"lower_bound":578895.2766656633,"upper_bound":583816.2006317339},"point_estimate":581273.4839968411,"standard_error":1259.1297730164208},"median":{"confidence_interval":{"confidence_level":0.95,"lower_bound":575981.0278917911,"upper_bound":580354.6153846154},"point_estimate":576943.5141723356,"standard_error":1265.404447383717},"median_abs_dev":{"confidence_interval":{"confidence_level":0.95,"lower_bound":6444.227454841668,"upper_bound":11769.223928654099},"point_estimate":8306.761865281627,"standard_error":1429.0751937281425},"slope":{"confidence_interval":{"confidence_level":0.95,"lower_bound":575236.6964213041,"upper_bound":580267.6665062698},"point_estimate":577755.7027249889,"standard_error":1285.8013466485788},"std_dev":{"confidence_interval":{"confidence_level":0.95,"lower_bound":10370.292760810124,"upper_bound":14653.760507495692},"point_estimate":12660.232298290737,"standard_error":1091.08451481391}}