{"mean":{"confidence_interval":{"confidence_level":0.95,"lower_bound":12708569.823449997,"upper_bound":13009391.01209999},"point_estimate":12836441.664,"standard_error":77943.58173770517},"median":{"confidence_interval":{"confidence_level":0.95,"lower_bound":12574727.5,"upper_bound":12784762.6},"point_estimate":12636095.0,"standard_error":63323.435162856666},"median_abs_dev":{"confidence_interval":{"confidence_level":0.95,"lower_bound":279592.4095362425,"upper_bound":478565.1837837707},"point_estimate":394575.45049488544,"standard_error":50507.23664369028},"slope":null,"std_dev":{"confidence_interval":{"confidence_level":0.95,"lower_bound":361389.3579651598,"upper_bound":1213456.9575874154},"point_estimate":782775.4435484464,"standard_error":264807.7322002398}}