{"mean":{"confidence_interval":{"confidence_level":0.95,"lower_bound":102787.33434798133,"upper_bound":106738.94827444918},"point_estimate":104629.7087053219,"standard_error":1011.8168730499867},"median":{"confidence_interval":{"confidence_level":0.95,"lower_bound":100008.3208416614,"upper_bound":102402.14812312313},"point_estimate":100477.29964362082,"standard_error":633.5143100415759},"median_abs_dev":{"confidence_interval":{"confidence_level":0.95,"lower_bound":3042.9648031533397,"upper_bound":6262.156268597222},"point_estimate":4083.3383448960503,"standard_error":752.9751542727863},"slope":{"confidence_interval":{"confidence_level":0.95,"lower_bound":102505.79385610881,"upper_bound":106744.32815143482},"point_estimate":104435.4641530959,"standard_error":1078.945165542121},"std_dev":{"confidence_interval":{"confidence_level":0.95,"lower_bound":6488.077974855284,"upper_bound":13497.281161314811},"point_estimate":10177.674330602615,"standard_error":1826.318413762884}}