{"mean":{"confidence_interval":{"confidence_level":0.95,"lower_bound":62142.38331863531,"upper_bound":63162.03042828867},"point_estimate":62634.38980956534,"standard_error":260.9092228605287},"median":{"confidence_interval":{"confidence_level":0.95,"lower_bound":61552.72176817407,"upper_bound":62647.80147058824},"point_estimate":62090.447096530916,"standard_error":310.87085661008734},"median_abs_dev":{"confidence_interval":{"confidence_level":0.95,"lower_bound":1579.9288465431262,"upper_bound":2555.9164073974266},"point_estimate":2047.4903490053543,"standard_error":252.0281708777355},"slope":{"confidence_interval":{"confidence_level":0.95,"lower_bound":61916.92639900141,"upper_bound":63209.06537274476},"point_estimate":62548.8931913525,"standard_error":331.117999213095},"std_dev":{"confidence_interval":{"confidence_level":0.95,"lower_bound":1971.1763338741155,"upper_bound":3205.0573820292193},"point_estimate":2618.0095977242886,"standard_error":313.9786164735132}}