{"mean":{"confidence_interval":{"confidence_level":0.95,"lower_bound":45206.56990506856,"upper_bound":45843.75395324756},"point_estimate":45507.78982920652,"standard_error":162.99240049409977},"median":{"confidence_interval":{"confidence_level":0.95,"lower_bound":44889.14965034965,"upper_bound":45497.66934046346},"point_estimate":45116.586386593204,"standard_error":162.1617518713729},"median_abs_dev":{"confidence_interval":{"confidence_level":0.95,"lower_bound":845.0386312145779,"upper_bound":1536.1178583927906},"point_estimate":1165.1797950232858,"standard_error":177.83295113827916},"slope":{"confidence_interval":{"confidence_level":0.95,"lower_bound":45332.90821820366,"upper_bound":45847.32534192469},"point_estimate":45587.64820290984,"standard_error":130.8194361550238},"std_dev":{"confidence_interval":{"confidence_level":0.95,"lower_bound":1146.1250444399623,"upper_bound":2178.1892841913027},"point_estimate":1645.741199235751,"standard_error":272.7567286223391}}