{"mean":{"confidence_interval":{"confidence_level":0.95,"lower_bound":536253.1539114242,"upper_bound":562152.1867506631},"point_estimate":548106.9992295101,"standard_error":6594.277259291085},"median":{"confidence_interval":{"confidence_level":0.95,"lower_bound":521638.6152529762,"upper_bound":536970.4735323384},"point_estimate":528552.5684027778,"standard_error":3952.715407655096},"median_abs_dev":{"confidence_interval":{"confidence_level":0.95,"lower_bound":22628.31290277994,"upper_bound":41431.719135689935},"point_estimate":29953.962089559613,"standard_error":4914.738752343155},"slope":{"confidence_interval":{"confidence_level":0.95,"lower_bound":516387.29451261566,"upper_bound":530435.0555405974},"point_estimate":522677.0567164179,"standard_error":3583.323258068862},"std_dev":{"confidence_interval":{"confidence_level":0.95,"lower_bound":39728.94864463903,"upper_bound":92572.83698474454},"point_estimate":65805.2592000929,"standard_error":14386.739532143407}}