{"mean":{"confidence_interval":{"confidence_level":0.95,"lower_bound":4846.24847926801,"upper_bound":4863.047537627037},"point_estimate":4854.614728840123,"standard_error":4.305226947305066},"median":{"confidence_interval":{"confidence_level":0.95,"lower_bound":4839.2043758018735,"upper_bound":4866.967267552182},"point_estimate":4849.348027201077,"standard_error":8.929200932505125},"median_abs_dev":{"confidence_interval":{"confidence_level":0.95,"lower_bound":38.31873748585288,"upper_bound":56.97389076240799},"point_estimate":51.16599213591515,"standard_error":4.916248631409237},"slope":{"confidence_interval":{"confidence_level":0.95,"lower_bound":4843.916780402913,"upper_bound":4862.941301218263},"point_estimate":4853.583939591501,"standard_error":4.882415749381179},"std_dev":{"confidence_interval":{"confidence_level":0.95,"lower_bound":37.17889874304907,"upper_bound":48.55741841658182},"point_estimate":43.086676271120815,"standard_error":2.9097694661463467}}