{"mean":{"confidence_interval":{"confidence_level":0.95,"lower_bound":1367603.2371872852,"upper_bound":1412238.0486107257},"point_estimate":1389392.8175079972,"standard_error":11357.192195238156},"median":{"confidence_interval":{"confidence_level":0.95,"lower_bound":1356704.967878407,"upper_bound":1395626.5579166666},"point_estimate":1372643.1330434782,"standard_error":8154.851046938264},"median_abs_dev":{"confidence_interval":{"confidence_level":0.95,"lower_bound":81648.73478423516,"upper_bound":145354.31616111167},"point_estimate":100066.41820584805,"standard_error":16046.834953104344},"slope":{"confidence_interval":{"confidence_level":0.95,"lower_bound":1327084.9893721354,"upper_bound":1374587.5043493875},"point_estimate":1350723.0682015663,"standard_error":12131.419090474512},"std_dev":{"confidence_interval":{"confidence_level":0.95,"lower_bound":95858.04302744922,"upper_bound":131114.7264571613},"point_estimate":114310.16095335972,"standard_error":8990.092898936296}}