{"mean":{"confidence_interval":{"confidence_level":0.95,"lower_bound":827091.7031569828,"upper_bound":847824.1309984484},"point_estimate":836446.1115720287,"standard_error":5305.986349553008},"median":{"confidence_interval":{"confidence_level":0.95,"lower_bound":820279.5967741936,"upper_bound":830709.1},"point_estimate":824494.8983050848,"standard_error":2287.5585660057013},"median_abs_dev":{"confidence_interval":{"confidence_level":0.95,"lower_bound":15396.22895691794,"upper_bound":26565.289868371838},"point_estimate":21831.35005203474,"standard_error":2955.9262923269885},"slope":{"confidence_interval":{"confidence_level":0.95,"lower_bound":817215.6962561605,"upper_bound":828066.2660889918},"point_estimate":822340.9057218856,"standard_error":2768.0360091630587},"std_dev":{"confidence_interval":{"confidence_level":0.95,"lower_bound":28503.12908803282,"upper_bound":75675.63135433375},"point_estimate":53273.73175617641,"standard_error":12287.691782934608}}