{"mean":{"confidence_interval":{"confidence_level":0.95,"lower_bound":7760497.945678571,"upper_bound":7789745.5033928575},"point_estimate":7774792.731428569,"standard_error":7444.169722599391},"median":{"confidence_interval":{"confidence_level":0.95,"lower_bound":7761528.571428572,"upper_bound":7792228.785714285},"point_estimate":7781885.857142857,"standard_error":9876.934465275115},"median_abs_dev":{"confidence_interval":{"confidence_level":0.95,"lower_bound":53067.12445787051,"upper_bound":85335.74344498763},"point_estimate":69471.24596663854,"standard_error":7739.869086507944},"slope":null,"std_dev":{"confidence_interval":{"confidence_level":0.95,"lower_bound":57547.76655013578,"upper_bound":95984.63171257357},"point_estimate":74856.38290482109,"standard_error":10513.978584813114}}