{"mean":{"confidence_interval":{"confidence_level":0.95,"lower_bound":282616.7100976587,"upper_bound":311200.94890461926},"point_estimate":295555.0554852369,"standard_error":7360.905708676747},"median":{"confidence_interval":{"confidence_level":0.95,"lower_bound":269904.6444909794,"upper_bound":278592.06944444444},"point_estimate":272791.4865384615,"standard_error":2171.6775634567716},"median_abs_dev":{"confidence_interval":{"confidence_level":0.95,"lower_bound":11059.75935758147,"upper_bound":22999.199696436146},"point_estimate":16335.972820445135,"standard_error":2961.9026931369353},"slope":{"confidence_interval":{"confidence_level":0.95,"lower_bound":269243.48285799765,"upper_bound":278875.4901506456},"point_estimate":273519.4988288754,"standard_error":2474.497368572667},"std_dev":{"confidence_interval":{"confidence_level":0.95,"lower_bound":37745.06095341212,"upper_bound":101681.11757785096},"point_estimate":74142.33247732902,"standard_error":16409.283381182064}}