{"mean":{"confidence_interval":{"confidence_level":0.95,"lower_bound":6305158.250375,"upper_bound":6437869.64171875},"point_estimate":6369570.93875,"standard_error":33906.35112776263},"median":{"confidence_interval":{"confidence_level":0.95,"lower_bound":6189353.75,"upper_bound":6372465.3125},"point_estimate":6300529.4375,"standard_error":44391.46914363414},"median_abs_dev":{"confidence_interval":{"confidence_level":0.95,"lower_bound":210551.6205869615,"upper_bound":388187.5758457929},"point_estimate":330121.73320166767,"standard_error":47636.96179758535},"slope":null,"std_dev":{"confidence_interval":{"confidence_level":0.95,"lower_bound":277357.61198306753,"upper_bound":395769.17347430286},"point_estimate":340556.58707899414,"standard_error":30280.95452044588}}