{"mean":{"confidence_interval":{"confidence_level":0.95,"lower_bound":708550.036770611,"upper_bound":754309.0021566056},"point_estimate":729469.4533134657,"standard_error":11759.197269164026},"median":{"confidence_interval":{"confidence_level":0.95,"lower_bound":700798.5103092784,"upper_bound":707128.5777777778},"point_estimate":704233.7389705882,"standard_error":1705.1210424195585},"median_abs_dev":{"confidence_interval":{"confidence_level":0.95,"lower_bound":11080.25822030734,"upper_bound":27624.930004437865},"point_estimate":18348.845982159502,"standard_error":4423.264784125187},"slope":{"confidence_interval":{"confidence_level":0.95,"lower_bound":726538.2026078709,"upper_bound":811240.5334194668},"point_estimate":765486.9933412147,"standard_error":21785.62299464909},"std_dev":{"confidence_interval":{"confidence_level":0.95,"lower_bound":66482.12507760136,"upper_bound":157531.02155789098},"point_estimate":118576.32283501414,"standard_error":22990.3648969669}}