{"mean":{"confidence_interval":{"confidence_level":0.95,"lower_bound":373341.8659529861,"upper_bound":374561.6128156317},"point_estimate":373921.9408185146,"standard_error":311.714995331422},"median":{"confidence_interval":{"confidence_level":0.95,"lower_bound":372595.75,"upper_bound":373137.94444444444},"point_estimate":372765.26336050726,"standard_error":127.12033652211379},"median_abs_dev":{"confidence_interval":{"confidence_level":0.95,"lower_bound":758.3088659839638,"upper_bound":1454.4214064107437},"point_estimate":1093.5715012603084,"standard_error":177.29630816569855},"slope":{"confidence_interval":{"confidence_level":0.95,"lower_bound":372759.3020441633,"upper_bound":374028.4581496278},"point_estimate":373341.3019565539,"standard_error":324.5020953361538},"std_dev":{"confidence_interval":{"confidence_level":0.95,"lower_bound":2328.02774042415,"upper_bound":3830.0348681938167},"point_estimate":3137.864631778057,"standard_error":382.42647434689275}}