{"mean":{"confidence_interval":{"confidence_level":0.95,"lower_bound":948277.9497232876,"upper_bound":1108101.9326953422},"point_estimate":1017590.7201119955,"standard_error":41060.20959270957},"median":{"confidence_interval":{"confidence_level":0.95,"lower_bound":886282.71,"upper_bound":940695.1046511628},"point_estimate":909919.2882522407,"standard_error":14118.976555694455},"median_abs_dev":{"confidence_interval":{"confidence_level":0.95,"lower_bound":60550.489742401594,"upper_bound":118951.39277416335},"point_estimate":87986.139255194,"standard_error":15645.797075502895},"slope":{"confidence_interval":{"confidence_level":0.95,"lower_bound":922783.7200490708,"upper_bound":1054637.7071228647},"point_estimate":972833.9743638245,"standard_error":35457.03972861701},"std_dev":{"confidence_interval":{"confidence_level":0.95,"lower_bound":168380.06900715327,"upper_bound":628610.2888985523},"point_estimate":412744.5501413964,"standard_error":125315.57177231046}}