{"mean":{"confidence_interval":{"confidence_level":0.95,"lower_bound":26018.14346286866,"upper_bound":26358.095644106274},"point_estimate":26189.987474699043,"standard_error":86.8243624520057},"median":{"confidence_interval":{"confidence_level":0.95,"lower_bound":26198.610171658147,"upper_bound":26552.256244665718},"point_estimate":26397.023236651286,"standard_error":104.1117496687622},"median_abs_dev":{"confidence_interval":{"confidence_level":0.95,"lower_bound":597.6201085642335,"upper_bound":1023.877307902854},"point_estimate":812.5498706835039,"standard_error":104.3005127674622},"slope":{"confidence_interval":{"confidence_level":0.95,"lower_bound":26622.927391560755,"upper_bound":26822.89764392474},"point_estimate":26726.28701432628,"standard_error":50.94166738749597},"std_dev":{"confidence_interval":{"confidence_level":0.95,"lower_bound":754.7789518998492,"upper_bound":963.2623080532535},"point_estimate":869.2842128655715,"standard_error":53.18959362902065}}