{"mean":{"confidence_interval":{"confidence_level":0.95,"lower_bound":141339.1050302601,"upper_bound":143424.4232186126},"point_estimate":142371.75606395007,"standard_error":531.2638571204594},"median":{"confidence_interval":{"confidence_level":0.95,"lower_bound":140679.90948547982,"upper_bound":143560.2943548387},"point_estimate":141632.74776570048,"standard_error":902.7284384558981},"median_abs_dev":{"confidence_interval":{"confidence_level":0.95,"lower_bound":4150.506245791171,"upper_bound":6557.140954042005},"point_estimate":5382.955128347469,"standard_error":622.1492505039078},"slope":{"confidence_interval":{"confidence_level":0.95,"lower_bound":141861.8942715806,"upper_bound":143869.29691979932},"point_estimate":142838.18248263633,"standard_error":512.9320304096897},"std_dev":{"confidence_interval":{"confidence_level":0.95,"lower_bound":4373.823536246069,"upper_bound":6441.845282018272},"point_estimate":5350.570951749413,"standard_error":541.404328764796}}