{"mean":{"confidence_interval":{"confidence_level":0.95,"lower_bound":64791.86324805326,"upper_bound":68140.24885203918},"point_estimate":66302.1232384331,"standard_error":856.2310945554589},"median":{"confidence_interval":{"confidence_level":0.95,"lower_bound":64111.256696428565,"upper_bound":65737.81818181818},"point_estimate":64747.92633928571,"standard_error":390.77555062409255},"median_abs_dev":{"confidence_interval":{"confidence_level":0.95,"lower_bound":2050.0481195165294,"upper_bound":3607.0998426278443},"point_estimate":2556.011488496735,"standard_error":395.4698200748324},"slope":{"confidence_interval":{"confidence_level":0.95,"lower_bound":64646.67065020556,"upper_bound":67599.8119860678},"point_estimate":66091.26520005173,"standard_error":753.955078878388},"std_dev":{"confidence_interval":{"confidence_level":0.95,"lower_bound":4788.643179186951,"upper_bound":12528.428634916008},"point_estimate":8595.06186120302,"standard_error":2176.010132617196}}