{"mean":{"confidence_interval":{"confidence_level":0.95,"lower_bound":145403.05164607,"upper_bound":156236.83949707876},"point_estimate":150315.63897382846,"standard_error":2763.754932517406},"median":{"confidence_interval":{"confidence_level":0.95,"lower_bound":140715.90249433107,"upper_bound":144227.864079622},"point_estimate":142084.23341836734,"standard_error":941.6720386629648},"median_abs_dev":{"confidence_interval":{"confidence_level":0.95,"lower_bound":7379.516355034944,"upper_bound":16628.830204746668},"point_estimate":11572.508513769593,"standard_error":2493.227605197097},"slope":{"confidence_interval":{"confidence_level":0.95,"lower_bound":140169.08722352752,"upper_bound":146339.22994570655},"point_estimate":143026.32050666047,"standard_error":1569.6897184734273},"std_dev":{"confidence_interval":{"confidence_level":0.95,"lower_bound":14822.429651270175,"upper_bound":38676.280942955294},"point_estimate":27718.62289376105,"standard_error":6133.361865795395}}