{"mean":{"confidence_interval":{"confidence_level":0.95,"lower_bound":547853.0220305983,"upper_bound":566619.5704233773},"point_estimate":556220.9925935877,"standard_error":4811.462829339773},"median":{"confidence_interval":{"confidence_level":0.95,"lower_bound":541521.0580357143,"upper_bound":553367.3133631952},"point_estimate":547820.8586956521,"standard_error":2951.9250487082004},"median_abs_dev":{"confidence_interval":{"confidence_level":0.95,"lower_bound":19425.786254166425,"upper_bound":29984.65294603594},"point_estimate":24684.837150727166,"standard_error":2760.641526842809},"slope":{"confidence_interval":{"confidence_level":0.95,"lower_bound":540600.366569298,"upper_bound":552529.3886521881},"point_estimate":546331.559655682,"standard_error":3043.8995411683845},"std_dev":{"confidence_interval":{"confidence_level":0.95,"lower_bound":26279.03385935186,"upper_bound":70745.89951623562},"point_estimate":48245.15847311614,"standard_error":12707.807253951025}}