{"mean":{"confidence_interval":{"confidence_level":0.95,"lower_bound":1611286.2118546388,"upper_bound":1692672.819486179},"point_estimate":1645884.5174516235,"standard_error":21117.597062044057},"median":{"confidence_interval":{"confidence_level":0.95,"lower_bound":1588834.6595744682,"upper_bound":1625868.4813895782},"point_estimate":1605693.4327201322,"standard_error":9466.311045016959},"median_abs_dev":{"confidence_interval":{"confidence_level":0.95,"lower_bound":54224.532365321924,"upper_bound":90428.29679087344},"point_estimate":71929.91692728784,"standard_error":9796.345666426389},"slope":{"confidence_interval":{"confidence_level":0.95,"lower_bound":1588258.1352752142,"upper_bound":1623533.4319821184},"point_estimate":1605659.40890498,"standard_error":9029.940774815655},"std_dev":{"confidence_interval":{"confidence_level":0.95,"lower_bound":83422.08641194168,"upper_bound":330716.80393096275},"point_estimate":212483.97972615412,"standard_error":70903.14631067033}}