{"mean":{"confidence_interval":{"confidence_level":0.95,"lower_bound":11975560.770050006,"upper_bound":12026632.844250003},"point_estimate":11999527.199999996,"standard_error":13045.410291899745},"median":{"confidence_interval":{"confidence_level":0.95,"lower_bound":11948691.6,"upper_bound":11994535.3},"point_estimate":11977800.2,"standard_error":10373.752574951313},"median_abs_dev":{"confidence_interval":{"confidence_level":0.95,"lower_bound":66461.25032007694,"upper_bound":104272.73874878607},"point_estimate":89399.14755284703,"standard_error":9678.120550959235},"slope":null,"std_dev":{"confidence_interval":{"confidence_level":0.95,"lower_bound":85014.81231227155,"upper_bound":171677.47986222},"point_estimate":130819.43635969493,"standard_error":22361.68935675477}}