{"mean":{"confidence_interval":{"confidence_level":0.95,"lower_bound":116978.43382923274,"upper_bound":126385.06966420585},"point_estimate":121458.07284007926,"standard_error":2403.548960873624},"median":{"confidence_interval":{"confidence_level":0.95,"lower_bound":109221.53538461539,"upper_bound":121661.80907407407},"point_estimate":114761.79365671641,"standard_error":3239.117324282016},"median_abs_dev":{"confidence_interval":{"confidence_level":0.95,"lower_bound":13495.64302583378,"upper_bound":24634.504372109626},"point_estimate":19673.258051329845,"standard_error":2925.321510370103},"slope":{"confidence_interval":{"confidence_level":0.95,"lower_bound":123296.32920042766,"upper_bound":137266.59095930378},"point_estimate":129910.26566898183,"standard_error":3570.257260896152},"std_dev":{"confidence_interval":{"confidence_level":0.95,"lower_bound":17781.351285508612,"upper_bound":30244.94556298294},"point_estimate":24110.203115546698,"standard_error":3223.233311626926}}