{"mean":{"confidence_interval":{"confidence_level":0.95,"lower_bound":8804746.317416668,"upper_bound":9064275.975833332},"point_estimate":8929272.349999996,"standard_error":66003.69258335928},"median":{"confidence_interval":{"confidence_level":0.95,"lower_bound":8711162.0,"upper_bound":8986406.916666666},"point_estimate":8863695.083333332,"standard_error":79912.42312896287},"median_abs_dev":{"confidence_interval":{"confidence_level":0.95,"lower_bound":428303.6114960918,"upper_bound":734314.2228633156},"point_estimate":604857.2996616354,"standard_error":75535.31107737956},"slope":null,"std_dev":{"confidence_interval":{"confidence_level":0.95,"lower_bound":496421.4046777585,"upper_bound":826817.1601390846},"point_estimate":663306.674627908,"standard_error":85220.50430949655}}