{"mean":{"confidence_interval":{"confidence_level":0.95,"lower_bound":10543713.560499998,"upper_bound":10796134.161049996},"point_estimate":10666131.709999997,"standard_error":64299.16849265915},"median":{"confidence_interval":{"confidence_level":0.95,"lower_bound":10416837.8,"upper_bound":10707237.8},"point_estimate":10577977.600000001,"standard_error":71017.77154522494},"median_abs_dev":{"confidence_interval":{"confidence_level":0.95,"lower_bound":414830.6720312824,"upper_bound":648980.3953257954},"point_estimate":557590.5793207859,"standard_error":58185.88874966504},"slope":null,"std_dev":{"confidence_interval":{"confidence_level":0.95,"lower_bound":506612.1553942296,"upper_bound":783026.9905601332},"point_estimate":647320.7193389722,"standard_error":70938.12372568338}}