{"mean":{"confidence_interval":{"confidence_level":0.95,"lower_bound":16277.341637907044,"upper_bound":16665.005867228072},"point_estimate":16459.88890443461,"standard_error":99.35444468615833},"median":{"confidence_interval":{"confidence_level":0.95,"lower_bound":16076.360346427467,"upper_bound":16380.04632929437},"point_estimate":16222.803091244123,"standard_error":78.29476516662479},"median_abs_dev":{"confidence_interval":{"confidence_level":0.95,"lower_bound":472.5163666997329,"upper_bound":870.2871713864372},"point_estimate":658.8399795941226,"standard_error":106.54427478964894},"slope":{"confidence_interval":{"confidence_level":0.95,"lower_bound":16328.423872202402,"upper_bound":16788.21627139273},"point_estimate":16550.35736459724,"standard_error":117.68548642768829},"std_dev":{"confidence_interval":{"confidence_level":0.95,"lower_bound":707.3481662910198,"upper_bound":1321.372151560866},"point_estimate":1001.0668299338639,"standard_error":163.4045923736231}}