{"mean":{"confidence_interval":{"confidence_level":0.95,"lower_bound":10166434.423333332,"upper_bound":10213745.01},"point_estimate":10188380.689999996,"standard_error":12113.859395272959},"median":{"confidence_interval":{"confidence_level":0.95,"lower_bound":10157857.5,"upper_bound":10179974.5},"point_estimate":10165215.916666668,"standard_error":5591.87128743099},"median_abs_dev":{"confidence_interval":{"confidence_level":0.95,"lower_bound":38881.67850971314,"upper_bound":90007.40890205091},"point_estimate":67632.13364928961,"standard_error":12984.15665175281},"slope":null,"std_dev":{"confidence_interval":{"confidence_level":0.95,"lower_bound":69602.8815379363,"upper_bound":167214.56566857672},"point_estimate":121661.01129875229,"standard_error":25351.55089269992}}