{"mean":{"confidence_interval":{"confidence_level":0.95,"lower_bound":8176.8000973851795,"upper_bound":8350.669316494064},"point_estimate":8261.92690294988,"standard_error":44.41274711405446},"median":{"confidence_interval":{"confidence_level":0.95,"lower_bound":8008.998328511732,"upper_bound":8139.102627442174},"point_estimate":8094.225117096019,"standard_error":32.36582337347842},"median_abs_dev":{"confidence_interval":{"confidence_level":0.95,"lower_bound":177.07454529071788,"upper_bound":364.4297749101221},"point_estimate":256.78056012081686,"standard_error":48.115217965189906},"slope":{"confidence_interval":{"confidence_level":0.95,"lower_bound":8153.476413052031,"upper_bound":8371.909250106428},"point_estimate":8259.028380229998,"standard_error":55.89079674054607},"std_dev":{"confidence_interval":{"confidence_level":0.95,"lower_bound":390.86088388488855,"upper_bound":484.62410809491587},"point_estimate":445.58076948545437,"standard_error":23.987544862348592}}