{"mean":{"confidence_interval":{"confidence_level":0.95,"lower_bound":3669733.572964284,"upper_bound":3717825.171696429},"point_estimate":3692395.0328571433,"standard_error":12292.334274419853},"median":{"confidence_interval":{"confidence_level":0.95,"lower_bound":3643885.785714286,"upper_bound":3665550.2857142854},"point_estimate":3653118.0,"standard_error":5268.765733015007},"median_abs_dev":{"confidence_interval":{"confidence_level":0.95,"lower_bound":34608.197486831814,"upper_bound":67353.29895424002},"point_estimate":49752.50746671663,"standard_error":8534.797434539905},"slope":null,"std_dev":{"confidence_interval":{"confidence_level":0.95,"lower_bound":87574.13473233285,"upper_bound":155265.61065043663},"point_estimate":123997.57080752145,"standard_error":17319.81167333607}}