{"mean":{"confidence_interval":{"confidence_level":0.95,"lower_bound":53770.08086805174,"upper_bound":55522.59928500348},"point_estimate":54622.269291916484,"standard_error":446.3407832193475},"median":{"confidence_interval":{"confidence_level":0.95,"lower_bound":52643.50079744816,"upper_bound":55049.11520467836},"point_estimate":53119.0859375,"standard_error":680.1675582124506},"median_abs_dev":{"confidence_interval":{"confidence_level":0.95,"lower_bound":3186.9827393542905,"upper_bound":5690.336675292117},"point_estimate":4220.197626332563,"standard_error":683.4695005462374},"slope":{"confidence_interval":{"confidence_level":0.95,"lower_bound":51368.61471119309,"upper_bound":52590.34183079011},"point_estimate":51942.865149448175,"standard_error":313.0087905977363},"std_dev":{"confidence_interval":{"confidence_level":0.95,"lower_bound":3644.687929694218,"upper_bound":5500.572725320074},"point_estimate":4488.625161355205,"standard_error":499.2832204721328}}