{"mean":{"confidence_interval":{"confidence_level":0.95,"lower_bound":167249.09949914383,"upper_bound":172711.0863248776},"point_estimate":169909.37812868413,"standard_error":1391.1803111662662},"median":{"confidence_interval":{"confidence_level":0.95,"lower_bound":164843.98198198198,"upper_bound":170616.7683226496},"point_estimate":167539.65821328532,"standard_error":1441.8871648339684},"median_abs_dev":{"confidence_interval":{"confidence_level":0.95,"lower_bound":9156.182801381841,"upper_bound":14902.279272661895},"point_estimate":12476.189587989382,"standard_error":1472.1323543189696},"slope":{"confidence_interval":{"confidence_level":0.95,"lower_bound":166123.5736148496,"upper_bound":172736.89770565715},"point_estimate":169327.95914289937,"standard_error":1695.0461243790487},"std_dev":{"confidence_interval":{"confidence_level":0.95,"lower_bound":11228.052440584597,"upper_bound":16610.46852958139},"point_estimate":13968.289747317482,"standard_error":1382.676266882858}}