{"mean":{"confidence_interval":{"confidence_level":0.95,"lower_bound":160683.15814006826,"upper_bound":169882.32867622576},"point_estimate":164856.75255750288,"standard_error":2363.2110494424232},"median":{"confidence_interval":{"confidence_level":0.95,"lower_bound":156642.34306645737,"upper_bound":159324.2758661604},"point_estimate":158075.46330819718,"standard_error":744.7682464522786},"median_abs_dev":{"confidence_interval":{"confidence_level":0.95,"lower_bound":5202.154736314624,"upper_bound":9397.59434919597},"point_estimate":7488.48471467186,"standard_error":1041.136822139972},"slope":{"confidence_interval":{"confidence_level":0.95,"lower_bound":154121.00854288467,"upper_bound":159129.6479294915},"point_estimate":156394.67395258503,"standard_error":1285.6704068414342},"std_dev":{"confidence_interval":{"confidence_level":0.95,"lower_bound":13194.133956018457,"upper_bound":33119.35536861547},"point_estimate":23780.044591966478,"standard_error":5172.931560337887}}