{"mean":{"confidence_interval":{"confidence_level":0.95,"lower_bound":1620700.6831147633,"upper_bound":1712629.4660477994},"point_estimate":1660708.1340286767,"standard_error":23702.070648710316},"median":{"confidence_interval":{"confidence_level":0.95,"lower_bound":1596827.537037037,"upper_bound":1634258.4580808082},"point_estimate":1605427.2087967643,"standard_error":10485.428761560981},"median_abs_dev":{"confidence_interval":{"confidence_level":0.95,"lower_bound":68765.08169840644,"upper_bound":125549.44160321842},"point_estimate":89700.26160398846,"standard_error":14787.578201321336},"slope":{"confidence_interval":{"confidence_level":0.95,"lower_bound":1561765.2621685506,"upper_bound":1602049.0726945032},"point_estimate":1581547.8801625536,"standard_error":10276.16564743578},"std_dev":{"confidence_interval":{"confidence_level":0.95,"lower_bound":109942.04149246424,"upper_bound":366299.45330157573},"point_estimate":239158.05609001027,"standard_error":75415.21594205908}}