{"mean":{"confidence_interval":{"confidence_level":0.95,"lower_bound":550825.530302191,"upper_bound":604661.9472827461},"point_estimate":573197.1859014637,"standard_error":14013.617150717591},"median":{"confidence_interval":{"confidence_level":0.95,"lower_bound":536408.4696969697,"upper_bound":547071.7430555555},"point_estimate":541245.004710145,"standard_error":2707.081893872399},"median_abs_dev":{"confidence_interval":{"confidence_level":0.95,"lower_bound":10682.224306067901,"upper_bound":21244.804873461788},"point_estimate":16007.254557217108,"standard_error":2577.843369870496},"slope":{"confidence_interval":{"confidence_level":0.95,"lower_bound":536125.5707635161,"upper_bound":565265.3029419949},"point_estimate":547378.037115413,"standard_error":7765.714762827082},"std_dev":{"confidence_interval":{"confidence_level":0.95,"lower_bound":45573.56316326001,"upper_bound":224121.3989705718},"point_estimate":141327.97599994316,"standard_error":51962.189685882484}}