{"mean":{"confidence_interval":{"confidence_level":0.95,"lower_bound":456768.67388496955,"upper_bound":473714.6720947285},"point_estimate":464631.5788199188,"standard_error":4328.110820915232},"median":{"confidence_interval":{"confidence_level":0.95,"lower_bound":446889.0459770115,"upper_bound":456871.1859649123},"point_estimate":451194.91891252954,"standard_error":2142.1992765951054},"median_abs_dev":{"confidence_interval":{"confidence_level":0.95,"lower_bound":13337.661159875806,"upper_bound":24690.6713055968},"point_estimate":19172.18269194889,"standard_error":3003.94703391409},"slope":{"confidence_interval":{"confidence_level":0.95,"lower_bound":448879.8615378898,"upper_bound":466140.6717574306},"point_estimate":456332.3176937097,"standard_error":4438.9925950355055},"std_dev":{"confidence_interval":{"confidence_level":0.95,"lower_bound":28133.965414111306,"upper_bound":56652.93172393322},"point_estimate":43493.74826523112,"standard_error":7279.687945723529}}