{"mean":{"confidence_interval":{"confidence_level":0.95,"lower_bound":13287854.073625,"upper_bound":13362778.920687499},"point_estimate":13322989.02,"standard_error":19138.917789789768},"median":{"confidence_interval":{"confidence_level":0.95,"lower_bound":13245704.25,"upper_bound":13309368.0},"point_estimate":13285554.875,"standard_error":15527.406159824592},"median_abs_dev":{"confidence_interval":{"confidence_level":0.95,"lower_bound":80321.15084901452,"upper_bound":129748.90273399641},"point_estimate":98409.61182788014,"standard_error":12662.159588261531},"slope":null,"std_dev":{"confidence_interval":{"confidence_level":0.95,"lower_bound":127809.36518167671,"upper_bound":249390.5735931505},"point_estimate":192872.66658395162,"standard_error":31007.78525568516}}