{"mean":{"confidence_interval":{"confidence_level":0.95,"lower_bound":364365.72115769016,"upper_bound":379336.084790914},"point_estimate":371314.3181214622,"standard_error":3821.159436848958},"median":{"confidence_interval":{"confidence_level":0.95,"lower_bound":358093.31998491706,"upper_bound":367200.48148148146},"point_estimate":361338.36875,"standard_error":2215.1914041654404},"median_abs_dev":{"confidence_interval":{"confidence_level":0.95,"lower_bound":13879.788759478635,"upper_bound":23347.872271744334},"point_estimate":18632.89336466235,"standard_error":2562.0787576169523},"slope":{"confidence_interval":{"confidence_level":0.95,"lower_bound":374565.3208560329,"upper_bound":398340.84347694984},"point_estimate":385405.01600709325,"standard_error":6115.0359940298895},"std_dev":{"confidence_interval":{"confidence_level":0.95,"lower_bound":22934.7452031806,"upper_bound":51548.6126182599},"point_estimate":38509.580498294636,"standard_error":7289.8045757402515}}