{"mean":{"confidence_interval":{"confidence_level":0.95,"lower_bound":175749.9389608145,"upper_bound":185404.94067611697},"point_estimate":180141.55685852803,"standard_error":2478.5619790824053},"median":{"confidence_interval":{"confidence_level":0.95,"lower_bound":171066.9737132353,"upper_bound":174666.12962962964},"point_estimate":172308.58393719807,"standard_error":900.2179810876722},"median_abs_dev":{"confidence_interval":{"confidence_level":0.95,"lower_bound":6144.437573637147,"upper_bound":10980.75097457245},"point_estimate":8393.061399445092,"standard_error":1177.9950918402633},"slope":{"confidence_interval":{"confidence_level":0.95,"lower_bound":171729.86177553865,"upper_bound":176604.59445767794},"point_estimate":173988.90918378404,"standard_error":1244.7148404796658},"std_dev":{"confidence_interval":{"confidence_level":0.95,"lower_bound":13854.40730675394,"upper_bound":34654.602721960924},"point_estimate":24953.5171194645,"standard_error":5365.6789245257705}}