{"mean":{"confidence_interval":{"confidence_level":0.95,"lower_bound":2018.2350063289973,"upper_bound":2055.2724543090703},"point_estimate":2036.1924597935986,"standard_error":9.494106060716629},"median":{"confidence_interval":{"confidence_level":0.95,"lower_bound":2006.5015481509058,"upper_bound":2045.1245098039215},"point_estimate":2027.5128272086868,"standard_error":10.694670582563273},"median_abs_dev":{"confidence_interval":{"confidence_level":0.95,"lower_bound":63.38240350012444,"upper_bound":97.72757202302695},"point_estimate":86.43577153003656,"standard_error":8.71162009890163},"slope":{"confidence_interval":{"confidence_level":0.95,"lower_bound":2028.3556311557224,"upper_bound":2058.3788628490333},"point_estimate":2043.3764019042817,"standard_error":7.682231209451025},"std_dev":{"confidence_interval":{"confidence_level":0.95,"lower_bound":75.99111046835688,"upper_bound":113.71118749507158},"point_estimate":95.60126071838017,"standard_error":9.68070842361496}}