{"mean":{"confidence_interval":{"confidence_level":0.95,"lower_bound":85078.96362686918,"upper_bound":86803.33937999076},"point_estimate":85927.10989970987,"standard_error":438.9900370104887},"median":{"confidence_interval":{"confidence_level":0.95,"lower_bound":85097.86255116959,"upper_bound":86242.44851532567},"point_estimate":85725.00347222222,"standard_error":308.4991124224781},"median_abs_dev":{"confidence_interval":{"confidence_level":0.95,"lower_bound":2101.1622967470366,"upper_bound":4272.938804408366},"point_estimate":3408.891778273933,"standard_error":574.5463320659471},"slope":{"confidence_interval":{"confidence_level":0.95,"lower_bound":84460.56326681709,"upper_bound":86198.95553379325},"point_estimate":85329.93430372888,"standard_error":442.39388914649606},"std_dev":{"confidence_interval":{"confidence_level":0.95,"lower_bound":3634.5014127877516,"upper_bound":5196.175739159017},"point_estimate":4444.9364820015135,"standard_error":397.2969107151656}}