{"mean":{"confidence_interval":{"confidence_level":0.95,"lower_bound":596880.2550233814,"upper_bound":657872.099827226},"point_estimate":624033.1581170127,"standard_error":15601.226776157482},"median":{"confidence_interval":{"confidence_level":0.95,"lower_bound":566544.6243644068,"upper_bound":583452.3020086084},"point_estimate":570936.3245701059,"standard_error":4221.095271013155},"median_abs_dev":{"confidence_interval":{"confidence_level":0.95,"lower_bound":22021.66401317688,"upper_bound":58441.9195598844},"point_estimate":38442.19023069686,"standard_error":9427.045245640706},"slope":{"confidence_interval":{"confidence_level":0.95,"lower_bound":558407.9918978969,"upper_bound":567902.8320401245},"point_estimate":562936.1324752475,"standard_error":2423.9343225226808},"std_dev":{"confidence_interval":{"confidence_level":0.95,"lower_bound":82311.9444595218,"upper_bound":229581.24310220956},"point_estimate":157106.99475818285,"standard_error":39834.96608271849}}