{"mean":{"confidence_interval":{"confidence_level":0.95,"lower_bound":13609048.8544375,"upper_bound":13821939.768375},"point_estimate":13716436.11,"standard_error":54372.071827098174},"median":{"confidence_interval":{"confidence_level":0.95,"lower_bound":13706457.375,"upper_bound":13863957.75},"point_estimate":13786487.75,"standard_error":37378.370251189255},"median_abs_dev":{"confidence_interval":{"confidence_level":0.95,"lower_bound":363206.9709017873,"upper_bound":598540.2500487864},"point_estimate":481678.19894850254,"standard_error":59069.96555449981},"slope":null,"std_dev":{"confidence_interval":{"confidence_level":0.95,"lower_bound":463389.0747904219,"upper_bound":622108.6664004758},"point_estimate":547156.5250405568,"standard_error":40464.364152271024}}