{"mean":{"confidence_interval":{"confidence_level":0.95,"lower_bound":24009081.873333335,"upper_bound":24216683.61666667},"point_estimate":24103467.443333324,"standard_error":52669.466330388736},"median":{"confidence_interval":{"confidence_level":0.95,"lower_bound":23933055.5,"upper_bound":23987239.0},"point_estimate":23962388.833333332,"standard_error":14189.404079290964},"median_abs_dev":{"confidence_interval":{"confidence_level":0.95,"lower_bound":87869.25264000893,"upper_bound":161061.5068405839},"point_estimate":115595.10764777476,"standard_error":18546.46321852828},"slope":null,"std_dev":{"confidence_interval":{"confidence_level":0.95,"lower_bound":306083.46142824506,"upper_bound":717472.5276988628},"point_estimate":530556.0078988944,"standard_error":105086.16124916477}}