{"mean":{"confidence_interval":{"confidence_level":0.95,"lower_bound":514692.7402835329,"upper_bound":524485.2629223878},"point_estimate":519444.35265258164,"standard_error":2511.612880062533},"median":{"confidence_interval":{"confidence_level":0.95,"lower_bound":506522.26953125,"upper_bound":517406.67741935485},"point_estimate":512919.6326530612,"standard_error":2999.337160062958},"median_abs_dev":{"confidence_interval":{"confidence_level":0.95,"lower_bound":13042.946577593702,"upper_bound":23855.391781827027},"point_estimate":18280.20819603537,"standard_error":2785.856394234321},"slope":{"confidence_interval":{"confidence_level":0.95,"lower_bound":508119.13962987193,"upper_bound":519172.9487815497},"point_estimate":513141.641482193,"standard_error":2830.1661167101656},"std_dev":{"confidence_interval":{"confidence_level":0.95,"lower_bound":20210.404220374978,"upper_bound":29746.79850165129},"point_estimate":25208.46749481247,"standard_error":2446.0674634567895}}