{"mean":{"confidence_interval":{"confidence_level":0.95,"lower_bound":584819.7745686724,"upper_bound":591332.1415428492},"point_estimate":588021.5663847168,"standard_error":1654.6004561939865},"median":{"confidence_interval":{"confidence_level":0.95,"lower_bound":583547.0927340824,"upper_bound":592439.8557692308},"point_estimate":588486.6446022727,"standard_error":2215.443685026457},"median_abs_dev":{"confidence_interval":{"confidence_level":0.95,"lower_bound":11408.691036091703,"upper_bound":17659.12628630781},"point_estimate":14246.187213656423,"standard_error":1513.5990918169384},"slope":{"confidence_interval":{"confidence_level":0.95,"lower_bound":582080.0942741306,"upper_bound":589881.8897208695},"point_estimate":586010.8116949904,"standard_error":1993.3786903726318},"std_dev":{"confidence_interval":{"confidence_level":0.95,"lower_bound":13209.129664576929,"upper_bound":20223.02428109839},"point_estimate":16628.187437751578,"standard_error":1811.4006696298609}}