{"mean":{"confidence_interval":{"confidence_level":0.95,"lower_bound":99736.10751223752,"upper_bound":101336.1456766922},"point_estimate":100449.09076087005,"standard_error":411.161357226347},"median":{"confidence_interval":{"confidence_level":0.95,"lower_bound":99201.52263719513,"upper_bound":100602.084},"point_estimate":99886.00295138889,"standard_error":391.5844247743472},"median_abs_dev":{"confidence_interval":{"confidence_level":0.95,"lower_bound":1554.5688988591207,"upper_bound":2343.4034604525687},"point_estimate":1841.2325062837251,"standard_error":205.68101828289963},"slope":{"confidence_interval":{"confidence_level":0.95,"lower_bound":99980.5209642293,"upper_bound":100828.79393779648},"point_estimate":100396.84025121915,"standard_error":217.06639525914505},"std_dev":{"confidence_interval":{"confidence_level":0.95,"lower_bound":2143.1012729938693,"upper_bound":6166.34042659012},"point_estimate":4147.710064522887,"standard_error":1159.4524349347919}}