{"mean":{"confidence_interval":{"confidence_level":0.95,"lower_bound":153950.49165034146,"upper_bound":160227.2199990763},"point_estimate":156835.47368338043,"standard_error":1601.3077059088182},"median":{"confidence_interval":{"confidence_level":0.95,"lower_bound":150417.85714285713,"upper_bound":155613.28337236535},"point_estimate":152896.7198463655,"standard_error":1409.2533789527424},"median_abs_dev":{"confidence_interval":{"confidence_level":0.95,"lower_bound":7356.494316125322,"upper_bound":12845.301769450294},"point_estimate":9815.116407811358,"standard_error":1394.856274098203},"slope":{"confidence_interval":{"confidence_level":0.95,"lower_bound":150955.4831198406,"upper_bound":154504.94838885235},"point_estimate":152682.05330237074,"standard_error":908.5579546613618},"std_dev":{"confidence_interval":{"confidence_level":0.95,"lower_bound":10123.326011400284,"upper_bound":22561.632505561745},"point_estimate":16083.744947068531,"standard_error":3449.175142887361}}