{"mean":{"confidence_interval":{"confidence_level":0.95,"lower_bound":1432430.7281371055,"upper_bound":1580435.5698365946},"point_estimate":1499844.3956710177,"standard_error":37821.37091838038},"median":{"confidence_interval":{"confidence_level":0.95,"lower_bound":1409469.5844109196,"upper_bound":1535869.88},"point_estimate":1464934.803916161,"standard_error":31283.229736258185},"median_abs_dev":{"confidence_interval":{"confidence_level":0.95,"lower_bound":206990.07108248866,"upper_bound":314480.1143089303},"point_estimate":252109.22488227265,"standard_error":28481.097553293966},"slope":{"confidence_interval":{"confidence_level":0.95,"lower_bound":1373107.6201936489,"upper_bound":1465596.114682619},"point_estimate":1418575.2644125905,"standard_error":23528.502656524117},"std_dev":{"confidence_interval":{"confidence_level":0.95,"lower_bound":233235.07604356518,"upper_bound":546220.2033362644},"point_estimate":378854.03304134455,"standard_error":93453.8015650519}}