{"mean":{"confidence_interval":{"confidence_level":0.95,"lower_bound":85648.66733928521,"upper_bound":85723.89257417056},"point_estimate":85682.49605379638,"standard_error":19.22129894225321},"median":{"confidence_interval":{"confidence_level":0.95,"lower_bound":85636.859437751,"upper_bound":85679.78389740315},"point_estimate":85652.22781850354,"standard_error":10.216165839906663},"median_abs_dev":{"confidence_interval":{"confidence_level":0.95,"lower_bound":57.393880674447274,"upper_bound":110.27725401470349},"point_estimate":72.51375436363536,"standard_error":13.410110563525043},"slope":{"confidence_interval":{"confidence_level":0.95,"lower_bound":85616.88720507792,"upper_bound":85659.59791597193},"point_estimate":85638.1003450569,"standard_error":10.913370450444559},"std_dev":{"confidence_interval":{"confidence_level":0.95,"lower_bound":105.54640709429486,"upper_bound":281.18380375968144},"point_estimate":193.43196900549654,"standard_error":48.203012052846915}}