{"mean":{"confidence_interval":{"confidence_level":0.95,"lower_bound":3125041.507796875,"upper_bound":3178593.874453125},"point_estimate":3150959.67125,"standard_error":13709.618308014507},"median":{"confidence_interval":{"confidence_level":0.95,"lower_bound":3102164.625,"upper_bound":3148312.625},"point_estimate":3122520.84375,"standard_error":11315.149012621185},"median_abs_dev":{"confidence_interval":{"confidence_level":0.95,"lower_bound":82139.83770422637,"upper_bound":130408.28907229006},"point_estimate":102445.80493122339,"standard_error":12337.884739631998},"slope":null,"std_dev":{"confidence_interval":{"confidence_level":0.95,"lower_bound":107083.69984329028,"upper_bound":165931.38065751095},"point_estimate":137538.3612260323,"standard_error":15001.83160145134}}