{"mean":{"confidence_interval":{"confidence_level":0.95,"lower_bound":390846.2796787735,"upper_bound":408584.25903586496},"point_estimate":398856.0504319102,"standard_error":4542.065837541285},"median":{"confidence_interval":{"confidence_level":0.95,"lower_bound":382401.8333333333,"upper_bound":394409.8328544061},"point_estimate":387495.77444444445,"standard_error":3073.848280771672},"median_abs_dev":{"confidence_interval":{"confidence_level":0.95,"lower_bound":16873.245823921967,"upper_bound":28078.78881461987},"point_estimate":21585.630057194743,"standard_error":2805.63558770845},"slope":{"confidence_interval":{"confidence_level":0.95,"lower_bound":378965.70754492964,"upper_bound":386945.498896745},"point_estimate":382701.4306359293,"standard_error":2040.592419593724},"std_dev":{"confidence_interval":{"confidence_level":0.95,"lower_bound":23936.319225815518,"upper_bound":65235.497106347924},"point_estimate":45672.632656682385,"standard_error":10747.534509569658}}