{"mean":{"confidence_interval":{"confidence_level":0.95,"lower_bound":183358.65906569254,"upper_bound":192116.64528058493},"point_estimate":187341.44802494787,"standard_error":2240.422339112428},"median":{"confidence_interval":{"confidence_level":0.95,"lower_bound":178866.10555555555,"upper_bound":182224.61041448973},"point_estimate":180581.08859649123,"standard_error":867.8086568413232},"median_abs_dev":{"confidence_interval":{"confidence_level":0.95,"lower_bound":5176.054255608769,"upper_bound":9668.692052258613},"point_estimate":7377.088710304596,"standard_error":1141.9906163335384},"slope":{"confidence_interval":{"confidence_level":0.95,"lower_bound":180570.28396804302,"upper_bound":185454.0647249019},"point_estimate":182919.27979212848,"standard_error":1247.5632555233444},"std_dev":{"confidence_interval":{"confidence_level":0.95,"lower_bound":12785.412295969889,"upper_bound":32054.131972144387},"point_estimate":22496.06241178584,"standard_error":5174.722827885522}}