{"mean":{"confidence_interval":{"confidence_level":0.95,"lower_bound":104790.41212088587,"upper_bound":107267.53689999896},"point_estimate":106022.38221902045,"standard_error":630.2287185613261},"median":{"confidence_interval":{"confidence_level":0.95,"lower_bound":103422.28472222222,"upper_bound":107198.51721170396},"point_estimate":104849.9375973667,"standard_error":1009.5827074331941},"median_abs_dev":{"confidence_interval":{"confidence_level":0.95,"lower_bound":4259.87399413562,"upper_bound":7256.423808345922},"point_estimate":5934.399414461411,"standard_error":767.3980359667399},"slope":{"confidence_interval":{"confidence_level":0.95,"lower_bound":106297.13353584915,"upper_bound":109555.96626774978},"point_estimate":107928.39253337274,"standard_error":832.128996358065},"std_dev":{"confidence_interval":{"confidence_level":0.95,"lower_bound":5379.133771907389,"upper_bound":7174.072960084261},"point_estimate":6323.476622759735,"standard_error":458.54750121527945}}