{"mean":{"confidence_interval":{"confidence_level":0.95,"lower_bound":4845070.792636365,"upper_bound":4865521.87388636},"point_estimate":4854657.2281818185,"standard_error":5234.766004396071},"median":{"confidence_interval":{"confidence_level":0.95,"lower_bound":4837384.863636363,"upper_bound":4847912.272727273},"point_estimate":4842021.181818182,"standard_error":2257.8931753851653},"median_abs_dev":{"confidence_interval":{"confidence_level":0.95,"lower_bound":19428.933527793874,"upper_bound":30690.021627870286},"point_estimate":25244.83626999582,"standard_error":2786.253248981822},"slope":null,"std_dev":{"confidence_interval":{"confidence_level":0.95,"lower_bound":33791.56760439453,"upper_bound":68251.40578497855},"point_estimate":52569.61149449317,"standard_error":8756.696331645466}}