{"mean":{"confidence_interval":{"confidence_level":0.95,"lower_bound":9394285.535999997,"upper_bound":9646050.71254167},"point_estimate":9483890.413333332,"standard_error":75595.61694735411},"median":{"confidence_interval":{"confidence_level":0.95,"lower_bound":9373816.833333334,"upper_bound":9423150.25},"point_estimate":9401934.0,"standard_error":11366.61275909554},"median_abs_dev":{"confidence_interval":{"confidence_level":0.95,"lower_bound":66903.5315134758,"upper_bound":116101.07268754485},"point_estimate":92304.57401126577,"standard_error":12687.198929056516},"slope":null,"std_dev":{"confidence_interval":{"confidence_level":0.95,"lower_bound":82662.77786304479,"upper_bound":1298352.5459014557},"point_estimate":760518.9902401562,"standard_error":432758.0045185134}}