{"mean":{"confidence_interval":{"confidence_level":0.95,"lower_bound":50331.13677690834,"upper_bound":50844.04133420042},"point_estimate":50588.06435276468,"standard_error":130.78429513883972},"median":{"confidence_interval":{"confidence_level":0.95,"lower_bound":50321.35857142857,"upper_bound":50871.02916666667},"point_estimate":50580.73498217469,"standard_error":134.59256907330067},"median_abs_dev":{"confidence_interval":{"confidence_level":0.95,"lower_bound":1068.2383332583515,"upper_bound":1630.6957882953518},"point_estimate":1426.6316505870745,"standard_error":138.82729572675797},"slope":{"confidence_interval":{"confidence_level":0.95,"lower_bound":50642.6871592488,"upper_bound":51196.158805338},"point_estimate":50929.06069587705,"standard_error":141.02689580283595},"std_dev":{"confidence_interval":{"confidence_level":0.95,"lower_bound":1115.2585623915409,"upper_bound":1496.9477622202296},"point_estimate":1312.5252352125844,"standard_error":97.58815498727797}}