{"mean":{"confidence_interval":{"confidence_level":0.95,"lower_bound":49537.69391466732,"upper_bound":49860.12230425277},"point_estimate":49701.93265918179,"standard_error":82.05734326887057},"median":{"confidence_interval":{"confidence_level":0.95,"lower_bound":49652.386184210525,"upper_bound":49900.00130494505},"point_estimate":49777.34707880435,"standard_error":64.47293336844977},"median_abs_dev":{"confidence_interval":{"confidence_level":0.95,"lower_bound":463.7579508389355,"upper_bound":848.5702266394151},"point_estimate":675.4609113082885,"standard_error":100.75871405599283},"slope":{"confidence_interval":{"confidence_level":0.95,"lower_bound":49748.886241159074,"upper_bound":50027.1822480833},"point_estimate":49894.44514349047,"standard_error":70.92446074051684},"std_dev":{"confidence_interval":{"confidence_level":0.95,"lower_bound":672.4271844252572,"upper_bound":968.4674074465358},"point_estimate":825.6173834793389,"standard_error":75.46136732642637}}