{"mean":{"confidence_interval":{"confidence_level":0.95,"lower_bound":29261009.775,"upper_bound":29810132.906625},"point_estimate":29526524.265,"standard_error":141031.6518032131},"median":{"confidence_interval":{"confidence_level":0.95,"lower_bound":28999559.5,"upper_bound":29350301.0},"point_estimate":29128940.75,"standard_error":86823.94192602263},"median_abs_dev":{"confidence_interval":{"confidence_level":0.95,"lower_bound":776739.3153101206,"upper_bound":1367062.44032979},"point_estimate":996434.3152597547,"standard_error":141475.7305398568},"slope":null,"std_dev":{"confidence_interval":{"confidence_level":0.95,"lower_bound":1119493.4872931729,"upper_bound":1675332.0894255126},"point_estimate":1417272.0593370888,"standard_error":142911.10221382088}}