{"mean":{"confidence_interval":{"confidence_level":0.95,"lower_bound":61537.533231551904,"upper_bound":62202.31089012124},"point_estimate":61827.42077666409,"standard_error":170.69974434664272},"median":{"confidence_interval":{"confidence_level":0.95,"lower_bound":61293.942819148935,"upper_bound":61622.67010921178},"point_estimate":61469.26872214403,"standard_error":81.81711760785947},"median_abs_dev":{"confidence_interval":{"confidence_level":0.95,"lower_bound":433.9113042960902,"upper_bound":787.3839681542929},"point_estimate":570.6605477222654,"standard_error":92.1661470476694},"slope":{"confidence_interval":{"confidence_level":0.95,"lower_bound":61357.050358471104,"upper_bound":61933.4551422517},"point_estimate":61621.568398662625,"standard_error":147.40373157211283},"std_dev":{"confidence_interval":{"confidence_level":0.95,"lower_bound":839.6868233190634,"upper_bound":2584.9702496334494},"point_estimate":1711.9904740706324,"standard_error":511.83411375333657}}