{"mean":{"confidence_interval":{"confidence_level":0.95,"lower_bound":10776919.031,"upper_bound":11178793.685749998},"point_estimate":10971421.127999999,"standard_error":102509.55204938035},"median":{"confidence_interval":{"confidence_level":0.95,"lower_bound":10498065.4,"upper_bound":11089602.2},"point_estimate":10703896.4,"standard_error":160263.80772649078},"median_abs_dev":{"confidence_interval":{"confidence_level":0.95,"lower_bound":679859.857850075,"upper_bound":1115265.963360068},"point_estimate":888593.9220643049,"standard_error":108271.05633545801},"slope":null,"std_dev":{"confidence_interval":{"confidence_level":0.95,"lower_bound":827270.7589315127,"upper_bound":1223142.1829367913},"point_estimate":1031572.9672692417,"standard_error":101198.9251952834}}