{"mean":{"confidence_interval":{"confidence_level":0.95,"lower_bound":117240247.40275,"upper_bound":119773870.416},"point_estimate":118459359.63,"standard_error":645061.7660389105},"median":{"confidence_interval":{"confidence_level":0.95,"lower_bound":115625107.0,"upper_bound":118404304.0},"point_estimate":116788803.5,"standard_error":701615.49906119},"median_abs_dev":{"confidence_interval":{"confidence_level":0.95,"lower_bound":3392559.389770032,"upper_bound":6115914.66422081},"point_estimate":4823408.470067382,"standard_error":680035.9077933591},"slope":null,"std_dev":{"confidence_interval":{"confidence_level":0.95,"lower_bound":4940206.872466723,"upper_bound":7906880.373828086},"point_estimate":6458578.663721949,"standard_error":762535.743918382}}