{"mean":{"confidence_interval":{"confidence_level":0.95,"lower_bound":1005728.9416075273,"upper_bound":1040859.7069791213},"point_estimate":1022494.8251070994,"standard_error":8981.757355271247},"median":{"confidence_interval":{"confidence_level":0.95,"lower_bound":990313.21875,"upper_bound":1026279.425925926},"point_estimate":1015582.6530612245,"standard_error":10343.037986340874},"median_abs_dev":{"confidence_interval":{"confidence_level":0.95,"lower_bound":59451.60384679049,"upper_bound":94429.49942910294},"point_estimate":78455.03403214479,"standard_error":9102.372807778347},"slope":{"confidence_interval":{"confidence_level":0.95,"lower_bound":999181.6149690213,"upper_bound":1038857.4722917354},"point_estimate":1017933.439391163,"standard_error":10100.493573275011},"std_dev":{"confidence_interval":{"confidence_level":0.95,"lower_bound":66131.05148267606,"upper_bound":114395.11821349601},"point_estimate":90241.75126891801,"standard_error":12489.634460386185}}