{"mean":{"confidence_interval":{"confidence_level":0.95,"lower_bound":101742.98466965402,"upper_bound":107046.88046493828},"point_estimate":104222.78944304238,"standard_error":1354.3563964929117},"median":{"confidence_interval":{"confidence_level":0.95,"lower_bound":98540.5,"upper_bound":101547.08095238096},"point_estimate":99991.6277394636,"standard_error":733.3327080286125},"median_abs_dev":{"confidence_interval":{"confidence_level":0.95,"lower_bound":4246.71799486359,"upper_bound":8637.267029455477},"point_estimate":6142.491395258751,"standard_error":1111.5954137810231},"slope":{"confidence_interval":{"confidence_level":0.95,"lower_bound":105236.83119715008,"upper_bound":114812.0813794362},"point_estimate":109615.34130574849,"standard_error":2457.8804062157096},"std_dev":{"confidence_interval":{"confidence_level":0.95,"lower_bound":9005.889306407073,"upper_bound":18196.900877071097},"point_estimate":13600.475281785475,"standard_error":2405.5237394759793}}