{"mean":{"confidence_interval":{"confidence_level":0.95,"lower_bound":2381788.531214287,"upper_bound":2438783.772559525},"point_estimate":2409554.037142858,"standard_error":14495.882837211833},"median":{"confidence_interval":{"confidence_level":0.95,"lower_bound":2335338.1428571427,"upper_bound":2407484.285714286},"point_estimate":2377251.5476190476,"standard_error":18390.8000068758},"median_abs_dev":{"confidence_interval":{"confidence_level":0.95,"lower_bound":94137.61472872332,"upper_bound":167367.8164286272},"point_estimate":127716.91563257131,"standard_error":17552.69427468365},"slope":null,"std_dev":{"confidence_interval":{"confidence_level":0.95,"lower_bound":120113.21129375113,"upper_bound":172179.84746547425},"point_estimate":145937.0824235506,"standard_error":13429.441446603923}}