{"mean":{"confidence_interval":{"confidence_level":0.95,"lower_bound":102439.55225747587,"upper_bound":102717.50141488003},"point_estimate":102565.60927504521,"standard_error":70.92756501435616},"median":{"confidence_interval":{"confidence_level":0.95,"lower_bound":102471.75102040816,"upper_bound":102681.5431372549},"point_estimate":102565.5625310559,"standard_error":52.593892530201934},"median_abs_dev":{"confidence_interval":{"confidence_level":0.95,"lower_bound":339.02477680640754,"upper_bound":624.6326028003203},"point_estimate":475.11541088718053,"standard_error":68.43859546615873},"slope":{"confidence_interval":{"confidence_level":0.95,"lower_bound":102379.01669702113,"upper_bound":102623.26445387029},"point_estimate":102501.46110418206,"standard_error":62.34711310917808},"std_dev":{"confidence_interval":{"confidence_level":0.95,"lower_bound":422.50511071753647,"upper_bound":1048.2973395450447},"point_estimate":716.0991204841561,"standard_error":189.93499012404857}}