{"mean":{"confidence_interval":{"confidence_level":0.95,"lower_bound":5018091.091113637,"upper_bound":5123377.562931818},"point_estimate":5070112.686363637,"standard_error":26902.38923996565},"median":{"confidence_interval":{"confidence_level":0.95,"lower_bound":5004317.454545454,"upper_bound":5115364.954545455},"point_estimate":5069918.2272727275,"standard_error":26397.843922468932},"median_abs_dev":{"confidence_interval":{"confidence_level":0.95,"lower_bound":195922.41914895468,"upper_bound":315889.590569111},"point_estimate":253684.78368710313,"standard_error":31382.868627851636},"slope":null,"std_dev":{"confidence_interval":{"confidence_level":0.95,"lower_bound":227442.24538774797,"upper_bound":307961.56622922764},"point_estimate":269967.7612134373,"standard_error":20544.01611036151}}