{"mean":{"confidence_interval":{"confidence_level":0.95,"lower_bound":204438.63587649222,"upper_bound":213743.6738761244},"point_estimate":208323.30923546132,"standard_error":2418.630005724254},"median":{"confidence_interval":{"confidence_level":0.95,"lower_bound":201169.19736842104,"upper_bound":203860.925},"point_estimate":201994.52938948307,"standard_error":779.214198722331},"median_abs_dev":{"confidence_interval":{"confidence_level":0.95,"lower_bound":3736.0690647690994,"upper_bound":7703.3303864528125},"point_estimate":5095.079068106155,"standard_error":1018.4194115475427},"slope":{"confidence_interval":{"confidence_level":0.95,"lower_bound":200352.30859828173,"upper_bound":203172.7576248272},"point_estimate":201690.5921161519,"standard_error":717.5116950939732},"std_dev":{"confidence_interval":{"confidence_level":0.95,"lower_bound":9119.39343658005,"upper_bound":38332.510551792526},"point_estimate":24309.009812449018,"standard_error":8796.028314361065}}