{"mean":{"confidence_interval":{"confidence_level":0.95,"lower_bound":431875.10991940665,"upper_bound":446474.8574461866},"point_estimate":438658.9800296819,"standard_error":3731.5023617599236},"median":{"confidence_interval":{"confidence_level":0.95,"lower_bound":421917.32553763443,"upper_bound":430744.6066066066},"point_estimate":426237.67203548085,"standard_error":2473.3877114480206},"median_abs_dev":{"confidence_interval":{"confidence_level":0.95,"lower_bound":12291.103357351447,"upper_bound":23404.32510700742},"point_estimate":16785.116568756526,"standard_error":3037.9583510312423},"slope":{"confidence_interval":{"confidence_level":0.95,"lower_bound":424415.4968258753,"upper_bound":442242.6035399742},"point_estimate":432239.78413575684,"standard_error":4594.106596191373},"std_dev":{"confidence_interval":{"confidence_level":0.95,"lower_bound":24615.195951080885,"upper_bound":49263.019509397054},"point_estimate":37454.263225165916,"standard_error":6350.921968976577}}