{"mean":{"confidence_interval":{"confidence_level":0.95,"lower_bound":121042281.94025,"upper_bound":122726181.362},"point_estimate":121867691.38,"standard_error":429120.546618561},"median":{"confidence_interval":{"confidence_level":0.95,"lower_bound":119993001.0,"upper_bound":121591477.0},"point_estimate":120586859.5,"standard_error":428543.16427612305},"median_abs_dev":{"confidence_interval":{"confidence_level":0.95,"lower_bound":2921945.8344250917,"upper_bound":5218674.070850015},"point_estimate":4280688.665002584,"standard_error":607957.1906857473},"slope":null,"std_dev":{"confidence_interval":{"confidence_level":0.95,"lower_bound":3641168.2418370936,"upper_bound":4940794.331937296},"point_estimate":4312096.660864633,"standard_error":331870.1223184361}}