{"mean":{"confidence_interval":{"confidence_level":0.95,"lower_bound":156881.31391603735,"upper_bound":168506.85231480384},"point_estimate":162121.32719084996,"standard_error":2982.377926882004},"median":{"confidence_interval":{"confidence_level":0.95,"lower_bound":150085.1607142857,"upper_bound":155622.70408163266},"point_estimate":152267.07866795367,"standard_error":1338.5940707627906},"median_abs_dev":{"confidence_interval":{"confidence_level":0.95,"lower_bound":7315.856447717869,"upper_bound":14404.658992079598},"point_estimate":10661.517019668809,"standard_error":2007.5418145230844},"slope":{"confidence_interval":{"confidence_level":0.95,"lower_bound":150797.91520789298,"upper_bound":156622.54784964156},"point_estimate":153561.3153953007,"standard_error":1488.5868971299583},"std_dev":{"confidence_interval":{"confidence_level":0.95,"lower_bound":16953.809404557687,"upper_bound":42828.76444396114},"point_estimate":29892.22777270672,"standard_error":7045.803399917638}}