{"mean":{"confidence_interval":{"confidence_level":0.95,"lower_bound":167010.1274808808,"upper_bound":175955.11924445166},"point_estimate":171069.6940197938,"standard_error":2283.727734732745},"median":{"confidence_interval":{"confidence_level":0.95,"lower_bound":162501.38780545112,"upper_bound":169062.53236905823},"point_estimate":165194.39996210687,"standard_error":1517.0786661001985},"median_abs_dev":{"confidence_interval":{"confidence_level":0.95,"lower_bound":10019.821508702631,"upper_bound":16498.307202096483},"point_estimate":13476.753609767904,"standard_error":1684.4397680378725},"slope":{"confidence_interval":{"confidence_level":0.95,"lower_bound":164997.03343246435,"upper_bound":173663.4446881096},"point_estimate":169208.3203213072,"standard_error":2211.9962238258663},"std_dev":{"confidence_interval":{"confidence_level":0.95,"lower_bound":13955.349206536792,"upper_bound":32808.84904992078},"point_estimate":22978.17067903684,"standard_error":5464.17020449887}}