{"mean":{"confidence_interval":{"confidence_level":0.95,"lower_bound":160060.87583350722,"upper_bound":166215.8507114099},"point_estimate":162765.5987898793,"standard_error":1586.8300319199213},"median":{"confidence_interval":{"confidence_level":0.95,"lower_bound":157932.95238095237,"upper_bound":160817.87857142856},"point_estimate":159365.82950680272,"standard_error":743.0573039995663},"median_abs_dev":{"confidence_interval":{"confidence_level":0.95,"lower_bound":4130.152093492651,"upper_bound":6798.641390265935},"point_estimate":5258.149453066761,"standard_error":662.218043833488},"slope":{"confidence_interval":{"confidence_level":0.95,"lower_bound":156365.92434164722,"upper_bound":158566.64680939398},"point_estimate":157416.87183769976,"standard_error":561.4466259452911},"std_dev":{"confidence_interval":{"confidence_level":0.95,"lower_bound":7293.955816291478,"upper_bound":24073.620470075453},"point_estimate":15938.212251404137,"standard_error":4647.942345907416}}