{"mean":{"confidence_interval":{"confidence_level":0.95,"lower_bound":392619.1328596489,"upper_bound":394181.47532282886},"point_estimate":393358.37776320154,"standard_error":399.7518310367673},"median":{"confidence_interval":{"confidence_level":0.95,"lower_bound":391645.6077220077,"upper_bound":392154.94623655913},"point_estimate":391817.6503267974,"standard_error":153.48251427068894},"median_abs_dev":{"confidence_interval":{"confidence_level":0.95,"lower_bound":670.6466678139295,"upper_bound":1324.4559764862636},"point_estimate":870.0739031894547,"standard_error":192.2753673857163},"slope":{"confidence_interval":{"confidence_level":0.95,"lower_bound":392743.5715984239,"upper_bound":394899.9730041336},"point_estimate":393741.9859484754,"standard_error":552.2802146140649},"std_dev":{"confidence_interval":{"confidence_level":0.95,"lower_bound":3012.2725717129088,"upper_bound":4818.2014871429565},"point_estimate":4027.7159410081345,"standard_error":462.2965119363469}}