{"mean":{"confidence_interval":{"confidence_level":0.95,"lower_bound":83304.56561506048,"upper_bound":84303.13521895753},"point_estimate":83741.328860025,"standard_error":255.70007735349387},"median":{"confidence_interval":{"confidence_level":0.95,"lower_bound":83317.7931712963,"upper_bound":83690.87768817204},"point_estimate":83518.11360837438,"standard_error":86.24752228720291},"median_abs_dev":{"confidence_interval":{"confidence_level":0.95,"lower_bound":608.448181324509,"upper_bound":1242.9882650625811},"point_estimate":850.2963690727514,"standard_error":171.32947170137822},"slope":{"confidence_interval":{"confidence_level":0.95,"lower_bound":83088.35556551043,"upper_bound":83509.1780759468},"point_estimate":83303.99977710457,"standard_error":107.46029218323297},"std_dev":{"confidence_interval":{"confidence_level":0.95,"lower_bound":1252.505838266126,"upper_bound":3882.1693960216035},"point_estimate":2570.470283151173,"standard_error":754.6701842652603}}