{"mean":{"confidence_interval":{"confidence_level":0.95,"lower_bound":386404.06440324563,"upper_bound":408252.69251107477},"point_estimate":397050.2345509743,"standard_error":5577.473811143648},"median":{"confidence_interval":{"confidence_level":0.95,"lower_bound":377421.8777777778,"upper_bound":401127.7525252525},"point_estimate":391193.0258912308,"standard_error":5575.310213564769},"median_abs_dev":{"confidence_interval":{"confidence_level":0.95,"lower_bound":37504.74656881942,"upper_bound":63116.47616704451},"point_estimate":54208.64635500354,"standard_error":6686.604791866491},"slope":{"confidence_interval":{"confidence_level":0.95,"lower_bound":376901.4709294367,"upper_bound":400785.09251018637},"point_estimate":388662.9548239003,"standard_error":6080.419194572422},"std_dev":{"confidence_interval":{"confidence_level":0.95,"lower_bound":43918.18446538793,"upper_bound":67973.00699800042},"point_estimate":56056.90743845753,"standard_error":6198.040518968422}}