{"mean":{"confidence_interval":{"confidence_level":0.95,"lower_bound":55461.38962364419,"upper_bound":56066.10771889053},"point_estimate":55751.510820716445,"standard_error":153.93633648947102},"median":{"confidence_interval":{"confidence_level":0.95,"lower_bound":55101.484480605344,"upper_bound":55399.871511627905},"point_estimate":55199.05113636363,"standard_error":79.45902088096348},"median_abs_dev":{"confidence_interval":{"confidence_level":0.95,"lower_bound":522.5559408404221,"upper_bound":1050.5787510543846},"point_estimate":655.2303404900462,"standard_error":148.15224731169806},"slope":{"confidence_interval":{"confidence_level":0.95,"lower_bound":55901.528448188415,"upper_bound":56933.81683892254},"point_estimate":56436.276973843655,"standard_error":264.52379238408696},"std_dev":{"confidence_interval":{"confidence_level":0.95,"lower_bound":1218.7238387753148,"upper_bound":1839.956614749318},"point_estimate":1546.5961632115336,"standard_error":159.03450078229693}}