{"mean":{"confidence_interval":{"confidence_level":0.95,"lower_bound":4785.257447504659,"upper_bound":4853.10605808671},"point_estimate":4818.8298019236645,"standard_error":17.33117273114955},"median":{"confidence_interval":{"confidence_level":0.95,"lower_bound":4757.476463834672,"upper_bound":4827.919776119403},"point_estimate":4791.504350359144,"standard_error":18.7069643968973},"median_abs_dev":{"confidence_interval":{"confidence_level":0.95,"lower_bound":114.39106098330687,"upper_bound":218.7608797940667},"point_estimate":182.84934277367552,"standard_error":26.640535861281897},"slope":{"confidence_interval":{"confidence_level":0.95,"lower_bound":4785.892643736819,"upper_bound":4874.330512426085},"point_estimate":4830.836039692185,"standard_error":22.57040077984168},"std_dev":{"confidence_interval":{"confidence_level":0.95,"lower_bound":150.64400492177268,"upper_bound":195.4446827811667},"point_estimate":174.44134472223743,"standard_error":11.404031403603792}}