{"mean":{"confidence_interval":{"confidence_level":0.95,"lower_bound":318824.2250719036,"upper_bound":322282.10626574105},"point_estimate":320507.0050100802,"standard_error":881.9590402096553},"median":{"confidence_interval":{"confidence_level":0.95,"lower_bound":318942.27928571426,"upper_bound":321689.43385416665},"point_estimate":320372.7887991573,"standard_error":622.8672765263854},"median_abs_dev":{"confidence_interval":{"confidence_level":0.95,"lower_bound":4309.158876858479,"upper_bound":7403.175217674288},"point_estimate":6336.008287132747,"standard_error":788.0132424876782},"slope":{"confidence_interval":{"confidence_level":0.95,"lower_bound":320995.7242095603,"upper_bound":324780.260955806},"point_estimate":322819.29114600265,"standard_error":960.8188131504257},"std_dev":{"confidence_interval":{"confidence_level":0.95,"lower_bound":6684.112693445006,"upper_bound":11243.0158163303},"point_estimate":8875.976591773375,"standard_error":1195.5257316353495}}