{"mean":{"confidence_interval":{"confidence_level":0.95,"lower_bound":144321.74484365887,"upper_bound":152695.01548578538},"point_estimate":148412.70397152717,"standard_error":2136.5869200114457},"median":{"confidence_interval":{"confidence_level":0.95,"lower_bound":137767.43781218783,"upper_bound":150320.33179723503},"point_estimate":141943.57369614512,"standard_error":3153.3176907101124},"median_abs_dev":{"confidence_interval":{"confidence_level":0.95,"lower_bound":14848.753208132579,"upper_bound":26513.08849266957},"point_estimate":19687.67818039662,"standard_error":2779.948332028764},"slope":{"confidence_interval":{"confidence_level":0.95,"lower_bound":146734.67333129127,"upper_bound":157609.2768594445},"point_estimate":152209.57060989254,"standard_error":2776.183580306229},"std_dev":{"confidence_interval":{"confidence_level":0.95,"lower_bound":17882.409712582685,"upper_bound":24714.68692902158},"point_estimate":21450.539699199686,"standard_error":1747.809248388735}}