{"mean":{"confidence_interval":{"confidence_level":0.95,"lower_bound":49984.16426944042,"upper_bound":50123.422289910566},"point_estimate":50052.17547766875,"standard_error":35.44210788338536},"median":{"confidence_interval":{"confidence_level":0.95,"lower_bound":49912.62207602339,"upper_bound":50017.00491689751},"point_estimate":49965.68906161712,"standard_error":26.337970194856375},"median_abs_dev":{"confidence_interval":{"confidence_level":0.95,"lower_bound":188.3404562052105,"upper_bound":385.81833377658785},"point_estimate":283.0683984102068,"standard_error":50.99547973905622},"slope":{"confidence_interval":{"confidence_level":0.95,"lower_bound":50173.30331222271,"upper_bound":50347.87683034543},"point_estimate":50261.62659220832,"standard_error":44.58911310143894},"std_dev":{"confidence_interval":{"confidence_level":0.95,"lower_bound":294.04495681046166,"upper_bound":412.0000151105024},"point_estimate":355.7886639814065,"standard_error":30.18470099916736}}