{"mean":{"confidence_interval":{"confidence_level":0.95,"lower_bound":21566668.938833337,"upper_bound":21824642.531083338},"point_estimate":21663669.996666666,"standard_error":70849.66450600313},"median":{"confidence_interval":{"confidence_level":0.95,"lower_bound":21513892.333333332,"upper_bound":21583726.666666668},"point_estimate":21561964.333333336,"standard_error":19252.334230940032},"median_abs_dev":{"confidence_interval":{"confidence_level":0.95,"lower_bound":110878.46293151379,"upper_bound":202229.3545097122},"point_estimate":146490.02009928686,"standard_error":23582.28404872741},"slope":null,"std_dev":{"confidence_interval":{"confidence_level":0.95,"lower_bound":160714.21055828713,"upper_bound":1188291.8227530841},"point_estimate":709701.2262412545,"standard_error":349747.5203997461}}