{"mean":{"confidence_interval":{"confidence_level":0.95,"lower_bound":2544709.9285625,"upper_bound":2557977.804237501},"point_estimate":2550604.2650000006,"standard_error":3388.464656665972},"median":{"confidence_interval":{"confidence_level":0.95,"lower_bound":2543840.3,"upper_bound":2554140.25},"point_estimate":2550215.275,"standard_error":2748.4270133202763},"median_abs_dev":{"confidence_interval":{"confidence_level":0.95,"lower_bound":16063.748324811597,"upper_bound":26805.111004113875},"point_estimate":21312.189296633005,"standard_error":2747.4564004759154},"slope":null,"std_dev":{"confidence_interval":{"confidence_level":0.95,"lower_bound":19341.126746218346,"upper_bound":50652.393889914514},"point_estimate":33978.80655504809,"standard_error":9642.360622873448}}