{"mean":{"confidence_interval":{"confidence_level":0.95,"lower_bound":5459489.692025,"upper_bound":5669802.945075},"point_estimate":5561508.783000001,"standard_error":53598.856441335345},"median":{"confidence_interval":{"confidence_level":0.95,"lower_bound":5370539.45,"upper_bound":5536898.378749993},"point_estimate":5452613.550000001,"standard_error":44609.67026461479},"median_abs_dev":{"confidence_interval":{"confidence_level":0.95,"lower_bound":287818.01874370885,"upper_bound":529128.8852360842},"point_estimate":420469.5779451729,"standard_error":59845.78056430629},"slope":null,"std_dev":{"confidence_interval":{"confidence_level":0.95,"lower_bound":437581.4162940708,"upper_bound":637046.3675791902},"point_estimate":538615.3401760206,"standard_error":51058.350935908034}}