{"mean":{"confidence_interval":{"confidence_level":0.95,"lower_bound":4862.973782471083,"upper_bound":4889.391721058052},"point_estimate":4875.989941600989,"standard_error":6.735273879178266},"median":{"confidence_interval":{"confidence_level":0.95,"lower_bound":4846.240441003988,"upper_bound":4892.3794050776805},"point_estimate":4867.390273350719,"standard_error":11.12795975226959},"median_abs_dev":{"confidence_interval":{"confidence_level":0.95,"lower_bound":65.17826567736094,"upper_bound":100.39619263140476},"point_estimate":86.68981734770907,"standard_error":9.081414061320862},"slope":{"confidence_interval":{"confidence_level":0.95,"lower_bound":4861.659733789595,"upper_bound":4893.898048807415},"point_estimate":4877.711098528719,"standard_error":8.241998531780638},"std_dev":{"confidence_interval":{"confidence_level":0.95,"lower_bound":60.41551429670276,"upper_bound":73.82165213827763},"point_estimate":67.7071748599323,"standard_error":3.4250228571178627}}