{"mean":{"confidence_interval":{"confidence_level":0.95,"lower_bound":969774.565507417,"upper_bound":980772.7492637682},"point_estimate":975431.3444049032,"standard_error":2808.1140990371887},"median":{"confidence_interval":{"confidence_level":0.95,"lower_bound":971008.5327868853,"upper_bound":980007.3582089553},"point_estimate":974951.2034313725,"standard_error":2245.1373431005823},"median_abs_dev":{"confidence_interval":{"confidence_level":0.95,"lower_bound":18654.760101199183,"upper_bound":28099.275397434434},"point_estimate":24277.887562314652,"standard_error":2421.9698860954745},"slope":{"confidence_interval":{"confidence_level":0.95,"lower_bound":969608.5738352682,"upper_bound":978795.3451526086},"point_estimate":974175.5699527117,"standard_error":2343.109587093245},"std_dev":{"confidence_interval":{"confidence_level":0.95,"lower_bound":19168.155813867328,"upper_bound":37985.40095440782},"point_estimate":28274.346147971683,"standard_error":4960.605098917343}}