{"mean":{"confidence_interval":{"confidence_level":0.95,"lower_bound":261648.17858922883,"upper_bound":292609.52669433167},"point_estimate":276299.80916118174,"standard_error":7895.439349512013},"median":{"confidence_interval":{"confidence_level":0.95,"lower_bound":249691.121875,"upper_bound":277598.43333333335},"point_estimate":265021.7555894309,"standard_error":6534.535054165129},"median_abs_dev":{"confidence_interval":{"confidence_level":0.95,"lower_bound":42274.584122283195,"upper_bound":79172.19202850352},"point_estimate":62753.334322916795,"standard_error":10133.06977825501},"slope":{"confidence_interval":{"confidence_level":0.95,"lower_bound":236875.45093284574,"upper_bound":258202.48105349246},"point_estimate":246935.2718338998,"standard_error":5444.911492895873},"std_dev":{"confidence_interval":{"confidence_level":0.95,"lower_bound":55835.87939762498,"upper_bound":105379.5204122939},"point_estimate":79294.16247123021,"standard_error":13351.822334670454}}