{"mean":{"confidence_interval":{"confidence_level":0.95,"lower_bound":22602.14083685081,"upper_bound":22654.954228521772},"point_estimate":22627.653623385017,"standard_error":13.457890023310757},"median":{"confidence_interval":{"confidence_level":0.95,"lower_bound":22584.12888888889,"upper_bound":22655.96292356186},"point_estimate":22622.245826491515,"standard_error":17.896928616430262},"median_abs_dev":{"confidence_interval":{"confidence_level":0.95,"lower_bound":101.72255533717001,"upper_bound":150.1285707171638},"point_estimate":132.25266147660778,"standard_error":12.43983551912764},"slope":{"confidence_interval":{"confidence_level":0.95,"lower_bound":22583.61728831562,"upper_bound":22637.049897113237},"point_estimate":22610.02872521879,"standard_error":13.629684960298835},"std_dev":{"confidence_interval":{"confidence_level":0.95,"lower_bound":103.03658162739788,"upper_bound":171.28681809151593},"point_estimate":135.23851914680634,"standard_error":18.03299056674988}}