{"mean":{"confidence_interval":{"confidence_level":0.95,"lower_bound":173440.16508524757,"upper_bound":177845.0013350512},"point_estimate":175541.40139256095,"standard_error":1125.549507201555},"median":{"confidence_interval":{"confidence_level":0.95,"lower_bound":172321.87291666667,"upper_bound":175971.0615942029},"point_estimate":174403.93016748366,"standard_error":1005.8784313481291},"median_abs_dev":{"confidence_interval":{"confidence_level":0.95,"lower_bound":7164.175320727132,"upper_bound":11528.494555216264},"point_estimate":9760.577347571836,"standard_error":1146.355789455834},"slope":{"confidence_interval":{"confidence_level":0.95,"lower_bound":170197.22115898615,"upper_bound":174777.11129470108},"point_estimate":172428.3790798483,"standard_error":1168.4393687973022},"std_dev":{"confidence_interval":{"confidence_level":0.95,"lower_bound":8404.357848913969,"upper_bound":14406.004323433615},"point_estimate":11313.471196361828,"standard_error":1585.0602264718866}}