{"mean":{"confidence_interval":{"confidence_level":0.95,"lower_bound":521542.3023609007,"upper_bound":525225.8709454268},"point_estimate":523348.670301886,"standard_error":939.6812007591568},"median":{"confidence_interval":{"confidence_level":0.95,"lower_bound":519597.51219512196,"upper_bound":524430.7033898305},"point_estimate":521609.53968881856,"standard_error":1026.2740508968795},"median_abs_dev":{"confidence_interval":{"confidence_level":0.95,"lower_bound":6660.0802509271025,"upper_bound":10575.381751312001},"point_estimate":8860.137799835966,"standard_error":1003.706089340038},"slope":{"confidence_interval":{"confidence_level":0.95,"lower_bound":518231.463433253,"upper_bound":521405.48997154785},"point_estimate":519794.4409487217,"standard_error":809.5471510611253},"std_dev":{"confidence_interval":{"confidence_level":0.95,"lower_bound":8031.388106915571,"upper_bound":10661.664272915088},"point_estimate":9435.379186868151,"standard_error":673.2796293801135}}