{"mean":{"confidence_interval":{"confidence_level":0.95,"lower_bound":810219.8231702162,"upper_bound":898069.2073345828},"point_estimate":849148.9027438649,"standard_error":22537.471847320736},"median":{"confidence_interval":{"confidence_level":0.95,"lower_bound":761960.245400433,"upper_bound":783762.504607935},"point_estimate":775143.9593023255,"standard_error":6278.742290720884},"median_abs_dev":{"confidence_interval":{"confidence_level":0.95,"lower_bound":27338.145169449595,"upper_bound":57280.6711128469},"point_estimate":43694.52486979198,"standard_error":8307.055651140543},"slope":{"confidence_interval":{"confidence_level":0.95,"lower_bound":761649.5794664569,"upper_bound":795432.2290337348},"point_estimate":776815.1023880597,"standard_error":8661.129650635567},"std_dev":{"confidence_interval":{"confidence_level":0.95,"lower_bound":114577.2169560009,"upper_bound":333338.42680322943},"point_estimate":226796.46351090883,"standard_error":59569.33913160799}}