{"mean":{"confidence_interval":{"confidence_level":0.95,"lower_bound":563.5135742527037,"upper_bound":569.22446365652},"point_estimate":566.3740345965102,"standard_error":1.4584828141975645},"median":{"confidence_interval":{"confidence_level":0.95,"lower_bound":564.3107055213516,"upper_bound":569.6451787401335},"point_estimate":567.4727710766363,"standard_error":1.1905612791399118},"median_abs_dev":{"confidence_interval":{"confidence_level":0.95,"lower_bound":11.554680947992777,"upper_bound":18.64001542359845},"point_estimate":15.867069974561513,"standard_error":1.8530925099830136},"slope":{"confidence_interval":{"confidence_level":0.95,"lower_bound":564.3949050975607,"upper_bound":572.2301225284231},"point_estimate":568.4377921106114,"standard_error":2.0035221752663257},"std_dev":{"confidence_interval":{"confidence_level":0.95,"lower_bound":12.629794715503554,"upper_bound":16.496091349402285},"point_estimate":14.657558373954531,"standard_error":0.9865566977120951}}