{"mean":{"confidence_interval":{"confidence_level":0.95,"lower_bound":38812.93656253965,"upper_bound":39117.96838652442},"point_estimate":38964.29542092437,"standard_error":78.10371299941296},"median":{"confidence_interval":{"confidence_level":0.95,"lower_bound":38681.96923076923,"upper_bound":39001.55274725275},"point_estimate":38851.149299872704,"standard_error":91.09520829409267},"median_abs_dev":{"confidence_interval":{"confidence_level":0.95,"lower_bound":502.04566488310576,"upper_bound":909.4519958465257},"point_estimate":731.3293926779722,"standard_error":103.8353526542561},"slope":{"confidence_interval":{"confidence_level":0.95,"lower_bound":38618.26091424253,"upper_bound":38930.78352958487},"point_estimate":38770.26647145082,"standard_error":79.71671479117668},"std_dev":{"confidence_interval":{"confidence_level":0.95,"lower_bound":664.8256375531909,"upper_bound":899.4883319957987},"point_estimate":788.309353415196,"standard_error":60.04545204388588}}