{"mean":{"confidence_interval":{"confidence_level":0.95,"lower_bound":3187008.7806944456,"upper_bound":3344897.3869027784},"point_estimate":3257551.5322222225,"standard_error":40483.92807980973},"median":{"confidence_interval":{"confidence_level":0.95,"lower_bound":3118254.9444444445,"upper_bound":3199855.6666666665},"point_estimate":3147768.25,"standard_error":20938.304506565135},"median_abs_dev":{"confidence_interval":{"confidence_level":0.95,"lower_bound":131214.24380256483,"upper_bound":271262.38040079677},"point_estimate":178090.36185493064,"standard_error":35590.687370958425},"slope":null,"std_dev":{"confidence_interval":{"confidence_level":0.95,"lower_bound":224165.84129880005,"upper_bound":590956.6323997389},"point_estimate":405327.22549541073,"standard_error":102738.32670798618}}