{"mean":{"confidence_interval":{"confidence_level":0.95,"lower_bound":8767213.206666669,"upper_bound":8824827.42258333},"point_estimate":8795372.55333333,"standard_error":14718.596693938083},"median":{"confidence_interval":{"confidence_level":0.95,"lower_bound":8749284.666666668,"upper_bound":8786518.666666668},"point_estimate":8765185.0,"standard_error":9491.118746241209},"median_abs_dev":{"confidence_interval":{"confidence_level":0.95,"lower_bound":62776.86274673837,"upper_bound":107070.28134912299},"point_estimate":81346.9247058034,"standard_error":11242.70405335584},"slope":null,"std_dev":{"confidence_interval":{"confidence_level":0.95,"lower_bound":113791.64984147223,"upper_bound":179074.9514190413},"point_estimate":148229.43528313603,"standard_error":16756.767138751085}}