{"mean":{"confidence_interval":{"confidence_level":0.95,"lower_bound":123263.33028493272,"upper_bound":124569.61510921508},"point_estimate":123879.99277552629,"standard_error":333.82850088462556},"median":{"confidence_interval":{"confidence_level":0.95,"lower_bound":122739.39586078172,"upper_bound":123521.81746031746},"point_estimate":123208.93884582256,"standard_error":215.6117704804457},"median_abs_dev":{"confidence_interval":{"confidence_level":0.95,"lower_bound":1445.6918177330317,"upper_bound":2644.846057599251},"point_estimate":2103.866222459961,"standard_error":296.47830327488623},"slope":{"confidence_interval":{"confidence_level":0.95,"lower_bound":122513.4581803265,"upper_bound":123651.09883266981},"point_estimate":123045.91560120191,"standard_error":289.50656135174177},"std_dev":{"confidence_interval":{"confidence_level":0.95,"lower_bound":2276.8246718981663,"upper_bound":4364.343671618312},"point_estimate":3355.9863422331227,"standard_error":537.5262861047016}}