{"mean":{"confidence_interval":{"confidence_level":0.95,"lower_bound":11363708.984550001,"upper_bound":11493565.6662},"point_estimate":11426887.237999994,"standard_error":33185.62063139833},"median":{"confidence_interval":{"confidence_level":0.95,"lower_bound":11289235.4,"upper_bound":11411414.8},"point_estimate":11337638.899999999,"standard_error":29232.197836435073},"median_abs_dev":{"confidence_interval":{"confidence_level":0.95,"lower_bound":185952.43301868465,"upper_bound":333028.89677305776},"point_estimate":257160.82019448088,"standard_error":38620.90817737531},"slope":null,"std_dev":{"confidence_interval":{"confidence_level":0.95,"lower_bound":272642.33117319143,"upper_bound":386103.33474903915},"point_estimate":333440.4465269538,"standard_error":29072.10770193753}}