{"mean":{"confidence_interval":{"confidence_level":0.95,"lower_bound":226398.17320564372,"upper_bound":243213.87870775146},"point_estimate":233556.2669473354,"standard_error":4303.630527383586},"median":{"confidence_interval":{"confidence_level":0.95,"lower_bound":220005.00550724636,"upper_bound":225490.2425531915},"point_estimate":222920.0775,"standard_error":1330.1589950567525},"median_abs_dev":{"confidence_interval":{"confidence_level":0.95,"lower_bound":7558.713088472719,"upper_bound":14350.946869844285},"point_estimate":11801.254106175618,"standard_error":1816.5926593133374},"slope":{"confidence_interval":{"confidence_level":0.95,"lower_bound":219380.5408465993,"upper_bound":225548.6453708071},"point_estimate":222184.51692921532,"standard_error":1572.6468880713126},"std_dev":{"confidence_interval":{"confidence_level":0.95,"lower_bound":16360.278685484665,"upper_bound":67206.7411127196},"point_estimate":43426.59438703408,"standard_error":13941.8004031005}}