{"mean":{"confidence_interval":{"confidence_level":0.95,"lower_bound":12649412.345999999,"upper_bound":12759774.301749999},"point_estimate":12701272.475999994,"standard_error":28162.20068265268},"median":{"confidence_interval":{"confidence_level":0.95,"lower_bound":12574723.6,"upper_bound":12655405.0},"point_estimate":12609214.3,"standard_error":19247.86612789541},"median_abs_dev":{"confidence_interval":{"confidence_level":0.95,"lower_bound":96637.3451778468,"upper_bound":182407.38822162096},"point_estimate":140671.60592258142,"standard_error":19801.560292470913},"slope":null,"std_dev":{"confidence_interval":{"confidence_level":0.95,"lower_bound":196737.61371578928,"upper_bound":357266.41175379674},"point_estimate":282548.30758662365,"standard_error":41014.69226536025}}