{"mean":{"confidence_interval":{"confidence_level":0.95,"lower_bound":8714.051361616484,"upper_bound":8896.792445464866},"point_estimate":8804.170098021674,"standard_error":46.44180207774951},"median":{"confidence_interval":{"confidence_level":0.95,"lower_bound":8652.774456352905,"upper_bound":8913.31798959011},"point_estimate":8728.292128211355,"standard_error":67.95446536460508},"median_abs_dev":{"confidence_interval":{"confidence_level":0.95,"lower_bound":359.81248622884635,"upper_bound":561.1568736687758},"point_estimate":454.60575066669924,"standard_error":50.25572266233673},"slope":{"confidence_interval":{"confidence_level":0.95,"lower_bound":8704.491807559043,"upper_bound":9000.557649647026},"point_estimate":8848.980699235131,"standard_error":75.51904553576438},"std_dev":{"confidence_interval":{"confidence_level":0.95,"lower_bound":397.85230826632915,"upper_bound":529.6078558155174},"point_estimate":466.5724958529741,"standard_error":33.54112170133982}}