{"mean":{"confidence_interval":{"confidence_level":0.95,"lower_bound":980329.9052748685,"upper_bound":1013675.6235778139},"point_estimate":996705.1462915231,"standard_error":8508.51947406548},"median":{"confidence_interval":{"confidence_level":0.95,"lower_bound":963357.3636363636,"upper_bound":997712.3333333334},"point_estimate":976444.7880924402,"standard_error":8495.435776118256},"median_abs_dev":{"confidence_interval":{"confidence_level":0.95,"lower_bound":48433.99390714597,"upper_bound":88384.38600264021},"point_estimate":64882.19718875774,"standard_error":10204.516032963646},"slope":{"confidence_interval":{"confidence_level":0.95,"lower_bound":972977.4380516689,"upper_bound":1011497.3790135344},"point_estimate":990856.4204344613,"standard_error":9813.350061515152},"std_dev":{"confidence_interval":{"confidence_level":0.95,"lower_bound":69925.83497614424,"upper_bound":99284.85847247698},"point_estimate":85595.8674441142,"standard_error":7500.013842518818}}