{"mean":{"confidence_interval":{"confidence_level":0.95,"lower_bound":2238105.126602273,"upper_bound":2253496.7977386364},"point_estimate":2245507.7695454545,"standard_error":3935.837635740881},"median":{"confidence_interval":{"confidence_level":0.95,"lower_bound":2232451.8181818184,"upper_bound":2247379.227272727},"point_estimate":2240458.6818181816,"standard_error":3751.5508423244105},"median_abs_dev":{"confidence_interval":{"confidence_level":0.95,"lower_bound":24948.31627526079,"upper_bound":43255.12379570485},"point_estimate":32307.403417337962,"standard_error":4594.343155003124},"slope":null,"std_dev":{"confidence_interval":{"confidence_level":0.95,"lower_bound":29395.886869194543,"upper_bound":49168.81019782477},"point_estimate":39575.85221647477,"standard_error":5078.43119171312}}