{"mean":{"confidence_interval":{"confidence_level":0.95,"lower_bound":375579.4276917974,"upper_bound":403039.816069239},"point_estimate":388011.77076514537,"standard_error":7017.316695859133},"median":{"confidence_interval":{"confidence_level":0.95,"lower_bound":358466.75,"upper_bound":377242.54545454547},"point_estimate":365210.90528510255,"standard_error":4793.116070588984},"median_abs_dev":{"confidence_interval":{"confidence_level":0.95,"lower_bound":20937.351129439205,"upper_bound":42085.67117818842},"point_estimate":29020.74456656937,"standard_error":5199.103299543395},"slope":{"confidence_interval":{"confidence_level":0.95,"lower_bound":379197.97852783697,"upper_bound":413054.5886915289},"point_estimate":394623.88693857443,"standard_error":8695.31160275854},"std_dev":{"confidence_interval":{"confidence_level":0.95,"lower_bound":37760.71591397929,"upper_bound":98211.95116421094},"point_estimate":70399.48279232465,"standard_error":15482.338940614192}}