{"mean":{"confidence_interval":{"confidence_level":0.95,"lower_bound":31812858.632875003,"upper_bound":32399210.926125},"point_estimate":32095658.335,"standard_error":149710.849775558},"median":{"confidence_interval":{"confidence_level":0.95,"lower_bound":31660303.75,"upper_bound":32302492.0},"point_estimate":31830185.75,"standard_error":161069.22527303878},"median_abs_dev":{"confidence_interval":{"confidence_level":0.95,"lower_bound":952185.3777453303,"upper_bound":1498805.5326908827},"point_estimate":1182159.6139624715,"standard_error":135193.0913198655},"slope":null,"std_dev":{"confidence_interval":{"confidence_level":0.95,"lower_bound":1158701.9127881739,"upper_bound":1814699.2436033443},"point_estimate":1502111.4839127338,"standard_error":168189.26294310857}}