{"mean":{"confidence_interval":{"confidence_level":0.95,"lower_bound":246434.3645748974,"upper_bound":246572.42917219122},"point_estimate":246496.6893300725,"standard_error":35.264894003380476},"median":{"confidence_interval":{"confidence_level":0.95,"lower_bound":246381.80404019688,"upper_bound":246466.52228915662},"point_estimate":246428.43204081635,"standard_error":23.668469603418007},"median_abs_dev":{"confidence_interval":{"confidence_level":0.95,"lower_bound":131.3044810968808,"upper_bound":214.2005102556273},"point_estimate":168.03602862249494,"standard_error":22.165969338074078},"slope":{"confidence_interval":{"confidence_level":0.95,"lower_bound":246350.44472334656,"upper_bound":246431.20371031287},"point_estimate":246389.186344318,"standard_error":20.599061006364874},"std_dev":{"confidence_interval":{"confidence_level":0.95,"lower_bound":191.36742646310333,"upper_bound":501.39632856973924},"point_estimate":354.45308463977716,"standard_error":81.34148435959946}}