{"mean":{"confidence_interval":{"confidence_level":0.95,"lower_bound":762.0565895697247,"upper_bound":764.9362412273547},"point_estimate":763.5755875012014,"standard_error":0.7369948023628183},"median":{"confidence_interval":{"confidence_level":0.95,"lower_bound":765.2384198295895,"upper_bound":767.5285801034704},"point_estimate":767.2850834182334,"standard_error":0.6124593393730873},"median_abs_dev":{"confidence_interval":{"confidence_level":0.95,"lower_bound":1.6636258600754683,"upper_bound":5.2160883616927105},"point_estimate":2.6455954879468035,"standard_error":0.969363981783229},"slope":{"confidence_interval":{"confidence_level":0.95,"lower_bound":763.3294805018589,"upper_bound":766.0200171223722},"point_estimate":764.8014180357883,"standard_error":0.6860000251056673},"std_dev":{"confidence_interval":{"confidence_level":0.95,"lower_bound":5.3110966913158855,"upper_bound":9.652125236451559},"point_estimate":7.381099238235995,"standard_error":1.1662635375156813}}