{"mean":{"confidence_interval":{"confidence_level":0.95,"lower_bound":633015.7558387961,"upper_bound":646911.6652523879},"point_estimate":639576.2659877775,"standard_error":3561.586323283919},"median":{"confidence_interval":{"confidence_level":0.95,"lower_bound":622833.7586580086,"upper_bound":634174.1284722222},"point_estimate":628360.6386913229,"standard_error":2860.646859282671},"median_abs_dev":{"confidence_interval":{"confidence_level":0.95,"lower_bound":13307.218865139967,"upper_bound":26317.564001110586},"point_estimate":19040.207694068453,"standard_error":3197.3732012200667},"slope":{"confidence_interval":{"confidence_level":0.95,"lower_bound":623945.4236711926,"upper_bound":639360.7986562732},"point_estimate":630256.9812457515,"standard_error":4024.5549288254215},"std_dev":{"confidence_interval":{"confidence_level":0.95,"lower_bound":24949.07994435469,"upper_bound":45721.97040278795},"point_estimate":35909.716582659465,"standard_error":5316.54308802422}}