{"mean":{"confidence_interval":{"confidence_level":0.95,"lower_bound":268586.1343733218,"upper_bound":278818.6920375034},"point_estimate":273549.59648518095,"standard_error":2608.243661665355},"median":{"confidence_interval":{"confidence_level":0.95,"lower_bound":271138.1176470588,"upper_bound":276650.8433333333},"point_estimate":272930.98479532165,"standard_error":1536.5270851938988},"median_abs_dev":{"confidence_interval":{"confidence_level":0.95,"lower_bound":9533.372552339735,"upper_bound":17699.638812033976},"point_estimate":12414.819173785125,"standard_error":2157.4964570880607},"slope":{"confidence_interval":{"confidence_level":0.95,"lower_bound":268331.283967773,"upper_bound":276264.3831675089},"point_estimate":272376.46286685386,"standard_error":2020.5915252597363},"std_dev":{"confidence_interval":{"confidence_level":0.95,"lower_bound":19737.078170086457,"upper_bound":32695.414760604177},"point_estimate":26209.26817581633,"standard_error":3344.607112629935}}