{"mean":{"confidence_interval":{"confidence_level":0.95,"lower_bound":945446.8308883524,"upper_bound":960293.9499213407},"point_estimate":951804.0173500091,"standard_error":3840.3455423949104},"median":{"confidence_interval":{"confidence_level":0.95,"lower_bound":939727.7222222222,"upper_bound":945981.3426470589},"point_estimate":943488.6889705883,"standard_error":1529.217096904313},"median_abs_dev":{"confidence_interval":{"confidence_level":0.95,"lower_bound":8725.095887418856,"upper_bound":14829.451445898147},"point_estimate":11531.573540126737,"standard_error":1506.1549266055308},"slope":{"confidence_interval":{"confidence_level":0.95,"lower_bound":939941.472106195,"upper_bound":947458.059505298},"point_estimate":943286.3566632186,"standard_error":1927.3621535120933},"std_dev":{"confidence_interval":{"confidence_level":0.95,"lower_bound":15029.29480125078,"upper_bound":59547.20891711272},"point_estimate":38583.60804515902,"standard_error":12437.044150923775}}