{"mean":{"confidence_interval":{"confidence_level":0.95,"lower_bound":2990356.8520416673,"upper_bound":3089077.3541111117},"point_estimate":3037393.6933333334,"standard_error":25231.48942388057},"median":{"confidence_interval":{"confidence_level":0.95,"lower_bound":2909894.388888889,"upper_bound":2978139.25},"point_estimate":2942825.861111111,"standard_error":15913.479641426946},"median_abs_dev":{"confidence_interval":{"confidence_level":0.95,"lower_bound":91917.615418136,"upper_bound":187265.802442034},"point_estimate":130503.51523309923,"standard_error":24335.99463797622},"slope":null,"std_dev":{"confidence_interval":{"confidence_level":0.95,"lower_bound":194524.21237659972,"upper_bound":302701.5588742574},"point_estimate":251650.88143099513,"standard_error":27769.99918319461}}