{"mean":{"confidence_interval":{"confidence_level":0.95,"lower_bound":551776.8773045585,"upper_bound":568076.893278115},"point_estimate":559342.7563495163,"standard_error":4177.93770987551},"median":{"confidence_interval":{"confidence_level":0.95,"lower_bound":544406.9903846154,"upper_bound":551816.16},"point_estimate":548273.4640255009,"standard_error":1708.6343830963697},"median_abs_dev":{"confidence_interval":{"confidence_level":0.95,"lower_bound":13520.487249253309,"upper_bound":24049.933299479864},"point_estimate":19639.49156109677,"standard_error":2741.1829996549627},"slope":{"confidence_interval":{"confidence_level":0.95,"lower_bound":548890.9139545542,"upper_bound":562081.7557332839},"point_estimate":555128.8839249298,"standard_error":3377.6456892218557},"std_dev":{"confidence_interval":{"confidence_level":0.95,"lower_bound":25091.467433034595,"upper_bound":56744.474466666245},"point_estimate":42043.940553299675,"standard_error":8138.954284455982}}