{"mean":{"confidence_interval":{"confidence_level":0.95,"lower_bound":7191.094880213713,"upper_bound":7540.630096646442},"point_estimate":7349.5510957564775,"standard_error":89.30924528944367},"median":{"confidence_interval":{"confidence_level":0.95,"lower_bound":7026.620848126693,"upper_bound":7356.81067146283},"point_estimate":7165.2066647757065,"standard_error":87.3303987537854},"median_abs_dev":{"confidence_interval":{"confidence_level":0.95,"lower_bound":442.55693748187764,"upper_bound":713.2664438287499},"point_estimate":640.9392497545665,"standard_error":76.39228535480662},"slope":{"confidence_interval":{"confidence_level":0.95,"lower_bound":6947.739000776494,"upper_bound":7122.123326204882},"point_estimate":7030.4837410922455,"standard_error":44.50679781068065},"std_dev":{"confidence_interval":{"confidence_level":0.95,"lower_bound":492.4579913209571,"upper_bound":1254.178310418353},"point_estimate":896.8427769928007,"standard_error":203.10175866004872}}