{"mean":{"confidence_interval":{"confidence_level":0.95,"lower_bound":536597.7120421816,"upper_bound":544027.1330555929},"point_estimate":539938.8817830269,"standard_error":1907.1366494863514},"median":{"confidence_interval":{"confidence_level":0.95,"lower_bound":533057.2025,"upper_bound":534352.0085962424},"point_estimate":533590.5271915584,"standard_error":328.24376519116976},"median_abs_dev":{"confidence_interval":{"confidence_level":0.95,"lower_bound":2083.0567221461356,"upper_bound":4464.211054902558},"point_estimate":3006.644304312701,"standard_error":603.6575255837614},"slope":{"confidence_interval":{"confidence_level":0.95,"lower_bound":533003.6247671287,"upper_bound":536363.0028775502},"point_estimate":534502.7943239249,"standard_error":866.2766778985464},"std_dev":{"confidence_interval":{"confidence_level":0.95,"lower_bound":10351.452604898765,"upper_bound":27378.495070944813},"point_estimate":19207.49274724281,"standard_error":4498.6118495870405}}