{"mean":{"confidence_interval":{"confidence_level":0.95,"lower_bound":3204947.158265625,"upper_bound":3274723.79065625},"point_estimate":3236927.1175,"standard_error":17809.499426978266},"median":{"confidence_interval":{"confidence_level":0.95,"lower_bound":3184617.125,"upper_bound":3228714.5625},"point_estimate":3205571.40625,"standard_error":12282.051225028443},"median_abs_dev":{"confidence_interval":{"confidence_level":0.95,"lower_bound":74278.62933129072,"upper_bound":140787.97148801386},"point_estimate":102709.01275780052,"standard_error":17607.98383725554},"slope":null,"std_dev":{"confidence_interval":{"confidence_level":0.95,"lower_bound":108704.1965503698,"upper_bound":253549.6375401374},"point_estimate":178863.07296779784,"standard_error":40020.183858254044}}