{"mean":{"confidence_interval":{"confidence_level":0.95,"lower_bound":2242640.9183295444,"upper_bound":2317563.0369090913},"point_estimate":2278183.484545454,"standard_error":19214.45069119915},"median":{"confidence_interval":{"confidence_level":0.95,"lower_bound":2190095.409090909,"upper_bound":2256357.8181818184},"point_estimate":2213300.090909091,"standard_error":18074.22102411296},"median_abs_dev":{"confidence_interval":{"confidence_level":0.95,"lower_bound":84867.83007965836,"upper_bound":170816.44184467488},"point_estimate":126231.52695894241,"standard_error":21990.489699840422},"slope":null,"std_dev":{"confidence_interval":{"confidence_level":0.95,"lower_bound":140526.39378499417,"upper_bound":246841.82664677114},"point_estimate":192385.77059777715,"standard_error":27739.794810021467}}