{"mean":{"confidence_interval":{"confidence_level":0.95,"lower_bound":1356910.2355835354,"upper_bound":1459690.5428078624},"point_estimate":1404360.2237105793,"standard_error":26334.941038220386},"median":{"confidence_interval":{"confidence_level":0.95,"lower_bound":1306862.1304347827,"upper_bound":1364840.1289308176},"point_estimate":1331407.0746268658,"standard_error":12918.487829569083},"median_abs_dev":{"confidence_interval":{"confidence_level":0.95,"lower_bound":97691.91048177019,"upper_bound":169695.09391057317},"point_estimate":129578.52343604939,"standard_error":19120.447404199866},"slope":{"confidence_interval":{"confidence_level":0.95,"lower_bound":1309662.1834414192,"upper_bound":1367650.1801327846},"point_estimate":1337851.1201389094,"standard_error":14815.686648049075},"std_dev":{"confidence_interval":{"confidence_level":0.95,"lower_bound":161583.40954133827,"upper_bound":353352.28753840394},"point_estimate":264473.9383555735,"standard_error":48653.55678601741}}