{"mean":{"confidence_interval":{"confidence_level":0.95,"lower_bound":104089.72928261847,"upper_bound":109710.28069455805},"point_estimate":106517.32670801839,"standard_error":1447.5234240913774},"median":{"confidence_interval":{"confidence_level":0.95,"lower_bound":101333.6334179971,"upper_bound":103105.1015448505},"point_estimate":102067.52253248377,"standard_error":458.0430819285528},"median_abs_dev":{"confidence_interval":{"confidence_level":0.95,"lower_bound":2574.421172254648,"upper_bound":5068.534212988748},"point_estimate":3579.1588447967906,"standard_error":619.1709130127886},"slope":{"confidence_interval":{"confidence_level":0.95,"lower_bound":102430.05266318611,"upper_bound":105517.11642739207},"point_estimate":103824.04973991429,"standard_error":790.9340383948258},"std_dev":{"confidence_interval":{"confidence_level":0.95,"lower_bound":6971.663756304659,"upper_bound":22033.597507219263},"point_estimate":14541.229197849487,"standard_error":4401.013576712282}}