{"mean":{"confidence_interval":{"confidence_level":0.95,"lower_bound":147026.22787134285,"upper_bound":150468.78320769008},"point_estimate":148704.37480374775,"standard_error":876.6976596518257},"median":{"confidence_interval":{"confidence_level":0.95,"lower_bound":148312.69163763066,"upper_bound":151394.3769909336},"point_estimate":150358.1697454844,"standard_error":832.2940349282261},"median_abs_dev":{"confidence_interval":{"confidence_level":0.95,"lower_bound":3733.5299913998997,"upper_bound":7233.439841141541},"point_estimate":5397.558092227363,"standard_error":933.9140762627919},"slope":{"confidence_interval":{"confidence_level":0.95,"lower_bound":148407.64268564864,"upper_bound":150927.12624151824},"point_estimate":149689.9453397792,"standard_error":641.989510064094},"std_dev":{"confidence_interval":{"confidence_level":0.95,"lower_bound":6619.874249501754,"upper_bound":10966.41122721675},"point_estimate":8804.063634980303,"standard_error":1127.6472753776548}}