{"mean":{"confidence_interval":{"confidence_level":0.95,"lower_bound":124161.65894882217,"upper_bound":126319.48562601699},"point_estimate":125249.63362671442,"standard_error":548.5811784785969},"median":{"confidence_interval":{"confidence_level":0.95,"lower_bound":124155.12146307799,"upper_bound":126280.21072796934},"point_estimate":124943.34304426378,"standard_error":550.8797766739949},"median_abs_dev":{"confidence_interval":{"confidence_level":0.95,"lower_bound":4042.5300103481613,"upper_bound":6792.391245448702},"point_estimate":5420.867521323422,"standard_error":677.1535044482093},"slope":{"confidence_interval":{"confidence_level":0.95,"lower_bound":121873.70006402659,"upper_bound":125127.66899249238},"point_estimate":123468.8278465757,"standard_error":829.381498816952},"std_dev":{"confidence_interval":{"confidence_level":0.95,"lower_bound":4733.447410471214,"upper_bound":6161.071299172202},"point_estimate":5489.971818742452,"standard_error":363.96349239505395}}