{"mean":{"confidence_interval":{"confidence_level":0.95,"lower_bound":24607999.81408333,"upper_bound":25051147.431750003},"point_estimate":24821172.27,"standard_error":113390.15723166757},"median":{"confidence_interval":{"confidence_level":0.95,"lower_bound":24347289.0,"upper_bound":24821225.333333332},"point_estimate":24502473.5,"standard_error":135154.98639529027},"median_abs_dev":{"confidence_interval":{"confidence_level":0.95,"lower_bound":667643.6788469553,"upper_bound":1188706.4047962427},"point_estimate":866906.5979093313,"standard_error":133729.02288142446},"slope":null,"std_dev":{"confidence_interval":{"confidence_level":0.95,"lower_bound":879597.2478576552,"upper_bound":1399319.6303179532},"point_estimate":1135744.6977479907,"standard_error":134360.7746071946}}