{"mean":{"confidence_interval":{"confidence_level":0.95,"lower_bound":155946.73931708754,"upper_bound":167237.3179569522},"point_estimate":160518.23929689967,"standard_error":2953.802980107033},"median":{"confidence_interval":{"confidence_level":0.95,"lower_bound":153138.026272578,"upper_bound":155744.74734455184},"point_estimate":154746.84418432444,"standard_error":528.0531038974126},"median_abs_dev":{"confidence_interval":{"confidence_level":0.95,"lower_bound":4778.44333901182,"upper_bound":9287.32256055203},"point_estimate":6167.614127362825,"standard_error":1135.8650811883037},"slope":{"confidence_interval":{"confidence_level":0.95,"lower_bound":153736.85590621852,"upper_bound":158560.7942732401},"point_estimate":156019.7524228926,"standard_error":1230.9648719191653},"std_dev":{"confidence_interval":{"confidence_level":0.95,"lower_bound":8921.101509778915,"upper_bound":47963.76133961458},"point_estimate":29668.017306351132,"standard_error":11904.077508903209}}