{"mean":{"confidence_interval":{"confidence_level":0.95,"lower_bound":4325.448138745438,"upper_bound":4342.466082470098},"point_estimate":4333.919951520873,"standard_error":4.350117489507016},"median":{"confidence_interval":{"confidence_level":0.95,"lower_bound":4317.501072912987,"upper_bound":4344.195218900459},"point_estimate":4330.439005640466,"standard_error":6.055265244165979},"median_abs_dev":{"confidence_interval":{"confidence_level":0.95,"lower_bound":38.28240064972017,"upper_bound":56.950702393689646},"point_estimate":47.945211393343904,"standard_error":4.704304296462657},"slope":{"confidence_interval":{"confidence_level":0.95,"lower_bound":4322.102024409852,"upper_bound":4339.034278206},"point_estimate":4330.585561977823,"standard_error":4.3351096291412645},"std_dev":{"confidence_interval":{"confidence_level":0.95,"lower_bound":38.53092610902942,"upper_bound":48.58709260863175},"point_estimate":43.892678881867,"standard_error":2.560766478921186}}