{"mean":{"confidence_interval":{"confidence_level":0.95,"lower_bound":132923.29149436502,"upper_bound":140639.76156452452},"point_estimate":136435.88937290295,"standard_error":1975.390718418949},"median":{"confidence_interval":{"confidence_level":0.95,"lower_bound":130055.34040920716,"upper_bound":133818.87979521867},"point_estimate":132272.31868131866,"standard_error":924.8754652617899},"median_abs_dev":{"confidence_interval":{"confidence_level":0.95,"lower_bound":6186.513872843645,"upper_bound":11307.044300993728},"point_estimate":8194.918461386113,"standard_error":1266.791966759319},"slope":{"confidence_interval":{"confidence_level":0.95,"lower_bound":130010.7075407796,"upper_bound":135116.3346542313},"point_estimate":132404.1687065908,"standard_error":1302.2602313693392},"std_dev":{"confidence_interval":{"confidence_level":0.95,"lower_bound":10877.255692792698,"upper_bound":27422.767129179207},"point_estimate":19840.075221066134,"standard_error":4265.63740150657}}