{"mean":{"confidence_interval":{"confidence_level":0.95,"lower_bound":7077.074922473607,"upper_bound":7105.402311394588},"point_estimate":7090.839730322583,"standard_error":7.246195962197929},"median":{"confidence_interval":{"confidence_level":0.95,"lower_bound":7062.565800865801,"upper_bound":7094.88956043956},"point_estimate":7081.968430224202,"standard_error":10.660792831331792},"median_abs_dev":{"confidence_interval":{"confidence_level":0.95,"lower_bound":42.99762372733359,"upper_bound":72.3705026757242},"point_estimate":52.61588456588115,"standard_error":6.997040970009692},"slope":{"confidence_interval":{"confidence_level":0.95,"lower_bound":7073.611556401276,"upper_bound":7107.283328955521},"point_estimate":7089.755999598894,"standard_error":8.579208859032027},"std_dev":{"confidence_interval":{"confidence_level":0.95,"lower_bound":59.690079236964806,"upper_bound":83.30044392288956},"point_estimate":72.4541001933633,"standard_error":6.029252493388849}}