{"mean":{"confidence_interval":{"confidence_level":0.95,"lower_bound":108273.76118593375,"upper_bound":112074.77766146832},"point_estimate":109859.18530607346,"standard_error":989.1451371700423},"median":{"confidence_interval":{"confidence_level":0.95,"lower_bound":108456.14032258064,"upper_bound":109278.61923076923},"point_estimate":108982.94980842911,"standard_error":227.6226076430843},"median_abs_dev":{"confidence_interval":{"confidence_level":0.95,"lower_bound":2513.9810168766057,"upper_bound":4060.9297059413716},"point_estimate":3309.972992213234,"standard_error":401.11977553382815},"slope":{"confidence_interval":{"confidence_level":0.95,"lower_bound":109523.7143762779,"upper_bound":112193.7593747761},"point_estimate":110699.82839042411,"standard_error":692.4990315830454},"std_dev":{"confidence_interval":{"confidence_level":0.95,"lower_bound":3889.1439169720334,"upper_bound":15798.839988676214},"point_estimate":9960.652761052159,"standard_error":3696.1228444169046}}