{"mean":{"confidence_interval":{"confidence_level":0.95,"lower_bound":164290.69498467658,"upper_bound":180567.45973054672},"point_estimate":171306.45928612223,"standard_error":4221.780654095126},"median":{"confidence_interval":{"confidence_level":0.95,"lower_bound":158514.28932253312,"upper_bound":162312.57142857142},"point_estimate":159881.32100340136,"standard_error":828.4642866862036},"median_abs_dev":{"confidence_interval":{"confidence_level":0.95,"lower_bound":6363.183450617844,"upper_bound":11724.567880174794},"point_estimate":8684.553596327014,"standard_error":1300.4387091756441},"slope":{"confidence_interval":{"confidence_level":0.95,"lower_bound":157308.62725513196,"upper_bound":162031.9192382652},"point_estimate":159412.8770972577,"standard_error":1208.0142033414588},"std_dev":{"confidence_interval":{"confidence_level":0.95,"lower_bound":17798.437056669503,"upper_bound":64948.1006741592},"point_estimate":42357.563767767075,"standard_error":13500.43363405335}}