{"mean":{"confidence_interval":{"confidence_level":0.95,"lower_bound":27484444.954125002,"upper_bound":28097596.1085},"point_estimate":27786341.635,"standard_error":157249.4825842832},"median":{"confidence_interval":{"confidence_level":0.95,"lower_bound":26875616.25,"upper_bound":27974810.25},"point_estimate":27297496.5,"standard_error":329821.1284029513},"median_abs_dev":{"confidence_interval":{"confidence_level":0.95,"lower_bound":1062225.0597417355,"upper_bound":1915988.0382344127},"point_estimate":1397646.253886819,"standard_error":230786.2230398524},"slope":null,"std_dev":{"confidence_interval":{"confidence_level":0.95,"lower_bound":1326848.0257660018,"upper_bound":1794349.5098892848},"point_estimate":1577853.3410223692,"standard_error":119458.532421644}}