{"mean":{"confidence_interval":{"confidence_level":0.95,"lower_bound":979875.9345998204,"upper_bound":996659.8315687948},"point_estimate":988143.3901824828,"standard_error":4265.967604969396},"median":{"confidence_interval":{"confidence_level":0.95,"lower_bound":980539.0698757764,"upper_bound":992251.5736741389},"point_estimate":985479.5646766169,"standard_error":2809.3551738648143},"median_abs_dev":{"confidence_interval":{"confidence_level":0.95,"lower_bound":21933.971532123865,"upper_bound":42049.16388016841},"point_estimate":29417.901884290364,"standard_error":4872.9095681224335},"slope":{"confidence_interval":{"confidence_level":0.95,"lower_bound":969860.360356496,"upper_bound":996589.371211247},"point_estimate":982359.2761785134,"standard_error":6831.065037147688},"std_dev":{"confidence_interval":{"confidence_level":0.95,"lower_bound":34322.12342733117,"upper_bound":50945.19506389677},"point_estimate":42896.07851238784,"standard_error":4258.741715361232}}