{"mean":{"confidence_interval":{"confidence_level":0.95,"lower_bound":161435.91510193134,"upper_bound":167967.2177466651},"point_estimate":164349.01784291383,"standard_error":1676.148426446054},"median":{"confidence_interval":{"confidence_level":0.95,"lower_bound":158519.15339980385,"upper_bound":159919.31547619047},"point_estimate":159256.16348260822,"standard_error":374.821616839145},"median_abs_dev":{"confidence_interval":{"confidence_level":0.95,"lower_bound":2428.7631612425807,"upper_bound":5077.108034991509},"point_estimate":3288.3002242002926,"standard_error":645.2713894362746},"slope":{"confidence_interval":{"confidence_level":0.95,"lower_bound":158686.29393129257,"upper_bound":160750.8923214597},"point_estimate":159608.69163630222,"standard_error":526.8392807998755},"std_dev":{"confidence_interval":{"confidence_level":0.95,"lower_bound":8904.008677175174,"upper_bound":24469.01886116702},"point_estimate":16808.0520899876,"standard_error":4250.059375044653}}