{"mean":{"confidence_interval":{"confidence_level":0.95,"lower_bound":212844.49674437765,"upper_bound":219556.05796313807},"point_estimate":215956.32502613234,"standard_error":1718.5997685549537},"median":{"confidence_interval":{"confidence_level":0.95,"lower_bound":209308.42425770307,"upper_bound":212832.6898664572},"point_estimate":210553.7537837838,"standard_error":939.7289788955424},"median_abs_dev":{"confidence_interval":{"confidence_level":0.95,"lower_bound":4983.8947414952745,"upper_bound":8985.143567831798},"point_estimate":6734.795289863416,"standard_error":1014.931143110922},"slope":{"confidence_interval":{"confidence_level":0.95,"lower_bound":211892.9611704314,"upper_bound":217777.74958678446},"point_estimate":214615.836591695,"standard_error":1508.9565830209594},"std_dev":{"confidence_interval":{"confidence_level":0.95,"lower_bound":10515.97791243815,"upper_bound":23182.071816517884},"point_estimate":17256.335483067825,"standard_error":3251.3867517561152}}