{"mean":{"confidence_interval":{"confidence_level":0.95,"lower_bound":12621451.1416875,"upper_bound":12915022.3220625},"point_estimate":12766132.3375,"standard_error":74595.59629618782},"median":{"confidence_interval":{"confidence_level":0.95,"lower_bound":12426987.5,"upper_bound":12833913.0},"point_estimate":12643707.875,"standard_error":106606.10939429721},"median_abs_dev":{"confidence_interval":{"confidence_level":0.95,"lower_bound":572107.1604430676,"upper_bound":1001910.66891253},"point_estimate":809702.1458499134,"standard_error":109415.24389827315},"slope":null,"std_dev":{"confidence_interval":{"confidence_level":0.95,"lower_bound":654998.3596892502,"upper_bound":828892.4664945703},"point_estimate":748979.3357257694,"standard_error":44392.61575645499}}