{"mean":{"confidence_interval":{"confidence_level":0.95,"lower_bound":6053274.680305557,"upper_bound":6225541.252694446},"point_estimate":6138656.434444444,"standard_error":43964.77994145052},"median":{"confidence_interval":{"confidence_level":0.95,"lower_bound":5934277.777777778,"upper_bound":6297121.277777778},"point_estimate":6141343.055555556,"standard_error":94580.02950332186},"median_abs_dev":{"confidence_interval":{"confidence_level":0.95,"lower_bound":391289.1852865624,"upper_bound":570966.9586966436},"point_estimate":464129.4043600559,"standard_error":43818.19608954149},"slope":null,"std_dev":{"confidence_interval":{"confidence_level":0.95,"lower_bound":378676.35197419376,"upper_bound":503857.345248894},"point_estimate":442531.44884902594,"standard_error":32078.210153105694}}