{"mean":{"confidence_interval":{"confidence_level":0.95,"lower_bound":63224.73953774792,"upper_bound":63299.30873383673},"point_estimate":63256.17812136331,"standard_error":19.34442690098729},"median":{"confidence_interval":{"confidence_level":0.95,"lower_bound":63197.398148148146,"upper_bound":63235.314264294735},"point_estimate":63205.21991758242,"standard_error":10.397972761941253},"median_abs_dev":{"confidence_interval":{"confidence_level":0.95,"lower_bound":48.55914190415962,"upper_bound":84.69842418779066},"point_estimate":61.25500354679758,"standard_error":8.869630801923343},"slope":{"confidence_interval":{"confidence_level":0.95,"lower_bound":63193.83907561901,"upper_bound":63223.69711106925},"point_estimate":63208.04141550909,"standard_error":7.589393829738479},"std_dev":{"confidence_interval":{"confidence_level":0.95,"lower_bound":77.43440949965033,"upper_bound":305.3738762940608},"point_estimate":194.3443615451214,"standard_error":69.14508491277884}}