{"mean":{"confidence_interval":{"confidence_level":0.95,"lower_bound":739726.4438759648,"upper_bound":853086.7650708378},"point_estimate":784012.0322317956,"standard_error":30057.138324676802},"median":{"confidence_interval":{"confidence_level":0.95,"lower_bound":720112.8363218587,"upper_bound":749203.2111801242},"point_estimate":730539.1708394699,"standard_error":7290.664988532325},"median_abs_dev":{"confidence_interval":{"confidence_level":0.95,"lower_bound":40780.18165164923,"upper_bound":66943.1164111426},"point_estimate":49160.70136357959,"standard_error":6513.928444571044},"slope":{"confidence_interval":{"confidence_level":0.95,"lower_bound":729258.0929156233,"upper_bound":757683.4359590929},"point_estimate":742692.7852224029,"standard_error":7249.163612071101},"std_dev":{"confidence_interval":{"confidence_level":0.95,"lower_bound":59686.871689453525,"upper_bound":501034.42241641984},"point_estimate":303693.92428238614,"standard_error":134720.24411504655}}