{"mean":{"confidence_interval":{"confidence_level":0.95,"lower_bound":2219225.017260871,"upper_bound":2289015.6751847835},"point_estimate":2252757.15347826,"standard_error":17844.526793315163},"median":{"confidence_interval":{"confidence_level":0.95,"lower_bound":2180721.4130434785,"upper_bound":2236030.8695652178},"point_estimate":2202747.8913043477,"standard_error":15301.044825381128},"median_abs_dev":{"confidence_interval":{"confidence_level":0.95,"lower_bound":94948.37744041641,"upper_bound":158548.88665041194},"point_estimate":123245.63507282232,"standard_error":15626.669458492737},"slope":null,"std_dev":{"confidence_interval":{"confidence_level":0.95,"lower_bound":137543.49959356492,"upper_bound":216744.4858738615},"point_estimate":179973.72563955374,"standard_error":20375.513589569124}}