{"mean":{"confidence_interval":{"confidence_level":0.95,"lower_bound":5965553.704805554,"upper_bound":6198521.775277776},"point_estimate":6081750.811111109,"standard_error":59419.614304241666},"median":{"confidence_interval":{"confidence_level":0.95,"lower_bound":5797434.333333333,"upper_bound":6309650.222222222},"point_estimate":6070870.555555556,"standard_error":143450.15663502633},"median_abs_dev":{"confidence_interval":{"confidence_level":0.95,"lower_bound":626085.1660847655,"upper_bound":893711.7583334441},"point_estimate":794434.2283626397,"standard_error":69498.25178673919},"slope":null,"std_dev":{"confidence_interval":{"confidence_level":0.95,"lower_bound":536265.4801083308,"upper_bound":654870.9387472813},"point_estimate":597667.4541738092,"standard_error":30289.495813285943}}