{"mean":{"confidence_interval":{"confidence_level":0.95,"lower_bound":1497905.085418802,"upper_bound":1553316.5130000869},"point_estimate":1522023.6805392927,"standard_error":14242.600947877829},"median":{"confidence_interval":{"confidence_level":0.95,"lower_bound":1477126.6551724137,"upper_bound":1494846.5353535353},"point_estimate":1484290.03718638,"standard_error":3965.047230013279},"median_abs_dev":{"confidence_interval":{"confidence_level":0.95,"lower_bound":26091.25883749574,"upper_bound":44219.32898078562},"point_estimate":34038.10510747082,"standard_error":4316.844697006221},"slope":{"confidence_interval":{"confidence_level":0.95,"lower_bound":1472005.2564210005,"upper_bound":1485707.7061307419},"point_estimate":1478363.9050687158,"standard_error":3495.5818269176143},"std_dev":{"confidence_interval":{"confidence_level":0.95,"lower_bound":58640.78926053933,"upper_bound":216980.3548471336},"point_estimate":142955.61666975924,"standard_error":42647.14140299665}}