{"mean":{"confidence_interval":{"confidence_level":0.95,"lower_bound":1397389.6374531565,"upper_bound":1485440.8620744988},"point_estimate":1438291.0769156637,"standard_error":22580.189943323123},"median":{"confidence_interval":{"confidence_level":0.95,"lower_bound":1351154.3131868131,"upper_bound":1411330.6847826086},"point_estimate":1369168.043448276,"standard_error":14508.74902693749},"median_abs_dev":{"confidence_interval":{"confidence_level":0.95,"lower_bound":91941.869810616,"upper_bound":159603.39133385275},"point_estimate":121556.98727176645,"standard_error":17163.574851551006},"slope":{"confidence_interval":{"confidence_level":0.95,"lower_bound":1347303.1661036573,"upper_bound":1407331.72361104},"point_estimate":1376252.5424767253,"standard_error":15263.17861924271},"std_dev":{"confidence_interval":{"confidence_level":0.95,"lower_bound":145261.92062709498,"upper_bound":307104.67201061844},"point_estimate":227640.7774091299,"standard_error":41907.533259916985}}