{"mean":{"confidence_interval":{"confidence_level":0.95,"lower_bound":2039.565392513719,"upper_bound":2079.1509886090666},"point_estimate":2058.544650063802,"standard_error":10.099666007303416},"median":{"confidence_interval":{"confidence_level":0.95,"lower_bound":2028.0769906323185,"upper_bound":2059.651140894993},"point_estimate":2044.6314761831118,"standard_error":7.682178522889498},"median_abs_dev":{"confidence_interval":{"confidence_level":0.95,"lower_bound":47.11041438134852,"upper_bound":79.56705312951257},"point_estimate":64.23973271926647,"standard_error":8.161504605432278},"slope":{"confidence_interval":{"confidence_level":0.95,"lower_bound":2067.0078879395264,"upper_bound":2106.7181342258104},"point_estimate":2086.4550073403475,"standard_error":10.158599227961664},"std_dev":{"confidence_interval":{"confidence_level":0.95,"lower_bound":73.83999800705466,"upper_bound":129.92495948724692},"point_estimate":100.94791606005333,"standard_error":14.699080351086259}}