{"mean":{"confidence_interval":{"confidence_level":0.95,"lower_bound":1859439.0072203777,"upper_bound":1952847.2340673294},"point_estimate":1904815.6776233655,"standard_error":23818.312106431225},"median":{"confidence_interval":{"confidence_level":0.95,"lower_bound":1828958.5833333335,"upper_bound":1939278.588436538},"point_estimate":1888056.117816092,"standard_error":28355.725596859113},"median_abs_dev":{"confidence_interval":{"confidence_level":0.95,"lower_bound":176093.67068718612,"upper_bound":269245.29026963783},"point_estimate":231295.8337346321,"standard_error":23766.76418336749},"slope":{"confidence_interval":{"confidence_level":0.95,"lower_bound":1837459.4544427493,"upper_bound":1925474.7748528263},"point_estimate":1880654.8827397665,"standard_error":22419.00295370881},"std_dev":{"confidence_interval":{"confidence_level":0.95,"lower_bound":185716.33073338974,"upper_bound":297788.90734239604},"point_estimate":238783.3437462577,"standard_error":29616.541368398743}}