{"mean":{"confidence_interval":{"confidence_level":0.95,"lower_bound":1682546.2069325626,"upper_bound":1748713.0645734132},"point_estimate":1715011.4863867695,"standard_error":16848.971063273442},"median":{"confidence_interval":{"confidence_level":0.95,"lower_bound":1667120.3714285714,"upper_bound":1720584.634047619},"point_estimate":1700498.2092369478,"standard_error":13599.742084040754},"median_abs_dev":{"confidence_interval":{"confidence_level":0.95,"lower_bound":99500.65659395703,"upper_bound":194520.95998065037},"point_estimate":129284.8434914999,"standard_error":25913.06199885075},"slope":{"confidence_interval":{"confidence_level":0.95,"lower_bound":1663875.1224976245,"upper_bound":1726398.1033609682},"point_estimate":1695324.6822432391,"standard_error":15913.926616560166},"std_dev":{"confidence_interval":{"confidence_level":0.95,"lower_bound":137855.46462633184,"upper_bound":198541.02534942425},"point_estimate":168985.7811880886,"standard_error":15521.020276916814}}