{"mean":{"confidence_interval":{"confidence_level":0.95,"lower_bound":207243.46370072264,"upper_bound":217379.02588358775},"point_estimate":211755.19106237174,"standard_error":2605.6464282989327},"median":{"confidence_interval":{"confidence_level":0.95,"lower_bound":202791.010989011,"upper_bound":207510.52908986172},"point_estimate":205064.24494028912,"standard_error":1036.91862970149},"median_abs_dev":{"confidence_interval":{"confidence_level":0.95,"lower_bound":5610.18825688975,"upper_bound":11530.55114035277},"point_estimate":7593.782968146216,"standard_error":1475.7492668162447},"slope":{"confidence_interval":{"confidence_level":0.95,"lower_bound":200491.20820722854,"upper_bound":203675.9182553926},"point_estimate":202054.97642736812,"standard_error":810.7363684573415},"std_dev":{"confidence_interval":{"confidence_level":0.95,"lower_bound":12896.05288731544,"upper_bound":38796.9961280843},"point_estimate":26185.240651839376,"standard_error":7069.191680985028}}