{"mean":{"confidence_interval":{"confidence_level":0.95,"lower_bound":151985.3699267736,"upper_bound":155531.32089741106},"point_estimate":153769.1357719787,"standard_error":903.3989882962001},"median":{"confidence_interval":{"confidence_level":0.95,"lower_bound":150637.11658456485,"upper_bound":154207.0775510204},"point_estimate":151731.8505920887,"standard_error":757.0165098561587},"median_abs_dev":{"confidence_interval":{"confidence_level":0.95,"lower_bound":4246.945504217016,"upper_bound":7584.089864534353},"point_estimate":5758.194640242654,"standard_error":794.4546493337759},"slope":{"confidence_interval":{"confidence_level":0.95,"lower_bound":151074.9756954108,"upper_bound":154844.17879401337},"point_estimate":152853.96498511685,"standard_error":970.483001982598},"std_dev":{"confidence_interval":{"confidence_level":0.95,"lower_bound":6269.808148146921,"upper_bound":11861.379873707683},"point_estimate":9054.731169642904,"standard_error":1440.8218893590729}}