{"mean":{"confidence_interval":{"confidence_level":0.95,"lower_bound":233278.7018666615,"upper_bound":242172.99902859933},"point_estimate":237490.99377508165,"standard_error":2272.2622024235975},"median":{"confidence_interval":{"confidence_level":0.95,"lower_bound":228765.56944045913,"upper_bound":234888.38776371308},"point_estimate":231958.43487938598,"standard_error":1741.1263366296253},"median_abs_dev":{"confidence_interval":{"confidence_level":0.95,"lower_bound":11428.753578271486,"upper_bound":18938.83103011513},"point_estimate":14793.56128198135,"standard_error":1962.7220239567725},"slope":{"confidence_interval":{"confidence_level":0.95,"lower_bound":228314.33661111433,"upper_bound":234148.45812918447},"point_estimate":231126.01082252106,"standard_error":1483.9690765380005},"std_dev":{"confidence_interval":{"confidence_level":0.95,"lower_bound":16448.14853983893,"upper_bound":29083.340764748846},"point_estimate":22868.917582169473,"standard_error":3259.5596323979735}}