{"mean":{"confidence_interval":{"confidence_level":0.95,"lower_bound":147898.82694311638,"upper_bound":151926.38322302597},"point_estimate":149832.6256225598,"standard_error":1029.9499370987278},"median":{"confidence_interval":{"confidence_level":0.95,"lower_bound":145907.5569007264,"upper_bound":148836.41200828156},"point_estimate":147385.77167919802,"standard_error":848.2585386986727},"median_abs_dev":{"confidence_interval":{"confidence_level":0.95,"lower_bound":4930.034437474934,"upper_bound":9328.814936223747},"point_estimate":7335.62379131836,"standard_error":1101.1253939538044},"slope":{"confidence_interval":{"confidence_level":0.95,"lower_bound":146900.2778836736,"upper_bound":151117.78715416585},"point_estimate":148875.98585066182,"standard_error":1080.4806678811613},"std_dev":{"confidence_interval":{"confidence_level":0.95,"lower_bound":7913.898182605423,"upper_bound":12835.11942454256},"point_estimate":10382.439008619896,"standard_error":1273.39881102927}}