{"mean":{"confidence_interval":{"confidence_level":0.95,"lower_bound":144993.74305966895,"upper_bound":157273.8515994247},"point_estimate":150293.75106449454,"standard_error":3157.389077497433},"median":{"confidence_interval":{"confidence_level":0.95,"lower_bound":140082.28214285715,"upper_bound":145684.37765957447},"point_estimate":141419.82048440067,"standard_error":1430.7471325932095},"median_abs_dev":{"confidence_interval":{"confidence_level":0.95,"lower_bound":8878.439047093172,"upper_bound":15303.906028617146},"point_estimate":11465.872413934065,"standard_error":1706.2756717244465},"slope":{"confidence_interval":{"confidence_level":0.95,"lower_bound":138962.76722493887,"upper_bound":147253.48493632616},"point_estimate":142801.32164706875,"standard_error":2125.138146671442},"std_dev":{"confidence_interval":{"confidence_level":0.95,"lower_bound":15099.415881711848,"upper_bound":48228.881040949615},"point_estimate":31743.287911569703,"standard_error":9777.297229500424}}