{"mean":{"confidence_interval":{"confidence_level":0.95,"lower_bound":9004630.357875,"upper_bound":9138892.115},"point_estimate":9071095.204999998,"standard_error":34144.23140593778},"median":{"confidence_interval":{"confidence_level":0.95,"lower_bound":8963973.833333332,"upper_bound":9125751.833333334},"point_estimate":9050025.5,"standard_error":41290.85298981598},"median_abs_dev":{"confidence_interval":{"confidence_level":0.95,"lower_bound":286503.91996353865,"upper_bound":431226.5264566973},"point_estimate":363809.15359109687,"standard_error":37147.24021067502},"slope":null,"std_dev":{"confidence_interval":{"confidence_level":0.95,"lower_bound":292580.35204166063,"upper_bound":386823.4905721509},"point_estimate":342084.89974166383,"standard_error":24095.0211697562}}