{"mean":{"confidence_interval":{"confidence_level":0.95,"lower_bound":117400.04902311224,"upper_bound":127031.13816164406},"point_estimate":121136.12997067659,"standard_error":2565.2979336472695},"median":{"confidence_interval":{"confidence_level":0.95,"lower_bound":114887.41608391609,"upper_bound":118872.87777777777},"point_estimate":116112.77236245375,"standard_error":1150.6035789051502},"median_abs_dev":{"confidence_interval":{"confidence_level":0.95,"lower_bound":5188.972781429948,"upper_bound":9159.976451701552},"point_estimate":6180.109671274959,"standard_error":1100.697163331463},"slope":{"confidence_interval":{"confidence_level":0.95,"lower_bound":116908.20135931303,"upper_bound":125132.79531225095},"point_estimate":120271.18983662545,"standard_error":2137.408895899113},"std_dev":{"confidence_interval":{"confidence_level":0.95,"lower_bound":7178.072708701582,"upper_bound":42538.22079042151},"point_estimate":25755.21879673668,"standard_error":11687.3399081829}}