{"mean":{"confidence_interval":{"confidence_level":0.95,"lower_bound":12277924.766599998,"upper_bound":12578925.752549997},"point_estimate":12425169.853999998,"standard_error":76853.79994608682},"median":{"confidence_interval":{"confidence_level":0.95,"lower_bound":12169479.899999999,"upper_bound":12483104.0},"point_estimate":12375772.5,"standard_error":86334.56604989206},"median_abs_dev":{"confidence_interval":{"confidence_level":0.95,"lower_bound":611313.9237070106,"upper_bound":965185.3332245358},"point_estimate":852654.660882354,"standard_error":91166.55629668642},"slope":null,"std_dev":{"confidence_interval":{"confidence_level":0.95,"lower_bound":644235.4002451745,"upper_bound":891966.1663909517},"point_estimate":773210.866896555,"standard_error":63251.56649141207}}