{"mean":{"confidence_interval":{"confidence_level":0.95,"lower_bound":1074530.2216071459,"upper_bound":1146082.2822326804},"point_estimate":1106293.8203228628,"standard_error":18327.825316811526},"median":{"confidence_interval":{"confidence_level":0.95,"lower_bound":1048303.7916666666,"upper_bound":1086865.6462747778},"point_estimate":1064613.5015037595,"standard_error":9859.14978542369},"median_abs_dev":{"confidence_interval":{"confidence_level":0.95,"lower_bound":62193.96805879949,"upper_bound":108879.095584115},"point_estimate":83994.69499643214,"standard_error":11985.949282920878},"slope":{"confidence_interval":{"confidence_level":0.95,"lower_bound":1050684.060151987,"upper_bound":1082873.6685639252},"point_estimate":1066684.5113964828,"standard_error":8230.689509603913},"std_dev":{"confidence_interval":{"confidence_level":0.95,"lower_bound":94454.91833608938,"upper_bound":268978.5703676056},"point_estimate":184114.02214388124,"standard_error":46927.35783283651}}