{"mean":{"confidence_interval":{"confidence_level":0.95,"lower_bound":807898.7779103239,"upper_bound":845386.2737803045},"point_estimate":825271.371513123,"standard_error":9578.515705012394},"median":{"confidence_interval":{"confidence_level":0.95,"lower_bound":791354.7807676261,"upper_bound":821649.6210526315},"point_estimate":804129.9582043344,"standard_error":9367.333688643017},"median_abs_dev":{"confidence_interval":{"confidence_level":0.95,"lower_bound":42277.5454008082,"upper_bound":67394.8638381971},"point_estimate":54884.562331945956,"standard_error":6351.586460991394},"slope":{"confidence_interval":{"confidence_level":0.95,"lower_bound":787979.9504042264,"upper_bound":817572.1768806712},"point_estimate":802191.6755726319,"standard_error":7534.665594871681},"std_dev":{"confidence_interval":{"confidence_level":0.95,"lower_bound":60772.91237452598,"upper_bound":131467.67156491382},"point_estimate":96361.927878208,"standard_error":18577.240315750965}}