{"mean":{"confidence_interval":{"confidence_level":0.95,"lower_bound":37401.418547880894,"upper_bound":38009.36590856842},"point_estimate":37701.674951919566,"standard_error":155.13978148685902},"median":{"confidence_interval":{"confidence_level":0.95,"lower_bound":37512.20231543761,"upper_bound":37810.16207261653},"point_estimate":37649.19654316762,"standard_error":85.53439056689339},"median_abs_dev":{"confidence_interval":{"confidence_level":0.95,"lower_bound":630.1209296614495,"upper_bound":1134.0533771429243},"point_estimate":849.323775079863,"standard_error":132.97658161417962},"slope":{"confidence_interval":{"confidence_level":0.95,"lower_bound":36616.08439678039,"upper_bound":37376.15986726951},"point_estimate":36982.66460253947,"standard_error":194.51558165135017},"std_dev":{"confidence_interval":{"confidence_level":0.95,"lower_bound":1248.7804919812686,"upper_bound":1846.0469420933684},"point_estimate":1559.9358257599727,"standard_error":152.5525447537763}}