{"mean":{"confidence_interval":{"confidence_level":0.95,"lower_bound":923725.157288475,"upper_bound":939319.3716242298},"point_estimate":931192.2877606147,"standard_error":4000.5355158704847},"median":{"confidence_interval":{"confidence_level":0.95,"lower_bound":917052.3222222222,"upper_bound":930680.7619047619},"point_estimate":922269.9331694758,"standard_error":3010.6458480898054},"median_abs_dev":{"confidence_interval":{"confidence_level":0.95,"lower_bound":22169.620230825276,"upper_bound":35323.61081135523},"point_estimate":27465.173864603457,"standard_error":3353.305886575973},"slope":{"confidence_interval":{"confidence_level":0.95,"lower_bound":925325.774523456,"upper_bound":942053.480340746},"point_estimate":933411.2747037092,"standard_error":4267.910635600935},"std_dev":{"confidence_interval":{"confidence_level":0.95,"lower_bound":29989.6049417932,"upper_bound":49642.97145825693},"point_estimate":40166.99065921145,"standard_error":5028.360518042139}}