{"mean":{"confidence_interval":{"confidence_level":0.95,"lower_bound":2106847.9578125,"upper_bound":2156957.998989584},"point_estimate":2131080.0608333335,"standard_error":12809.827452819685},"median":{"confidence_interval":{"confidence_level":0.95,"lower_bound":2095867.0833333333,"upper_bound":2148378.125},"point_estimate":2112080.333333333,"standard_error":11278.611947357398},"median_abs_dev":{"confidence_interval":{"confidence_level":0.95,"lower_bound":82807.50189237285,"upper_bound":148484.28617293944},"point_estimate":118802.55825333291,"standard_error":15480.874508619565},"slope":null,"std_dev":{"confidence_interval":{"confidence_level":0.95,"lower_bound":99485.35393216016,"upper_bound":158135.57939181922},"point_estimate":129661.02930674498,"standard_error":15024.772795704412}}