{"mean":{"confidence_interval":{"confidence_level":0.95,"lower_bound":101672.44693496088,"upper_bound":104227.42024052588},"point_estimate":102892.58417127939,"standard_error":655.1146898677595},"median":{"confidence_interval":{"confidence_level":0.95,"lower_bound":100430.78624394673,"upper_bound":101972.15852272726},"point_estimate":101136.2521215296,"standard_error":389.68524296666357},"median_abs_dev":{"confidence_interval":{"confidence_level":0.95,"lower_bound":2755.842604104315,"upper_bound":5187.544806038035},"point_estimate":3581.3893342731308,"standard_error":596.1521462425939},"slope":{"confidence_interval":{"confidence_level":0.95,"lower_bound":99952.22556885381,"upper_bound":102123.10921121933},"point_estimate":100979.76793409191,"standard_error":553.3327058334386},"std_dev":{"confidence_interval":{"confidence_level":0.95,"lower_bound":4779.278839609655,"upper_bound":8137.685900205667},"point_estimate":6584.438642604003,"standard_error":857.7094218951327}}