{"mean":{"confidence_interval":{"confidence_level":0.95,"lower_bound":249541917.41300002,"upper_bound":266686379.94825},"point_estimate":257265378.91,"standard_error":4391332.738630647},"median":{"confidence_interval":{"confidence_level":0.95,"lower_bound":249183702.0,"upper_bound":256268893.0},"point_estimate":252087639.5,"standard_error":1804347.0476767905},"median_abs_dev":{"confidence_interval":{"confidence_level":0.95,"lower_bound":15791872.848138213,"upper_bound":30542844.130656123},"point_estimate":21811323.6276716,"standard_error":3763293.113040517},"slope":null,"std_dev":{"confidence_interval":{"confidence_level":0.95,"lower_bound":24604568.83157424,"upper_bound":65141887.71722895},"point_estimate":44177661.86102639,"standard_error":11958959.197087394}}