{"mean":{"confidence_interval":{"confidence_level":0.95,"lower_bound":209314.4677881694,"upper_bound":217584.93214160603},"point_estimate":213214.25947409973,"standard_error":2107.4936854564785},"median":{"confidence_interval":{"confidence_level":0.95,"lower_bound":206035.98072289157,"upper_bound":212587.63333333333},"point_estimate":209168.46411290322,"standard_error":1681.9237037546618},"median_abs_dev":{"confidence_interval":{"confidence_level":0.95,"lower_bound":10450.115933111205,"upper_bound":17059.997681821595},"point_estimate":13593.511663282317,"standard_error":1645.2218560347324},"slope":{"confidence_interval":{"confidence_level":0.95,"lower_bound":202436.15488577267,"upper_bound":212580.31025659657},"point_estimate":207095.76959952712,"standard_error":2606.777579050714},"std_dev":{"confidence_interval":{"confidence_level":0.95,"lower_bound":14933.361372681162,"upper_bound":27691.944243066322},"point_estimate":21173.86489954978,"standard_error":3366.028044187562}}