{"mean":{"confidence_interval":{"confidence_level":0.95,"lower_bound":221439.44629010357,"upper_bound":243763.5875415527},"point_estimate":230224.8920820228,"standard_error":5931.804200119322},"median":{"confidence_interval":{"confidence_level":0.95,"lower_bound":216042.24583333335,"upper_bound":223074.9283018868},"point_estimate":219090.29081632654,"standard_error":1872.5294654593524},"median_abs_dev":{"confidence_interval":{"confidence_level":0.95,"lower_bound":12700.649640248745,"upper_bound":21569.649985920812},"point_estimate":16446.25406083717,"standard_error":2207.2072745318715},"slope":{"confidence_interval":{"confidence_level":0.95,"lower_bound":216940.29160704528,"upper_bound":226684.77614465947},"point_estimate":221481.50087069604,"standard_error":2494.6424155302357},"std_dev":{"confidence_interval":{"confidence_level":0.95,"lower_bound":17009.7954140924,"upper_bound":97815.03869398593},"point_estimate":59561.96870529518,"standard_error":26159.103230632867}}