{"mean":{"confidence_interval":{"confidence_level":0.95,"lower_bound":1840676.8014999998,"upper_bound":2003737.833141303},"point_estimate":1919275.6430434785,"standard_error":41746.6704850962},"median":{"confidence_interval":{"confidence_level":0.95,"lower_bound":1795305.9130434783,"upper_bound":1990364.0},"point_estimate":1914767.891304348,"standard_error":51741.68838793465},"median_abs_dev":{"confidence_interval":{"confidence_level":0.95,"lower_bound":242081.46990654274,"upper_bound":377755.83725001506},"point_estimate":303789.7625544794,"standard_error":34817.06506275594},"slope":null,"std_dev":{"confidence_interval":{"confidence_level":0.95,"lower_bound":316339.9171091328,"upper_bound":516218.6186755508},"point_estimate":419225.1908688605,"standard_error":51168.00958041989}}