{"mean":{"confidence_interval":{"confidence_level":0.95,"lower_bound":526586.7547735794,"upper_bound":539154.7273650558},"point_estimate":532804.1144470413,"standard_error":3212.2545338183463},"median":{"confidence_interval":{"confidence_level":0.95,"lower_bound":525192.8815789474,"upper_bound":535182.32},"point_estimate":530422.0615922171,"standard_error":2789.08594876618},"median_abs_dev":{"confidence_interval":{"confidence_level":0.95,"lower_bound":23098.985742640165,"upper_bound":39050.951841532886},"point_estimate":30569.96183727474,"standard_error":4060.3768255632467},"slope":{"confidence_interval":{"confidence_level":0.95,"lower_bound":519272.3431746183,"upper_bound":535192.8292486086},"point_estimate":527013.368480863,"standard_error":4065.6639174235524},"std_dev":{"confidence_interval":{"confidence_level":0.95,"lower_bound":27858.32577885727,"upper_bound":36189.91571628253},"point_estimate":32288.215069214257,"standard_error":2122.8525410411326}}