{"mean":{"confidence_interval":{"confidence_level":0.95,"lower_bound":4115.965373960115,"upper_bound":4128.624387942084},"point_estimate":4122.332955417148,"standard_error":3.2349455596356367},"median":{"confidence_interval":{"confidence_level":0.95,"lower_bound":4115.42682577163,"upper_bound":4130.354314818374},"point_estimate":4122.399535123966,"standard_error":4.148820369055611},"median_abs_dev":{"confidence_interval":{"confidence_level":0.95,"lower_bound":21.327393913118264,"upper_bound":41.05845135143177},"point_estimate":30.727086348738222,"standard_error":5.282735212964969},"slope":{"confidence_interval":{"confidence_level":0.95,"lower_bound":4103.27699727196,"upper_bound":4118.192924075143},"point_estimate":4111.1630679513,"standard_error":3.8132025335647524},"std_dev":{"confidence_interval":{"confidence_level":0.95,"lower_bound":27.460111656884138,"upper_bound":37.19476823478557},"point_estimate":32.50515449009948,"standard_error":2.489895756216972}}