{"mean":{"confidence_interval":{"confidence_level":0.95,"lower_bound":1405607.5974691513,"upper_bound":1502602.256647305},"point_estimate":1448303.2098950886,"standard_error":25009.729708132163},"median":{"confidence_interval":{"confidence_level":0.95,"lower_bound":1367436.313368984,"upper_bound":1410329.875},"point_estimate":1389514.0444444444,"standard_error":10247.605643533918},"median_abs_dev":{"confidence_interval":{"confidence_level":0.95,"lower_bound":50332.64891664417,"upper_bound":87020.82848564161},"point_estimate":69057.81472731192,"standard_error":9244.264672549187},"slope":{"confidence_interval":{"confidence_level":0.95,"lower_bound":1380900.1644015098,"upper_bound":1411926.4060525566},"point_estimate":1396252.6179311364,"standard_error":7880.985386735771},"std_dev":{"confidence_interval":{"confidence_level":0.95,"lower_bound":99516.28755907487,"upper_bound":378136.35867798596},"point_estimate":251548.4697697017,"standard_error":72179.16169301339}}