{"mean":{"confidence_interval":{"confidence_level":0.95,"lower_bound":415645.30039503647,"upper_bound":444597.36415558954},"point_estimate":429894.8421239002,"standard_error":7426.26727543986},"median":{"confidence_interval":{"confidence_level":0.95,"lower_bound":403103.46990140114,"upper_bound":444183.0},"point_estimate":424532.2622222222,"standard_error":8817.71360822464},"median_abs_dev":{"confidence_interval":{"confidence_level":0.95,"lower_bound":52300.88977100355,"upper_bound":90204.91763630872},"point_estimate":68050.76068356869,"standard_error":9578.385840062969},"slope":{"confidence_interval":{"confidence_level":0.95,"lower_bound":409909.23431491887,"upper_bound":441132.7837306966},"point_estimate":425334.15543470765,"standard_error":7949.537221199383},"std_dev":{"confidence_interval":{"confidence_level":0.95,"lower_bound":62102.43054447895,"upper_bound":85945.12224016283},"point_estimate":74424.61157881057,"standard_error":6106.791605088494}}