{"mean":{"confidence_interval":{"confidence_level":0.95,"lower_bound":707839.3423649002,"upper_bound":774946.0428625077},"point_estimate":738336.4448933105,"standard_error":17215.182385647957},"median":{"confidence_interval":{"confidence_level":0.95,"lower_bound":676777.7724719101,"upper_bound":692230.0542168674},"point_estimate":683089.558974359,"standard_error":4034.973709766029},"median_abs_dev":{"confidence_interval":{"confidence_level":0.95,"lower_bound":29708.076513554184,"upper_bound":53659.165872588404},"point_estimate":38734.49115096169,"standard_error":6603.874758590561},"slope":{"confidence_interval":{"confidence_level":0.95,"lower_bound":686136.5182713009,"upper_bound":756029.6306763241},"point_estimate":717609.6861312251,"standard_error":17912.877393101546},"std_dev":{"confidence_interval":{"confidence_level":0.95,"lower_bound":95453.0898916391,"upper_bound":241311.156682299},"point_estimate":173219.1694149109,"standard_error":37788.60429882827}}