{"mean":{"confidence_interval":{"confidence_level":0.95,"lower_bound":234103.32101761605,"upper_bound":243531.07771803444},"point_estimate":238695.8504247707,"standard_error":2412.0064887561684},"median":{"confidence_interval":{"confidence_level":0.95,"lower_bound":225709.57272727272,"upper_bound":235566.43655913978},"point_estimate":230662.97640232107,"standard_error":2645.036984519063},"median_abs_dev":{"confidence_interval":{"confidence_level":0.95,"lower_bound":13152.65832483185,"upper_bound":24771.814055978997},"point_estimate":20413.711808430096,"standard_error":3029.8449262961694},"slope":{"confidence_interval":{"confidence_level":0.95,"lower_bound":226415.624853392,"upper_bound":233919.66847733804},"point_estimate":229983.56848943402,"standard_error":1909.9104171290282},"std_dev":{"confidence_interval":{"confidence_level":0.95,"lower_bound":19580.573302461962,"upper_bound":28253.801225712636},"point_estimate":24241.81906946277,"standard_error":2219.9875182910346}}