{"mean":{"confidence_interval":{"confidence_level":0.95,"lower_bound":185980.53411594138,"upper_bound":191661.88906936705},"point_estimate":188622.58367106598,"standard_error":1452.5983183151725},"median":{"confidence_interval":{"confidence_level":0.95,"lower_bound":182069.73273273272,"upper_bound":187007.36787280702},"point_estimate":184921.8117201426,"standard_error":1162.1923524966005},"median_abs_dev":{"confidence_interval":{"confidence_level":0.95,"lower_bound":5991.483293021076,"upper_bound":11686.603826338815},"point_estimate":8409.967750615075,"standard_error":1390.7362884942438},"slope":{"confidence_interval":{"confidence_level":0.95,"lower_bound":181362.29656901205,"upper_bound":185105.07645177317},"point_estimate":183085.43005418452,"standard_error":956.8848737121241},"std_dev":{"confidence_interval":{"confidence_level":0.95,"lower_bound":9445.365925378253,"upper_bound":19582.675307929905},"point_estimate":14599.120348233628,"standard_error":2652.6623218806053}}