{"mean":{"confidence_interval":{"confidence_level":0.95,"lower_bound":2225682.6212282605,"upper_bound":2363599.5604673903},"point_estimate":2289525.013043479,"standard_error":35265.43082031749},"median":{"confidence_interval":{"confidence_level":0.95,"lower_bound":2214068.5217391304,"upper_bound":2314225.652173913},"point_estimate":2266029.847826087,"standard_error":24769.765748376372},"median_abs_dev":{"confidence_interval":{"confidence_level":0.95,"lower_bound":165588.1101732676,"upper_bound":291603.46760996006},"point_estimate":204016.5858040683,"standard_error":30887.843342630174},"slope":null,"std_dev":{"confidence_interval":{"confidence_level":0.95,"lower_bound":231814.89142674438,"upper_bound":493693.89581895346},"point_estimate":354698.0406786303,"standard_error":72890.7518632599}}