{"mean":{"confidence_interval":{"confidence_level":0.95,"lower_bound":1538821.1367227915,"upper_bound":1551938.2871001156},"point_estimate":1544942.11522062,"standard_error":3343.301671669494},"median":{"confidence_interval":{"confidence_level":0.95,"lower_bound":1532174.9375,"upper_bound":1538734.1098901099},"point_estimate":1534557.7258536585,"standard_error":1442.5847868212118},"median_abs_dev":{"confidence_interval":{"confidence_level":0.95,"lower_bound":11904.680128080689,"upper_bound":21232.111192305772},"point_estimate":16238.282022812184,"standard_error":2141.7385382380335},"slope":{"confidence_interval":{"confidence_level":0.95,"lower_bound":1527783.7134111759,"upper_bound":1537785.6180952454},"point_estimate":1532411.6043505245,"standard_error":2563.141801865542},"std_dev":{"confidence_interval":{"confidence_level":0.95,"lower_bound":22107.467708334338,"upper_bound":43781.80851486935},"point_estimate":33492.638283786386,"standard_error":5569.800024144384}}