{"mean":{"confidence_interval":{"confidence_level":0.95,"lower_bound":116632.6072265215,"upper_bound":119036.90015424826},"point_estimate":117765.44194069837,"standard_error":615.4781368863682},"median":{"confidence_interval":{"confidence_level":0.95,"lower_bound":115421.70158730159,"upper_bound":117075.91811634868},"point_estimate":116199.51873385013,"standard_error":459.7065913334134},"median_abs_dev":{"confidence_interval":{"confidence_level":0.95,"lower_bound":2737.515952415965,"upper_bound":4698.5556087207015},"point_estimate":3603.384961953963,"standard_error":501.11494845136934},"slope":{"confidence_interval":{"confidence_level":0.95,"lower_bound":114269.13684713603,"upper_bound":115574.96810363045},"point_estimate":114882.1938039177,"standard_error":334.1735702228476},"std_dev":{"confidence_interval":{"confidence_level":0.95,"lower_bound":4266.886896993095,"upper_bound":7985.965179981761},"point_estimate":6179.601263878212,"standard_error":958.5487830392435}}