{"mean":{"confidence_interval":{"confidence_level":0.95,"lower_bound":315366.6600483574,"upper_bound":335356.90631948254},"point_estimate":324046.944081156,"standard_error":5153.619850062548},"median":{"confidence_interval":{"confidence_level":0.95,"lower_bound":308651.7233333333,"upper_bound":317491.5743243243},"point_estimate":312025.1875,"standard_error":2189.91881236124},"median_abs_dev":{"confidence_interval":{"confidence_level":0.95,"lower_bound":12414.86893736231,"upper_bound":20032.26492505682},"point_estimate":15369.584341732065,"standard_error":1882.4251964808218},"slope":{"confidence_interval":{"confidence_level":0.95,"lower_bound":307291.6173001066,"upper_bound":315782.95114244876},"point_estimate":311164.2300081277,"standard_error":2167.4406911158335},"std_dev":{"confidence_interval":{"confidence_level":0.95,"lower_bound":23543.490551444032,"upper_bound":78740.87394370661},"point_estimate":51710.33759890931,"standard_error":15943.001531361077}}