{"mean":{"confidence_interval":{"confidence_level":0.95,"lower_bound":3157436.9182205894,"upper_bound":3309082.287058824},"point_estimate":3228680.656470588,"standard_error":38767.918280993086},"median":{"confidence_interval":{"confidence_level":0.95,"lower_bound":3070401.4411764704,"upper_bound":3161557.294117647},"point_estimate":3104587.4411764704,"standard_error":26214.052790471265},"median_abs_dev":{"confidence_interval":{"confidence_level":0.95,"lower_bound":151588.89435081818,"upper_bound":287567.7126983286},"point_estimate":205958.12251410086,"standard_error":31608.199472728185},"slope":null,"std_dev":{"confidence_interval":{"confidence_level":0.95,"lower_bound":263708.0635212352,"upper_bound":498592.4364853229},"point_estimate":389159.75215513527,"standard_error":60115.63039584567}}