{"mean":{"confidence_interval":{"confidence_level":0.95,"lower_bound":102518.06945877767,"upper_bound":105281.11315650059},"point_estimate":103867.29498298914,"standard_error":704.2471331692574},"median":{"confidence_interval":{"confidence_level":0.95,"lower_bound":100092.20153846154,"upper_bound":105348.784},"point_estimate":101953.39931245225,"standard_error":1400.5225483206416},"median_abs_dev":{"confidence_interval":{"confidence_level":0.95,"lower_bound":5250.451303569674,"upper_bound":9261.826098993652},"point_estimate":7524.482829522278,"standard_error":1025.542538761388},"slope":{"confidence_interval":{"confidence_level":0.95,"lower_bound":104126.03431068342,"upper_bound":107858.94574476132},"point_estimate":106053.02097768582,"standard_error":953.7332003118663},"std_dev":{"confidence_interval":{"confidence_level":0.95,"lower_bound":6172.349937006644,"upper_bound":7904.924062101744},"point_estimate":7092.77084930618,"standard_error":442.386001940862}}