{"mean":{"confidence_interval":{"confidence_level":0.95,"lower_bound":7393416.910821431,"upper_bound":7493944.2554285675},"point_estimate":7442916.910000001,"standard_error":25693.432171071076},"median":{"confidence_interval":{"confidence_level":0.95,"lower_bound":7383683.428571428,"upper_bound":7452164.571428572},"point_estimate":7409271.142857143,"standard_error":14382.790171656923},"median_abs_dev":{"confidence_interval":{"confidence_level":0.95,"lower_bound":138167.40984703792,"upper_bound":300758.8539604629},"point_estimate":202081.34161233902,"standard_error":44269.23906206876},"slope":null,"std_dev":{"confidence_interval":{"confidence_level":0.95,"lower_bound":216024.687423602,"upper_bound":295057.4960332915},"point_estimate":257775.5938657525,"standard_error":20223.893699120657}}