{"mean":{"confidence_interval":{"confidence_level":0.95,"lower_bound":67442.95361255523,"upper_bound":68430.59143247281},"point_estimate":67911.35923350074,"standard_error":251.43241134615147},"median":{"confidence_interval":{"confidence_level":0.95,"lower_bound":66784.79714285715,"upper_bound":67184.10983102919},"point_estimate":66949.3363158293,"standard_error":101.3905185764149},"median_abs_dev":{"confidence_interval":{"confidence_level":0.95,"lower_bound":666.8504552764284,"upper_bound":1269.3309771954246},"point_estimate":887.3131485955819,"standard_error":153.8772876146426},"slope":{"confidence_interval":{"confidence_level":0.95,"lower_bound":67474.95231545478,"upper_bound":68667.99815341413},"point_estimate":68034.88152842576,"standard_error":306.11644236344557},"std_dev":{"confidence_interval":{"confidence_level":0.95,"lower_bound":1866.0585450584285,"upper_bound":3099.7933357450634},"point_estimate":2532.0947065507985,"standard_error":315.75991222570747}}