{"mean":{"confidence_interval":{"confidence_level":0.95,"lower_bound":398149.19981322775,"upper_bound":419763.4778250515},"point_estimate":407910.8057117261,"standard_error":5553.409883119079},"median":{"confidence_interval":{"confidence_level":0.95,"lower_bound":386790.10256410256,"upper_bound":400433.7121212121},"point_estimate":392352.7453102453,"standard_error":3371.722609451502},"median_abs_dev":{"confidence_interval":{"confidence_level":0.95,"lower_bound":17420.517644180214,"upper_bound":33205.00219752505},"point_estimate":22804.849114943587,"standard_error":4015.0941244386827},"slope":{"confidence_interval":{"confidence_level":0.95,"lower_bound":394275.22735038126,"upper_bound":410634.71810183924},"point_estimate":402298.5526850894,"standard_error":4182.749106575881},"std_dev":{"confidence_interval":{"confidence_level":0.95,"lower_bound":29036.25172834062,"upper_bound":79664.27541138518},"point_estimate":56039.00291243009,"standard_error":13320.324699520923}}