{"mean":{"confidence_interval":{"confidence_level":0.95,"lower_bound":209685.56409777657,"upper_bound":215582.0873685901},"point_estimate":212492.4688499883,"standard_error":1507.4327631496321},"median":{"confidence_interval":{"confidence_level":0.95,"lower_bound":209756.24886363634,"upper_bound":212200.93392047437},"point_estimate":211301.01933333333,"standard_error":665.9494972366699},"median_abs_dev":{"confidence_interval":{"confidence_level":0.95,"lower_bound":6857.955887279208,"upper_bound":12044.065324589406},"point_estimate":8705.513196355323,"standard_error":1303.0447516984395},"slope":{"confidence_interval":{"confidence_level":0.95,"lower_bound":208967.58897357417,"upper_bound":213971.43870757706},"point_estimate":211449.71985163292,"standard_error":1275.9747215374564},"std_dev":{"confidence_interval":{"confidence_level":0.95,"lower_bound":10726.54995519003,"upper_bound":19179.276452581034},"point_estimate":15157.253210802191,"standard_error":2160.4620277797367}}