{"mean":{"confidence_interval":{"confidence_level":0.95,"lower_bound":123971298.97275001,"upper_bound":125935395.87075001},"point_estimate":124901947.6,"standard_error":501528.63451072306},"median":{"confidence_interval":{"confidence_level":0.95,"lower_bound":122942489.0,"upper_bound":123994495.0},"point_estimate":123368945.5,"standard_error":277460.0008093912},"median_abs_dev":{"confidence_interval":{"confidence_level":0.95,"lower_bound":2219943.642488122,"upper_bound":3913688.832718134},"point_estimate":3100941.6118472815,"standard_error":427854.5704207588},"slope":null,"std_dev":{"confidence_interval":{"confidence_level":0.95,"lower_bound":3545244.18165556,"upper_bound":6471390.331900371},"point_estimate":5037882.7943736855,"standard_error":752086.96828284}}