{"mean":{"confidence_interval":{"confidence_level":0.95,"lower_bound":850701.9677484607,"upper_bound":898822.2518520426},"point_estimate":873665.0761677724,"standard_error":12300.046742387736},"median":{"confidence_interval":{"confidence_level":0.95,"lower_bound":837106.4252873564,"upper_bound":884958.7172977624},"point_estimate":859940.3457792208,"standard_error":12784.118060144034},"median_abs_dev":{"confidence_interval":{"confidence_level":0.95,"lower_bound":76812.36847412826,"upper_bound":127341.51867173616},"point_estimate":102836.27165790231,"standard_error":12988.377771275089},"slope":{"confidence_interval":{"confidence_level":0.95,"lower_bound":804724.9590293984,"upper_bound":848250.9061667827},"point_estimate":825533.2110285207,"standard_error":11089.580355289629},"std_dev":{"confidence_interval":{"confidence_level":0.95,"lower_bound":91310.17145476963,"upper_bound":152439.7861812565},"point_estimate":123420.56566565804,"standard_error":15635.202824988082}}