{"mean":{"confidence_interval":{"confidence_level":0.95,"lower_bound":105854.1856143185,"upper_bound":113651.51699362928},"point_estimate":109212.80416558815,"standard_error":2007.0829626336908},"median":{"confidence_interval":{"confidence_level":0.95,"lower_bound":102736.83626373626,"upper_bound":105547.4382022472},"point_estimate":103948.94277408638,"standard_error":722.3844806845775},"median_abs_dev":{"confidence_interval":{"confidence_level":0.95,"lower_bound":3869.6425699518163,"upper_bound":7035.1211721872905},"point_estimate":5185.924156874921,"standard_error":786.9137265426878},"slope":{"confidence_interval":{"confidence_level":0.95,"lower_bound":103296.07102470114,"upper_bound":110981.06577295705},"point_estimate":106500.93227811439,"standard_error":1984.5882088896874},"std_dev":{"confidence_interval":{"confidence_level":0.95,"lower_bound":8389.072410558607,"upper_bound":30656.879187636467},"point_estimate":20157.870772296526,"standard_error":5984.901446408232}}