{"mean":{"confidence_interval":{"confidence_level":0.95,"lower_bound":209217.11535315902,"upper_bound":221277.0571261521},"point_estimate":214530.1709634578,"standard_error":3082.304602062583},"median":{"confidence_interval":{"confidence_level":0.95,"lower_bound":204233.23555555556,"upper_bound":207308.19565217392},"point_estimate":205761.44508952793,"standard_error":828.3431590376654},"median_abs_dev":{"confidence_interval":{"confidence_level":0.95,"lower_bound":6694.0067243957365,"upper_bound":11155.508201627918},"point_estimate":9032.383055427694,"standard_error":1143.0819043559607},"slope":{"confidence_interval":{"confidence_level":0.95,"lower_bound":207374.7283787594,"upper_bound":214740.3144866031},"point_estimate":210803.39404403724,"standard_error":1878.9205754425438},"std_dev":{"confidence_interval":{"confidence_level":0.95,"lower_bound":15011.121697258655,"upper_bound":45388.345196797905},"point_estimate":30971.07081714357,"standard_error":8050.586328047792}}