{"mean":{"confidence_interval":{"confidence_level":0.95,"lower_bound":550917.4989181161,"upper_bound":584783.6417937828},"point_estimate":566946.4437636692,"standard_error":8620.568373493235},"median":{"confidence_interval":{"confidence_level":0.95,"lower_bound":530565.9375,"upper_bound":569648.0352112676},"point_estimate":550671.05625,"standard_error":8967.333667270655},"median_abs_dev":{"confidence_interval":{"confidence_level":0.95,"lower_bound":50132.28149456743,"upper_bound":86731.4387032091},"point_estimate":66500.30120394251,"standard_error":9350.728844218112},"slope":{"confidence_interval":{"confidence_level":0.95,"lower_bound":545522.0307822999,"upper_bound":579578.480911327},"point_estimate":562691.0072676223,"standard_error":8694.229748685415},"std_dev":{"confidence_interval":{"confidence_level":0.95,"lower_bound":61531.61067368101,"upper_bound":115103.89244183093},"point_estimate":86906.55969703429,"standard_error":14404.558063147842}}