{"mean":{"confidence_interval":{"confidence_level":0.95,"lower_bound":2788032.67625,"upper_bound":3188046.433607142},"point_estimate":2961114.237142856,"standard_error":102882.09876329021},"median":{"confidence_interval":{"confidence_level":0.95,"lower_bound":2574980.0,"upper_bound":2838312.1904761903},"point_estimate":2685240.9285714286,"standard_error":74296.75453318912},"median_abs_dev":{"confidence_interval":{"confidence_level":0.95,"lower_bound":276903.71448397636,"upper_bound":565029.4752687213},"point_estimate":356693.32676742744,"standard_error":79045.08187355548},"slope":null,"std_dev":{"confidence_interval":{"confidence_level":0.95,"lower_bound":427407.2827804246,"upper_bound":1585644.2872808482},"point_estimate":1034662.4107262127,"standard_error":320510.08659640903}}