{"mean":{"confidence_interval":{"confidence_level":0.95,"lower_bound":155404.86246008138,"upper_bound":167657.63440100502},"point_estimate":161135.9319488788,"standard_error":3123.5776130817844},"median":{"confidence_interval":{"confidence_level":0.95,"lower_bound":149621.08333333334,"upper_bound":156561.58356393405},"point_estimate":153105.01866883115,"standard_error":1852.7316676795415},"median_abs_dev":{"confidence_interval":{"confidence_level":0.95,"lower_bound":11486.207976427875,"upper_bound":20304.362078071656},"point_estimate":15796.646847308766,"standard_error":2133.0449828121064},"slope":{"confidence_interval":{"confidence_level":0.95,"lower_bound":151157.2699997196,"upper_bound":160094.15929782772},"point_estimate":155455.62357125265,"standard_error":2275.0309326693027},"std_dev":{"confidence_interval":{"confidence_level":0.95,"lower_bound":21046.35679710799,"upper_bound":39761.47620323594},"point_estimate":31306.310208662562,"standard_error":4775.3185968853095}}