{"mean":{"confidence_interval":{"confidence_level":0.95,"lower_bound":46552.107676132284,"upper_bound":49237.45152503444},"point_estimate":47837.86419633787,"standard_error":680.8921594494834},"median":{"confidence_interval":{"confidence_level":0.95,"lower_bound":47477.787280701756,"upper_bound":49039.74065598779},"point_estimate":48644.3824099723,"standard_error":406.92387373387544},"median_abs_dev":{"confidence_interval":{"confidence_level":0.95,"lower_bound":2446.353398853668,"upper_bound":4005.711269570217},"point_estimate":3294.650514259758,"standard_error":404.5406742769125},"slope":{"confidence_interval":{"confidence_level":0.95,"lower_bound":48284.79966695287,"upper_bound":49613.04366721929},"point_estimate":48939.31374860974,"standard_error":338.2166787306973},"std_dev":{"confidence_interval":{"confidence_level":0.95,"lower_bound":4465.087838645845,"upper_bound":9236.725126701225},"point_estimate":6837.98033507001,"standard_error":1242.885498209635}}