{"mean":{"confidence_interval":{"confidence_level":0.95,"lower_bound":412383.1145197409,"upper_bound":507368.64899784914},"point_estimate":451168.0229555992,"standard_error":24804.988215737216},"median":{"confidence_interval":{"confidence_level":0.95,"lower_bound":377972.5442176871,"upper_bound":409269.4038461539},"point_estimate":395950.3708143075,"standard_error":8046.63246971349},"median_abs_dev":{"confidence_interval":{"confidence_level":0.95,"lower_bound":48185.987337952116,"upper_bound":84402.90524145587},"point_estimate":70284.69789270956,"standard_error":9167.424379347685},"slope":{"confidence_interval":{"confidence_level":0.95,"lower_bound":372254.30052605626,"upper_bound":396342.47213363304},"point_estimate":383736.7615486922,"standard_error":6165.000132110829},"std_dev":{"confidence_interval":{"confidence_level":0.95,"lower_bound":91307.24996297433,"upper_bound":398722.8018723391},"point_estimate":248933.53041037955,"standard_error":97727.0980687399}}