{"mean":{"confidence_interval":{"confidence_level":0.95,"lower_bound":206325.5841482438,"upper_bound":214593.74349747846},"point_estimate":209969.47925187077,"standard_error":2135.1028246983155},"median":{"confidence_interval":{"confidence_level":0.95,"lower_bound":202433.778340081,"upper_bound":205404.6532451426},"point_estimate":203738.02777777778,"standard_error":745.5205270481956},"median_abs_dev":{"confidence_interval":{"confidence_level":0.95,"lower_bound":5078.759250061262,"upper_bound":9087.938221589791},"point_estimate":6844.042632101811,"standard_error":1112.7228816636218},"slope":{"confidence_interval":{"confidence_level":0.95,"lower_bound":202817.98558518663,"upper_bound":207779.70109868323},"point_estimate":205151.69219092655,"standard_error":1263.717005005158},"std_dev":{"confidence_interval":{"confidence_level":0.95,"lower_bound":10541.21883762648,"upper_bound":32216.5166963282},"point_estimate":21420.722721533795,"standard_error":6255.572334227858}}