{"mean":{"confidence_interval":{"confidence_level":0.95,"lower_bound":30489100.5455,"upper_bound":30751576.273875},"point_estimate":30617409.22,"standard_error":66769.6290563291},"median":{"confidence_interval":{"confidence_level":0.95,"lower_bound":30467143.5,"upper_bound":30751740.25},"point_estimate":30538543.25,"standard_error":81839.40223718667},"median_abs_dev":{"confidence_interval":{"confidence_level":0.95,"lower_bound":487100.6230272353,"upper_bound":763601.9969433546},"point_estimate":639843.0760905147,"standard_error":71976.81925344926},"slope":null,"std_dev":{"confidence_interval":{"confidence_level":0.95,"lower_bound":544459.7889599897,"upper_bound":798900.0892563374},"point_estimate":674280.3917313332,"standard_error":65166.14446367683}}