{"mean":{"confidence_interval":{"confidence_level":0.95,"lower_bound":3653424.5306964284,"upper_bound":3679631.8772142874},"point_estimate":3665770.561428571,"standard_error":6664.7741879657015},"median":{"confidence_interval":{"confidence_level":0.95,"lower_bound":3644697.785714286,"upper_bound":3662390.714285714},"point_estimate":3652583.5714285714,"standard_error":5226.130599090213},"median_abs_dev":{"confidence_interval":{"confidence_level":0.95,"lower_bound":26041.021337679555,"upper_bound":50779.57859848247},"point_estimate":34126.53914413277,"standard_error":6346.987124561346},"slope":null,"std_dev":{"confidence_interval":{"confidence_level":0.95,"lower_bound":44522.428179148694,"upper_bound":86851.69036720318},"point_estimate":66886.66270345266,"standard_error":10775.886337508093}}