{"mean":{"confidence_interval":{"confidence_level":0.95,"lower_bound":238867.2246033904,"upper_bound":243719.21936040485},"point_estimate":240985.97134343383,"standard_error":1248.2850966515552},"median":{"confidence_interval":{"confidence_level":0.95,"lower_bound":236914.12866541353,"upper_bound":238332.59184952977},"point_estimate":237264.5455955335,"standard_error":414.12699394045944},"median_abs_dev":{"confidence_interval":{"confidence_level":0.95,"lower_bound":1853.0845866619657,"upper_bound":3701.1501019440557},"point_estimate":2749.6387653218458,"standard_error":442.60569012352613},"slope":{"confidence_interval":{"confidence_level":0.95,"lower_bound":236507.36003271106,"upper_bound":238193.56272452284},"point_estimate":237255.9023401803,"standard_error":431.2353264507051},"std_dev":{"confidence_interval":{"confidence_level":0.95,"lower_bound":5444.753914696095,"upper_bound":18833.3629052056},"point_estimate":12542.97156376089,"standard_error":3531.755934259554}}