{"mean":{"confidence_interval":{"confidence_level":0.95,"lower_bound":52017.747507100925,"upper_bound":52669.32547133977},"point_estimate":52331.634929271284,"standard_error":166.0899258202409},"median":{"confidence_interval":{"confidence_level":0.95,"lower_bound":51386.12383900929,"upper_bound":52046.22328548644},"point_estimate":51676.59649122807,"standard_error":183.13706567163558},"median_abs_dev":{"confidence_interval":{"confidence_level":0.95,"lower_bound":693.1622447114534,"upper_bound":1612.495284673982},"point_estimate":957.452656601855,"standard_error":233.73141940535055},"slope":{"confidence_interval":{"confidence_level":0.95,"lower_bound":52558.31296983272,"upper_bound":53737.22805818601},"point_estimate":53142.185834817574,"standard_error":301.59476333817724},"std_dev":{"confidence_interval":{"confidence_level":0.95,"lower_bound":1326.0035163078614,"upper_bound":1999.2119209602854},"point_estimate":1670.3885616638358,"standard_error":172.6548024603605}}