{"mean":{"confidence_interval":{"confidence_level":0.95,"lower_bound":359024.49111814855,"upper_bound":376471.8967132748},"point_estimate":367313.11301263695,"standard_error":4467.663715878057},"median":{"confidence_interval":{"confidence_level":0.95,"lower_bound":351418.6944444445,"upper_bound":366970.18872549024},"point_estimate":357745.5373809524,"standard_error":4390.745722339831},"median_abs_dev":{"confidence_interval":{"confidence_level":0.95,"lower_bound":21344.514094392496,"upper_bound":34386.92121126594},"point_estimate":26346.070496486114,"standard_error":3308.4544264575807},"slope":{"confidence_interval":{"confidence_level":0.95,"lower_bound":350339.831567783,"upper_bound":364681.5572039146},"point_estimate":357251.79163489485,"standard_error":3665.0207252228006},"std_dev":{"confidence_interval":{"confidence_level":0.95,"lower_bound":31680.191022302177,"upper_bound":56494.45739929406},"point_estimate":44903.34618291892,"standard_error":6343.601504427598}}