{"mean":{"confidence_interval":{"confidence_level":0.95,"lower_bound":54034.52726006153,"upper_bound":54789.85453302665},"point_estimate":54390.871825603404,"standard_error":193.95486367689944},"median":{"confidence_interval":{"confidence_level":0.95,"lower_bound":53738.42105263158,"upper_bound":54623.20394736842},"point_estimate":54185.69832189169,"standard_error":251.02529486446753},"median_abs_dev":{"confidence_interval":{"confidence_level":0.95,"lower_bound":1210.6707874131778,"upper_bound":1794.963466865647},"point_estimate":1569.7869636232554,"standard_error":153.7764157001521},"slope":{"confidence_interval":{"confidence_level":0.95,"lower_bound":53647.39704649169,"upper_bound":54518.880575183},"point_estimate":54076.053479813025,"standard_error":222.70715727275822},"std_dev":{"confidence_interval":{"confidence_level":0.95,"lower_bound":1342.0305375156402,"upper_bound":2539.8548381246383},"point_estimate":1949.482389959726,"standard_error":310.11210845342805}}