{"mean":{"confidence_interval":{"confidence_level":0.95,"lower_bound":7430557.939499992,"upper_bound":7651881.248892856},"point_estimate":7536845.82,"standard_error":56583.862294342915},"median":{"confidence_interval":{"confidence_level":0.95,"lower_bound":7323926.357142857,"upper_bound":7598796.428571428},"point_estimate":7421561.214285715,"standard_error":58702.51792895455},"median_abs_dev":{"confidence_interval":{"confidence_level":0.95,"lower_bound":363453.3472474133,"upper_bound":586725.5961835384},"point_estimate":503229.16626589646,"standard_error":58946.67227916971},"slope":null,"std_dev":{"confidence_interval":{"confidence_level":0.95,"lower_bound":446323.7968079285,"upper_bound":694642.7241421898},"point_estimate":568089.7812972151,"standard_error":64098.737084313354}}