{"mean":{"confidence_interval":{"confidence_level":0.95,"lower_bound":693975.4440278998,"upper_bound":714621.2963510775},"point_estimate":704185.3119678247,"standard_error":5253.113742782691},"median":{"confidence_interval":{"confidence_level":0.95,"lower_bound":678211.3379120879,"upper_bound":734247.7386363636},"point_estimate":699752.7193496802,"standard_error":13008.217306863336},"median_abs_dev":{"confidence_interval":{"confidence_level":0.95,"lower_bound":49432.903382716606,"upper_bound":82258.73228439814},"point_estimate":77542.03204101311,"standard_error":8649.25488469238},"slope":{"confidence_interval":{"confidence_level":0.95,"lower_bound":689606.949748172,"upper_bound":713565.6012962859},"point_estimate":701598.5169957145,"standard_error":6114.899019070098},"std_dev":{"confidence_interval":{"confidence_level":0.95,"lower_bound":48209.879203475626,"upper_bound":56506.36752518746},"point_estimate":52618.21396853346,"standard_error":2122.843352090737}}