{"mean":{"confidence_interval":{"confidence_level":0.95,"lower_bound":19747230.469333332,"upper_bound":20224358.978833336},"point_estimate":19972585.279999997,"standard_error":121494.70387693138},"median":{"confidence_interval":{"confidence_level":0.95,"lower_bound":19418963.333333336,"upper_bound":19826192.666666668},"point_estimate":19600140.0,"standard_error":102027.16971917509},"median_abs_dev":{"confidence_interval":{"confidence_level":0.95,"lower_bound":535050.5625009555,"upper_bound":995531.041225791},"point_estimate":794907.8366875648,"standard_error":127092.08257340823},"slope":null,"std_dev":{"confidence_interval":{"confidence_level":0.95,"lower_bound":861489.0511261289,"upper_bound":1551276.1143114762},"point_estimate":1221207.0409092398,"standard_error":177584.15707745962}}