{"mean":{"confidence_interval":{"confidence_level":0.95,"lower_bound":791197.5705249204,"upper_bound":834319.4878243823},"point_estimate":811820.0213585538,"standard_error":10998.550876557332},"median":{"confidence_interval":{"confidence_level":0.95,"lower_bound":760817.7592592592,"upper_bound":812751.0205479452},"point_estimate":791672.5334383753,"standard_error":14210.128822851673},"median_abs_dev":{"confidence_interval":{"confidence_level":0.95,"lower_bound":65358.39018933344,"upper_bound":113412.85153776941},"point_estimate":89289.97893052128,"standard_error":12091.27643328475},"slope":{"confidence_interval":{"confidence_level":0.95,"lower_bound":791663.7144641031,"upper_bound":845574.6419966609},"point_estimate":817895.5470592582,"standard_error":13738.27521451517},"std_dev":{"confidence_interval":{"confidence_level":0.95,"lower_bound":83456.13040440412,"upper_bound":138407.60223581595},"point_estimate":110172.81323418955,"standard_error":14343.87595627041}}