{"mean":{"confidence_interval":{"confidence_level":0.95,"lower_bound":9305.213841177425,"upper_bound":9338.888987084318},"point_estimate":9321.037844535935,"standard_error":8.604393891421882},"median":{"confidence_interval":{"confidence_level":0.95,"lower_bound":9302.530672942345,"upper_bound":9334.15391347167},"point_estimate":9319.42917222964,"standard_error":7.502498664637533},"median_abs_dev":{"confidence_interval":{"confidence_level":0.95,"lower_bound":46.58922250437712,"upper_bound":75.89913658310026},"point_estimate":57.38778338407987,"standard_error":7.941963504427306},"slope":{"confidence_interval":{"confidence_level":0.95,"lower_bound":9286.375416544792,"upper_bound":9318.46657670439},"point_estimate":9302.711964909422,"standard_error":8.184226783187897},"std_dev":{"confidence_interval":{"confidence_level":0.95,"lower_bound":58.864302128750666,"upper_bound":117.00405257569533},"point_estimate":86.19674245099323,"standard_error":15.93675526170895}}