{"mean":{"confidence_interval":{"confidence_level":0.95,"lower_bound":106393.64685273654,"upper_bound":109018.50706650998},"point_estimate":107424.30616518988,"standard_error":696.2947196475279},"median":{"confidence_interval":{"confidence_level":0.95,"lower_bound":105886.25223880597,"upper_bound":106369.12352941177},"point_estimate":106153.44666666666,"standard_error":138.8989923397652},"median_abs_dev":{"confidence_interval":{"confidence_level":0.95,"lower_bound":782.3174999259658,"upper_bound":1215.8569519250864},"point_estimate":1017.5407535219795,"standard_error":113.37253693841716},"slope":{"confidence_interval":{"confidence_level":0.95,"lower_bound":105805.64698576296,"upper_bound":106685.01963731754},"point_estimate":106150.35009428106,"standard_error":234.5074536103842},"std_dev":{"confidence_interval":{"confidence_level":0.95,"lower_bound":1794.9041663028047,"upper_bound":11476.261841862799},"point_estimate":6989.450953564467,"standard_error":3062.1952162226426}}