{"mean":{"confidence_interval":{"confidence_level":0.95,"lower_bound":499039.86438854126,"upper_bound":519187.51705405366},"point_estimate":508070.8758797146,"standard_error":5180.6465936369},"median":{"confidence_interval":{"confidence_level":0.95,"lower_bound":490771.7696969697,"upper_bound":496652.9693877551},"point_estimate":494103.77558190597,"standard_error":1555.7384546020216},"median_abs_dev":{"confidence_interval":{"confidence_level":0.95,"lower_bound":8254.932031887649,"upper_bound":14860.708037279928},"point_estimate":11577.428113524578,"standard_error":1688.2112413367993},"slope":{"confidence_interval":{"confidence_level":0.95,"lower_bound":489645.2729079302,"upper_bound":493965.92111627816},"point_estimate":491673.81950248755,"standard_error":1099.459866302194},"std_dev":{"confidence_interval":{"confidence_level":0.95,"lower_bound":24042.47888020697,"upper_bound":72529.28445809225},"point_estimate":51701.632831047435,"standard_error":12258.379135999843}}