{"mean":{"confidence_interval":{"confidence_level":0.95,"lower_bound":145477.76582945185,"upper_bound":150842.6299591861},"point_estimate":148044.92196640334,"standard_error":1369.9749761903497},"median":{"confidence_interval":{"confidence_level":0.95,"lower_bound":141707.96596980255,"upper_bound":146916.02936395042},"point_estimate":143966.87301587302,"standard_error":1262.2072568567094},"median_abs_dev":{"confidence_interval":{"confidence_level":0.95,"lower_bound":6533.522530080646,"upper_bound":11940.003816662545},"point_estimate":9932.258397173042,"standard_error":1447.7013430038498},"slope":{"confidence_interval":{"confidence_level":0.95,"lower_bound":145896.08748578434,"upper_bound":154045.94235789977},"point_estimate":149556.36805843483,"standard_error":2100.9177954220854},"std_dev":{"confidence_interval":{"confidence_level":0.95,"lower_bound":10533.530547582883,"upper_bound":17027.85758402844},"point_estimate":13745.0759391002,"standard_error":1679.1616747407058}}