{"mean":{"confidence_interval":{"confidence_level":0.95,"lower_bound":324168.0298941062,"upper_bound":329510.4311657166},"point_estimate":326861.51992823294,"standard_error":1360.9056601461166},"median":{"confidence_interval":{"confidence_level":0.95,"lower_bound":323307.7872949419,"upper_bound":329341.85},"point_estimate":326270.5898031711,"standard_error":1650.3536662651982},"median_abs_dev":{"confidence_interval":{"confidence_level":0.95,"lower_bound":8488.102080075292,"upper_bound":13615.941702359829},"point_estimate":10424.300580325942,"standard_error":1337.2398746120123},"slope":{"confidence_interval":{"confidence_level":0.95,"lower_bound":323207.10786538996,"upper_bound":326763.7153598327},"point_estimate":324983.9603310182,"standard_error":912.0370171235053},"std_dev":{"confidence_interval":{"confidence_level":0.95,"lower_bound":10507.105262587882,"upper_bound":16763.5381345267},"point_estimate":13634.510491855632,"standard_error":1610.7654366056747}}