{"mean":{"confidence_interval":{"confidence_level":0.95,"lower_bound":136057.16632609133,"upper_bound":140832.06863992792},"point_estimate":138167.3227397219,"standard_error":1226.2468867878722},"median":{"confidence_interval":{"confidence_level":0.95,"lower_bound":133788.26644006657,"upper_bound":135201.55889423075},"point_estimate":134258.94783303599,"standard_error":357.7021731802621},"median_abs_dev":{"confidence_interval":{"confidence_level":0.95,"lower_bound":1567.8101982415276,"upper_bound":3643.055033483902},"point_estimate":2587.3719447610015,"standard_error":488.15974316733406},"slope":{"confidence_interval":{"confidence_level":0.95,"lower_bound":133317.6847062001,"upper_bound":134596.45813974703},"point_estimate":133886.71582754544,"standard_error":327.5344665673516},"std_dev":{"confidence_interval":{"confidence_level":0.95,"lower_bound":6007.077992958252,"upper_bound":18246.43725407292},"point_estimate":12312.24581275777,"standard_error":3352.1861895677303}}