{"mean":{"confidence_interval":{"confidence_level":0.95,"lower_bound":579557.2700697305,"upper_bound":623161.2785559429},"point_estimate":599339.9638297221,"standard_error":11199.82002551333},"median":{"confidence_interval":{"confidence_level":0.95,"lower_bound":558747.3382675438,"upper_bound":571773.0192307692},"point_estimate":562670.245552067,"standard_error":3176.878966305059},"median_abs_dev":{"confidence_interval":{"confidence_level":0.95,"lower_bound":9713.10798312268,"upper_bound":25449.162762118056},"point_estimate":15003.204084188448,"standard_error":3777.8226509971973},"slope":{"confidence_interval":{"confidence_level":0.95,"lower_bound":557621.6030586705,"upper_bound":571567.5896653185},"point_estimate":563339.2642352594,"standard_error":3598.8676121987537},"std_dev":{"confidence_interval":{"confidence_level":0.95,"lower_bound":60096.91943125447,"upper_bound":153906.22450138957},"point_estimate":112808.26285273161,"standard_error":23921.895573509424}}