{"mean":{"confidence_interval":{"confidence_level":0.95,"lower_bound":1755673.101694281,"upper_bound":1795514.0746273499},"point_estimate":1772310.8353615273,"standard_error":10333.614941329728},"median":{"confidence_interval":{"confidence_level":0.95,"lower_bound":1745212.616161616,"upper_bound":1753304.5272232303},"point_estimate":1748092.36227422,"standard_error":2373.8255715725145},"median_abs_dev":{"confidence_interval":{"confidence_level":0.95,"lower_bound":11777.345753373069,"upper_bound":20264.716238853704},"point_estimate":15182.363177423125,"standard_error":2197.0225968669797},"slope":{"confidence_interval":{"confidence_level":0.95,"lower_bound":1742540.318688058,"upper_bound":1749544.1023477898},"point_estimate":1745905.9997872026,"standard_error":1786.2569190557126},"std_dev":{"confidence_interval":{"confidence_level":0.95,"lower_bound":34005.94544185314,"upper_bound":164130.30996819233},"point_estimate":103752.82792699739,"standard_error":36898.174219606255}}