{"mean":{"confidence_interval":{"confidence_level":0.95,"lower_bound":134431.69868838968,"upper_bound":135797.13628254095},"point_estimate":135047.0988306273,"standard_error":350.46294574509625},"median":{"confidence_interval":{"confidence_level":0.95,"lower_bound":133686.91492527863,"upper_bound":134334.26704545456},"point_estimate":133949.37184022256,"standard_error":158.21665393199498},"median_abs_dev":{"confidence_interval":{"confidence_level":0.95,"lower_bound":855.7994517851513,"upper_bound":1649.9180425069028},"point_estimate":1160.8099798653734,"standard_error":211.6519922372736},"slope":{"confidence_interval":{"confidence_level":0.95,"lower_bound":133622.7849371001,"upper_bound":134534.29972057432},"point_estimate":134045.6899176149,"standard_error":233.5831308518777},"std_dev":{"confidence_interval":{"confidence_level":0.95,"lower_bound":2036.3144732347062,"upper_bound":5022.325953587213},"point_estimate":3507.166901498199,"standard_error":838.0607359432192}}