{"mean":{"confidence_interval":{"confidence_level":0.95,"lower_bound":9936963.46641667,"upper_bound":10181981.968416672},"point_estimate":10054938.246666668,"standard_error":62441.80531676653},"median":{"confidence_interval":{"confidence_level":0.95,"lower_bound":9777448.333333332,"upper_bound":10026653.25},"point_estimate":9920792.916666668,"standard_error":65238.662945731674},"median_abs_dev":{"confidence_interval":{"confidence_level":0.95,"lower_bound":347793.73802542454,"upper_bound":608909.1218397031},"point_estimate":481207.2263568649,"standard_error":65954.43237699431},"slope":null,"std_dev":{"confidence_interval":{"confidence_level":0.95,"lower_bound":483659.9056628999,"upper_bound":759275.4148758677},"point_estimate":627544.0125253856,"standard_error":70673.22020328035}}