{"mean":{"confidence_interval":{"confidence_level":0.95,"lower_bound":173084.1030764528,"upper_bound":186420.1313858024},"point_estimate":179421.41390871123,"standard_error":3414.2394710160365},"median":{"confidence_interval":{"confidence_level":0.95,"lower_bound":163079.49116161617,"upper_bound":173967.04945054944},"point_estimate":169634.28983077905,"standard_error":2627.8288795932353},"median_abs_dev":{"confidence_interval":{"confidence_level":0.95,"lower_bound":14807.739636268536,"upper_bound":26823.82533436654},"point_estimate":22459.76151411464,"standard_error":2820.9571067845472},"slope":{"confidence_interval":{"confidence_level":0.95,"lower_bound":162610.77200079456,"upper_bound":172075.35320730452},"point_estimate":166992.23980296537,"standard_error":2413.8602625372305},"std_dev":{"confidence_interval":{"confidence_level":0.95,"lower_bound":24470.39777894655,"upper_bound":43422.57041370054},"point_estimate":34290.96103692129,"standard_error":4882.717922917659}}