{"mean":{"confidence_interval":{"confidence_level":0.95,"lower_bound":216856.24874266013,"upper_bound":231160.8620388762},"point_estimate":223307.13703311313,"standard_error":3686.285604764171},"median":{"confidence_interval":{"confidence_level":0.95,"lower_bound":212136.228,"upper_bound":218978.11748672073},"point_estimate":214859.46910569107,"standard_error":1656.2295871925364},"median_abs_dev":{"confidence_interval":{"confidence_level":0.95,"lower_bound":9886.052488522597,"upper_bound":16452.31732180442},"point_estimate":13269.358232679424,"standard_error":1725.2222788004858},"slope":{"confidence_interval":{"confidence_level":0.95,"lower_bound":210012.78042552478,"upper_bound":214874.30527933492},"point_estimate":212466.82650214277,"standard_error":1240.7261912727333},"std_dev":{"confidence_interval":{"confidence_level":0.95,"lower_bound":18048.511072327987,"upper_bound":52362.389195823715},"point_estimate":37100.88967962563,"standard_error":8864.578157165546}}