{"mean":{"confidence_interval":{"confidence_level":0.95,"lower_bound":2594971.468776315,"upper_bound":2648449.550184211},"point_estimate":2621258.402105264,"standard_error":13674.162442410654},"median":{"confidence_interval":{"confidence_level":0.95,"lower_bound":2571304.789473684,"upper_bound":2635336.736842105},"point_estimate":2602115.447368421,"standard_error":14947.703059149915},"median_abs_dev":{"confidence_interval":{"confidence_level":0.95,"lower_bound":91219.57743842331,"upper_bound":150839.87738521452},"point_estimate":116263.89028853473,"standard_error":14960.317455606053},"slope":null,"std_dev":{"confidence_interval":{"confidence_level":0.95,"lower_bound":115715.39284283975,"upper_bound":156661.4637671507},"point_estimate":137663.67681088514,"standard_error":10490.801559025438}}