{"mean":{"confidence_interval":{"confidence_level":0.95,"lower_bound":5925951.0831388915,"upper_bound":6056310.055472224},"point_estimate":5990714.24222222,"standard_error":33202.07385676777},"median":{"confidence_interval":{"confidence_level":0.95,"lower_bound":5918236.555555556,"upper_bound":6098391.611111111},"point_estimate":6029183.833333334,"standard_error":40825.36878758484},"median_abs_dev":{"confidence_interval":{"confidence_level":0.95,"lower_bound":226929.94779785525,"upper_bound":387126.95059379004},"point_estimate":297384.4328870382,"standard_error":40969.25222288922},"slope":null,"std_dev":{"confidence_interval":{"confidence_level":0.95,"lower_bound":274792.1861690874,"upper_bound":389023.728331322},"point_estimate":333744.7012013201,"standard_error":29252.130246606714}}