{"mean":{"confidence_interval":{"confidence_level":0.95,"lower_bound":8780316.469749995,"upper_bound":8965209.56775},"point_estimate":8868790.221666666,"standard_error":47161.73570120379},"median":{"confidence_interval":{"confidence_level":0.95,"lower_bound":8745778.166666666,"upper_bound":8941904.5},"point_estimate":8842879.0,"standard_error":52280.001118422355},"median_abs_dev":{"confidence_interval":{"confidence_level":0.95,"lower_bound":289664.08180743456,"upper_bound":476916.45848304033},"point_estimate":370774.28471744014,"standard_error":47960.85067800866},"slope":null,"std_dev":{"confidence_interval":{"confidence_level":0.95,"lower_bound":350433.6882643165,"upper_bound":604458.8414892756},"point_estimate":475095.26413864485,"standard_error":66550.58481141146}}