{"mean":{"confidence_interval":{"confidence_level":0.95,"lower_bound":12875265.454799993,"upper_bound":13118376.638449999},"point_estimate":12993381.107999997,"standard_error":62016.56246336839},"median":{"confidence_interval":{"confidence_level":0.95,"lower_bound":12671462.0,"upper_bound":13090772.4},"point_estimate":12853802.2,"standard_error":101319.45827558672},"median_abs_dev":{"confidence_interval":{"confidence_level":0.95,"lower_bound":462334.2723119248,"upper_bound":771961.0438549513},"point_estimate":616821.4860892302,"standard_error":80872.78058269629},"slope":null,"std_dev":{"confidence_interval":{"confidence_level":0.95,"lower_bound":517037.09793980746,"upper_bound":720260.5039060911},"point_estimate":622527.9521229792,"standard_error":51966.065340947556}}