{"mean":{"confidence_interval":{"confidence_level":0.95,"lower_bound":122094.82941359689,"upper_bound":126163.62751110691},"point_estimate":123826.20950753306,"standard_error":1051.7975714599622},"median":{"confidence_interval":{"confidence_level":0.95,"lower_bound":120700.76053639846,"upper_bound":121803.27590130024},"point_estimate":121191.01571268239,"standard_error":293.8806441755795},"median_abs_dev":{"confidence_interval":{"confidence_level":0.95,"lower_bound":1498.7163620658782,"upper_bound":2880.1244172514134},"point_estimate":2200.245258459568,"standard_error":346.9214917830038},"slope":{"confidence_interval":{"confidence_level":0.95,"lower_bound":120999.20389740466,"upper_bound":122600.7709999352},"point_estimate":121778.06921005533,"standard_error":408.73112386506386},"std_dev":{"confidence_interval":{"confidence_level":0.95,"lower_bound":3845.9616219757163,"upper_bound":16535.83553164327},"point_estimate":10572.195384573668,"standard_error":3610.4876507867607}}