{"mean":{"confidence_interval":{"confidence_level":0.95,"lower_bound":39959.62435576626,"upper_bound":41099.21159509405},"point_estimate":40530.263120474345,"standard_error":291.37708134357507},"median":{"confidence_interval":{"confidence_level":0.95,"lower_bound":39471.37209302326,"upper_bound":41555.45818181818},"point_estimate":40241.82881849315,"standard_error":528.9972717669827},"median_abs_dev":{"confidence_interval":{"confidence_level":0.95,"lower_bound":2955.510586298434,"upper_bound":4363.800015503137},"point_estimate":3880.5027011425427,"standard_error":357.78975002831004},"slope":{"confidence_interval":{"confidence_level":0.95,"lower_bound":39726.55363272624,"upper_bound":41136.94383284837},"point_estimate":40408.76507840993,"standard_error":361.22309200808485},"std_dev":{"confidence_interval":{"confidence_level":0.95,"lower_bound":2643.979346655635,"upper_bound":3183.9508091544844},"point_estimate":2933.6312754281976,"standard_error":137.62752156412841}}