{"mean":{"confidence_interval":{"confidence_level":0.95,"lower_bound":573490.619112005,"upper_bound":644187.0200893291},"point_estimate":605716.8846510863,"standard_error":18111.54805989729},"median":{"confidence_interval":{"confidence_level":0.95,"lower_bound":539738.8470418471,"upper_bound":566067.494871795},"point_estimate":552224.4261261262,"standard_error":6330.443384557186},"median_abs_dev":{"confidence_interval":{"confidence_level":0.95,"lower_bound":43580.02547129986,"upper_bound":81940.40501592166},"point_estimate":60502.29685576724,"standard_error":9758.473784172265},"slope":{"confidence_interval":{"confidence_level":0.95,"lower_bound":531590.5792852802,"upper_bound":564614.1134592992},"point_estimate":546479.3541421605,"standard_error":8429.692300453513},"std_dev":{"confidence_interval":{"confidence_level":0.95,"lower_bound":103358.13472799516,"upper_bound":251297.38802594139},"point_estimate":181196.3985557775,"standard_error":38370.89566895087}}