{"mean":{"confidence_interval":{"confidence_level":0.95,"lower_bound":143571.0669806181,"upper_bound":151943.53887705776},"point_estimate":147139.2481008034,"standard_error":2167.1287009347143},"median":{"confidence_interval":{"confidence_level":0.95,"lower_bound":140854.91666666666,"upper_bound":144573.20089285713},"point_estimate":142716.4658203125,"standard_error":1015.769348636491},"median_abs_dev":{"confidence_interval":{"confidence_level":0.95,"lower_bound":4872.966124705491,"upper_bound":8296.481787703638},"point_estimate":6358.238647759721,"standard_error":822.5829081237302},"slope":{"confidence_interval":{"confidence_level":0.95,"lower_bound":139385.7714682046,"upper_bound":141942.15550110745},"point_estimate":140649.16599527118,"standard_error":653.4828718057499},"std_dev":{"confidence_interval":{"confidence_level":0.95,"lower_bound":8495.458979568386,"upper_bound":33683.59818913273},"point_estimate":21824.005832058105,"standard_error":6929.778445729952}}