{"mean":{"confidence_interval":{"confidence_level":0.95,"lower_bound":116882635.63900001,"upper_bound":118410725.91499999},"point_estimate":117639688.69,"standard_error":389450.1927734315},"median":{"confidence_interval":{"confidence_level":0.95,"lower_bound":116309769.0,"upper_bound":118616165.0},"point_estimate":117021432.5,"standard_error":679449.1027122914},"median_abs_dev":{"confidence_interval":{"confidence_level":0.95,"lower_bound":3252147.5353628397,"upper_bound":4927886.548912525},"point_estimate":4281533.005687594,"standard_error":409204.39478760713},"slope":null,"std_dev":{"confidence_interval":{"confidence_level":0.95,"lower_bound":3412032.7653406467,"upper_bound":4363815.513334358},"point_estimate":3915324.4190312303,"standard_error":242547.54785591597}}