{"mean":{"confidence_interval":{"confidence_level":0.95,"lower_bound":2092495.478990385,"upper_bound":2160142.768355768},"point_estimate":2124411.743461538,"standard_error":17287.591673152936},"median":{"confidence_interval":{"confidence_level":0.95,"lower_bound":2075612.7115384615,"upper_bound":2121621.6153846155},"point_estimate":2094769.903846154,"standard_error":11570.864257365754},"median_abs_dev":{"confidence_interval":{"confidence_level":0.95,"lower_bound":83737.16097875276,"upper_bound":136589.02739813682},"point_estimate":116315.52768498659,"standard_error":12783.60319604561},"slope":null,"std_dev":{"confidence_interval":{"confidence_level":0.95,"lower_bound":116281.28511632548,"upper_bound":227213.68882323964},"point_estimate":173466.39837956883,"standard_error":28595.04408459031}}