{"mean":{"confidence_interval":{"confidence_level":0.95,"lower_bound":192138.7184107208,"upper_bound":200035.40912342994},"point_estimate":195758.56434130657,"standard_error":2013.7431952093893},"median":{"confidence_interval":{"confidence_level":0.95,"lower_bound":186678.8734939759,"upper_bound":193377.0253267974},"point_estimate":191046.31492165243,"standard_error":1643.6578367796037},"median_abs_dev":{"confidence_interval":{"confidence_level":0.95,"lower_bound":7752.7778420595305,"upper_bound":14997.406530913398},"point_estimate":10143.885687335256,"standard_error":1949.3126882347913},"slope":{"confidence_interval":{"confidence_level":0.95,"lower_bound":195953.26036776492,"upper_bound":206001.45708982716},"point_estimate":200742.60034382544,"standard_error":2563.086283009642},"std_dev":{"confidence_interval":{"confidence_level":0.95,"lower_bound":12478.259055112929,"upper_bound":28009.95762544167},"point_estimate":20209.8974558284,"standard_error":4130.875579265475}}