{"mean":{"confidence_interval":{"confidence_level":0.95,"lower_bound":38457489.680375,"upper_bound":38912530.552125},"point_estimate":38675897.685,"standard_error":116748.45869978776},"median":{"confidence_interval":{"confidence_level":0.95,"lower_bound":38088258.0,"upper_bound":38667005.5},"point_estimate":38299547.5,"standard_error":130704.47876444181},"median_abs_dev":{"confidence_interval":{"confidence_level":0.95,"lower_bound":552682.8768879175,"upper_bound":1013358.5646092892},"point_estimate":697933.1963092089,"standard_error":110357.23452593802},"slope":null,"std_dev":{"confidence_interval":{"confidence_level":0.95,"lower_bound":888710.4352880172,"upper_bound":1424430.1543812763},"point_estimate":1175423.6622652248,"standard_error":137161.65070637022}}