{"mean":{"confidence_interval":{"confidence_level":0.95,"lower_bound":66520.37912378005,"upper_bound":67466.29594511639},"point_estimate":66935.73067527445,"standard_error":242.98559403366266},"median":{"confidence_interval":{"confidence_level":0.95,"lower_bound":66111.07864044167,"upper_bound":66451.17994227994},"point_estimate":66283.22628205127,"standard_error":89.06721948262935},"median_abs_dev":{"confidence_interval":{"confidence_level":0.95,"lower_bound":531.1452250323331,"upper_bound":1105.121777606603},"point_estimate":779.4311332857395,"standard_error":153.69437489555236},"slope":{"confidence_interval":{"confidence_level":0.95,"lower_bound":66140.13177396548,"upper_bound":66578.97458818248},"point_estimate":66345.71753371756,"standard_error":111.97701955981056},"std_dev":{"confidence_interval":{"confidence_level":0.95,"lower_bound":1113.7873755334592,"upper_bound":3677.366344974522},"point_estimate":2442.4743659953374,"standard_error":696.4263117765526}}