{"mean":{"confidence_interval":{"confidence_level":0.95,"lower_bound":411226.2500111249,"upper_bound":422506.40075285925},"point_estimate":416083.2517860237,"standard_error":2914.7066346580837},"median":{"confidence_interval":{"confidence_level":0.95,"lower_bound":406671.27041373926,"upper_bound":409092.22222222225},"point_estimate":407821.90265120135,"standard_error":557.1345467114609},"median_abs_dev":{"confidence_interval":{"confidence_level":0.95,"lower_bound":3037.055909849625,"upper_bound":6152.23983328499},"point_estimate":4483.820992629874,"standard_error":783.8901533086324},"slope":{"confidence_interval":{"confidence_level":0.95,"lower_bound":405518.31295092875,"upper_bound":407093.43311304774},"point_estimate":406219.38245603663,"standard_error":401.5775440983847},"std_dev":{"confidence_interval":{"confidence_level":0.95,"lower_bound":11819.863316497911,"upper_bound":45006.133996039345},"point_estimate":29190.376117584845,"standard_error":9441.876135674589}}