{"mean":{"confidence_interval":{"confidence_level":0.95,"lower_bound":2492657.9746904774,"upper_bound":2493436.7709761923},"point_estimate":2493007.984761906,"standard_error":198.6229579215694},"median":{"confidence_interval":{"confidence_level":0.95,"lower_bound":2492502.8095238097,"upper_bound":2493070.226190476},"point_estimate":2492817.095238095,"standard_error":139.46958738621515},"median_abs_dev":{"confidence_interval":{"confidence_level":0.95,"lower_bound":920.3768836603399,"upper_bound":1440.2752744304134},"point_estimate":1228.5105781897582,"standard_error":130.99344828894615},"slope":null,"std_dev":{"confidence_interval":{"confidence_level":0.95,"lower_bound":1118.7488618567234,"upper_bound":2924.3024540636084},"point_estimate":1993.763128514565,"standard_error":516.923553512491}}