{"mean":{"confidence_interval":{"confidence_level":0.95,"lower_bound":5111821.39202273,"upper_bound":5246297.037977273},"point_estimate":5179925.652727272,"standard_error":34387.10067670191},"median":{"confidence_interval":{"confidence_level":0.95,"lower_bound":5133088.636363637,"upper_bound":5368189.545454545},"point_estimate":5278729.454545454,"standard_error":53767.39559696848},"median_abs_dev":{"confidence_interval":{"confidence_level":0.95,"lower_bound":284582.3693112891,"upper_bound":469345.8649765369},"point_estimate":412390.37177860737,"standard_error":46846.70907440253},"slope":null,"std_dev":{"confidence_interval":{"confidence_level":0.95,"lower_bound":304485.50611475436,"upper_bound":381286.3210941146},"point_estimate":346244.44300527615,"standard_error":19639.370637163433}}