{"mean":{"confidence_interval":{"confidence_level":0.95,"lower_bound":908460.037114538,"upper_bound":918834.077187205},"point_estimate":913425.6788654561,"standard_error":2648.142129072981},"median":{"confidence_interval":{"confidence_level":0.95,"lower_bound":898963.2083333334,"upper_bound":904970.5},"point_estimate":901334.496031746,"standard_error":1512.4287943194768},"median_abs_dev":{"confidence_interval":{"confidence_level":0.95,"lower_bound":6979.126605345748,"upper_bound":17973.66382908205},"point_estimate":10786.458809675789,"standard_error":2793.508018038442},"slope":{"confidence_interval":{"confidence_level":0.95,"lower_bound":915693.9392950883,"upper_bound":932718.1523332511},"point_estimate":923968.157041525,"standard_error":4352.559034876712},"std_dev":{"confidence_interval":{"confidence_level":0.95,"lower_bound":20623.351502771886,"upper_bound":32104.81911002752},"point_estimate":26704.11527141289,"standard_error":2932.240726507048}}