{"mean":{"confidence_interval":{"confidence_level":0.95,"lower_bound":346994.1080726368,"upper_bound":354707.80313985934},"point_estimate":350602.36535930284,"standard_error":1975.63564939264},"median":{"confidence_interval":{"confidence_level":0.95,"lower_bound":343924.5967741936,"upper_bound":349998.5955882353},"point_estimate":346757.50724637683,"standard_error":1447.1242509099477},"median_abs_dev":{"confidence_interval":{"confidence_level":0.95,"lower_bound":10210.377317715345,"upper_bound":16356.741855980546},"point_estimate":13576.505299601504,"standard_error":1530.5943846978253},"slope":{"confidence_interval":{"confidence_level":0.95,"lower_bound":341901.4104083422,"upper_bound":347047.4379050208},"point_estimate":344397.09379439434,"standard_error":1314.0743937825991},"std_dev":{"confidence_interval":{"confidence_level":0.95,"lower_bound":12625.208602228731,"upper_bound":26414.57972075756},"point_estimate":19875.920559611677,"standard_error":3545.449296775951}}