{"mean":{"confidence_interval":{"confidence_level":0.95,"lower_bound":354209.8632779621,"upper_bound":355459.46122068673},"point_estimate":354791.43699233234,"standard_error":319.77794284147427},"median":{"confidence_interval":{"confidence_level":0.95,"lower_bound":353263.9289800995,"upper_bound":354025.6172839506},"point_estimate":353665.6955994456,"standard_error":206.64819001587537},"median_abs_dev":{"confidence_interval":{"confidence_level":0.95,"lower_bound":841.8807805869568,"upper_bound":1996.0909022259025},"point_estimate":1354.374885059794,"standard_error":279.5334903066999},"slope":{"confidence_interval":{"confidence_level":0.95,"lower_bound":353499.1499552751,"upper_bound":354753.57003021525},"point_estimate":354042.8450066499,"standard_error":323.2258506276725},"std_dev":{"confidence_interval":{"confidence_level":0.95,"lower_bound":2067.349290570262,"upper_bound":4297.340007058251},"point_estimate":3221.9228610289942,"standard_error":576.8706391236686}}