{"mean":{"confidence_interval":{"confidence_level":0.95,"lower_bound":227145.34420784,"upper_bound":233925.94754520516},"point_estimate":230267.14925628444,"standard_error":1735.501201831136},"median":{"confidence_interval":{"confidence_level":0.95,"lower_bound":223513.64871794873,"upper_bound":226166.6262295082},"point_estimate":225057.54305691057,"standard_error":678.2982644388488},"median_abs_dev":{"confidence_interval":{"confidence_level":0.95,"lower_bound":3502.7501738643546,"upper_bound":6647.284094728086},"point_estimate":5290.076685163248,"standard_error":785.23746375061},"slope":{"confidence_interval":{"confidence_level":0.95,"lower_bound":224631.91601714134,"upper_bound":228372.79319375576},"point_estimate":226346.32843268805,"standard_error":959.8640937980891},"std_dev":{"confidence_interval":{"confidence_level":0.95,"lower_bound":10468.459004053195,"upper_bound":23199.473534892517},"point_estimate":17438.587716343118,"standard_error":3256.0348434631223}}