{"mean":{"confidence_interval":{"confidence_level":0.95,"lower_bound":617432.3198838617,"upper_bound":631777.4157901583},"point_estimate":624567.9606927843,"standard_error":3648.1907093015534},"median":{"confidence_interval":{"confidence_level":0.95,"lower_bound":616990.4008319913,"upper_bound":632216.0645161291},"point_estimate":623066.4918798506,"standard_error":3880.647245594559},"median_abs_dev":{"confidence_interval":{"confidence_level":0.95,"lower_bound":29198.62093773677,"upper_bound":48980.65365151728},"point_estimate":36805.76363066181,"standard_error":5163.787549568704},"slope":{"confidence_interval":{"confidence_level":0.95,"lower_bound":627130.9884670863,"upper_bound":643156.3029260268},"point_estimate":635324.0090985666,"standard_error":4093.0366695632365},"std_dev":{"confidence_interval":{"confidence_level":0.95,"lower_bound":31933.135542974178,"upper_bound":40447.25300219913},"point_estimate":36459.42169950474,"standard_error":2180.873331261543}}