{"mean":{"confidence_interval":{"confidence_level":0.95,"lower_bound":691692.5679488023,"upper_bound":715436.8502775712},"point_estimate":703186.3267389864,"standard_error":6058.319523400601},"median":{"confidence_interval":{"confidence_level":0.95,"lower_bound":682027.5833333334,"upper_bound":704179.4810126582},"point_estimate":693755.5837837837,"standard_error":6117.28115996979},"median_abs_dev":{"confidence_interval":{"confidence_level":0.95,"lower_bound":40452.137910782076,"upper_bound":69088.63377269424},"point_estimate":55583.85763557696,"standard_error":7074.12134803075},"slope":{"confidence_interval":{"confidence_level":0.95,"lower_bound":684115.7251536465,"upper_bound":708626.7855367739},"point_estimate":695746.5620954633,"standard_error":6318.8059273162025},"std_dev":{"confidence_interval":{"confidence_level":0.95,"lower_bound":50573.0836861461,"upper_bound":70587.21793539342},"point_estimate":61091.14234242273,"standard_error":5093.851230163761}}