{"mean":{"confidence_interval":{"confidence_level":0.95,"lower_bound":326606.77519009705,"upper_bound":342238.54552401503},"point_estimate":333233.9506394917,"standard_error":4066.298349210242},"median":{"confidence_interval":{"confidence_level":0.95,"lower_bound":322104.3823464671,"upper_bound":327327.8005050505},"point_estimate":324462.3143229167,"standard_error":1440.4062580425907},"median_abs_dev":{"confidence_interval":{"confidence_level":0.95,"lower_bound":7367.914271187829,"upper_bound":12528.673723847149},"point_estimate":9132.24414975254,"standard_error":1354.0836776934632},"slope":{"confidence_interval":{"confidence_level":0.95,"lower_bound":322881.6187342441,"upper_bound":329089.3171426371},"point_estimate":325792.99660854146,"standard_error":1583.2065501778138},"std_dev":{"confidence_interval":{"confidence_level":0.95,"lower_bound":13148.063182202886,"upper_bound":63623.15459496671},"point_estimate":40818.51823283967,"standard_error":13714.234965410884}}