{"mean":{"confidence_interval":{"confidence_level":0.95,"lower_bound":60818.21297674185,"upper_bound":63105.89139334457},"point_estimate":61936.97894040995,"standard_error":583.6417819976707},"median":{"confidence_interval":{"confidence_level":0.95,"lower_bound":60060.31205673759,"upper_bound":62386.10964912281},"point_estimate":61460.6547008547,"standard_error":644.2791552627608},"median_abs_dev":{"confidence_interval":{"confidence_level":0.95,"lower_bound":3533.7126995696503,"upper_bound":6483.18075794874},"point_estimate":4743.259515445857,"standard_error":748.0473193768263},"slope":{"confidence_interval":{"confidence_level":0.95,"lower_bound":59639.896806842095,"upper_bound":62034.30364682841},"point_estimate":60772.10137382395,"standard_error":611.0961724397262},"std_dev":{"confidence_interval":{"confidence_level":0.95,"lower_bound":4985.27502697244,"upper_bound":6639.312899162018},"point_estimate":5879.349897224347,"standard_error":421.9776380440281}}