{"mean":{"confidence_interval":{"confidence_level":0.95,"lower_bound":1529579.5669871871,"upper_bound":1614917.1736709205},"point_estimate":1569609.4947741514,"standard_error":21782.347045193736},"median":{"confidence_interval":{"confidence_level":0.95,"lower_bound":1489123.8384658454,"upper_bound":1554877.0096525096},"point_estimate":1526186.8986291485,"standard_error":17222.16729860736},"median_abs_dev":{"confidence_interval":{"confidence_level":0.95,"lower_bound":93551.09713420256,"upper_bound":167756.80030038822},"point_estimate":133971.19185046238,"standard_error":20119.043659152183},"slope":{"confidence_interval":{"confidence_level":0.95,"lower_bound":1502711.9858896106,"upper_bound":1566592.5061680106},"point_estimate":1533173.7636677995,"standard_error":16306.368890377767},"std_dev":{"confidence_interval":{"confidence_level":0.95,"lower_bound":142625.02735396294,"upper_bound":285944.9702193437},"point_estimate":219032.1745237861,"standard_error":36634.78567934651}}