{"mean":{"confidence_interval":{"confidence_level":0.95,"lower_bound":257685.43693390678,"upper_bound":261321.02076466655},"point_estimate":259288.4592736177,"standard_error":931.1423370893472},"median":{"confidence_interval":{"confidence_level":0.95,"lower_bound":256336.33333333334,"upper_bound":258330.92647058822},"point_estimate":257123.08659055727,"standard_error":401.7897810894842},"median_abs_dev":{"confidence_interval":{"confidence_level":0.95,"lower_bound":2733.9586615956787,"upper_bound":4090.0115267357155},"point_estimate":3341.9263543053044,"standard_error":337.54731516205135},"slope":{"confidence_interval":{"confidence_level":0.95,"lower_bound":257314.13877487552,"upper_bound":259476.58551101966},"point_estimate":258365.03143859908,"standard_error":554.1724648044251},"std_dev":{"confidence_interval":{"confidence_level":0.95,"lower_bound":4282.7331803746565,"upper_bound":13646.825692515078},"point_estimate":9372.480060740763,"standard_error":2445.928294521399}}