{"mean":{"confidence_interval":{"confidence_level":0.95,"lower_bound":117402.16813468034,"upper_bound":120546.69770616584},"point_estimate":118824.62198639747,"standard_error":802.0284129852487},"median":{"confidence_interval":{"confidence_level":0.95,"lower_bound":116414.43827160494,"upper_bound":118064.93316498317},"point_estimate":117220.64186507936,"standard_error":417.662217349757},"median_abs_dev":{"confidence_interval":{"confidence_level":0.95,"lower_bound":2397.821525161535,"upper_bound":4336.408906095429},"point_estimate":3298.3326816591143,"standard_error":484.4838043460179},"slope":{"confidence_interval":{"confidence_level":0.95,"lower_bound":115539.60077034667,"upper_bound":117604.52000542938},"point_estimate":116502.41341280397,"standard_error":526.5025995207418},"std_dev":{"confidence_interval":{"confidence_level":0.95,"lower_bound":4480.203784214217,"upper_bound":11491.9968651681},"point_estimate":8028.789231173835,"standard_error":1875.258585773525}}