{"mean":{"confidence_interval":{"confidence_level":0.95,"lower_bound":1092300.2405040972,"upper_bound":1124544.6893873182},"point_estimate":1108136.8882949597,"standard_error":8269.303578407998},"median":{"confidence_interval":{"confidence_level":0.95,"lower_bound":1081769.6691176472,"upper_bound":1114451.4602396514},"point_estimate":1097075.2605363983,"standard_error":8956.64471411807},"median_abs_dev":{"confidence_interval":{"confidence_level":0.95,"lower_bound":54631.749863426085,"upper_bound":91316.97431602298},"point_estimate":73009.59077033582,"standard_error":9369.52850961859},"slope":{"confidence_interval":{"confidence_level":0.95,"lower_bound":1060819.9491369755,"upper_bound":1099725.2984143116},"point_estimate":1079890.596500665,"standard_error":9912.925429944713},"std_dev":{"confidence_interval":{"confidence_level":0.95,"lower_bound":69832.62094178256,"upper_bound":94041.66713552701},"point_estimate":82689.13586970807,"standard_error":6208.6902263075435}}