{"mean":{"confidence_interval":{"confidence_level":0.95,"lower_bound":658956.651687198,"upper_bound":668664.2864676117},"point_estimate":663915.8491114771,"standard_error":2467.265468832084},"median":{"confidence_interval":{"confidence_level":0.95,"lower_bound":664224.7714285714,"upper_bound":674828.4649122807},"point_estimate":667411.7658514492,"standard_error":2604.529177717757},"median_abs_dev":{"confidence_interval":{"confidence_level":0.95,"lower_bound":14943.532065254853,"upper_bound":27276.582432584328},"point_estimate":21930.470523797703,"standard_error":3324.010160146875},"slope":{"confidence_interval":{"confidence_level":0.95,"lower_bound":674906.0592087498,"upper_bound":681250.7578877881},"point_estimate":678192.9547229201,"standard_error":1614.1410227993529},"std_dev":{"confidence_interval":{"confidence_level":0.95,"lower_bound":21268.50193444733,"upper_bound":27953.50332256518},"point_estimate":24956.909169603477,"standard_error":1705.2373758754513}}