{"mean":{"confidence_interval":{"confidence_level":0.95,"lower_bound":4221329.7712291675,"upper_bound":4244952.119583334},"point_estimate":4232791.576666665,"standard_error":6043.314439045643},"median":{"confidence_interval":{"confidence_level":0.95,"lower_bound":4208042.375,"upper_bound":4235328.166666667},"point_estimate":4220201.875,"standard_error":7008.4797118419365},"median_abs_dev":{"confidence_interval":{"confidence_level":0.95,"lower_bound":37791.28800407121,"upper_bound":66266.04132354213},"point_estimate":56893.78558993328,"standard_error":7150.366358354119},"slope":null,"std_dev":{"confidence_interval":{"confidence_level":0.95,"lower_bound":47762.85379591636,"upper_bound":74028.53564068697},"point_estimate":60685.08963013689,"standard_error":6821.904192009084}}