{"mean":{"confidence_interval":{"confidence_level":0.95,"lower_bound":58514.02406654711,"upper_bound":59141.26924806517},"point_estimate":58808.57892104454,"standard_error":159.87086829840382},"median":{"confidence_interval":{"confidence_level":0.95,"lower_bound":58297.98996827793,"upper_bound":58584.221799307954},"point_estimate":58410.74015654649,"standard_error":77.57077325465964},"median_abs_dev":{"confidence_interval":{"confidence_level":0.95,"lower_bound":632.0157192607637,"upper_bound":1226.5571850275517},"point_estimate":927.6099058654447,"standard_error":154.08006748045312},"slope":{"confidence_interval":{"confidence_level":0.95,"lower_bound":58255.74501002351,"upper_bound":58750.22760236992},"point_estimate":58483.55743930319,"standard_error":126.19841835538543},"std_dev":{"confidence_interval":{"confidence_level":0.95,"lower_bound":1097.1631971219886,"upper_bound":2070.6313655940494},"point_estimate":1602.765134099883,"standard_error":249.77900432546758}}