{"mean":{"confidence_interval":{"confidence_level":0.95,"lower_bound":118664.68232344647,"upper_bound":121585.7307314206},"point_estimate":119957.13776732309,"standard_error":753.0483611857774},"median":{"confidence_interval":{"confidence_level":0.95,"lower_bound":117599.03111111111,"upper_bound":118429.48487081245},"point_estimate":118127.9229390681,"standard_error":182.0125259590433},"median_abs_dev":{"confidence_interval":{"confidence_level":0.95,"lower_bound":1559.6692054163955,"upper_bound":2715.2085337000585},"point_estimate":2006.363622092345,"standard_error":288.69160018963044},"slope":{"confidence_interval":{"confidence_level":0.95,"lower_bound":117406.6554539053,"upper_bound":118284.92981735595},"point_estimate":117810.26746038783,"standard_error":224.38262804478},"std_dev":{"confidence_interval":{"confidence_level":0.95,"lower_bound":3270.8706002086847,"upper_bound":10908.645354661947},"point_estimate":7544.777783393324,"standard_error":1952.813608725672}}