{"mean":{"confidence_interval":{"confidence_level":0.95,"lower_bound":846841.8993501493,"upper_bound":907881.1843395485},"point_estimate":873260.4289469145,"standard_error":15774.345226928754},"median":{"confidence_interval":{"confidence_level":0.95,"lower_bound":833622.1904761905,"upper_bound":854975.9951636905},"point_estimate":840097.4410922378,"standard_error":5279.900278994809},"median_abs_dev":{"confidence_interval":{"confidence_level":0.95,"lower_bound":42337.95114136332,"upper_bound":73547.80919221981},"point_estimate":56937.02888880008,"standard_error":7524.894383042353},"slope":{"confidence_interval":{"confidence_level":0.95,"lower_bound":828426.1812618407,"upper_bound":854035.5472702875},"point_estimate":840876.9173104774,"standard_error":6519.290844120902},"std_dev":{"confidence_interval":{"confidence_level":0.95,"lower_bound":65616.95363612505,"upper_bound":240025.78728407598},"point_estimate":157691.85295459875,"standard_error":46829.88890435601}}