{"mean":{"confidence_interval":{"confidence_level":0.95,"lower_bound":325338.08006678976,"upper_bound":332697.36885744386},"point_estimate":328505.6097875294,"standard_error":1901.6574071452847},"median":{"confidence_interval":{"confidence_level":0.95,"lower_bound":323032.22872340423,"upper_bound":324882.8354166667},"point_estimate":323956.55902777775,"standard_error":486.0408611420798},"median_abs_dev":{"confidence_interval":{"confidence_level":0.95,"lower_bound":2534.6329652510276,"upper_bound":4675.064331811888},"point_estimate":3525.9461201670524,"standard_error":560.0229128940167},"slope":{"confidence_interval":{"confidence_level":0.95,"lower_bound":322708.9226034573,"upper_bound":325192.76821459143},"point_estimate":323866.37565735675,"standard_error":631.3293605935911},"std_dev":{"confidence_interval":{"confidence_level":0.95,"lower_bound":6938.410742070478,"upper_bound":29431.78593735214},"point_estimate":19135.722171265294,"standard_error":6023.799705345184}}