{"mean":{"confidence_interval":{"confidence_level":0.95,"lower_bound":25639316.107249998,"upper_bound":26367938.524},"point_estimate":25992146.595,"standard_error":185637.82936483886},"median":{"confidence_interval":{"confidence_level":0.95,"lower_bound":24947153.75,"upper_bound":25299161.0},"point_estimate":25078735.75,"standard_error":95818.21089657182},"median_abs_dev":{"confidence_interval":{"confidence_level":0.95,"lower_bound":579708.8211581111,"upper_bound":1237768.6031252146},"point_estimate":879934.5745280385,"standard_error":173520.33403596628},"slope":null,"std_dev":{"confidence_interval":{"confidence_level":0.95,"lower_bound":1500860.6818456755,"upper_bound":2196472.900800408},"point_estimate":1865417.3732030042,"standard_error":178371.56990939094}}