{"mean":{"confidence_interval":{"confidence_level":0.95,"lower_bound":282640.3404658294,"upper_bound":289790.6865744207},"point_estimate":285791.3122150999,"standard_error":1843.7876641143343},"median":{"confidence_interval":{"confidence_level":0.95,"lower_bound":280852.80932539684,"upper_bound":282647.8630952381},"point_estimate":282099.2648809524,"standard_error":522.1661561727296},"median_abs_dev":{"confidence_interval":{"confidence_level":0.95,"lower_bound":3254.698388085815,"upper_bound":5372.340770559383},"point_estimate":4169.01438878597,"standard_error":526.2227466861569},"slope":{"confidence_interval":{"confidence_level":0.95,"lower_bound":279124.76185907726,"upper_bound":281669.99426507845},"point_estimate":280254.7859686715,"standard_error":654.3479666025993},"std_dev":{"confidence_interval":{"confidence_level":0.95,"lower_bound":6781.1862652280315,"upper_bound":26885.274433245584},"point_estimate":18495.810660412568,"standard_error":4986.184187695221}}