{"mean":{"confidence_interval":{"confidence_level":0.95,"lower_bound":12805175.2625,"upper_bound":12901116.195},"point_estimate":12849398.5825,"standard_error":24481.368017263336},"median":{"confidence_interval":{"confidence_level":0.95,"lower_bound":12784759.75,"upper_bound":12852884.125},"point_estimate":12814309.375,"standard_error":20039.068691580087},"median_abs_dev":{"confidence_interval":{"confidence_level":0.95,"lower_bound":109563.95272985101,"upper_bound":181262.48745694757},"point_estimate":146556.4899981022,"standard_error":17956.773148053064},"slope":null,"std_dev":{"confidence_interval":{"confidence_level":0.95,"lower_bound":146915.807975461,"upper_bound":333747.0454037768},"point_estimate":246097.96806175343,"standard_error":47905.77386567376}}