{"mean":{"confidence_interval":{"confidence_level":0.95,"lower_bound":29484947.482125,"upper_bound":30056665.399125},"point_estimate":29762457.325,"standard_error":145724.44107685363},"median":{"confidence_interval":{"confidence_level":0.95,"lower_bound":29117656.5,"upper_bound":29808723.5},"point_estimate":29274359.0,"standard_error":162350.64073475028},"median_abs_dev":{"confidence_interval":{"confidence_level":0.95,"lower_bound":967604.4174715877,"upper_bound":1679196.436688304},"point_estimate":1406776.1045247316,"standard_error":185769.30759177994},"slope":null,"std_dev":{"confidence_interval":{"confidence_level":0.95,"lower_bound":1196702.4624249805,"upper_bound":1709400.4626787351},"point_estimate":1463535.8111816025,"standard_error":131411.25283625425}}