{"mean":{"confidence_interval":{"confidence_level":0.95,"lower_bound":2446401.290869567,"upper_bound":2535341.720173914},"point_estimate":2489318.1352173924,"standard_error":22673.959889588823},"median":{"confidence_interval":{"confidence_level":0.95,"lower_bound":2392314.2826086953,"upper_bound":2462422.804347826},"point_estimate":2430535.152173913,"standard_error":18209.154491862242},"median_abs_dev":{"confidence_interval":{"confidence_level":0.95,"lower_bound":94840.11541190375,"upper_bound":195098.39242761524},"point_estimate":132824.0688940752,"standard_error":25991.040313536167},"slope":null,"std_dev":{"confidence_interval":{"confidence_level":0.95,"lower_bound":181509.73241039756,"upper_bound":267236.6193911762},"point_estimate":227936.29754169454,"standard_error":21851.68771961629}}