{"mean":{"confidence_interval":{"confidence_level":0.95,"lower_bound":108306.89403767095,"upper_bound":113131.73493858933},"point_estimate":110627.47623145605,"standard_error":1228.683180870587},"median":{"confidence_interval":{"confidence_level":0.95,"lower_bound":104965.15650000001,"upper_bound":110475.33541666667},"point_estimate":107654.08221247562,"standard_error":1499.697225493548},"median_abs_dev":{"confidence_interval":{"confidence_level":0.95,"lower_bound":7721.537895114362,"upper_bound":13266.822490916224},"point_estimate":9984.00959755096,"standard_error":1369.1722775701644},"slope":{"confidence_interval":{"confidence_level":0.95,"lower_bound":103592.89308338087,"upper_bound":106957.9774210031},"point_estimate":105202.52135687898,"standard_error":862.248824002838},"std_dev":{"confidence_interval":{"confidence_level":0.95,"lower_bound":9548.425540211016,"upper_bound":14954.63376792707},"point_estimate":12365.115911101962,"standard_error":1383.3236222440034}}