{"mean":{"confidence_interval":{"confidence_level":0.95,"lower_bound":25667018.885499995,"upper_bound":26008821.360416666},"point_estimate":25837638.35666667,"standard_error":87257.41568747016},"median":{"confidence_interval":{"confidence_level":0.95,"lower_bound":25602890.333333332,"upper_bound":26075949.0},"point_estimate":25766557.166666668,"standard_error":108497.52851957736},"median_abs_dev":{"confidence_interval":{"confidence_level":0.95,"lower_bound":585739.6733785423,"upper_bound":994051.4064520597},"point_estimate":736402.7120262366,"standard_error":106481.42824935203},"slope":null,"std_dev":{"confidence_interval":{"confidence_level":0.95,"lower_bound":751723.3767290635,"upper_bound":982367.1695789201},"point_estimate":874110.151776452,"standard_error":58864.62807818959}}