{"mean":{"confidence_interval":{"confidence_level":0.95,"lower_bound":1535978.9978254319,"upper_bound":1573236.0196675477},"point_estimate":1552566.7021994833,"standard_error":9535.115511772663},"median":{"confidence_interval":{"confidence_level":0.95,"lower_bound":1520049.181773879,"upper_bound":1535223.4096385543},"point_estimate":1527194.438612809,"standard_error":3506.4462517391753},"median_abs_dev":{"confidence_interval":{"confidence_level":0.95,"lower_bound":20170.89152591428,"upper_bound":36996.01913187459},"point_estimate":26478.594975856086,"standard_error":4364.685774641018},"slope":{"confidence_interval":{"confidence_level":0.95,"lower_bound":1511760.3219738225,"upper_bound":1522049.3267755779},"point_estimate":1516583.399465051,"standard_error":2631.6553416209745},"std_dev":{"confidence_interval":{"confidence_level":0.95,"lower_bound":43391.072904959976,"upper_bound":140055.4047318232},"point_estimate":95795.33345293108,"standard_error":25007.40970352404}}