{"mean":{"confidence_interval":{"confidence_level":0.95,"lower_bound":3958.2532753649975,"upper_bound":3968.2748955253087},"point_estimate":3963.1723577496678,"standard_error":2.55695824250578},"median":{"confidence_interval":{"confidence_level":0.95,"lower_bound":3953.5714716890016,"upper_bound":3961.4938448453377},"point_estimate":3957.080815219514,"standard_error":2.024876077307585},"median_abs_dev":{"confidence_interval":{"confidence_level":0.95,"lower_bound":16.07587625670347,"upper_bound":25.763156883835723},"point_estimate":20.078624497961524,"standard_error":2.498347063778065},"slope":{"confidence_interval":{"confidence_level":0.95,"lower_bound":3954.053789998205,"upper_bound":3962.7539012495286},"point_estimate":3958.167628407605,"standard_error":2.207896249388941},"std_dev":{"confidence_interval":{"confidence_level":0.95,"lower_bound":21.64287117303705,"upper_bound":29.18996885893919},"point_estimate":25.73662695023463,"standard_error":1.925841917150325}}