{"mean":{"confidence_interval":{"confidence_level":0.95,"lower_bound":266881785.2735,"upper_bound":272126946.517},"point_estimate":269413379.79,"standard_error":1337843.801223234},"median":{"confidence_interval":{"confidence_level":0.95,"lower_bound":263330779.5,"upper_bound":269280665.0},"point_estimate":266105334.5,"standard_error":1285008.0758796132},"median_abs_dev":{"confidence_interval":{"confidence_level":0.95,"lower_bound":7938519.28986311,"upper_bound":13386438.899043202},"point_estimate":10958406.419849396,"standard_error":1305310.8317776816},"slope":null,"std_dev":{"confidence_interval":{"confidence_level":0.95,"lower_bound":10592135.752759174,"upper_bound":16029770.61281089},"point_estimate":13453116.05766846,"standard_error":1390435.606919702}}