{"mean":{"confidence_interval":{"confidence_level":0.95,"lower_bound":15449.592600359587,"upper_bound":15757.860321114222},"point_estimate":15597.806992841262,"standard_error":78.33648399531492},"median":{"confidence_interval":{"confidence_level":0.95,"lower_bound":15325.053713151927,"upper_bound":15541.375938726746},"point_estimate":15409.8593837535,"standard_error":50.817068738432965},"median_abs_dev":{"confidence_interval":{"confidence_level":0.95,"lower_bound":330.6129697605062,"upper_bound":631.9956805202304},"point_estimate":467.5630003541073,"standard_error":73.46305043305206},"slope":{"confidence_interval":{"confidence_level":0.95,"lower_bound":15623.897839600137,"upper_bound":15975.934805707928},"point_estimate":15792.39103215652,"standard_error":90.16273050094337},"std_dev":{"confidence_interval":{"confidence_level":0.95,"lower_bound":581.8478955748773,"upper_bound":962.2187742465227},"point_estimate":787.0970510525603,"standard_error":96.93947625935499}}