{"mean":{"confidence_interval":{"confidence_level":0.95,"lower_bound":172095.09434083555,"upper_bound":172910.36505526825},"point_estimate":172506.57196807166,"standard_error":207.7677274324889},"median":{"confidence_interval":{"confidence_level":0.95,"lower_bound":172252.48974960877,"upper_bound":173125.36458333334},"point_estimate":172829.93802083333,"standard_error":209.28824550869834},"median_abs_dev":{"confidence_interval":{"confidence_level":0.95,"lower_bound":1482.142522219489,"upper_bound":2521.7833684213115},"point_estimate":2150.701101251756,"standard_error":256.2669449733712},"slope":{"confidence_interval":{"confidence_level":0.95,"lower_bound":172947.58021375787,"upper_bound":173908.1691437473},"point_estimate":173460.21279247326,"standard_error":245.79297236574328},"std_dev":{"confidence_interval":{"confidence_level":0.95,"lower_bound":1796.2113878248324,"upper_bound":2343.8712445255765},"point_estimate":2088.020317352204,"standard_error":139.3458762705785}}