{"mean":{"confidence_interval":{"confidence_level":0.95,"lower_bound":545188.2828933385,"upper_bound":564240.1053348022},"point_estimate":554476.7803867264,"standard_error":4866.005305146782},"median":{"confidence_interval":{"confidence_level":0.95,"lower_bound":544192.0805555556,"upper_bound":560238.25},"point_estimate":556842.9668560605,"standard_error":4566.414089902883},"median_abs_dev":{"confidence_interval":{"confidence_level":0.95,"lower_bound":31184.982817582244,"upper_bound":48545.75090057967},"point_estimate":38956.8690027709,"standard_error":4253.78304251547},"slope":{"confidence_interval":{"confidence_level":0.95,"lower_bound":539504.301256595,"upper_bound":557259.4572560886},"point_estimate":548515.2336544998,"standard_error":4517.159496140424},"std_dev":{"confidence_interval":{"confidence_level":0.95,"lower_bound":37883.90572936961,"upper_bound":59352.933890743596},"point_estimate":48949.35313017733,"standard_error":5506.3151946253965}}