{"mean":{"confidence_interval":{"confidence_level":0.95,"lower_bound":48599.62165464372,"upper_bound":49341.090714890706},"point_estimate":48959.02248085869,"standard_error":189.6474306324406},"median":{"confidence_interval":{"confidence_level":0.95,"lower_bound":48346.01253132832,"upper_bound":49124.23367117117},"point_estimate":48786.61870048191,"standard_error":204.5694649870756},"median_abs_dev":{"confidence_interval":{"confidence_level":0.95,"lower_bound":1101.9474553376112,"upper_bound":1952.7093874377506},"point_estimate":1615.213060592937,"standard_error":213.7172327644418},"slope":{"confidence_interval":{"confidence_level":0.95,"lower_bound":48143.523953192846,"upper_bound":48824.386284333654},"point_estimate":48473.817966321156,"standard_error":173.86237860506728},"std_dev":{"confidence_interval":{"confidence_level":0.95,"lower_bound":1463.4525258629467,"upper_bound":2349.7666695689177},"point_estimate":1902.436598671205,"standard_error":229.5698693941724}}