{"mean":{"confidence_interval":{"confidence_level":0.95,"lower_bound":115555.43228494555,"upper_bound":117585.39943872961},"point_estimate":116529.41995159205,"standard_error":518.8821435033668},"median":{"confidence_interval":{"confidence_level":0.95,"lower_bound":114498.4656084656,"upper_bound":116492.09788359789},"point_estimate":115442.72732193733,"standard_error":485.2169312400329},"median_abs_dev":{"confidence_interval":{"confidence_level":0.95,"lower_bound":2676.788554838579,"upper_bound":4690.538778980558},"point_estimate":3425.7825725135317,"standard_error":509.4865744167741},"slope":{"confidence_interval":{"confidence_level":0.95,"lower_bound":114551.66898270539,"upper_bound":116446.59568398606},"point_estimate":115475.27862863899,"standard_error":482.2360874453435},"std_dev":{"confidence_interval":{"confidence_level":0.95,"lower_bound":3862.6800649805537,"upper_bound":6514.372404300808},"point_estimate":5234.02945343495,"standard_error":680.580193102504}}