{"mean":{"confidence_interval":{"confidence_level":0.95,"lower_bound":26447054.59,"upper_bound":26845826.056874998},"point_estimate":26638601.435,"standard_error":101820.69819374113},"median":{"confidence_interval":{"confidence_level":0.95,"lower_bound":26243183.25,"upper_bound":26488994.25},"point_estimate":26326869.0,"standard_error":75456.45385440016},"median_abs_dev":{"confidence_interval":{"confidence_level":0.95,"lower_bound":512991.08104258776,"upper_bound":1012481.9773748517},"point_estimate":808648.9438936114,"standard_error":118898.3227214618},"slope":null,"std_dev":{"confidence_interval":{"confidence_level":0.95,"lower_bound":810353.8068771155,"upper_bound":1241362.8860198746},"point_estimate":1022819.199834827,"standard_error":111813.62300345102}}