{"mean":{"confidence_interval":{"confidence_level":0.95,"lower_bound":13030903.2615,"upper_bound":13259161.463624999},"point_estimate":13142354.1,"standard_error":58426.42378806657},"median":{"confidence_interval":{"confidence_level":0.95,"lower_bound":12881396.25,"upper_bound":13132058.75},"point_estimate":12963787.5,"standard_error":62734.42228077119},"median_abs_dev":{"confidence_interval":{"confidence_level":0.95,"lower_bound":333980.10697066784,"upper_bound":617209.890217334},"point_estimate":498731.2491707504,"standard_error":67591.02682124633},"slope":null,"std_dev":{"confidence_interval":{"confidence_level":0.95,"lower_bound":474709.03665137355,"upper_bound":687726.6525163935},"point_estimate":587588.3571075586,"standard_error":54502.75725852698}}