{"mean":{"confidence_interval":{"confidence_level":0.95,"lower_bound":228825.9634313508,"upper_bound":238408.15088041342},"point_estimate":233218.0349067636,"standard_error":2444.6583438217463},"median":{"confidence_interval":{"confidence_level":0.95,"lower_bound":225837.51985343103,"upper_bound":229692.55272727273},"point_estimate":228030.73058132344,"standard_error":1024.4111537018816},"median_abs_dev":{"confidence_interval":{"confidence_level":0.95,"lower_bound":8407.241457545499,"upper_bound":13797.648081470355},"point_estimate":11596.245699621202,"standard_error":1317.169991915054},"slope":{"confidence_interval":{"confidence_level":0.95,"lower_bound":220237.29801778373,"upper_bound":224316.39872623977},"point_estimate":222174.8401980198,"standard_error":1041.8920221928154},"std_dev":{"confidence_interval":{"confidence_level":0.95,"lower_bound":14661.506424874466,"upper_bound":33002.39501666186},"point_estimate":24508.98200842635,"standard_error":4680.749593832252}}