{"mean":{"confidence_interval":{"confidence_level":0.95,"lower_bound":6062.592979197425,"upper_bound":6099.52514284309},"point_estimate":6078.021703822367,"standard_error":9.556744402490708},"median":{"confidence_interval":{"confidence_level":0.95,"lower_bound":6051.282000623895,"upper_bound":6072.937379934312},"point_estimate":6060.969806016603,"standard_error":5.106849875908093},"median_abs_dev":{"confidence_interval":{"confidence_level":0.95,"lower_bound":32.02100894984607,"upper_bound":52.06837069920638},"point_estimate":42.984270655917996,"standard_error":4.931526104646314},"slope":{"confidence_interval":{"confidence_level":0.95,"lower_bound":6043.074032014454,"upper_bound":6059.809746576981},"point_estimate":6051.285947230379,"standard_error":4.257401055175838},"std_dev":{"confidence_interval":{"confidence_level":0.95,"lower_bound":42.251209995751154,"upper_bound":150.36866078124277},"point_estimate":95.77238479463668,"standard_error":34.57380284833683}}