{"mean":{"confidence_interval":{"confidence_level":0.95,"lower_bound":438350.7308132656,"upper_bound":450976.4525835961},"point_estimate":444152.5941618427,"standard_error":3229.4532332824633},"median":{"confidence_interval":{"confidence_level":0.95,"lower_bound":434005.12,"upper_bound":442066.0241545894},"point_estimate":439046.8535460993,"standard_error":1973.7804696732653},"median_abs_dev":{"confidence_interval":{"confidence_level":0.95,"lower_bound":12839.948479783212,"upper_bound":21617.933423055303},"point_estimate":17490.347857421224,"standard_error":2273.0779908636414},"slope":{"confidence_interval":{"confidence_level":0.95,"lower_bound":433996.25016884273,"upper_bound":442898.7831303949},"point_estimate":438403.1496310527,"standard_error":2278.871163835728},"std_dev":{"confidence_interval":{"confidence_level":0.95,"lower_bound":18899.06029898874,"upper_bound":45302.66712555634},"point_estimate":32557.694703964058,"standard_error":6868.19067827001}}