{"mean":{"confidence_interval":{"confidence_level":0.95,"lower_bound":255367.3325375616,"upper_bound":259106.91151663888},"point_estimate":257192.60488944757,"standard_error":954.2284880715714},"median":{"confidence_interval":{"confidence_level":0.95,"lower_bound":253683.13488520408,"upper_bound":258083.34285714285},"point_estimate":256131.25715894467,"standard_error":1187.558876377225},"median_abs_dev":{"confidence_interval":{"confidence_level":0.95,"lower_bound":6809.329945985216,"upper_bound":10679.012338112329},"point_estimate":8719.08328846919,"standard_error":1006.2744847245837},"slope":{"confidence_interval":{"confidence_level":0.95,"lower_bound":254169.65193953612,"upper_bound":257653.8109889321},"point_estimate":255869.4956790306,"standard_error":889.4129002339405},"std_dev":{"confidence_interval":{"confidence_level":0.95,"lower_bound":7713.033198468904,"upper_bound":11328.404688030445},"point_estimate":9575.780073941838,"standard_error":926.7660540645978}}