{"mean":{"confidence_interval":{"confidence_level":0.95,"lower_bound":433465.45078706846,"upper_bound":447547.287813972},"point_estimate":439630.8019585083,"standard_error":3626.2820492865585},"median":{"confidence_interval":{"confidence_level":0.95,"lower_bound":426662.8037037037,"upper_bound":437540.3491610448},"point_estimate":431647.18056835636,"standard_error":2765.8391848850397},"median_abs_dev":{"confidence_interval":{"confidence_level":0.95,"lower_bound":10187.444854199754,"upper_bound":19245.602399008552},"point_estimate":14245.34491628065,"standard_error":2110.469865407212},"slope":{"confidence_interval":{"confidence_level":0.95,"lower_bound":425808.49741406075,"upper_bound":429950.96481259953},"point_estimate":427804.35155706614,"standard_error":1057.5644764813167},"std_dev":{"confidence_interval":{"confidence_level":0.95,"lower_bound":15602.133348703725,"upper_bound":54325.617496599516},"point_estimate":36268.753542823106,"standard_error":10241.018802945768}}