{"mean":{"confidence_interval":{"confidence_level":0.95,"lower_bound":334536.8617061775,"upper_bound":364321.3355239635},"point_estimate":348114.3241823297,"standard_error":7638.130688108793},"median":{"confidence_interval":{"confidence_level":0.95,"lower_bound":315737.61844050256,"upper_bound":332418.7443181818},"point_estimate":323498.97789987794,"standard_error":3454.960986634804},"median_abs_dev":{"confidence_interval":{"confidence_level":0.95,"lower_bound":15720.21356215935,"upper_bound":32725.396180414315},"point_estimate":25604.40923762124,"standard_error":3932.9738796221723},"slope":{"confidence_interval":{"confidence_level":0.95,"lower_bound":322363.88049538323,"upper_bound":343578.9932729908},"point_estimate":331593.5980478794,"standard_error":5408.12258118048},"std_dev":{"confidence_interval":{"confidence_level":0.95,"lower_bound":45910.851583399795,"upper_bound":106386.38162754102},"point_estimate":76612.66321131535,"standard_error":15971.260186121022}}