{"mean":{"confidence_interval":{"confidence_level":0.95,"lower_bound":138360.40420926857,"upper_bound":145859.9793429384},"point_estimate":141675.4468142078,"standard_error":1936.0338767967771},"median":{"confidence_interval":{"confidence_level":0.95,"lower_bound":134829.01086140313,"upper_bound":137111.59907670453},"point_estimate":135265.28164450714,"standard_error":608.7418220686078},"median_abs_dev":{"confidence_interval":{"confidence_level":0.95,"lower_bound":2507.846131653776,"upper_bound":5428.727226956441},"point_estimate":3539.4745192727078,"standard_error":786.1528685936042},"slope":{"confidence_interval":{"confidence_level":0.95,"lower_bound":135521.53893896664,"upper_bound":138091.93600960053},"point_estimate":136691.0083353037,"standard_error":659.2437574288808},"std_dev":{"confidence_interval":{"confidence_level":0.95,"lower_bound":9276.90255962149,"upper_bound":28533.711259300664},"point_estimate":19426.6986567183,"standard_error":5075.123366901963}}