{"mean":{"confidence_interval":{"confidence_level":0.95,"lower_bound":95176373.244,"upper_bound":97473326.73825},"point_estimate":96309556.48,"standard_error":586343.0630285663},"median":{"confidence_interval":{"confidence_level":0.95,"lower_bound":91869010.5,"upper_bound":95992840.0},"point_estimate":92855356.0,"standard_error":941745.4525145262},"median_abs_dev":{"confidence_interval":{"confidence_level":0.95,"lower_bound":1400222.2713410854,"upper_bound":7406933.810600638},"point_estimate":2879553.112077713,"standard_error":1246169.1433923088},"slope":null,"std_dev":{"confidence_interval":{"confidence_level":0.95,"lower_bound":5196709.214633216,"upper_bound":6492122.482699585},"point_estimate":5879915.396192102,"standard_error":330557.04300528346}}