{"mean":{"confidence_interval":{"confidence_level":0.95,"lower_bound":1515989.4166443022,"upper_bound":1549429.6521263532},"point_estimate":1530697.3521495417,"standard_error":8606.547008744556},"median":{"confidence_interval":{"confidence_level":0.95,"lower_bound":1499923.0,"upper_bound":1518136.487804878},"point_estimate":1507191.0849748054,"standard_error":4304.049772906659},"median_abs_dev":{"confidence_interval":{"confidence_level":0.95,"lower_bound":21850.767731586846,"upper_bound":36846.46479730191},"point_estimate":30250.733329718405,"standard_error":3942.5362021882715},"slope":{"confidence_interval":{"confidence_level":0.95,"lower_bound":1493408.5854535673,"upper_bound":1502265.699368931},"point_estimate":1497511.9071287129,"standard_error":2268.1087935576716},"std_dev":{"confidence_interval":{"confidence_level":0.95,"lower_bound":40389.34451573505,"upper_bound":129307.47668942816},"point_estimate":86669.44290011583,"standard_error":23646.981490778708}}