{"mean":{"confidence_interval":{"confidence_level":0.95,"lower_bound":18757313.611166663,"upper_bound":18887730.47091667},"point_estimate":18817224.819999997,"standard_error":33386.64192298828},"median":{"confidence_interval":{"confidence_level":0.95,"lower_bound":18702940.333333332,"upper_bound":18759107.666666668},"point_estimate":18728207.333333336,"standard_error":12746.78344886293},"median_abs_dev":{"confidence_interval":{"confidence_level":0.95,"lower_bound":86337.97396719364,"upper_bound":142169.22957599256},"point_estimate":110469.01823877828,"standard_error":13398.132582676595},"slope":null,"std_dev":{"confidence_interval":{"confidence_level":0.95,"lower_bound":201081.5824926429,"upper_bound":442752.7034405497},"point_estimate":335785.7749365483,"standard_error":61497.85979776038}}