{"mean":{"confidence_interval":{"confidence_level":0.95,"lower_bound":547144.4549222775,"upper_bound":574404.4993710606},"point_estimate":559870.0301277586,"standard_error":6960.395906627469},"median":{"confidence_interval":{"confidence_level":0.95,"lower_bound":531936.0588850174,"upper_bound":543320.5510135135},"point_estimate":537616.7322938689,"standard_error":2716.049324024528},"median_abs_dev":{"confidence_interval":{"confidence_level":0.95,"lower_bound":17018.967742220968,"upper_bound":35105.16091165012},"point_estimate":25581.009878142766,"standard_error":4700.9574577964995},"slope":{"confidence_interval":{"confidence_level":0.95,"lower_bound":530397.9120827117,"upper_bound":543536.1685583044},"point_estimate":536683.0622003842,"standard_error":3365.8620897621317},"std_dev":{"confidence_interval":{"confidence_level":0.95,"lower_bound":45946.758764827115,"upper_bound":89660.69159081065},"point_estimate":69708.18694905819,"standard_error":11177.045916363626}}