{"mean":{"confidence_interval":{"confidence_level":0.95,"lower_bound":277307934.02875,"upper_bound":285265850.3895},"point_estimate":281146596.19,"standard_error":2038537.5383215542},"median":{"confidence_interval":{"confidence_level":0.95,"lower_bound":270278761.5,"upper_bound":279201373.0},"point_estimate":275067289.0,"standard_error":2350453.986906316},"median_abs_dev":{"confidence_interval":{"confidence_level":0.95,"lower_bound":10372919.461813869,"upper_bound":20710145.47752142},"point_estimate":16384172.278922796,"standard_error":2920109.942831747},"slope":null,"std_dev":{"confidence_interval":{"confidence_level":0.95,"lower_bound":16123596.809964474,"upper_bound":24966263.698908035},"point_estimate":20467909.451152515,"standard_error":2293562.3784629535}}