{"mean":{"confidence_interval":{"confidence_level":0.95,"lower_bound":308145.60987178003,"upper_bound":308546.48585632775},"point_estimate":308326.26577158715,"standard_error":102.6991063136181},"median":{"confidence_interval":{"confidence_level":0.95,"lower_bound":308041.54654782114,"upper_bound":308291.40559499664},"point_estimate":308140.4634615385,"standard_error":71.3664076257019},"median_abs_dev":{"confidence_interval":{"confidence_level":0.95,"lower_bound":383.9286634286357,"upper_bound":676.3314220982979},"point_estimate":497.637216576573,"standard_error":72.27272152435803},"slope":{"confidence_interval":{"confidence_level":0.95,"lower_bound":308123.2395241873,"upper_bound":308605.7215162382},"point_estimate":308349.1380966455,"standard_error":123.26044881765841},"std_dev":{"confidence_interval":{"confidence_level":0.95,"lower_bound":604.255212535417,"upper_bound":1504.1609773884181},"point_estimate":1032.4126801546154,"standard_error":267.62794396489795}}