{"mean":{"confidence_interval":{"confidence_level":0.95,"lower_bound":211601.70377678762,"upper_bound":217311.727714016},"point_estimate":214046.32783819866,"standard_error":1473.9247795245474},"median":{"confidence_interval":{"confidence_level":0.95,"lower_bound":209448.07096774192,"upper_bound":211820.1108322026},"point_estimate":210284.4905982906,"standard_error":703.9760773177125},"median_abs_dev":{"confidence_interval":{"confidence_level":0.95,"lower_bound":2933.537275060625,"upper_bound":5398.250468355417},"point_estimate":3529.894399383121,"standard_error":655.2680073581332},"slope":{"confidence_interval":{"confidence_level":0.95,"lower_bound":208371.44906561036,"upper_bound":209807.0509564992},"point_estimate":209022.6669348308,"standard_error":367.06525552337325},"std_dev":{"confidence_interval":{"confidence_level":0.95,"lower_bound":6066.2691636139725,"upper_bound":22717.24383152307},"point_estimate":14762.649891526751,"standard_error":4680.320972492155}}