{"mean":{"confidence_interval":{"confidence_level":0.95,"lower_bound":455267.9357395146,"upper_bound":466597.63497560524},"point_estimate":460420.7182541224,"standard_error":2909.554292571999},"median":{"confidence_interval":{"confidence_level":0.95,"lower_bound":448384.5777777778,"upper_bound":455046.6838888889},"point_estimate":450944.21867674636,"standard_error":1680.9043942079913},"median_abs_dev":{"confidence_interval":{"confidence_level":0.95,"lower_bound":7287.079598718224,"upper_bound":14540.796032663628},"point_estimate":10984.29889177456,"standard_error":1821.6769113242487},"slope":{"confidence_interval":{"confidence_level":0.95,"lower_bound":448191.29112348787,"upper_bound":457951.9864825215},"point_estimate":452386.40446776024,"standard_error":2512.7944644039453},"std_dev":{"confidence_interval":{"confidence_level":0.95,"lower_bound":15805.271888878748,"upper_bound":40720.77205305853},"point_estimate":29291.5675841605,"standard_error":6379.743202750266}}