{"mean":{"confidence_interval":{"confidence_level":0.95,"lower_bound":548668.2356243322,"upper_bound":576254.4343448121},"point_estimate":560997.5357391823,"standard_error":7101.588573362783},"median":{"confidence_interval":{"confidence_level":0.95,"lower_bound":535489.9766925639,"upper_bound":548389.8020444168},"point_estimate":540465.5279098732,"standard_error":3102.893591104341},"median_abs_dev":{"confidence_interval":{"confidence_level":0.95,"lower_bound":16630.436101677362,"upper_bound":30343.768898080158},"point_estimate":21862.20660590688,"standard_error":3410.8664715343207},"slope":{"confidence_interval":{"confidence_level":0.95,"lower_bound":534279.0943201606,"upper_bound":545129.2088227308},"point_estimate":539336.4215531255,"standard_error":2782.0582876538465},"std_dev":{"confidence_interval":{"confidence_level":0.95,"lower_bound":34979.93418866813,"upper_bound":102223.34007188922},"point_estimate":71405.43387017387,"standard_error":17356.0615819976}}