{"mean":{"confidence_interval":{"confidence_level":0.95,"lower_bound":375270.6654637063,"upper_bound":390498.6092750722},"point_estimate":382519.43213799223,"standard_error":3900.830802366807},"median":{"confidence_interval":{"confidence_level":0.95,"lower_bound":367771.80263157893,"upper_bound":382617.768115942},"point_estimate":371046.5888888889,"standard_error":3912.651441888279},"median_abs_dev":{"confidence_interval":{"confidence_level":0.95,"lower_bound":20622.568881763505,"upper_bound":34278.15689466056},"point_estimate":27286.291645734538,"standard_error":3665.3363422853236},"slope":{"confidence_interval":{"confidence_level":0.95,"lower_bound":365176.5905302524,"upper_bound":377135.9303208278},"point_estimate":371025.645172159,"standard_error":3061.713796631022},"std_dev":{"confidence_interval":{"confidence_level":0.95,"lower_bound":28609.8581340021,"upper_bound":49915.04748035893},"point_estimate":39264.75706335174,"standard_error":5518.076919439944}}