{"mean":{"confidence_interval":{"confidence_level":0.95,"lower_bound":345072.96381723165,"upper_bound":367877.8275442905},"point_estimate":355752.660097777,"standard_error":5840.114313482704},"median":{"confidence_interval":{"confidence_level":0.95,"lower_bound":336961.0,"upper_bound":355304.3859338062},"point_estimate":348200.5171235551,"standard_error":4973.249386155695},"median_abs_dev":{"confidence_interval":{"confidence_level":0.95,"lower_bound":23776.385766218136,"upper_bound":38457.3325294562},"point_estimate":29307.727404683857,"standard_error":3830.4697015907523},"slope":{"confidence_interval":{"confidence_level":0.95,"lower_bound":336281.6369403526,"upper_bound":359030.94769596215},"point_estimate":346920.78112211224,"standard_error":5775.925339252315},"std_dev":{"confidence_interval":{"confidence_level":0.95,"lower_bound":37622.05823406961,"upper_bound":78355.85450217215},"point_estimate":58759.810511144606,"standard_error":10533.733973779394}}