{"mean":{"confidence_interval":{"confidence_level":0.95,"lower_bound":117117.39302952678,"upper_bound":120121.13326196434},"point_estimate":118653.87478397689,"standard_error":769.0285195010142},"median":{"confidence_interval":{"confidence_level":0.95,"lower_bound":119334.5394298408,"upper_bound":122293.07964566298},"point_estimate":120764.91385952549,"standard_error":772.394854887069},"median_abs_dev":{"confidence_interval":{"confidence_level":0.95,"lower_bound":4169.463410068693,"upper_bound":8098.6267923070145},"point_estimate":6368.57824213597,"standard_error":1086.5527745911804},"slope":{"confidence_interval":{"confidence_level":0.95,"lower_bound":115628.0390886036,"upper_bound":120300.09522892229},"point_estimate":117969.96839104807,"standard_error":1192.6074894027154},"std_dev":{"confidence_interval":{"confidence_level":0.95,"lower_bound":6415.470031284441,"upper_bound":8809.471811700483},"point_estimate":7686.320195241504,"standard_error":610.3665077133576}}