{"mean":{"confidence_interval":{"confidence_level":0.95,"lower_bound":1966688.31756,"upper_bound":1997474.4705499988},"point_estimate":1982141.8488000003,"standard_error":7891.402295192542},"median":{"confidence_interval":{"confidence_level":0.95,"lower_bound":1964101.48,"upper_bound":1996590.2},"point_estimate":1977497.8,"standard_error":8647.319454723709},"median_abs_dev":{"confidence_interval":{"confidence_level":0.95,"lower_bound":50705.986571788744,"upper_bound":100433.57576894746},"point_estimate":75003.36867642414,"standard_error":12923.790713215303},"slope":null,"std_dev":{"confidence_interval":{"confidence_level":0.95,"lower_bound":68383.48211319715,"upper_bound":89407.37202558834},"point_estimate":79403.09757251886,"standard_error":5368.722778230577}}