{"mean":{"confidence_interval":{"confidence_level":0.95,"lower_bound":279370.6995652394,"upper_bound":285279.84885556257},"point_estimate":282103.17753659695,"standard_error":1509.428454581367},"median":{"confidence_interval":{"confidence_level":0.95,"lower_bound":280107.90277777775,"upper_bound":282698.5},"point_estimate":281634.7597537879,"standard_error":605.6882992529545},"median_abs_dev":{"confidence_interval":{"confidence_level":0.95,"lower_bound":3954.8894041170724,"upper_bound":6584.850106069258},"point_estimate":5801.733158267511,"standard_error":672.7917947948232},"slope":{"confidence_interval":{"confidence_level":0.95,"lower_bound":277862.7107089789,"upper_bound":282131.5670675375},"point_estimate":280099.3769513817,"standard_error":1089.1927803565395},"std_dev":{"confidence_interval":{"confidence_level":0.95,"lower_bound":8752.165506224359,"upper_bound":21126.826955615703},"point_estimate":15104.986147663069,"standard_error":3255.9631223267}}