{"mean":{"confidence_interval":{"confidence_level":0.95,"lower_bound":340434.14847532054,"upper_bound":368162.66201049776},"point_estimate":352951.7814117753,"standard_error":7109.622256344496},"median":{"confidence_interval":{"confidence_level":0.95,"lower_bound":326322.4493428913,"upper_bound":354169.53183520597},"point_estimate":337055.32835497835,"standard_error":7945.87224535008},"median_abs_dev":{"confidence_interval":{"confidence_level":0.95,"lower_bound":34114.42384273498,"upper_bound":52495.213609648294},"point_estimate":40943.03271717658,"standard_error":4536.087239221159},"slope":{"confidence_interval":{"confidence_level":0.95,"lower_bound":339945.96119286405,"upper_bound":358388.83263098856},"point_estimate":349261.49786808534,"standard_error":4713.2755230422135},"std_dev":{"confidence_interval":{"confidence_level":0.95,"lower_bound":42021.749116188694,"upper_bound":102595.72582257369},"point_estimate":71483.53426513736,"standard_error":17165.62132840554}}