{"mean":{"confidence_interval":{"confidence_level":0.95,"lower_bound":9960284.051791664,"upper_bound":10253541.774125004},"point_estimate":10102028.353333337,"standard_error":74811.94801126064},"median":{"confidence_interval":{"confidence_level":0.95,"lower_bound":9839444.5,"upper_bound":10127796.166666666},"point_estimate":9959645.25,"standard_error":90328.06074062381},"median_abs_dev":{"confidence_interval":{"confidence_level":0.95,"lower_bound":494635.5049684653,"upper_bound":831669.3972349176},"point_estimate":650074.6220588693,"standard_error":83698.16325147009},"slope":null,"std_dev":{"confidence_interval":{"confidence_level":0.95,"lower_bound":588284.7893018947,"upper_bound":916879.501856422},"point_estimate":751626.2390359384,"standard_error":84594.09089990663}}