{"mean":{"confidence_interval":{"confidence_level":0.95,"lower_bound":4524828.629270831,"upper_bound":4629544.802666667},"point_estimate":4575775.644166666,"standard_error":26758.0077611105},"median":{"confidence_interval":{"confidence_level":0.95,"lower_bound":4486629.953125001,"upper_bound":4581945.833333333},"point_estimate":4540896.291666666,"standard_error":26500.14770588392},"median_abs_dev":{"confidence_interval":{"confidence_level":0.95,"lower_bound":186312.902492285,"upper_bound":310097.27464467287},"point_estimate":245319.57836970803,"standard_error":31051.673040174745},"slope":null,"std_dev":{"confidence_interval":{"confidence_level":0.95,"lower_bound":214354.38113995345,"upper_bound":322319.59047101246},"point_estimate":268475.99698609667,"standard_error":27776.10395755991}}