{"mean":{"confidence_interval":{"confidence_level":0.95,"lower_bound":25195517.831416678,"upper_bound":25376326.913916666},"point_estimate":25284556.76666667,"standard_error":46009.75565477671},"median":{"confidence_interval":{"confidence_level":0.95,"lower_bound":25102091.666666668,"upper_bound":25413828.833333336},"point_estimate":25344311.166666664,"standard_error":75924.42477809376},"median_abs_dev":{"confidence_interval":{"confidence_level":0.95,"lower_bound":365063.0439863394,"upper_bound":628531.9502413273},"point_estimate":541623.9165842514,"standard_error":65651.07369826241},"slope":null,"std_dev":{"confidence_interval":{"confidence_level":0.95,"lower_bound":389409.3108433729,"upper_bound":533987.5855601289},"point_estimate":462771.172838089,"standard_error":37156.874994472106}}