{"mean":{"confidence_interval":{"confidence_level":0.95,"lower_bound":664530.2291666621,"upper_bound":666776.2979494866},"point_estimate":665582.8910502021,"standard_error":570.752118311491},"median":{"confidence_interval":{"confidence_level":0.95,"lower_bound":662686.4838118022,"upper_bound":664512.8084042554},"point_estimate":663007.9907120743,"standard_error":523.909205088506},"median_abs_dev":{"confidence_interval":{"confidence_level":0.95,"lower_bound":1933.873304121631,"upper_bound":4377.985672356333},"point_estimate":2627.089045847923,"standard_error":648.8937900911105},"slope":{"confidence_interval":{"confidence_level":0.95,"lower_bound":662873.400498836,"upper_bound":664462.6505984861},"point_estimate":663610.8783109207,"standard_error":406.4102380339851},"std_dev":{"confidence_interval":{"confidence_level":0.95,"lower_bound":3863.1756231154354,"upper_bound":7530.444113943604},"point_estimate":5762.375558127573,"standard_error":946.165300519898}}