{"mean":{"confidence_interval":{"confidence_level":0.95,"lower_bound":255787.1585375553,"upper_bound":265174.83676028874},"point_estimate":260223.62906172994,"standard_error":2397.4804997577944},"median":{"confidence_interval":{"confidence_level":0.95,"lower_bound":253145.7142857143,"upper_bound":259694.95056179774},"point_estimate":256073.69223930078,"standard_error":1538.8905454031387},"median_abs_dev":{"confidence_interval":{"confidence_level":0.95,"lower_bound":10476.569382670385,"upper_bound":22970.874371822236},"point_estimate":15524.833375106362,"standard_error":3393.330778784105},"slope":{"confidence_interval":{"confidence_level":0.95,"lower_bound":253293.62700281502,"upper_bound":260252.86886885378},"point_estimate":256762.38549785723,"standard_error":1774.781246729035},"std_dev":{"confidence_interval":{"confidence_level":0.95,"lower_bound":16723.357281366123,"upper_bound":32679.83329956557},"point_estimate":24061.61596200474,"standard_error":4569.2181904800245}}