{"mean":{"confidence_interval":{"confidence_level":0.95,"lower_bound":9639500.662875006,"upper_bound":9739874.436249996},"point_estimate":9687023.55,"standard_error":25706.843682798204},"median":{"confidence_interval":{"confidence_level":0.95,"lower_bound":9593086.166666666,"upper_bound":9645720.166666668},"point_estimate":9625894.916666666,"standard_error":14482.423181636905},"median_abs_dev":{"confidence_interval":{"confidence_level":0.95,"lower_bound":106265.73611840705,"upper_bound":201834.18910797496},"point_estimate":142689.99281674577,"standard_error":24689.799771126698},"slope":null,"std_dev":{"confidence_interval":{"confidence_level":0.95,"lower_bound":186857.98251915417,"upper_bound":323267.9182313431},"point_estimate":258211.40677672374,"standard_error":35109.34683470746}}