{"mean":{"confidence_interval":{"confidence_level":0.95,"lower_bound":67909.09835133166,"upper_bound":68955.01831005502},"point_estimate":68394.20950587984,"standard_error":266.0101644138383},"median":{"confidence_interval":{"confidence_level":0.95,"lower_bound":67483.95294117647,"upper_bound":68168.42666666667},"point_estimate":67809.5967037037,"standard_error":156.26723948261676},"median_abs_dev":{"confidence_interval":{"confidence_level":0.95,"lower_bound":959.2843091242495,"upper_bound":1550.2960179767433},"point_estimate":1213.4516362528793,"standard_error":143.39092460382682},"slope":{"confidence_interval":{"confidence_level":0.95,"lower_bound":67773.13415925608,"upper_bound":69041.80021023992},"point_estimate":68334.23153539235,"standard_error":327.15020514181634},"std_dev":{"confidence_interval":{"confidence_level":0.95,"lower_bound":1692.116046526369,"upper_bound":3506.984705322299},"point_estimate":2673.284492681409,"standard_error":462.0928006445831}}