{"mean":{"confidence_interval":{"confidence_level":0.95,"lower_bound":202262.73902174455,"upper_bound":221983.26383335792},"point_estimate":211118.09095707722,"standard_error":5038.530264731943},"median":{"confidence_interval":{"confidence_level":0.95,"lower_bound":189015.15294117646,"upper_bound":206612.425},"point_estimate":194374.40166666667,"standard_error":4229.376678663354},"median_abs_dev":{"confidence_interval":{"confidence_level":0.95,"lower_bound":13501.35133429804,"upper_bound":30090.102503180075},"point_estimate":19508.930578919983,"standard_error":3693.8912827767513},"slope":{"confidence_interval":{"confidence_level":0.95,"lower_bound":194914.48308763473,"upper_bound":205764.67310933257},"point_estimate":200135.50705127825,"standard_error":2771.5419053525484},"std_dev":{"confidence_interval":{"confidence_level":0.95,"lower_bound":27957.470506201404,"upper_bound":70918.68994332042},"point_estimate":50392.43485358479,"standard_error":11207.303465414328}}