{"mean":{"confidence_interval":{"confidence_level":0.95,"lower_bound":178966.5785482996,"upper_bound":189309.52617997103},"point_estimate":183648.51911780372,"standard_error":2648.3883394779778},"median":{"confidence_interval":{"confidence_level":0.95,"lower_bound":173411.7803030303,"upper_bound":179041.0652173913},"point_estimate":176258.08590169117,"standard_error":1427.6245503003686},"median_abs_dev":{"confidence_interval":{"confidence_level":0.95,"lower_bound":8816.441641223924,"upper_bound":15994.593004673274},"point_estimate":11935.6306440521,"standard_error":1884.292621291762},"slope":{"confidence_interval":{"confidence_level":0.95,"lower_bound":175821.31595117413,"upper_bound":185186.94296326386},"point_estimate":180268.87868774938,"standard_error":2395.3985968450625},"std_dev":{"confidence_interval":{"confidence_level":0.95,"lower_bound":15729.188201735737,"upper_bound":38053.061331963305},"point_estimate":26631.222091901738,"standard_error":6277.003047959096}}