{"mean":{"confidence_interval":{"confidence_level":0.95,"lower_bound":2483273.385083334,"upper_bound":2489982.579916666},"point_estimate":2486607.0285714283,"standard_error":1712.8886134436286},"median":{"confidence_interval":{"confidence_level":0.95,"lower_bound":2480567.1428571427,"upper_bound":2488567.3333333335},"point_estimate":2484843.380952381,"standard_error":1851.0015924019128},"median_abs_dev":{"confidence_interval":{"confidence_level":0.95,"lower_bound":11571.445694565658,"upper_bound":20668.290833064388},"point_estimate":16114.55561390963,"standard_error":2242.9231833344406},"slope":null,"std_dev":{"confidence_interval":{"confidence_level":0.95,"lower_bound":14907.638511005538,"upper_bound":19244.458988442824},"point_estimate":17214.225249797826,"standard_error":1110.7671200383525}}