{"mean":{"confidence_interval":{"confidence_level":0.95,"lower_bound":1408668.7937007684,"upper_bound":1444608.9782424876},"point_estimate":1424453.9025900303,"standard_error":9233.552024832214},"median":{"confidence_interval":{"confidence_level":0.95,"lower_bound":1388109.375,"upper_bound":1401463.517299578},"point_estimate":1391014.28125,"standard_error":4008.3564488097377},"median_abs_dev":{"confidence_interval":{"confidence_level":0.95,"lower_bound":16501.96032294285,"upper_bound":34030.5996954291},"point_estimate":21124.005755636987,"standard_error":5046.345140104077},"slope":{"confidence_interval":{"confidence_level":0.95,"lower_bound":1389089.7674271911,"upper_bound":1403644.0604045216},"point_estimate":1395810.233604256,"standard_error":3727.953936752445},"std_dev":{"confidence_interval":{"confidence_level":0.95,"lower_bound":45742.06897141671,"upper_bound":138400.9852879248},"point_estimate":92747.52782641455,"standard_error":25534.779670026757}}