{"mean":{"confidence_interval":{"confidence_level":0.95,"lower_bound":581566.8460701837,"upper_bound":633541.9788555626},"point_estimate":607386.8860704069,"standard_error":13263.287261118801},"median":{"confidence_interval":{"confidence_level":0.95,"lower_bound":563755.0428571429,"upper_bound":651879.1944444445},"point_estimate":619830.9418498168,"standard_error":20134.371512677357},"median_abs_dev":{"confidence_interval":{"confidence_level":0.95,"lower_bound":108180.12293180723,"upper_bound":164671.27097329535},"point_estimate":137046.8848806885,"standard_error":14682.050303171349},"slope":{"confidence_interval":{"confidence_level":0.95,"lower_bound":579664.2973851993,"upper_bound":634850.9438702795},"point_estimate":607236.0956760751,"standard_error":14042.003648535883},"std_dev":{"confidence_interval":{"confidence_level":0.95,"lower_bound":113252.3601479373,"upper_bound":154307.1448080284},"point_estimate":133482.42129107748,"standard_error":10556.784195132075}}