{"mean":{"confidence_interval":{"confidence_level":0.95,"lower_bound":326325.65299505624,"upper_bound":358261.809696978},"point_estimate":340899.69515755045,"standard_error":8161.401372573156},"median":{"confidence_interval":{"confidence_level":0.95,"lower_bound":311855.27419354836,"upper_bound":326311.8611111111},"point_estimate":318419.9113636364,"standard_error":3663.518733428148},"median_abs_dev":{"confidence_interval":{"confidence_level":0.95,"lower_bound":26932.028448090314,"upper_bound":41487.377105417014},"point_estimate":32923.65989548818,"standard_error":3541.2682327559833},"slope":{"confidence_interval":{"confidence_level":0.95,"lower_bound":307500.56896872725,"upper_bound":321159.16823562345},"point_estimate":314102.4679052756,"standard_error":3487.882954049717},"std_dev":{"confidence_interval":{"confidence_level":0.95,"lower_bound":47458.86269392757,"upper_bound":111897.26153282807},"point_estimate":81983.34904247736,"standard_error":16519.381848320503}}