{"mean":{"confidence_interval":{"confidence_level":0.95,"lower_bound":3114.855729601808,"upper_bound":3124.5781857446686},"point_estimate":3119.6646540782203,"standard_error":2.477752743041678},"median":{"confidence_interval":{"confidence_level":0.95,"lower_bound":3110.189681694474,"upper_bound":3123.657955833716},"point_estimate":3116.17901649758,"standard_error":3.8524048337084023},"median_abs_dev":{"confidence_interval":{"confidence_level":0.95,"lower_bound":18.704373537431962,"upper_bound":29.858566374724703},"point_estimate":23.88129872206926,"standard_error":2.872957107169119},"slope":{"confidence_interval":{"confidence_level":0.95,"lower_bound":3118.8580082828826,"upper_bound":3131.809347723154},"point_estimate":3125.3417625754755,"standard_error":3.302382853392176},"std_dev":{"confidence_interval":{"confidence_level":0.95,"lower_bound":20.88941417187912,"upper_bound":28.407444898600247},"point_estimate":24.84433660272118,"standard_error":1.9219798821306124}}