{"mean":{"confidence_interval":{"confidence_level":0.95,"lower_bound":24033833.820583325,"upper_bound":24460096.76858332},"point_estimate":24238623.25333334,"standard_error":108871.35787732826},"median":{"confidence_interval":{"confidence_level":0.95,"lower_bound":23726104.333333332,"upper_bound":23847070.666666668},"point_estimate":23754604.5,"standard_error":30604.143828234824},"median_abs_dev":{"confidence_interval":{"confidence_level":0.95,"lower_bound":139007.0909321308,"upper_bound":268207.52433836734},"point_estimate":182659.2819571495,"standard_error":31985.538159121228},"slope":null,"std_dev":{"confidence_interval":{"confidence_level":0.95,"lower_bound":875754.1285025295,"upper_bound":1261215.6954233453},"point_estimate":1097983.7392943292,"standard_error":98708.63038549307}}