{"mean":{"confidence_interval":{"confidence_level":0.95,"lower_bound":186998.6543678994,"upper_bound":192849.09057548808},"point_estimate":189761.9456944394,"standard_error":1490.192447705586},"median":{"confidence_interval":{"confidence_level":0.95,"lower_bound":183541.80155155156,"upper_bound":189627.23255813954},"point_estimate":185778.07110363923,"standard_error":1397.2746106592294},"median_abs_dev":{"confidence_interval":{"confidence_level":0.95,"lower_bound":7323.9657252702855,"upper_bound":12879.865654113191},"point_estimate":9496.97730262676,"standard_error":1384.4169195524757},"slope":{"confidence_interval":{"confidence_level":0.95,"lower_bound":183026.23683087944,"upper_bound":190242.05356483336},"point_estimate":186107.2932101867,"standard_error":1861.1502612541929},"std_dev":{"confidence_interval":{"confidence_level":0.95,"lower_bound":10538.950812789975,"upper_bound":19457.52219466447},"point_estimate":14933.677295759187,"standard_error":2347.8543714678917}}