{"mean":{"confidence_interval":{"confidence_level":0.95,"lower_bound":260213.08703758946,"upper_bound":266650.73338140006},"point_estimate":263257.02171162685,"standard_error":1644.909399074264},"median":{"confidence_interval":{"confidence_level":0.95,"lower_bound":257158.46375,"upper_bound":261578.20357142857},"point_estimate":259121.5295854063,"standard_error":1391.4230306882566},"median_abs_dev":{"confidence_interval":{"confidence_level":0.95,"lower_bound":6468.3521469774405,"upper_bound":12110.031212305184},"point_estimate":9006.944815585655,"standard_error":1551.306496890513},"slope":{"confidence_interval":{"confidence_level":0.95,"lower_bound":259240.79646845927,"upper_bound":264450.15845384164},"point_estimate":261666.57049918722,"standard_error":1328.7924052633268},"std_dev":{"confidence_interval":{"confidence_level":0.95,"lower_bound":11032.761272485997,"upper_bound":21423.40056528537},"point_estimate":16589.22047593206,"standard_error":2637.974299548969}}