{"mean":{"confidence_interval":{"confidence_level":0.95,"lower_bound":232794008.96375,"upper_bound":242711111.3355},"point_estimate":237530607.3,"standard_error":2521030.9121664083},"median":{"confidence_interval":{"confidence_level":0.95,"lower_bound":230036814.0,"upper_bound":237960307.5},"point_estimate":233432462.0,"standard_error":1893205.9823325742},"median_abs_dev":{"confidence_interval":{"confidence_level":0.95,"lower_bound":9914641.95367992,"upper_bound":17551103.73790562},"point_estimate":13782525.118911266,"standard_error":1873275.139550898},"slope":null,"std_dev":{"confidence_interval":{"confidence_level":0.95,"lower_bound":16674372.567062635,"upper_bound":32949981.12598412},"point_estimate":25325715.21040686,"standard_error":4154107.874487863}}