{"mean":{"confidence_interval":{"confidence_level":0.95,"lower_bound":11728694.946899999,"upper_bound":11908702.886550002},"point_estimate":11814239.045999996,"standard_error":46005.39269137985},"median":{"confidence_interval":{"confidence_level":0.95,"lower_bound":11607744.5,"upper_bound":11746791.0},"point_estimate":11655855.899999999,"standard_error":39348.28491653824},"median_abs_dev":{"confidence_interval":{"confidence_level":0.95,"lower_bound":188034.0033817294,"upper_bound":351416.5204811085},"point_estimate":262677.5746965389,"standard_error":43314.986762917586},"slope":null,"std_dev":{"confidence_interval":{"confidence_level":0.95,"lower_bound":335647.33957021974,"upper_bound":568788.1951276648},"point_estimate":459690.8361600374,"standard_error":59789.46214269349}}