{"mean":{"confidence_interval":{"confidence_level":0.95,"lower_bound":2736114.875355263,"upper_bound":2755700.879236842},"point_estimate":2745843.8005263153,"standard_error":4983.849633684027},"median":{"confidence_interval":{"confidence_level":0.95,"lower_bound":2736928.5789473685,"upper_bound":2755770.8947368423},"point_estimate":2749328.7105263155,"standard_error":4740.959234969798},"median_abs_dev":{"confidence_interval":{"confidence_level":0.95,"lower_bound":33070.25076025394,"upper_bound":54856.94032609463},"point_estimate":43054.54717247166,"standard_error":5386.213829946238},"slope":null,"std_dev":{"confidence_interval":{"confidence_level":0.95,"lower_bound":40926.33927139046,"upper_bound":58845.62767698905},"point_estimate":50184.973867316054,"standard_error":4559.180463347131}}