{"mean":{"confidence_interval":{"confidence_level":0.95,"lower_bound":799140.8177361635,"upper_bound":838367.0164238848},"point_estimate":817811.7274354086,"standard_error":10011.672109005305},"median":{"confidence_interval":{"confidence_level":0.95,"lower_bound":771905.7352941176,"upper_bound":799113.75},"point_estimate":787233.422606383,"standard_error":6713.529635518404},"median_abs_dev":{"confidence_interval":{"confidence_level":0.95,"lower_bound":36299.338202616724,"upper_bound":65073.68706022177},"point_estimate":49458.0262887253,"standard_error":7224.713476105786},"slope":{"confidence_interval":{"confidence_level":0.95,"lower_bound":786199.6118756046,"upper_bound":827406.2597887442},"point_estimate":805650.1896024826,"standard_error":10529.637576827914},"std_dev":{"confidence_interval":{"confidence_level":0.95,"lower_bound":72805.05307713652,"upper_bound":125514.64632574626},"point_estimate":100499.32832843346,"standard_error":13505.554915340874}}