{"mean":{"confidence_interval":{"confidence_level":0.95,"lower_bound":817517.6039003545,"upper_bound":920185.6715790341},"point_estimate":857724.6387989317,"standard_error":27527.672042475937},"median":{"confidence_interval":{"confidence_level":0.95,"lower_bound":796828.5211267605,"upper_bound":838889.2978723404},"point_estimate":820462.1461538462,"standard_error":11738.514298550415},"median_abs_dev":{"confidence_interval":{"confidence_level":0.95,"lower_bound":67533.60293298896,"upper_bound":113922.44906768898},"point_estimate":87080.08416622164,"standard_error":11896.229857090952},"slope":{"confidence_interval":{"confidence_level":0.95,"lower_bound":828126.3743151835,"upper_bound":871395.7071849825},"point_estimate":848244.6137727206,"standard_error":11026.32887071255},"std_dev":{"confidence_interval":{"confidence_level":0.95,"lower_bound":81396.1985419678,"upper_bound":457534.77027183893},"point_estimate":276805.4866776073,"standard_error":127266.78413151571}}