{"mean":{"confidence_interval":{"confidence_level":0.95,"lower_bound":184775327.289,"upper_bound":192377867.5775},"point_estimate":188610190.84,"standard_error":1948035.8710724688},"median":{"confidence_interval":{"confidence_level":0.95,"lower_bound":186269813.5,"upper_bound":196321108.0},"point_estimate":191894287.5,"standard_error":2569092.896180717},"median_abs_dev":{"confidence_interval":{"confidence_level":0.95,"lower_bound":15321446.841689944,"upper_bound":24316352.712598443},"point_estimate":20199633.674284816,"standard_error":2250894.103553732},"slope":null,"std_dev":{"confidence_interval":{"confidence_level":0.95,"lower_bound":16954727.282351736,"upper_bound":21793654.596567903},"point_estimate":19535808.867299404,"standard_error":1227634.2400946082}}