{"mean":{"confidence_interval":{"confidence_level":0.95,"lower_bound":809443.6562442667,"upper_bound":850102.2357812191},"point_estimate":828723.1944605863,"standard_error":10367.229565081234},"median":{"confidence_interval":{"confidence_level":0.95,"lower_bound":784353.514084507,"upper_bound":812605.2765679443},"point_estimate":804456.2525252525,"standard_error":7612.553621234818},"median_abs_dev":{"confidence_interval":{"confidence_level":0.95,"lower_bound":48062.303412086774,"upper_bound":86278.4768654438},"point_estimate":66634.67119427088,"standard_error":8985.950983875096},"slope":{"confidence_interval":{"confidence_level":0.95,"lower_bound":787705.6644863689,"upper_bound":820902.0848345206},"point_estimate":803612.9781749668,"standard_error":8486.593945985573},"std_dev":{"confidence_interval":{"confidence_level":0.95,"lower_bound":74610.75697598142,"upper_bound":130897.53711104138},"point_estimate":104064.7912725856,"standard_error":14373.57862993095}}