{"mean":{"confidence_interval":{"confidence_level":0.95,"lower_bound":53106.016979795066,"upper_bound":54598.28431403982},"point_estimate":53839.99984676733,"standard_error":380.180794086435},"median":{"confidence_interval":{"confidence_level":0.95,"lower_bound":52631.78328173375,"upper_bound":54542.38048245614},"point_estimate":53704.837863763496,"standard_error":451.61551668943105},"median_abs_dev":{"confidence_interval":{"confidence_level":0.95,"lower_bound":2777.671541881868,"upper_bound":4246.583279682889},"point_estimate":3714.25807405626,"standard_error":384.80559738047583},"slope":{"confidence_interval":{"confidence_level":0.95,"lower_bound":54036.42987639963,"upper_bound":55337.32104932332},"point_estimate":54681.76942235151,"standard_error":333.2292770480999},"std_dev":{"confidence_interval":{"confidence_level":0.95,"lower_bound":3086.6125931109527,"upper_bound":4608.704612355996},"point_estimate":3818.3299236658,"standard_error":395.7556892850602}}