{"mean":{"confidence_interval":{"confidence_level":0.95,"lower_bound":295247.43359803426,"upper_bound":307365.2479390176},"point_estimate":300564.5170061044,"standard_error":3108.2580812365118},"median":{"confidence_interval":{"confidence_level":0.95,"lower_bound":290165.5847457627,"upper_bound":295387.2083333333},"point_estimate":291643.2701662562,"standard_error":1408.9563795882732},"median_abs_dev":{"confidence_interval":{"confidence_level":0.95,"lower_bound":5881.08221994341,"upper_bound":11185.78988615238},"point_estimate":7600.1475255409605,"standard_error":1327.3014562720011},"slope":{"confidence_interval":{"confidence_level":0.95,"lower_bound":288325.86471700424,"upper_bound":291239.286083756},"point_estimate":289665.3180892567,"standard_error":744.5890322016422},"std_dev":{"confidence_interval":{"confidence_level":0.95,"lower_bound":12869.902719621072,"upper_bound":46801.025407218454},"point_estimate":31233.12256993291,"standard_error":8937.845259771151}}