{"mean":{"confidence_interval":{"confidence_level":0.95,"lower_bound":1477546.3512387297,"upper_bound":1566124.4402165718},"point_estimate":1515592.7508813995,"standard_error":22868.720970301933},"median":{"confidence_interval":{"confidence_level":0.95,"lower_bound":1457444.7894736843,"upper_bound":1501086.2191758598},"point_estimate":1474937.2683760682,"standard_error":13212.282526482348},"median_abs_dev":{"confidence_interval":{"confidence_level":0.95,"lower_bound":63731.854794266954,"upper_bound":113587.94203507749},"point_estimate":82344.00130738236,"standard_error":13356.276992263636},"slope":{"confidence_interval":{"confidence_level":0.95,"lower_bound":1434160.8365280747,"upper_bound":1469677.2557453644},"point_estimate":1451601.6261061032,"standard_error":9004.991019887431},"std_dev":{"confidence_interval":{"confidence_level":0.95,"lower_bound":94666.17322308994,"upper_bound":359722.4732370148},"point_estimate":232407.17993960515,"standard_error":76986.3267557945}}