{"mean":{"confidence_interval":{"confidence_level":0.95,"lower_bound":38505317.873125,"upper_bound":41296924.125874996},"point_estimate":39856626.135,"standard_error":713777.8393657064},"median":{"confidence_interval":{"confidence_level":0.95,"lower_bound":36922402.0,"upper_bound":39360247.0},"point_estimate":38248508.0,"standard_error":510606.8992586999},"median_abs_dev":{"confidence_interval":{"confidence_level":0.95,"lower_bound":4160169.225092232,"upper_bound":7054881.921900809},"point_estimate":5136825.286053121,"standard_error":726723.1108018869},"slope":null,"std_dev":{"confidence_interval":{"confidence_level":0.95,"lower_bound":5577603.517503764,"upper_bound":8646589.070026372},"point_estimate":7176853.478270907,"standard_error":782185.2540457525}}