{"mean":{"confidence_interval":{"confidence_level":0.95,"lower_bound":140190.4997002392,"upper_bound":144900.43769236052},"point_estimate":142274.64964112546,"standard_error":1210.6811428324456},"median":{"confidence_interval":{"confidence_level":0.95,"lower_bound":137933.54430379748,"upper_bound":139734.63010204083},"point_estimate":138384.90493421053,"standard_error":458.6206799550282},"median_abs_dev":{"confidence_interval":{"confidence_level":0.95,"lower_bound":1717.101155419627,"upper_bound":3724.593649684073},"point_estimate":2464.249712343341,"standard_error":498.4395802511742},"slope":{"confidence_interval":{"confidence_level":0.95,"lower_bound":137652.48587457745,"upper_bound":138826.86287083826},"point_estimate":138198.32501440815,"standard_error":298.4764080840524},"std_dev":{"confidence_interval":{"confidence_level":0.95,"lower_bound":5694.090488526618,"upper_bound":18169.93043218327},"point_estimate":12220.170718708006,"standard_error":3342.863387073961}}