{"mean":{"confidence_interval":{"confidence_level":0.95,"lower_bound":670047.7398296979,"upper_bound":691046.2325387078},"point_estimate":680344.7786295271,"standard_error":5371.232877077375},"median":{"confidence_interval":{"confidence_level":0.95,"lower_bound":657244.6770833334,"upper_bound":689151.0478873239},"point_estimate":677663.1134259258,"standard_error":9079.389082723199},"median_abs_dev":{"confidence_interval":{"confidence_level":0.95,"lower_bound":43258.31104413983,"upper_bound":69419.92780541838},"point_estimate":55962.00067361513,"standard_error":6526.471138064864},"slope":{"confidence_interval":{"confidence_level":0.95,"lower_bound":664105.3528714356,"upper_bound":695475.1805243389},"point_estimate":679341.0796808039,"standard_error":8040.9539918755245},"std_dev":{"confidence_interval":{"confidence_level":0.95,"lower_bound":45948.17796465453,"upper_bound":61265.91656519939},"point_estimate":54094.97233845711,"standard_error":3905.9431619867323}}