{"mean":{"confidence_interval":{"confidence_level":0.95,"lower_bound":911475.4993353655,"upper_bound":926362.4440544005},"point_estimate":918205.949838346,"standard_error":3816.065381924932},"median":{"confidence_interval":{"confidence_level":0.95,"lower_bound":906180.8048780488,"upper_bound":911567.869830827},"point_estimate":909811.54375645,"standard_error":1388.3797904123053},"median_abs_dev":{"confidence_interval":{"confidence_level":0.95,"lower_bound":9922.790263490417,"upper_bound":20531.44563357089},"point_estimate":14589.289247168155,"standard_error":2878.1844518824937},"slope":{"confidence_interval":{"confidence_level":0.95,"lower_bound":908671.3382396118,"upper_bound":918370.232635484},"point_estimate":913163.4855696764,"standard_error":2483.7576769145335},"std_dev":{"confidence_interval":{"confidence_level":0.95,"lower_bound":21164.32718077806,"upper_bound":53808.77674356484},"point_estimate":38307.11231383294,"standard_error":8515.78261546356}}