{"mean":{"confidence_interval":{"confidence_level":0.95,"lower_bound":214603.1828390566,"upper_bound":226788.32929127105},"point_estimate":220075.72438984888,"standard_error":3125.9656667236804},"median":{"confidence_interval":{"confidence_level":0.95,"lower_bound":208214.21100775193,"upper_bound":213217.589081386},"point_estimate":210718.1414814815,"standard_error":1358.2051703083696},"median_abs_dev":{"confidence_interval":{"confidence_level":0.95,"lower_bound":6569.209747318419,"upper_bound":13974.696532070833},"point_estimate":9411.665989875733,"standard_error":1857.0161348318832},"slope":{"confidence_interval":{"confidence_level":0.95,"lower_bound":210134.98894867804,"upper_bound":218990.480867696},"point_estimate":214200.93845189892,"standard_error":2272.2864104985747},"std_dev":{"confidence_interval":{"confidence_level":0.95,"lower_bound":15166.516532358439,"upper_bound":45180.42655712383},"point_estimate":31493.447119129996,"standard_error":7887.074057223369}}