{"mean":{"confidence_interval":{"confidence_level":0.95,"lower_bound":225056.9761133368,"upper_bound":240343.79591136522},"point_estimate":232025.2649035395,"standard_error":3917.3779306931538},"median":{"confidence_interval":{"confidence_level":0.95,"lower_bound":215351.26417399803,"upper_bound":223257.25535714286},"point_estimate":219576.64623243932,"standard_error":2142.1888957240503},"median_abs_dev":{"confidence_interval":{"confidence_level":0.95,"lower_bound":7984.227667342524,"upper_bound":17044.780174911935},"point_estimate":12374.473487089666,"standard_error":2264.2877084191323},"slope":{"confidence_interval":{"confidence_level":0.95,"lower_bound":217792.96970827022,"upper_bound":225061.42865801498},"point_estimate":221108.7939488695,"standard_error":1850.3353583940454},"std_dev":{"confidence_interval":{"confidence_level":0.95,"lower_bound":23072.172438073114,"upper_bound":54008.8325180033},"point_estimate":39266.46478313876,"standard_error":7988.960072164472}}