{"mean":{"confidence_interval":{"confidence_level":0.95,"lower_bound":912148.516293383,"upper_bound":941246.1661916999},"point_estimate":926387.5932571009,"standard_error":7422.345798941752},"median":{"confidence_interval":{"confidence_level":0.95,"lower_bound":904525.2012987013,"upper_bound":927514.9372881355},"point_estimate":913150.5982459248,"standard_error":6914.564351382434},"median_abs_dev":{"confidence_interval":{"confidence_level":0.95,"lower_bound":43045.30427765995,"upper_bound":78861.36469654094},"point_estimate":54544.68742376382,"standard_error":8741.643642391251},"slope":{"confidence_interval":{"confidence_level":0.95,"lower_bound":907818.2002774285,"upper_bound":934945.7526505642},"point_estimate":920724.098389242,"standard_error":6871.496972620935},"std_dev":{"confidence_interval":{"confidence_level":0.95,"lower_bound":63078.6854713171,"upper_bound":84340.84740601151},"point_estimate":74594.43854024535,"standard_error":5421.366033216021}}