{"mean":{"confidence_interval":{"confidence_level":0.95,"lower_bound":399571.8682992007,"upper_bound":401618.5867310253},"point_estimate":400441.80502614036,"standard_error":527.2177286790228},"median":{"confidence_interval":{"confidence_level":0.95,"lower_bound":398893.2164636573,"upper_bound":399515.08506944444},"point_estimate":399199.7833333333,"standard_error":173.20405405242022},"median_abs_dev":{"confidence_interval":{"confidence_level":0.95,"lower_bound":942.1861979487512,"upper_bound":1902.1652675230139},"point_estimate":1331.3572854468123,"standard_error":251.93643168716147},"slope":{"confidence_interval":{"confidence_level":0.95,"lower_bound":398618.7126106781,"upper_bound":399533.20839694625},"point_estimate":399011.0171272351,"standard_error":234.93921651932249},"std_dev":{"confidence_interval":{"confidence_level":0.95,"lower_bound":2161.102227884695,"upper_bound":8169.599823607566},"point_estimate":5275.723317029055,"standard_error":1732.1444684374146}}