{"mean":{"confidence_interval":{"confidence_level":0.95,"lower_bound":315035.1900160791,"upper_bound":324184.6498667654},"point_estimate":318925.1980722097,"standard_error":2354.667701135782},"median":{"confidence_interval":{"confidence_level":0.95,"lower_bound":311854.9490740741,"upper_bound":313884.5552083333},"point_estimate":312698.7489285714,"standard_error":516.0515723317718},"median_abs_dev":{"confidence_interval":{"confidence_level":0.95,"lower_bound":2504.895985388187,"upper_bound":5076.1044358942745},"point_estimate":3598.4378767577177,"standard_error":687.7281737187469},"slope":{"confidence_interval":{"confidence_level":0.95,"lower_bound":311247.13707219734,"upper_bound":315221.06142946286},"point_estimate":312861.1276289345,"standard_error":1040.9233630446226},"std_dev":{"confidence_interval":{"confidence_level":0.95,"lower_bound":8983.950620177115,"upper_bound":36706.968376826764},"point_estimate":23582.222029418106,"standard_error":7714.834984371988}}