{"mean":{"confidence_interval":{"confidence_level":0.95,"lower_bound":279953.8620911183,"upper_bound":293770.024741614},"point_estimate":286215.7014973106,"standard_error":3540.049478967231},"median":{"confidence_interval":{"confidence_level":0.95,"lower_bound":272858.5131578947,"upper_bound":279903.74924242427},"point_estimate":275337.41397058824,"standard_error":1908.4824728649253},"median_abs_dev":{"confidence_interval":{"confidence_level":0.95,"lower_bound":10049.350737917182,"upper_bound":18100.665062712174},"point_estimate":13504.726408243167,"standard_error":2015.0118882773586},"slope":{"confidence_interval":{"confidence_level":0.95,"lower_bound":271500.6896243465,"upper_bound":281630.1396806543},"point_estimate":275879.86299541895,"standard_error":2620.979717024619},"std_dev":{"confidence_interval":{"confidence_level":0.95,"lower_bound":19454.977190042835,"upper_bound":51422.09134766044},"point_estimate":35496.1818479766,"standard_error":8871.792514906541}}