{"mean":{"confidence_interval":{"confidence_level":0.95,"lower_bound":2245615.036489583,"upper_bound":2319545.961177083},"point_estimate":2281626.359583334,"standard_error":18935.890277501858},"median":{"confidence_interval":{"confidence_level":0.95,"lower_bound":2208714.5416666665,"upper_bound":2310017.3333333335},"point_estimate":2233860.0208333335,"standard_error":23809.75913841475},"median_abs_dev":{"confidence_interval":{"confidence_level":0.95,"lower_bound":142657.42349294992,"upper_bound":222874.80624318123},"point_estimate":178069.30687613797,"standard_error":20763.052477237346},"slope":null,"std_dev":{"confidence_interval":{"confidence_level":0.95,"lower_bound":160179.33407070316,"upper_bound":218572.98874561815},"point_estimate":190391.55714010735,"standard_error":14899.964136464543}}