{"mean":{"confidence_interval":{"confidence_level":0.95,"lower_bound":547774.244244924,"upper_bound":576104.5672106836},"point_estimate":561091.6235584615,"standard_error":7237.441648051644},"median":{"confidence_interval":{"confidence_level":0.95,"lower_bound":527760.0385294118,"upper_bound":549655.1720833334},"point_estimate":540637.8646008403,"standard_error":6554.227160911279},"median_abs_dev":{"confidence_interval":{"confidence_level":0.95,"lower_bound":25551.59091496645,"upper_bound":46994.55214396602},"point_estimate":37172.231588209106,"standard_error":5457.870361394786},"slope":{"confidence_interval":{"confidence_level":0.95,"lower_bound":537516.5114749667,"upper_bound":570488.8387011902},"point_estimate":552699.6903280626,"standard_error":8465.581714269501},"std_dev":{"confidence_interval":{"confidence_level":0.95,"lower_bound":49099.63026990984,"upper_bound":94275.2541623442},"point_estimate":72752.16432542971,"standard_error":11611.672806451155}}