{"mean":{"confidence_interval":{"confidence_level":0.95,"lower_bound":1213037.2515799985,"upper_bound":1300985.1245602893},"point_estimate":1254585.7998368957,"standard_error":22521.26668315064},"median":{"confidence_interval":{"confidence_level":0.95,"lower_bound":1164642.2701612902,"upper_bound":1206052.125},"point_estimate":1184221.2442876343,"standard_error":11435.749429297346},"median_abs_dev":{"confidence_interval":{"confidence_level":0.95,"lower_bound":79905.7366473723,"upper_bound":135818.61101676972},"point_estimate":109442.52910087611,"standard_error":14722.604870126856},"slope":{"confidence_interval":{"confidence_level":0.95,"lower_bound":1154074.1413556365,"upper_bound":1220726.4132143413},"point_estimate":1184823.333837742,"standard_error":17002.039390661095},"std_dev":{"confidence_interval":{"confidence_level":0.95,"lower_bound":153919.4972302948,"upper_bound":289905.1741734337},"point_estimate":226089.906734628,"standard_error":34722.9405792943}}