{"mean":{"confidence_interval":{"confidence_level":0.95,"lower_bound":224702.99487649044,"upper_bound":228634.2319652027},"point_estimate":226694.31857276472,"standard_error":1007.8769467093271},"median":{"confidence_interval":{"confidence_level":0.95,"lower_bound":226060.67777777778,"upper_bound":230811.83655913977},"point_estimate":229499.99263492064,"standard_error":1259.462172384072},"median_abs_dev":{"confidence_interval":{"confidence_level":0.95,"lower_bound":7628.46450749705,"upper_bound":12465.547531391909},"point_estimate":9362.528406016885,"standard_error":1256.5809654327102},"slope":{"confidence_interval":{"confidence_level":0.95,"lower_bound":229911.802563606,"upper_bound":232919.77957406337},"point_estimate":231489.70109886213,"standard_error":765.1646974574751},"std_dev":{"confidence_interval":{"confidence_level":0.95,"lower_bound":8633.115425235052,"upper_bound":11391.994443751977},"point_estimate":10126.611431926109,"standard_error":706.9329380966884}}