{"mean":{"confidence_interval":{"confidence_level":0.95,"lower_bound":593267.1098723559,"upper_bound":596891.9469127073},"point_estimate":594857.4589364475,"standard_error":930.4670666556132},"median":{"confidence_interval":{"confidence_level":0.95,"lower_bound":591469.7547169811,"upper_bound":593087.0714285715},"point_estimate":592056.0320494187,"standard_error":449.13262618013187},"median_abs_dev":{"confidence_interval":{"confidence_level":0.95,"lower_bound":2089.496054762605,"upper_bound":4046.6338280531036},"point_estimate":2965.6835339254035,"standard_error":527.3966480415414},"slope":{"confidence_interval":{"confidence_level":0.95,"lower_bound":591863.9443026133,"upper_bound":593970.9001056395},"point_estimate":592806.3099054234,"standard_error":540.0831536323697},"std_dev":{"confidence_interval":{"confidence_level":0.95,"lower_bound":4547.750474388042,"upper_bound":13849.64723881702},"point_estimate":9316.554201310191,"standard_error":2512.55529748485}}