{"mean":{"confidence_interval":{"confidence_level":0.95,"lower_bound":21464.632256200057,"upper_bound":22202.798800665696},"point_estimate":21784.773816337005,"standard_error":190.09511527053937},"median":{"confidence_interval":{"confidence_level":0.95,"lower_bound":21161.716845878138,"upper_bound":21335.989708731147},"point_estimate":21243.617697811445,"standard_error":43.004315548536795},"median_abs_dev":{"confidence_interval":{"confidence_level":0.95,"lower_bound":306.21402301557794,"upper_bound":581.1097044200835},"point_estimate":440.30673877433605,"standard_error":66.85676823482821},"slope":{"confidence_interval":{"confidence_level":0.95,"lower_bound":21168.694076601707,"upper_bound":21478.182654844903},"point_estimate":21309.34491850976,"standard_error":78.870821817573},"std_dev":{"confidence_interval":{"confidence_level":0.95,"lower_bound":914.6474321449966,"upper_bound":2895.0325434663227},"point_estimate":1911.2140153900261,"standard_error":586.140927309436}}