{"mean":{"confidence_interval":{"confidence_level":0.95,"lower_bound":4525955.239666665,"upper_bound":4544434.050333335},"point_estimate":4535054.914999999,"standard_error":4716.288997280611},"median":{"confidence_interval":{"confidence_level":0.95,"lower_bound":4519585.833333333,"upper_bound":4543952.416666667},"point_estimate":4533527.416666666,"standard_error":7537.548234636007},"median_abs_dev":{"confidence_interval":{"confidence_level":0.95,"lower_bound":30590.114606916904,"upper_bound":48443.64526495383},"point_estimate":37929.54045161536,"standard_error":4709.232790982517},"slope":null,"std_dev":{"confidence_interval":{"confidence_level":0.95,"lower_bound":38554.93851319238,"upper_bound":55443.43471027084},"point_estimate":47399.75741349929,"standard_error":4331.798752733087}}