{"mean":{"confidence_interval":{"confidence_level":0.95,"lower_bound":758914.2986960197,"upper_bound":796555.5129937552},"point_estimate":777282.1716079583,"standard_error":9600.649258284258},"median":{"confidence_interval":{"confidence_level":0.95,"lower_bound":736473.2711593172,"upper_bound":795911.6875},"point_estimate":761375.0552536233,"standard_error":17138.560934150417},"median_abs_dev":{"confidence_interval":{"confidence_level":0.95,"lower_bound":76267.91052359773,"upper_bound":118932.24614822763},"point_estimate":97639.05269877911,"standard_error":10738.132919785055},"slope":{"confidence_interval":{"confidence_level":0.95,"lower_bound":754945.5292672495,"upper_bound":809912.4745946737},"point_estimate":781926.2268745382,"standard_error":14001.584486056288},"std_dev":{"confidence_interval":{"confidence_level":0.95,"lower_bound":78670.30540606746,"upper_bound":112484.834168404},"point_estimate":96115.07391814096,"standard_error":8667.84570269051}}