{"mean":{"confidence_interval":{"confidence_level":0.95,"lower_bound":757684.800816387,"upper_bound":783553.7947052632},"point_estimate":770243.1630791617,"standard_error":6588.15500252318},"median":{"confidence_interval":{"confidence_level":0.95,"lower_bound":738242.7461805556,"upper_bound":780772.375},"point_estimate":753757.6803030303,"standard_error":9238.000107955095},"median_abs_dev":{"confidence_interval":{"confidence_level":0.95,"lower_bound":43811.36173224563,"upper_bound":69899.05829206349},"point_estimate":58348.374630413615,"standard_error":6359.7591677337505},"slope":{"confidence_interval":{"confidence_level":0.95,"lower_bound":757583.523799818,"upper_bound":789729.1701371878},"point_estimate":773183.9288887247,"standard_error":8213.263330141832},"std_dev":{"confidence_interval":{"confidence_level":0.95,"lower_bound":53295.16737424592,"upper_bound":77622.39121450578},"point_estimate":66121.96367290999,"standard_error":6229.5936883217155}}