{"mean":{"confidence_interval":{"confidence_level":0.95,"lower_bound":3201822.1620882344,"upper_bound":3275216.9789705873},"point_estimate":3238382.4335294105,"standard_error":18734.485814823292},"median":{"confidence_interval":{"confidence_level":0.95,"lower_bound":3178384.411764706,"upper_bound":3270573.2352941176},"point_estimate":3240174.617647059,"standard_error":19367.50978142941},"median_abs_dev":{"confidence_interval":{"confidence_level":0.95,"lower_bound":153783.19354877336,"upper_bound":232793.44367297238},"point_estimate":190374.60140252835,"standard_error":19953.542770173222},"slope":null,"std_dev":{"confidence_interval":{"confidence_level":0.95,"lower_bound":161719.7801843328,"upper_bound":214013.62246101323},"point_estimate":188694.57705214492,"standard_error":13373.836964448083}}