{"mean":{"confidence_interval":{"confidence_level":0.95,"lower_bound":115493.33195825118,"upper_bound":118886.90628649465},"point_estimate":116933.69002531635,"standard_error":878.1401581369695},"median":{"confidence_interval":{"confidence_level":0.95,"lower_bound":114507.98518518519,"upper_bound":115118.060781893},"point_estimate":114765.71087216248,"standard_error":173.23102248813825},"median_abs_dev":{"confidence_interval":{"confidence_level":0.95,"lower_bound":823.3274386607951,"upper_bound":1542.640758285739},"point_estimate":1128.5723615708212,"standard_error":178.74892938979266},"slope":{"confidence_interval":{"confidence_level":0.95,"lower_bound":114469.15780303297,"upper_bound":115147.76549220303},"point_estimate":114776.88454197659,"standard_error":173.31926738858746},"std_dev":{"confidence_interval":{"confidence_level":0.95,"lower_bound":3231.0070083526807,"upper_bound":13798.936355403459},"point_estimate":8846.089088004872,"standard_error":3034.2862355124234}}