{"mean":{"confidence_interval":{"confidence_level":0.95,"lower_bound":11862.931702613105,"upper_bound":11892.023434823242},"point_estimate":11877.411260937772,"standard_error":7.407358633067043},"median":{"confidence_interval":{"confidence_level":0.95,"lower_bound":11850.925595238095,"upper_bound":11897.940826330532},"point_estimate":11886.105952380953,"standard_error":12.392767600746673},"median_abs_dev":{"confidence_interval":{"confidence_level":0.95,"lower_bound":65.56343199391175,"upper_bound":96.83275031815532},"point_estimate":78.28194421059264,"standard_error":7.952848932595731},"slope":{"confidence_interval":{"confidence_level":0.95,"lower_bound":11843.469997754062,"upper_bound":11881.914230719689},"point_estimate":11862.582141414568,"standard_error":9.85708492341588},"std_dev":{"confidence_interval":{"confidence_level":0.95,"lower_bound":65.33689699521226,"upper_bound":82.68564403188172},"point_estimate":74.44878870711752,"standard_error":4.434033423261158}}