{"mean":{"confidence_interval":{"confidence_level":0.95,"lower_bound":53050.671608792574,"upper_bound":53755.62065400409},"point_estimate":53365.63573570412,"standard_error":180.98467906003194},"median":{"confidence_interval":{"confidence_level":0.95,"lower_bound":52721.50616693248,"upper_bound":53280.463850174216},"point_estimate":53003.4518981881,"standard_error":151.49644809002737},"median_abs_dev":{"confidence_interval":{"confidence_level":0.95,"lower_bound":763.6171530159579,"upper_bound":1288.3128582826032},"point_estimate":943.6822890211454,"standard_error":127.64701211538369},"slope":{"confidence_interval":{"confidence_level":0.95,"lower_bound":52800.47859141787,"upper_bound":53311.54691917333},"point_estimate":53043.97223351715,"standard_error":129.94227012214188},"std_dev":{"confidence_interval":{"confidence_level":0.95,"lower_bound":1026.193394145855,"upper_bound":2674.4085898575877},"point_estimate":1821.105585248631,"standard_error":488.46775675373306}}