{"mean":{"confidence_interval":{"confidence_level":0.95,"lower_bound":1587374.9684491649,"upper_bound":1663271.5547092655},"point_estimate":1622845.2490580473,"standard_error":19479.261738923822},"median":{"confidence_interval":{"confidence_level":0.95,"lower_bound":1550371.2570987653,"upper_bound":1597150.440860215},"point_estimate":1572273.6691011237,"standard_error":13396.861194478914},"median_abs_dev":{"confidence_interval":{"confidence_level":0.95,"lower_bound":91597.74876198497,"upper_bound":152885.41825685234},"point_estimate":119306.81037692107,"standard_error":15087.541521112815},"slope":{"confidence_interval":{"confidence_level":0.95,"lower_bound":1531943.6389165923,"upper_bound":1584657.2083032313},"point_estimate":1556392.696364711,"standard_error":13507.825086412708},"std_dev":{"confidence_interval":{"confidence_level":0.95,"lower_bound":130155.85226018289,"upper_bound":256894.6580163137},"point_estimate":196546.64264362463,"standard_error":32710.1683436696}}