{"mean":{"confidence_interval":{"confidence_level":0.95,"lower_bound":13894850.68175,"upper_bound":14223635.6175},"point_estimate":14057083.3025,"standard_error":83644.92297385458},"median":{"confidence_interval":{"confidence_level":0.95,"lower_bound":13767202.0,"upper_bound":14088469.75},"point_estimate":13971417.625,"standard_error":89508.73371673019},"median_abs_dev":{"confidence_interval":{"confidence_level":0.95,"lower_bound":488353.0493550003,"upper_bound":819721.74179703},"point_estimate":701708.8224671781,"standard_error":93398.71693782897},"slope":null,"std_dev":{"confidence_interval":{"confidence_level":0.95,"lower_bound":694785.3559008143,"upper_bound":957293.0085016262},"point_estimate":836947.4112602394,"standard_error":66627.19946133274}}