{"mean":{"confidence_interval":{"confidence_level":0.95,"lower_bound":2023649.6296153846,"upper_bound":2086907.4168461545},"point_estimate":2053093.8357692305,"standard_error":16212.331428153462},"median":{"confidence_interval":{"confidence_level":0.95,"lower_bound":1992343.7115384615,"upper_bound":2032470.8846153845},"point_estimate":2009999.596153846,"standard_error":10249.12143261885},"median_abs_dev":{"confidence_interval":{"confidence_level":0.95,"lower_bound":60821.240439437715,"upper_bound":116718.80913359627},"point_estimate":79778.67607210689,"standard_error":13887.901790770335},"slope":null,"std_dev":{"confidence_interval":{"confidence_level":0.95,"lower_bound":110807.83810418937,"upper_bound":220106.72120532623},"point_estimate":162921.73095802806,"standard_error":30201.288604671186}}