{"mean":{"confidence_interval":{"confidence_level":0.95,"lower_bound":292005.56693582865,"upper_bound":299146.49960316526},"point_estimate":295122.42336148996,"standard_error":1835.0822495757627},"median":{"confidence_interval":{"confidence_level":0.95,"lower_bound":289099.6117021277,"upper_bound":292914.20454545453},"point_estimate":290378.09160636214,"standard_error":913.7818138816843},"median_abs_dev":{"confidence_interval":{"confidence_level":0.95,"lower_bound":5733.432421925726,"upper_bound":10459.273380865388},"point_estimate":7707.883440303537,"standard_error":1101.4695396069628},"slope":{"confidence_interval":{"confidence_level":0.95,"lower_bound":288237.7618654386,"upper_bound":292112.97902779287},"point_estimate":290030.6229451751,"standard_error":993.0557584477327},"std_dev":{"confidence_interval":{"confidence_level":0.95,"lower_bound":8439.413083535408,"upper_bound":27937.310242242285},"point_estimate":18445.577173578116,"standard_error":5484.282513632785}}