{"mean":{"confidence_interval":{"confidence_level":0.95,"lower_bound":21918341.298166666,"upper_bound":21981885.48249999},"point_estimate":21949958.536666665,"standard_error":16265.571541498037},"median":{"confidence_interval":{"confidence_level":0.95,"lower_bound":21901908.333333332,"upper_bound":21962900.333333332},"point_estimate":21937618.5,"standard_error":16371.050934889925},"median_abs_dev":{"confidence_interval":{"confidence_level":0.95,"lower_bound":113374.40763220182,"upper_bound":202595.06250322142},"point_estimate":152670.48518955524,"standard_error":22879.848087364648},"slope":null,"std_dev":{"confidence_interval":{"confidence_level":0.95,"lower_bound":137910.17250026847,"upper_bound":188684.0771915889},"point_estimate":163828.19312586015,"standard_error":12978.543336525821}}