{"mean":{"confidence_interval":{"confidence_level":0.95,"lower_bound":63585.4018198818,"upper_bound":64515.95737124226},"point_estimate":64060.133698281104,"standard_error":237.56610998203445},"median":{"confidence_interval":{"confidence_level":0.95,"lower_bound":63711.35864978903,"upper_bound":65146.35196078432},"point_estimate":64519.04889290946,"standard_error":353.0166501039662},"median_abs_dev":{"confidence_interval":{"confidence_level":0.95,"lower_bound":1766.4343945218652,"upper_bound":3021.541428827777},"point_estimate":2338.145969732176,"standard_error":323.56347058898837},"slope":{"confidence_interval":{"confidence_level":0.95,"lower_bound":63283.747861195574,"upper_bound":64437.16812781493},"point_estimate":63867.35857859219,"standard_error":294.59743043426937},"std_dev":{"confidence_interval":{"confidence_level":0.95,"lower_bound":2049.5881800138404,"upper_bound":2682.9145450674464},"point_estimate":2383.1560774654413,"standard_error":161.40726774267313}}