{"mean":{"confidence_interval":{"confidence_level":0.95,"lower_bound":227383.64849153854,"upper_bound":235330.85459997063},"point_estimate":231188.67311880615,"standard_error":2030.8345474262671},"median":{"confidence_interval":{"confidence_level":0.95,"lower_bound":221738.11714285714,"upper_bound":227726.89345238096},"point_estimate":224778.92954545454,"standard_error":1455.1318166165718},"median_abs_dev":{"confidence_interval":{"confidence_level":0.95,"lower_bound":8643.84994984029,"upper_bound":16034.717808193775},"point_estimate":11944.586690487977,"standard_error":1941.6342612507094},"slope":{"confidence_interval":{"confidence_level":0.95,"lower_bound":225690.70751488197,"upper_bound":234775.07633631196},"point_estimate":229938.88421929954,"standard_error":2319.375258398486},"std_dev":{"confidence_interval":{"confidence_level":0.95,"lower_bound":14918.518634820513,"upper_bound":25154.777035165935},"point_estimate":20400.3584819678,"standard_error":2620.3401428945203}}