{"mean":{"confidence_interval":{"confidence_level":0.95,"lower_bound":8642155.915125001,"upper_bound":8694206.654374996},"point_estimate":8666615.288333332,"standard_error":13328.245259333875},"median":{"confidence_interval":{"confidence_level":0.95,"lower_bound":8619936.916666668,"upper_bound":8649521.75},"point_estimate":8635588.25,"standard_error":6959.456193255944},"median_abs_dev":{"confidence_interval":{"confidence_level":0.95,"lower_bound":44622.34885029766,"upper_bound":76293.86878926195},"point_estimate":57130.754485726815,"standard_error":7992.174253833966},"slope":null,"std_dev":{"confidence_interval":{"confidence_level":0.95,"lower_bound":91319.18419121743,"upper_bound":169209.9133876883},"point_estimate":133770.70773535332,"standard_error":19945.438394644298}}