{"mean":{"confidence_interval":{"confidence_level":0.95,"lower_bound":69625.57059131886,"upper_bound":69932.96515946518},"point_estimate":69777.63393549691,"standard_error":78.67199511763295},"median":{"confidence_interval":{"confidence_level":0.95,"lower_bound":69300.90666666666,"upper_bound":70158.96470588235},"point_estimate":70007.61785714286,"standard_error":248.68794273206595},"median_abs_dev":{"confidence_interval":{"confidence_level":0.95,"lower_bound":660.2495234200669,"upper_bound":1235.9701419662413},"point_estimate":1016.7803582818792,"standard_error":137.73119971277018},"slope":{"confidence_interval":{"confidence_level":0.95,"lower_bound":69490.4140138767,"upper_bound":69879.56983068652},"point_estimate":69680.34387586819,"standard_error":99.4232606409949},"std_dev":{"confidence_interval":{"confidence_level":0.95,"lower_bound":707.6371586768835,"upper_bound":864.0316424370394},"point_estimate":789.0966277688223,"standard_error":39.952416551171154}}