{"mean":{"confidence_interval":{"confidence_level":0.95,"lower_bound":2557965.203375,"upper_bound":2665658.3520000004},"point_estimate":2607716.9165000007,"standard_error":27479.57425610366},"median":{"confidence_interval":{"confidence_level":0.95,"lower_bound":2538227.0,"upper_bound":2642485.85},"point_estimate":2588267.7,"standard_error":25530.2011215728},"median_abs_dev":{"confidence_interval":{"confidence_level":0.95,"lower_bound":137231.19561865932,"upper_bound":238764.64559107993},"point_estimate":171839.23028424397,"standard_error":25403.377373431435},"slope":null,"std_dev":{"confidence_interval":{"confidence_level":0.95,"lower_bound":178349.72714130764,"upper_bound":389115.7656335033},"point_estimate":275762.22230054915,"standard_error":62436.12246702575}}