{"mean":{"confidence_interval":{"confidence_level":0.95,"lower_bound":142153.41056304149,"upper_bound":148308.28235630033},"point_estimate":144924.03266901989,"standard_error":1581.68461166782},"median":{"confidence_interval":{"confidence_level":0.95,"lower_bound":139325.85915492958,"upper_bound":142746.73193473194},"point_estimate":140699.39900960383,"standard_error":993.0002251828619},"median_abs_dev":{"confidence_interval":{"confidence_level":0.95,"lower_bound":4847.3320080127,"upper_bound":8739.007738519374},"point_estimate":6379.513789084733,"standard_error":970.5163556308768},"slope":{"confidence_interval":{"confidence_level":0.95,"lower_bound":141254.2454341935,"upper_bound":147546.84695893063},"point_estimate":144226.9145836412,"standard_error":1606.7659956437178},"std_dev":{"confidence_interval":{"confidence_level":0.95,"lower_bound":8510.225140409833,"upper_bound":23087.013386514645},"point_estimate":15898.517783283309,"standard_error":3980.1093330126528}}