{"mean":{"confidence_interval":{"confidence_level":0.95,"lower_bound":13619947.167875001,"upper_bound":13867340.8270625},"point_estimate":13741332.745,"standard_error":63128.176485012016},"median":{"confidence_interval":{"confidence_level":0.95,"lower_bound":13518825.625,"upper_bound":13736077.0},"point_estimate":13643413.75,"standard_error":58270.62631926691},"median_abs_dev":{"confidence_interval":{"confidence_level":0.95,"lower_bound":333605.9358023107,"upper_bound":588674.6730733094},"point_estimate":427714.15445655584,"standard_error":62170.34901355755},"slope":null,"std_dev":{"confidence_interval":{"confidence_level":0.95,"lower_bound":515362.64657638455,"upper_bound":738782.7543283864},"point_estimate":634582.6826417255,"standard_error":57019.617389025494}}