{"mean":{"confidence_interval":{"confidence_level":0.95,"lower_bound":1450089.667971932,"upper_bound":1499568.3264953468},"point_estimate":1473751.3243719272,"standard_error":12658.944628135216},"median":{"confidence_interval":{"confidence_level":0.95,"lower_bound":1427550.017857143,"upper_bound":1478816.6363636365},"point_estimate":1454385.066133866,"standard_error":13590.41990584599},"median_abs_dev":{"confidence_interval":{"confidence_level":0.95,"lower_bound":70092.03379474857,"upper_bound":118831.62894917032},"point_estimate":88922.00626163356,"standard_error":12099.693372163818},"slope":{"confidence_interval":{"confidence_level":0.95,"lower_bound":1415072.4837327718,"upper_bound":1458389.8651078807},"point_estimate":1435620.117706517,"standard_error":11109.9074188527},"std_dev":{"confidence_interval":{"confidence_level":0.95,"lower_bound":91678.01252781115,"upper_bound":160621.41591933416},"point_estimate":127615.9686643285,"standard_error":17657.764015496512}}