{"mean":{"confidence_interval":{"confidence_level":0.95,"lower_bound":790979.5230522266,"upper_bound":832737.3779405289},"point_estimate":811065.7903301893,"standard_error":10665.763621593851},"median":{"confidence_interval":{"confidence_level":0.95,"lower_bound":764507.8684210526,"upper_bound":817765.0513141428},"point_estimate":782830.9449549549,"standard_error":13091.051060484622},"median_abs_dev":{"confidence_interval":{"confidence_level":0.95,"lower_bound":67805.00756968732,"upper_bound":104609.98272357085},"point_estimate":88148.91594621413,"standard_error":9316.033369451949},"slope":{"confidence_interval":{"confidence_level":0.95,"lower_bound":777214.4920268916,"upper_bound":817313.0610916732},"point_estimate":796715.8858341953,"standard_error":10210.65065075466},"std_dev":{"confidence_interval":{"confidence_level":0.95,"lower_bound":84613.78500837777,"upper_bound":126287.63060440397},"point_estimate":106984.59533303208,"standard_error":10639.299610566004}}