{"mean":{"confidence_interval":{"confidence_level":0.95,"lower_bound":269518.0503751628,"upper_bound":269863.57713633345},"point_estimate":269682.37964765594,"standard_error":88.00421014691801},"median":{"confidence_interval":{"confidence_level":0.95,"lower_bound":269414.80954454956,"upper_bound":269710.13925438595},"point_estimate":269592.924062049,"standard_error":83.07823181912747},"median_abs_dev":{"confidence_interval":{"confidence_level":0.95,"lower_bound":500.98310673074724,"upper_bound":784.2326601073083},"point_estimate":666.1856389925022,"standard_error":72.12576785825692},"slope":{"confidence_interval":{"confidence_level":0.95,"lower_bound":269327.36017889855,"upper_bound":269561.575724992},"point_estimate":269436.1415627309,"standard_error":59.71026244043268},"std_dev":{"confidence_interval":{"confidence_level":0.95,"lower_bound":642.2349789834255,"upper_bound":1104.39753254453},"point_estimate":885.5483715343537,"standard_error":118.4340811912753}}