{"mean":{"confidence_interval":{"confidence_level":0.95,"lower_bound":1253606.373728135,"upper_bound":1283342.8238586846},"point_estimate":1267909.1960512171,"standard_error":7583.635445682529},"median":{"confidence_interval":{"confidence_level":0.95,"lower_bound":1236039.1193181816,"upper_bound":1259936.4404761905},"point_estimate":1255170.0493222892,"standard_error":6777.445836234941},"median_abs_dev":{"confidence_interval":{"confidence_level":0.95,"lower_bound":44112.661265159106,"upper_bound":80586.94308262637},"point_estimate":67638.76264627287,"standard_error":9524.68267978126},"slope":{"confidence_interval":{"confidence_level":0.95,"lower_bound":1249062.6519162373,"upper_bound":1284775.290500902},"point_estimate":1266112.1814984484,"standard_error":9124.407369920731},"std_dev":{"confidence_interval":{"confidence_level":0.95,"lower_bound":60663.78402560836,"upper_bound":90066.43513563032},"point_estimate":76303.00586015526,"standard_error":7533.140478257888}}