{"mean":{"confidence_interval":{"confidence_level":0.95,"lower_bound":2802793.012,"upper_bound":2810171.200000001},"point_estimate":2806209.2511111107,"standard_error":1886.5590404459085},"median":{"confidence_interval":{"confidence_level":0.95,"lower_bound":2798318.5,"upper_bound":2803942.0},"point_estimate":2801428.0555555555,"standard_error":1393.244184436296},"median_abs_dev":{"confidence_interval":{"confidence_level":0.95,"lower_bound":8329.12927962781,"upper_bound":15923.86501729523},"point_estimate":12340.915080905192,"standard_error":1866.5130513864904},"slope":null,"std_dev":{"confidence_interval":{"confidence_level":0.95,"lower_bound":11903.359436561368,"upper_bound":25286.531336908116},"point_estimate":18917.605805988158,"standard_error":3496.7475732795865}}