{"mean":{"confidence_interval":{"confidence_level":0.95,"lower_bound":135360.98846665054,"upper_bound":148548.13669963845},"point_estimate":141251.68349640523,"standard_error":3389.5296193120607},"median":{"confidence_interval":{"confidence_level":0.95,"lower_bound":129721.30088162931,"upper_bound":136955.26388888888},"point_estimate":133689.24068049603,"standard_error":1907.2849353223785},"median_abs_dev":{"confidence_interval":{"confidence_level":0.95,"lower_bound":9397.665216235022,"upper_bound":15051.366175361474},"point_estimate":11698.13791439157,"standard_error":1406.5351411776485},"slope":{"confidence_interval":{"confidence_level":0.95,"lower_bound":130939.42581526277,"upper_bound":136995.7399752587},"point_estimate":133839.92182023052,"standard_error":1544.5919474718141},"std_dev":{"confidence_interval":{"confidence_level":0.95,"lower_bound":16640.979067509652,"upper_bound":49402.96227224774},"point_estimate":34010.83192792398,"standard_error":8529.870841796372}}