{"mean":{"confidence_interval":{"confidence_level":0.95,"lower_bound":1986248.1182530192,"upper_bound":2094301.0077579613},"point_estimate":2037546.4207977948,"standard_error":27576.335714329634},"median":{"confidence_interval":{"confidence_level":0.95,"lower_bound":1930929.342857143,"upper_bound":2058150.888888889},"point_estimate":2016728.0521907215,"standard_error":37473.531222131205},"median_abs_dev":{"confidence_interval":{"confidence_level":0.95,"lower_bound":154410.168923645,"upper_bound":260421.72646398237},"point_estimate":201018.36690711539,"standard_error":26470.219348689636},"slope":{"confidence_interval":{"confidence_level":0.95,"lower_bound":1910816.2871226822,"upper_bound":2001950.3762874377},"point_estimate":1955504.4066262746,"standard_error":23206.686478932203},"std_dev":{"confidence_interval":{"confidence_level":0.95,"lower_bound":195196.62418022272,"upper_bound":355347.1790951224},"point_estimate":277039.70884565933,"standard_error":41411.957846748584}}