{"mean":{"confidence_interval":{"confidence_level":0.95,"lower_bound":128544.85587770083,"upper_bound":132372.67182944558},"point_estimate":130384.26945349481,"standard_error":976.4613122291753},"median":{"confidence_interval":{"confidence_level":0.95,"lower_bound":126084.37769933554,"upper_bound":130693.22007108398},"point_estimate":128029.74079623289,"standard_error":1243.422602833746},"median_abs_dev":{"confidence_interval":{"confidence_level":0.95,"lower_bound":5510.578685716008,"upper_bound":9318.635312826918},"point_estimate":7209.686841257582,"standard_error":1007.6090472708256},"slope":{"confidence_interval":{"confidence_level":0.95,"lower_bound":125849.90444690919,"upper_bound":129332.98553211956},"point_estimate":127463.94673230383,"standard_error":888.8882632196857},"std_dev":{"confidence_interval":{"confidence_level":0.95,"lower_bound":7409.995605995589,"upper_bound":12015.318570659583},"point_estimate":9758.458237796856,"standard_error":1183.7244195760506}}