{"mean":{"confidence_interval":{"confidence_level":0.95,"lower_bound":155653.90556015327,"upper_bound":162774.95575819962},"point_estimate":159069.88303002238,"standard_error":1814.5297035585438},"median":{"confidence_interval":{"confidence_level":0.95,"lower_bound":152830.86,"upper_bound":160973.4693877551},"point_estimate":156953.25174216027,"standard_error":1920.025090802766},"median_abs_dev":{"confidence_interval":{"confidence_level":0.95,"lower_bound":11854.01321478565,"upper_bound":19788.061378399896},"point_estimate":15523.948741468008,"standard_error":2120.3634758729386},"slope":{"confidence_interval":{"confidence_level":0.95,"lower_bound":151975.96090231373,"upper_bound":158537.44708941653},"point_estimate":155265.11049420506,"standard_error":1680.5633844574702},"std_dev":{"confidence_interval":{"confidence_level":0.95,"lower_bound":13722.745349022269,"upper_bound":22647.177037616384},"point_estimate":18248.4351202835,"standard_error":2289.443651359378}}