{"mean":{"confidence_interval":{"confidence_level":0.95,"lower_bound":261305.02784892445,"upper_bound":276284.40863021},"point_estimate":268049.11515906506,"standard_error":3853.1244362645043},"median":{"confidence_interval":{"confidence_level":0.95,"lower_bound":256423.64567966282,"upper_bound":261549.4453125},"point_estimate":258815.80833333335,"standard_error":1195.3244126512006},"median_abs_dev":{"confidence_interval":{"confidence_level":0.95,"lower_bound":11036.971339848533,"upper_bound":19103.219791759115},"point_estimate":15279.973261387902,"standard_error":2024.801091710242},"slope":{"confidence_interval":{"confidence_level":0.95,"lower_bound":254075.4051033436,"upper_bound":264649.27040389716},"point_estimate":258950.44463277672,"standard_error":2699.3335058184816},"std_dev":{"confidence_interval":{"confidence_level":0.95,"lower_bound":20454.534735493875,"upper_bound":55771.97557420603},"point_estimate":38655.78566034852,"standard_error":9336.9908700986}}