{"mean":{"confidence_interval":{"confidence_level":0.95,"lower_bound":42246.90522861226,"upper_bound":42914.66163648693},"point_estimate":42576.76564201963,"standard_error":170.97579410466255},"median":{"confidence_interval":{"confidence_level":0.95,"lower_bound":42164.57085346216,"upper_bound":43085.96030245747},"point_estimate":42745.585573989316,"standard_error":303.4541288322655},"median_abs_dev":{"confidence_interval":{"confidence_level":0.95,"lower_bound":1288.3221290031663,"upper_bound":2146.6427826780005},"point_estimate":1596.6174624514704,"standard_error":217.7561920143456},"slope":{"confidence_interval":{"confidence_level":0.95,"lower_bound":42180.54751875586,"upper_bound":42891.2096020518},"point_estimate":42544.57804408864,"standard_error":181.07223120651983},"std_dev":{"confidence_interval":{"confidence_level":0.95,"lower_bound":1425.1721911996433,"upper_bound":2039.4218523416214},"point_estimate":1724.6287825954657,"standard_error":158.64972260582994}}