{"mean":{"confidence_interval":{"confidence_level":0.95,"lower_bound":2704499.413144738,"upper_bound":2746954.8477631584},"point_estimate":2725262.4400000013,"standard_error":10832.349916299087},"median":{"confidence_interval":{"confidence_level":0.95,"lower_bound":2687802.8947368423,"upper_bound":2738885.8947368423},"point_estimate":2712730.8947368423,"standard_error":14272.66072476106},"median_abs_dev":{"confidence_interval":{"confidence_level":0.95,"lower_bound":71529.7524248299,"upper_bound":122494.71175686298},"point_estimate":95729.88065308663,"standard_error":13174.35087334731},"slope":null,"std_dev":{"confidence_interval":{"confidence_level":0.95,"lower_bound":89112.7757510504,"upper_bound":127229.76513941171},"point_estimate":108713.12546094593,"standard_error":9773.87103188376}}