{"mean":{"confidence_interval":{"confidence_level":0.95,"lower_bound":642909.5525363273,"upper_bound":686687.4089202039},"point_estimate":661921.9616067717,"standard_error":11297.305566089224},"median":{"confidence_interval":{"confidence_level":0.95,"lower_bound":623422.5748758963,"upper_bound":634463.0070463043},"point_estimate":628151.8419354839,"standard_error":2788.37972481449},"median_abs_dev":{"confidence_interval":{"confidence_level":0.95,"lower_bound":16138.045488541777,"upper_bound":30624.264011369483},"point_estimate":22338.75222227881,"standard_error":3838.0905632599615},"slope":{"confidence_interval":{"confidence_level":0.95,"lower_bound":632535.0991805521,"upper_bound":664852.2663167855},"point_estimate":647306.7841613714,"standard_error":8289.118075490424},"std_dev":{"confidence_interval":{"confidence_level":0.95,"lower_bound":55678.45784343322,"upper_bound":171102.34359018976},"point_estimate":113214.71805399783,"standard_error":34408.83854890195}}