{"mean":{"confidence_interval":{"confidence_level":0.95,"lower_bound":2424418.674863635,"upper_bound":2538076.972272727},"point_estimate":2480187.1554545444,"standard_error":28987.571585315774},"median":{"confidence_interval":{"confidence_level":0.95,"lower_bound":2386204.590909091,"upper_bound":2516369.227272727},"point_estimate":2444596.0227272725,"standard_error":28234.307039024545},"median_abs_dev":{"confidence_interval":{"confidence_level":0.95,"lower_bound":202312.4250355094,"upper_bound":334217.69361644983},"point_estimate":279414.93558030267,"standard_error":33613.001522433784},"slope":null,"std_dev":{"confidence_interval":{"confidence_level":0.95,"lower_bound":242990.3184607205,"upper_bound":339435.70357387955},"point_estimate":293162.9449727626,"standard_error":24604.64988969788}}