{"mean":{"confidence_interval":{"confidence_level":0.95,"lower_bound":979051.3538605976,"upper_bound":1001357.8306763188},"point_estimate":989428.5421908832,"standard_error":5721.864598787276},"median":{"confidence_interval":{"confidence_level":0.95,"lower_bound":965605.4453125,"upper_bound":979295.2037037037},"point_estimate":969914.9219444445,"standard_error":3882.8025185675297},"median_abs_dev":{"confidence_interval":{"confidence_level":0.95,"lower_bound":15801.453456442328,"upper_bound":32562.133867388475},"point_estimate":20955.36952498201,"standard_error":4546.854610060748},"slope":{"confidence_interval":{"confidence_level":0.95,"lower_bound":971242.118772626,"upper_bound":988043.3220844126},"point_estimate":978948.1083774199,"standard_error":4280.580922254002},"std_dev":{"confidence_interval":{"confidence_level":0.95,"lower_bound":36954.33306386707,"upper_bound":77281.24868997456},"point_estimate":57579.91847939068,"standard_error":10532.476970792732}}