{"mean":{"confidence_interval":{"confidence_level":0.95,"lower_bound":37359.064050907815,"upper_bound":39626.15108117462},"point_estimate":38282.85900057452,"standard_error":594.1092793449616},"median":{"confidence_interval":{"confidence_level":0.95,"lower_bound":37141.73852657004,"upper_bound":37781.37295031056},"point_estimate":37514.939523809524,"standard_error":185.9775769206249},"median_abs_dev":{"confidence_interval":{"confidence_level":0.95,"lower_bound":1168.3934301770512,"upper_bound":2012.376659595539},"point_estimate":1577.8589455816104,"standard_error":217.13279362329476},"slope":{"confidence_interval":{"confidence_level":0.95,"lower_bound":37771.78699066897,"upper_bound":38686.99769034271},"point_estimate":38200.40029606595,"standard_error":234.31948927713282},"std_dev":{"confidence_interval":{"confidence_level":0.95,"lower_bound":1472.378163657168,"upper_bound":9635.610951640067},"point_estimate":5974.857309757363,"standard_error":2346.8028544165572}}