{"mean":{"confidence_interval":{"confidence_level":0.95,"lower_bound":24531519.970583342,"upper_bound":24943301.866083346},"point_estimate":24730257.00666667,"standard_error":105043.13137546401},"median":{"confidence_interval":{"confidence_level":0.95,"lower_bound":24121864.0,"upper_bound":24463341.333333332},"point_estimate":24208697.666666664,"standard_error":88118.59702002554},"median_abs_dev":{"confidence_interval":{"confidence_level":0.95,"lower_bound":328303.99768143735,"upper_bound":820906.7098259926},"point_estimate":481619.389149542,"standard_error":125651.42645755524},"slope":null,"std_dev":{"confidence_interval":{"confidence_level":0.95,"lower_bound":848576.1979077086,"upper_bound":1249864.596870401},"point_estimate":1061377.7902217275,"standard_error":102667.90248640922}}