{"mean":{"confidence_interval":{"confidence_level":0.95,"lower_bound":289689.1153030933,"upper_bound":319211.55268091586},"point_estimate":303131.2083112363,"standard_error":7589.444086557069},"median":{"confidence_interval":{"confidence_level":0.95,"lower_bound":276182.68903466535,"upper_bound":297673.575},"point_estimate":284962.1362229102,"standard_error":5986.654519084136},"median_abs_dev":{"confidence_interval":{"confidence_level":0.95,"lower_bound":28185.971601177498,"upper_bound":43704.4197274248},"point_estimate":34404.41357881663,"standard_error":3923.4267704715603},"slope":{"confidence_interval":{"confidence_level":0.95,"lower_bound":267343.9181278743,"upper_bound":279336.9455228401},"point_estimate":272903.30703635287,"standard_error":3040.158804384258},"std_dev":{"confidence_interval":{"confidence_level":0.95,"lower_bound":39101.572233986844,"upper_bound":105816.3200767087},"point_estimate":76346.3140421511,"standard_error":16674.68170494837}}