{"mean":{"confidence_interval":{"confidence_level":0.95,"lower_bound":908994.4706331718,"upper_bound":972283.065070801},"point_estimate":939554.7213263239,"standard_error":16157.295539683324},"median":{"confidence_interval":{"confidence_level":0.95,"lower_bound":885112.2043010753,"upper_bound":959642.4614898991},"point_estimate":911200.8361823361,"standard_error":17862.590162110904},"median_abs_dev":{"confidence_interval":{"confidence_level":0.95,"lower_bound":92439.22952821778,"upper_bound":145879.03413866236},"point_estimate":114800.92384937622,"standard_error":13526.730356249067},"slope":{"confidence_interval":{"confidence_level":0.95,"lower_bound":888999.523672644,"upper_bound":954434.1019878513},"point_estimate":919340.8528579873,"standard_error":16631.79616221286},"std_dev":{"confidence_interval":{"confidence_level":0.95,"lower_bound":121652.82821469726,"upper_bound":201016.6642459365},"point_estimate":162780.91111402918,"standard_error":20346.352046947384}}