{"mean":{"confidence_interval":{"confidence_level":0.95,"lower_bound":9656153.620541666,"upper_bound":9785704.698833335},"point_estimate":9717803.051666668,"standard_error":32930.70880395221},"median":{"confidence_interval":{"confidence_level":0.95,"lower_bound":9604583.333333334,"upper_bound":9712074.916666668},"point_estimate":9657746.833333332,"standard_error":28121.945793885858},"median_abs_dev":{"confidence_interval":{"confidence_level":0.95,"lower_bound":140979.93729710625,"upper_bound":266551.0895177722},"point_estimate":184306.32697790908,"standard_error":32812.444576350135},"slope":null,"std_dev":{"confidence_interval":{"confidence_level":0.95,"lower_bound":238323.5639373325,"upper_bound":427144.57590105134},"point_estimate":329469.48447815323,"standard_error":50135.40413310096}}