{"mean":{"confidence_interval":{"confidence_level":0.95,"lower_bound":6699641.8113750005,"upper_bound":6758201.39003125},"point_estimate":6729339.11125,"standard_error":14982.774113726324},"median":{"confidence_interval":{"confidence_level":0.95,"lower_bound":6733717.875,"upper_bound":6775934.3125},"point_estimate":6750338.125,"standard_error":11054.634661109669},"median_abs_dev":{"confidence_interval":{"confidence_level":0.95,"lower_bound":98416.65417775512,"upper_bound":180625.15479326248},"point_estimate":147828.74610051513,"standard_error":21935.48531581061},"slope":null,"std_dev":{"confidence_interval":{"confidence_level":0.95,"lower_bound":128036.92985822108,"upper_bound":170882.05026579645},"point_estimate":150921.30947911166,"standard_error":10954.067631092435}}