{"mean":{"confidence_interval":{"confidence_level":0.95,"lower_bound":13118201.159374999,"upper_bound":13191064.5244375},"point_estimate":13152155.1775,"standard_error":18568.06653245452},"median":{"confidence_interval":{"confidence_level":0.95,"lower_bound":13085148.5,"upper_bound":13127753.75},"point_estimate":13105486.25,"standard_error":11239.040302334186},"median_abs_dev":{"confidence_interval":{"confidence_level":0.95,"lower_bound":78098.17751348019,"upper_bound":122790.41242003441},"point_estimate":98067.87253394723,"standard_error":11281.696528197668},"slope":null,"std_dev":{"confidence_interval":{"confidence_level":0.95,"lower_bound":121367.39775843383,"upper_bound":243906.62983118586},"point_estimate":187648.5406256426,"standard_error":31259.44132688}}