{"mean":{"confidence_interval":{"confidence_level":0.95,"lower_bound":451547.6733405476,"upper_bound":467127.1929161305},"point_estimate":458513.3536878426,"standard_error":3984.669129601691},"median":{"confidence_interval":{"confidence_level":0.95,"lower_bound":445810.08462421113,"upper_bound":452035.38636363635},"point_estimate":448063.1708649873,"standard_error":1560.4112493010448},"median_abs_dev":{"confidence_interval":{"confidence_level":0.95,"lower_bound":11117.151585239815,"upper_bound":19041.3132303271},"point_estimate":14508.498206867083,"standard_error":2008.2438124589232},"slope":{"confidence_interval":{"confidence_level":0.95,"lower_bound":444617.5061286976,"upper_bound":451872.54295703565},"point_estimate":448041.0902201862,"standard_error":1852.248624959401},"std_dev":{"confidence_interval":{"confidence_level":0.95,"lower_bound":21045.656518167478,"upper_bound":57304.08862529403},"point_estimate":39792.94010187392,"standard_error":9536.65430028104}}