{"mean":{"confidence_interval":{"confidence_level":0.95,"lower_bound":26420821.598,"upper_bound":27187574.025},"point_estimate":26800619.575,"standard_error":195546.48761991662},"median":{"confidence_interval":{"confidence_level":0.95,"lower_bound":26072730.5,"upper_bound":27103559.5},"point_estimate":26685157.0,"standard_error":287871.2198426466},"median_abs_dev":{"confidence_interval":{"confidence_level":0.95,"lower_bound":1583872.671380639,"upper_bound":2371060.6100052595},"point_estimate":1956041.9591233134,"standard_error":201982.608002708},"slope":null,"std_dev":{"confidence_interval":{"confidence_level":0.95,"lower_bound":1686253.635969456,"upper_bound":2210688.92145364},"point_estimate":1966543.0046647687,"standard_error":133459.97706236917}}