{"mean":{"confidence_interval":{"confidence_level":0.95,"lower_bound":329319.33878429735,"upper_bound":349182.0978484341},"point_estimate":338877.2593191795,"standard_error":5094.206988744947},"median":{"confidence_interval":{"confidence_level":0.95,"lower_bound":318573.5435460993,"upper_bound":341084.6200750469},"point_estimate":332601.7137188208,"standard_error":6125.604475612732},"median_abs_dev":{"confidence_interval":{"confidence_level":0.95,"lower_bound":38489.39728763813,"upper_bound":57646.7068796433},"point_estimate":51527.19855993159,"standard_error":4847.387698681507},"slope":{"confidence_interval":{"confidence_level":0.95,"lower_bound":317026.9125073743,"upper_bound":334416.31611151673},"point_estimate":325370.8067789764,"standard_error":4439.751177740234},"std_dev":{"confidence_interval":{"confidence_level":0.95,"lower_bound":38080.15014281323,"upper_bound":63623.08989527397},"point_estimate":50984.852686738355,"standard_error":6592.362621462615}}