{"mean":{"confidence_interval":{"confidence_level":0.95,"lower_bound":2820090.3572222227,"upper_bound":2836887.7805555556},"point_estimate":2828132.949999999,"standard_error":4295.347401390062},"median":{"confidence_interval":{"confidence_level":0.95,"lower_bound":2813013.777777778,"upper_bound":2827738.888888889},"point_estimate":2821908.972222222,"standard_error":3497.144038390584},"median_abs_dev":{"confidence_interval":{"confidence_level":0.95,"lower_bound":22231.051221986767,"upper_bound":39464.79125686042},"point_estimate":30666.633238891263,"standard_error":4397.29432948452},"slope":null,"std_dev":{"confidence_interval":{"confidence_level":0.95,"lower_bound":33541.383770666434,"upper_bound":51627.87220746755},"point_estimate":43177.267240250934,"standard_error":4630.565493843984}}