{"mean":{"confidence_interval":{"confidence_level":0.95,"lower_bound":156607.57779596973,"upper_bound":167169.62643691117},"point_estimate":161132.93327587887,"standard_error":2719.578697460117},"median":{"confidence_interval":{"confidence_level":0.95,"lower_bound":153530.57142857142,"upper_bound":158646.82210242588},"point_estimate":155619.4913657771,"standard_error":1642.0292107170176},"median_abs_dev":{"confidence_interval":{"confidence_level":0.95,"lower_bound":9813.148803559563,"upper_bound":15921.322913054288},"point_estimate":12532.371997835617,"standard_error":1657.9881485083022},"slope":{"confidence_interval":{"confidence_level":0.95,"lower_bound":152629.23520588028,"upper_bound":160176.18041014948},"point_estimate":156061.8682577213,"standard_error":1938.9207458528458},"std_dev":{"confidence_interval":{"confidence_level":0.95,"lower_bound":12958.776026727828,"upper_bound":42282.65564119761},"point_estimate":27350.61222466043,"standard_error":9231.252510423426}}