{"mean":{"confidence_interval":{"confidence_level":0.95,"lower_bound":246421.70225393365,"upper_bound":259432.69128983808},"point_estimate":252535.61372923374,"standard_error":3328.113521493602},"median":{"confidence_interval":{"confidence_level":0.95,"lower_bound":238090.63768115942,"upper_bound":246809.81944444444},"point_estimate":241858.01363357843,"standard_error":1950.394645685894},"median_abs_dev":{"confidence_interval":{"confidence_level":0.95,"lower_bound":10246.608933913232,"upper_bound":18222.188407741494},"point_estimate":14648.165039805228,"standard_error":2068.45122414174},"slope":{"confidence_interval":{"confidence_level":0.95,"lower_bound":237476.0853875912,"upper_bound":251593.34067770504},"point_estimate":243915.7472159007,"standard_error":3611.969952353925},"std_dev":{"confidence_interval":{"confidence_level":0.95,"lower_bound":23042.415472903533,"upper_bound":42515.6120226249},"point_estimate":33568.75211308628,"standard_error":4979.104515553964}}