{"mean":{"confidence_interval":{"confidence_level":0.95,"lower_bound":1960802.1837789945,"upper_bound":2022965.8569559376},"point_estimate":1985900.1294833473,"standard_error":16301.220887725156},"median":{"confidence_interval":{"confidence_level":0.95,"lower_bound":1938267.903379224,"upper_bound":1957387.34375},"point_estimate":1944169.3536585364,"standard_error":4290.413985028808},"median_abs_dev":{"confidence_interval":{"confidence_level":0.95,"lower_bound":26416.749803330404,"upper_bound":49597.36534493305},"point_estimate":35951.80617444556,"standard_error":5679.600154530604},"slope":{"confidence_interval":{"confidence_level":0.95,"lower_bound":1944928.5069190382,"upper_bound":1969683.7073638265},"point_estimate":1956492.1163913107,"standard_error":6324.782520722937},"std_dev":{"confidence_interval":{"confidence_level":0.95,"lower_bound":61619.376339188995,"upper_bound":262080.86110869958},"point_estimate":163249.26384092268,"standard_error":65558.07965156948}}