{"mean":{"confidence_interval":{"confidence_level":0.95,"lower_bound":4951.301915573183,"upper_bound":4966.485406317516},"point_estimate":4958.308964540428,"standard_error":3.8853787722515687},"median":{"confidence_interval":{"confidence_level":0.95,"lower_bound":4946.742229850814,"upper_bound":4962.190195269527},"point_estimate":4951.182209946192,"standard_error":4.065896882824265},"median_abs_dev":{"confidence_interval":{"confidence_level":0.95,"lower_bound":20.375100328338277,"upper_bound":38.2844307748351},"point_estimate":27.6558311096714,"standard_error":4.856472214216286},"slope":{"confidence_interval":{"confidence_level":0.95,"lower_bound":4949.094048101207,"upper_bound":4960.230851941155},"point_estimate":4954.643072818439,"standard_error":2.830976816757674},"std_dev":{"confidence_interval":{"confidence_level":0.95,"lower_bound":25.866793413440984,"upper_bound":54.655352389885},"point_estimate":39.06883311539866,"standard_error":8.491636334289296}}