{"mean":{"confidence_interval":{"confidence_level":0.95,"lower_bound":4435.679801234193,"upper_bound":4446.963419950974},"point_estimate":4441.218868328099,"standard_error":2.8796745906503274},"median":{"confidence_interval":{"confidence_level":0.95,"lower_bound":4435.382673954019,"upper_bound":4444.07034137856},"point_estimate":4440.529614405021,"standard_error":2.476884174622407},"median_abs_dev":{"confidence_interval":{"confidence_level":0.95,"lower_bound":15.29157456089606,"upper_bound":30.29064134457271},"point_estimate":21.19749839169105,"standard_error":3.9012982844261876},"slope":{"confidence_interval":{"confidence_level":0.95,"lower_bound":4426.437099499559,"upper_bound":4439.044405791914},"point_estimate":4432.588344470513,"standard_error":3.2182100849427204},"std_dev":{"confidence_interval":{"confidence_level":0.95,"lower_bound":23.91529841869031,"upper_bound":33.43947151758967},"point_estimate":28.93245163192268,"standard_error":2.4279638783090802}}