{"mean":{"confidence_interval":{"confidence_level":0.95,"lower_bound":86248.84626075899,"upper_bound":97528.85239080392},"point_estimate":90825.70919136718,"standard_error":2959.327858273765},"median":{"confidence_interval":{"confidence_level":0.95,"lower_bound":82775.43650793651,"upper_bound":87269.72407407407},"point_estimate":84732.16007936507,"standard_error":1259.8345785785878},"median_abs_dev":{"confidence_interval":{"confidence_level":0.95,"lower_bound":5790.422317918792,"upper_bound":9832.895655894183},"point_estimate":8308.739954733972,"standard_error":1115.8932591006057},"slope":{"confidence_interval":{"confidence_level":0.95,"lower_bound":84369.4968932184,"upper_bound":96924.6833563639},"point_estimate":89406.97410694054,"standard_error":3287.7120749675146},"std_dev":{"confidence_interval":{"confidence_level":0.95,"lower_bound":8185.101639694649,"upper_bound":48201.41902326763},"point_estimate":29783.130902003228,"standard_error":11964.171994769962}}