{"mean":{"confidence_interval":{"confidence_level":0.95,"lower_bound":779164.3935210239,"upper_bound":816240.7416434346},"point_estimate":796982.1190975123,"standard_error":9452.141268823456},"median":{"confidence_interval":{"confidence_level":0.95,"lower_bound":756672.5342465753,"upper_bound":806829.2345679012},"point_estimate":770887.4083866838,"standard_error":12158.513558241635},"median_abs_dev":{"confidence_interval":{"confidence_level":0.95,"lower_bound":66340.79593610429,"upper_bound":103509.14377875158},"point_estimate":80541.26520184292,"standard_error":9594.733935424623},"slope":{"confidence_interval":{"confidence_level":0.95,"lower_bound":758625.6164578182,"upper_bound":794450.2835604332},"point_estimate":776009.803320526,"standard_error":9138.70907477222},"std_dev":{"confidence_interval":{"confidence_level":0.95,"lower_bound":70865.19261890806,"upper_bound":121449.38889545013},"point_estimate":94966.23083066332,"standard_error":13443.218779962146}}