{"mean":{"confidence_interval":{"confidence_level":0.95,"lower_bound":27866383.78825,"upper_bound":28564092.415125},"point_estimate":28196477.33,"standard_error":177555.29571339095},"median":{"confidence_interval":{"confidence_level":0.95,"lower_bound":27293409.5,"upper_bound":27910106.5},"point_estimate":27627619.5,"standard_error":176494.45463166665},"median_abs_dev":{"confidence_interval":{"confidence_level":0.95,"lower_bound":630201.3578116894,"upper_bound":1259592.4747377634},"point_estimate":943784.9662944674,"standard_error":166447.16308179032},"slope":null,"std_dev":{"confidence_interval":{"confidence_level":0.95,"lower_bound":1269615.616304452,"upper_bound":2220440.9589127414},"point_estimate":1779234.502160414,"standard_error":242338.3703378961}}