{"mean":{"confidence_interval":{"confidence_level":0.95,"lower_bound":365300.4287135195,"upper_bound":374267.7285406645},"point_estimate":369608.4034260185,"standard_error":2284.2262891707596},"median":{"confidence_interval":{"confidence_level":0.95,"lower_bound":361382.81666666665,"upper_bound":368243.3917525773},"point_estimate":365215.05622710625,"standard_error":1646.927264918422},"median_abs_dev":{"confidence_interval":{"confidence_level":0.95,"lower_bound":9999.963853065185,"upper_bound":18504.31477116229},"point_estimate":13170.869618052378,"standard_error":2236.80495927541},"slope":{"confidence_interval":{"confidence_level":0.95,"lower_bound":364934.02239558805,"upper_bound":370812.490618991},"point_estimate":367647.10650115757,"standard_error":1502.2888421564664},"std_dev":{"confidence_interval":{"confidence_level":0.95,"lower_bound":17302.25171878136,"upper_bound":28682.60653305167},"point_estimate":23061.278888679797,"standard_error":2949.6672933209093}}