{"mean":{"confidence_interval":{"confidence_level":0.95,"lower_bound":3966431.3823653837,"upper_bound":3974973.0050384616},"point_estimate":3970461.432307691,"standard_error":2172.4271923476413},"median":{"confidence_interval":{"confidence_level":0.95,"lower_bound":3964742.5,"upper_bound":3970731.4615384615},"point_estimate":3968600.5,"standard_error":1707.3183361034182},"median_abs_dev":{"confidence_interval":{"confidence_level":0.95,"lower_bound":10960.803156752945,"upper_bound":17837.205901788355},"point_estimate":14748.163238167763,"standard_error":1692.1421014482548},"slope":null,"std_dev":{"confidence_interval":{"confidence_level":0.95,"lower_bound":14505.156687337618,"upper_bound":29704.91548088746},"point_estimate":21867.84267755928,"standard_error":4137.152269981259}}