{"mean":{"confidence_interval":{"confidence_level":0.95,"lower_bound":766982.5092614596,"upper_bound":807460.9173151355},"point_estimate":785629.5446143178,"standard_error":10322.481525755064},"median":{"confidence_interval":{"confidence_level":0.95,"lower_bound":753212.2831632653,"upper_bound":781141.3039772727},"point_estimate":764663.0729166667,"standard_error":7549.731000423513},"median_abs_dev":{"confidence_interval":{"confidence_level":0.95,"lower_bound":38111.19964213234,"upper_bound":62670.37696919654},"point_estimate":47840.7657348288,"standard_error":6457.747098021143},"slope":{"confidence_interval":{"confidence_level":0.95,"lower_bound":755945.3821915522,"upper_bound":778130.9477045244},"point_estimate":766913.0929525639,"standard_error":5671.762856794134},"std_dev":{"confidence_interval":{"confidence_level":0.95,"lower_bound":60833.369246113914,"upper_bound":139667.8555637175},"point_estimate":104012.56249446313,"standard_error":20037.810573207247}}