{"mean":{"confidence_interval":{"confidence_level":0.95,"lower_bound":48905.188927116455,"upper_bound":50610.225176007036},"point_estimate":49730.15588808651,"standard_error":436.38725238261435},"median":{"confidence_interval":{"confidence_level":0.95,"lower_bound":47797.994047619046,"upper_bound":49952.77186588921},"point_estimate":48473.70245310245,"standard_error":539.2811070136682},"median_abs_dev":{"confidence_interval":{"confidence_level":0.95,"lower_bound":2952.759772320974,"upper_bound":4794.9459359707635},"point_estimate":3891.5956183900003,"standard_error":467.61963473152315},"slope":{"confidence_interval":{"confidence_level":0.95,"lower_bound":46975.41637482661,"upper_bound":48027.12786140338},"point_estimate":47478.35137283878,"standard_error":268.19897415857434},"std_dev":{"confidence_interval":{"confidence_level":0.95,"lower_bound":3498.8792785598826,"upper_bound":5362.777450828723},"point_estimate":4396.259500135985,"standard_error":485.3909549358554}}