{"mean":{"confidence_interval":{"confidence_level":0.95,"lower_bound":15068139.8275,"upper_bound":15376302.392624998},"point_estimate":15219864.835,"standard_error":78482.71046751228},"median":{"confidence_interval":{"confidence_level":0.95,"lower_bound":14902998.5,"upper_bound":15296003.875},"point_estimate":15137287.625,"standard_error":107791.27892348442},"median_abs_dev":{"confidence_interval":{"confidence_level":0.95,"lower_bound":516240.01355990785,"upper_bound":932022.5740782917},"point_estimate":680631.4399413764,"standard_error":104979.98344071716},"slope":null,"std_dev":{"confidence_interval":{"confidence_level":0.95,"lower_bound":673140.0861193349,"upper_bound":891393.8740337406},"point_estimate":790363.721726294,"standard_error":55480.336871787484}}