{"mean":{"confidence_interval":{"confidence_level":0.95,"lower_bound":465995.72725502355,"upper_bound":467211.55051314423},"point_estimate":466557.28515726025,"standard_error":312.08113646336153},"median":{"confidence_interval":{"confidence_level":0.95,"lower_bound":465804.20921985817,"upper_bound":466248.5902618866},"point_estimate":466049.4726677578,"standard_error":119.5425084426164},"median_abs_dev":{"confidence_interval":{"confidence_level":0.95,"lower_bound":863.0927292831026,"upper_bound":1574.5160191535929},"point_estimate":1177.9413982712267,"standard_error":185.5198339458716},"slope":{"confidence_interval":{"confidence_level":0.95,"lower_bound":465730.1826945179,"upper_bound":467635.4981329136},"point_estimate":466559.3875720408,"standard_error":494.701408818342},"std_dev":{"confidence_interval":{"confidence_level":0.95,"lower_bound":1896.6728289470188,"upper_bound":4242.827851931094},"point_estimate":3140.94396255782,"standard_error":599.3231952026669}}