{"mean":{"confidence_interval":{"confidence_level":0.95,"lower_bound":431426.99983942625,"upper_bound":436429.22061545524},"point_estimate":433843.588537737,"standard_error":1279.7249233380112},"median":{"confidence_interval":{"confidence_level":0.95,"lower_bound":429084.29563492065,"upper_bound":433045.84692982456},"point_estimate":430736.3551587302,"standard_error":903.3460105734827},"median_abs_dev":{"confidence_interval":{"confidence_level":0.95,"lower_bound":7342.667220111815,"upper_bound":12529.864964634631},"point_estimate":9586.44232295179,"standard_error":1373.5553379436312},"slope":{"confidence_interval":{"confidence_level":0.95,"lower_bound":427326.88061046286,"upper_bound":431532.35085394053},"point_estimate":429385.31788089254,"standard_error":1077.1945888071489},"std_dev":{"confidence_interval":{"confidence_level":0.95,"lower_bound":10185.41944464776,"upper_bound":15227.003060200235},"point_estimate":12850.485151411785,"standard_error":1292.6037266020305}}