{"mean":{"confidence_interval":{"confidence_level":0.95,"lower_bound":119871.23639424522,"upper_bound":128429.26903269552},"point_estimate":124019.20934951816,"standard_error":2186.7503707898977},"median":{"confidence_interval":{"confidence_level":0.95,"lower_bound":109590.33898305085,"upper_bound":124844.84126984127},"point_estimate":113432.6701826463,"standard_error":3790.339275387261},"median_abs_dev":{"confidence_interval":{"confidence_level":0.95,"lower_bound":7745.8424012235755,"upper_bound":25168.88655337338},"point_estimate":13632.18994367487,"standard_error":4340.072404615851},"slope":{"confidence_interval":{"confidence_level":0.95,"lower_bound":110436.22712848359,"upper_bound":114400.36999513807},"point_estimate":112241.54682429438,"standard_error":1011.01314106718},"std_dev":{"confidence_interval":{"confidence_level":0.95,"lower_bound":17620.95800049934,"upper_bound":26225.685878604207},"point_estimate":21967.992250921114,"standard_error":2215.714488843382}}