{"mean":{"confidence_interval":{"confidence_level":0.95,"lower_bound":286240.6163502785,"upper_bound":292959.57998890046},"point_estimate":289215.6740757178,"standard_error":1727.2082579322825},"median":{"confidence_interval":{"confidence_level":0.95,"lower_bound":283975.1893939394,"upper_bound":285799.7608695652},"point_estimate":285081.9319063927,"standard_error":422.0857988473867},"median_abs_dev":{"confidence_interval":{"confidence_level":0.95,"lower_bound":3075.2779273873825,"upper_bound":5563.428799633661},"point_estimate":4346.085688226157,"standard_error":606.925207290699},"slope":{"confidence_interval":{"confidence_level":0.95,"lower_bound":286153.35858674423,"upper_bound":288987.59492996085},"point_estimate":287583.4782695434,"standard_error":727.9943912241969},"std_dev":{"confidence_interval":{"confidence_level":0.95,"lower_bound":7050.3733855508235,"upper_bound":25732.101173303967},"point_estimate":17377.532066336156,"standard_error":4783.837615474372}}