{"mean":{"confidence_interval":{"confidence_level":0.95,"lower_bound":654.4242909369942,"upper_bound":672.9369385283333},"point_estimate":663.2437037298656,"standard_error":4.739737960459253},"median":{"confidence_interval":{"confidence_level":0.95,"lower_bound":639.9029647435898,"upper_bound":653.8460185647685},"point_estimate":647.0597974091729,"standard_error":3.9876075177580996},"median_abs_dev":{"confidence_interval":{"confidence_level":0.95,"lower_bound":15.836963202283155,"upper_bound":32.64979691384575},"point_estimate":23.660757312737815,"standard_error":4.286369998104564},"slope":{"confidence_interval":{"confidence_level":0.95,"lower_bound":654.2103363964773,"upper_bound":678.7208184364517},"point_estimate":665.9000995559413,"standard_error":6.258939012985202},"std_dev":{"confidence_interval":{"confidence_level":0.95,"lower_bound":35.534677267085144,"upper_bound":57.786837327646346},"point_estimate":47.50909556297457,"standard_error":5.676106257868273}}