{"mean":{"confidence_interval":{"confidence_level":0.95,"lower_bound":213173.7024873966,"upper_bound":234135.76483997834},"point_estimate":221686.55106703157,"standard_error":5491.192077133366},"median":{"confidence_interval":{"confidence_level":0.95,"lower_bound":203686.78085106384,"upper_bound":218234.23666333666},"point_estimate":210016.51221590908,"standard_error":3945.182970871094},"median_abs_dev":{"confidence_interval":{"confidence_level":0.95,"lower_bound":14814.484651328217,"upper_bound":27060.151218366027},"point_estimate":19542.62124526997,"standard_error":3168.3671820045465},"slope":{"confidence_interval":{"confidence_level":0.95,"lower_bound":214035.1163720993,"upper_bound":226472.42635042587},"point_estimate":219852.71388975912,"standard_error":3181.561930649171},"std_dev":{"confidence_interval":{"confidence_level":0.95,"lower_bound":21060.805885153528,"upper_bound":88575.43902971165},"point_estimate":55091.65646571629,"standard_error":22279.802344892407}}