{"mean":{"confidence_interval":{"confidence_level":0.95,"lower_bound":2457729.2067840905,"upper_bound":2571158.559625},"point_estimate":2510908.552272727,"standard_error":28917.879983646955},"median":{"confidence_interval":{"confidence_level":0.95,"lower_bound":2439481.2272727275,"upper_bound":2519257.590909091},"point_estimate":2485823.8863636362,"standard_error":21359.538603234818},"median_abs_dev":{"confidence_interval":{"confidence_level":0.95,"lower_bound":171204.5460832388,"upper_bound":280740.2788704089},"point_estimate":240303.1395837668,"standard_error":27597.282944062925},"slope":null,"std_dev":{"confidence_interval":{"confidence_level":0.95,"lower_bound":200454.8262354432,"upper_bound":392487.3936708491},"point_estimate":291821.1257927276,"standard_error":51662.3334152217}}