{"mean":{"confidence_interval":{"confidence_level":0.95,"lower_bound":4392252.396134615,"upper_bound":4485914.54003846},"point_estimate":4437495.7123076925,"standard_error":24001.55503367864},"median":{"confidence_interval":{"confidence_level":0.95,"lower_bound":4334412.346153846,"upper_bound":4381373.923076924},"point_estimate":4350177.961538462,"standard_error":11384.961966849472},"median_abs_dev":{"confidence_interval":{"confidence_level":0.95,"lower_bound":101261.63522532358,"upper_bound":209893.2635151877},"point_estimate":153386.02975377734,"standard_error":24798.656265364265},"slope":null,"std_dev":{"confidence_interval":{"confidence_level":0.95,"lower_bound":197770.47812961473,"upper_bound":279376.32080152474},"point_estimate":241744.58876501166,"standard_error":20799.5452585094}}