{"mean":{"confidence_interval":{"confidence_level":0.95,"lower_bound":10331409.001500001,"upper_bound":10591077.595099995},"point_estimate":10458005.511999996,"standard_error":66366.07385220213},"median":{"confidence_interval":{"confidence_level":0.95,"lower_bound":10084780.2,"upper_bound":10636398.6},"point_estimate":10245402.9,"standard_error":126834.27344594036},"median_abs_dev":{"confidence_interval":{"confidence_level":0.95,"lower_bound":462651.9934862866,"upper_bound":841180.7492625542},"point_estimate":667061.3135772946,"standard_error":95804.62063262318},"slope":null,"std_dev":{"confidence_interval":{"confidence_level":0.95,"lower_bound":567642.1290838129,"upper_bound":758133.1604571259},"point_estimate":665578.1411032176,"standard_error":48825.25279025346}}