{"mean":{"confidence_interval":{"confidence_level":0.95,"lower_bound":19023.053635045,"upper_bound":19067.14769248039},"point_estimate":19045.101279178914,"standard_error":11.284412860093008},"median":{"confidence_interval":{"confidence_level":0.95,"lower_bound":19017.103773584906,"upper_bound":19082.932803707383},"point_estimate":19057.776594788862,"standard_error":13.71029039386697},"median_abs_dev":{"confidence_interval":{"confidence_level":0.95,"lower_bound":86.92035165343363,"upper_bound":141.51301328009393},"point_estimate":119.4862931419601,"standard_error":14.249169903007797},"slope":{"confidence_interval":{"confidence_level":0.95,"lower_bound":19013.92934119486,"upper_bound":19071.861412666072},"point_estimate":19043.44217213949,"standard_error":14.774179630745639},"std_dev":{"confidence_interval":{"confidence_level":0.95,"lower_bound":96.44022844620744,"upper_bound":130.08576352973648},"point_estimate":113.3928846922883,"standard_error":8.655704314341785}}