{"mean":{"confidence_interval":{"confidence_level":0.95,"lower_bound":10767.5463806469,"upper_bound":10905.79504745298},"point_estimate":10836.792995322927,"standard_error":35.14261210026348},"median":{"confidence_interval":{"confidence_level":0.95,"lower_bound":10827.971699652328,"upper_bound":10959.894265232975},"point_estimate":10911.699652881682,"standard_error":29.017751849790294},"median_abs_dev":{"confidence_interval":{"confidence_level":0.95,"lower_bound":203.91716491342763,"upper_bound":408.2463413981355},"point_estimate":298.5782211184451,"standard_error":52.65119545413077},"slope":{"confidence_interval":{"confidence_level":0.95,"lower_bound":10680.170616919586,"upper_bound":10819.145226376675},"point_estimate":10751.486497852482,"standard_error":35.47570661939471},"std_dev":{"confidence_interval":{"confidence_level":0.95,"lower_bound":301.9931897505924,"upper_bound":401.2395564442275},"point_estimate":353.43728588594877,"standard_error":25.296756602729744}}