{"mean":{"confidence_interval":{"confidence_level":0.95,"lower_bound":130706.75854265831,"upper_bound":133097.40240901912},"point_estimate":131789.4893841141,"standard_error":611.9358235161619},"median":{"confidence_interval":{"confidence_level":0.95,"lower_bound":129457.36350574713,"upper_bound":130606.02581521739},"point_estimate":130024.49684822018,"standard_error":263.407088619138},"median_abs_dev":{"confidence_interval":{"confidence_level":0.95,"lower_bound":1550.220557472093,"upper_bound":3136.2407014824485},"point_estimate":2099.560167122629,"standard_error":426.5557289113068},"slope":{"confidence_interval":{"confidence_level":0.95,"lower_bound":129747.2212994269,"upper_bound":131051.84395710955},"point_estimate":130339.92043372248,"standard_error":333.893674999222},"std_dev":{"confidence_interval":{"confidence_level":0.95,"lower_bound":3586.362664196587,"upper_bound":8763.377152535228},"point_estimate":6162.492640151263,"standard_error":1399.3289041610608}}