{"mean":{"confidence_interval":{"confidence_level":0.95,"lower_bound":1063154.7025835228,"upper_bound":1113683.712480667},"point_estimate":1087223.3361608235,"standard_error":12893.609963149998},"median":{"confidence_interval":{"confidence_level":0.95,"lower_bound":1038211.5974025974,"upper_bound":1079055.9080100125},"point_estimate":1050489.4300705467,"standard_error":10184.901345792961},"median_abs_dev":{"confidence_interval":{"confidence_level":0.95,"lower_bound":71827.58173549367,"upper_bound":122101.88575397535},"point_estimate":89832.04534559292,"standard_error":12575.39507640937},"slope":{"confidence_interval":{"confidence_level":0.95,"lower_bound":1045123.2314180783,"upper_bound":1099744.583425288},"point_estimate":1070096.4492123541,"standard_error":13971.813513346144},"std_dev":{"confidence_interval":{"confidence_level":0.95,"lower_bound":93482.46887610373,"upper_bound":164500.03429828802},"point_estimate":129853.81390137327,"standard_error":18259.760806818947}}