{"mean":{"confidence_interval":{"confidence_level":0.95,"lower_bound":100983.55205079554,"upper_bound":104613.69670216345},"point_estimate":102587.61072215492,"standard_error":933.998505597474},"median":{"confidence_interval":{"confidence_level":0.95,"lower_bound":99416.14935064936,"upper_bound":100318.3771043771},"point_estimate":99831.62828147788,"standard_error":262.92857351376273},"median_abs_dev":{"confidence_interval":{"confidence_level":0.95,"lower_bound":1404.695176691735,"upper_bound":2791.1440968632655},"point_estimate":2071.3647460591305,"standard_error":324.60554518061133},"slope":{"confidence_interval":{"confidence_level":0.95,"lower_bound":99164.43547354813,"upper_bound":100290.56415068956},"point_estimate":99682.37056141435,"standard_error":289.46725697118836},"std_dev":{"confidence_interval":{"confidence_level":0.95,"lower_bound":4546.785214757347,"upper_bound":14047.293729779774},"point_estimate":9457.79754293604,"standard_error":2627.6045830653125}}