{"mean":{"confidence_interval":{"confidence_level":0.95,"lower_bound":35795.8737617669,"upper_bound":35966.96601985653},"point_estimate":35882.7394203924,"standard_error":43.541596488140584},"median":{"confidence_interval":{"confidence_level":0.95,"lower_bound":35824.04375254375,"upper_bound":35981.62456697381},"point_estimate":35897.32067474541,"standard_error":41.421452525665075},"median_abs_dev":{"confidence_interval":{"confidence_level":0.95,"lower_bound":293.66421910204105,"upper_bound":481.56562785682877},"point_estimate":385.11899962741484,"standard_error":46.6411979542662},"slope":{"confidence_interval":{"confidence_level":0.95,"lower_bound":35820.63203706832,"upper_bound":35965.694467917274},"point_estimate":35894.47938711284,"standard_error":37.01734269156198},"std_dev":{"confidence_interval":{"confidence_level":0.95,"lower_bound":361.82193999166367,"upper_bound":511.75701470814766},"point_estimate":438.5969814404928,"standard_error":38.306702264617115}}