{"mean":{"confidence_interval":{"confidence_level":0.95,"lower_bound":19479665.91925,"upper_bound":20321155.044333328},"point_estimate":19896354.98999999,"standard_error":214752.4687199667},"median":{"confidence_interval":{"confidence_level":0.95,"lower_bound":19302935.333333332,"upper_bound":20388414.0},"point_estimate":19902421.166666664,"standard_error":263088.1353363085},"median_abs_dev":{"confidence_interval":{"confidence_level":0.95,"lower_bound":1550541.6000723839,"upper_bound":2483004.568117859},"point_estimate":2063479.4310659152,"standard_error":237994.92773747578},"slope":null,"std_dev":{"confidence_interval":{"confidence_level":0.95,"lower_bound":1827689.7644334359,"upper_bound":2429755.9978091405},"point_estimate":2145932.8918509167,"standard_error":153226.99269410843}}