{"mean":{"confidence_interval":{"confidence_level":0.95,"lower_bound":3031656.2389722224,"upper_bound":3126533.573888889},"point_estimate":3076388.5133333337,"standard_error":24196.587977637442},"median":{"confidence_interval":{"confidence_level":0.95,"lower_bound":2984136.888888889,"upper_bound":3053038.3333333335},"point_estimate":3016976.4444444445,"standard_error":17016.175555358735},"median_abs_dev":{"confidence_interval":{"confidence_level":0.95,"lower_bound":108701.30605349934,"upper_bound":186922.5393647952},"point_estimate":143110.8041092751,"standard_error":19875.170192237863},"slope":null,"std_dev":{"confidence_interval":{"confidence_level":0.95,"lower_bound":177767.29641646787,"upper_bound":300996.50871523714},"point_estimate":242953.74184482754,"standard_error":31521.89893433419}}