{"mean":{"confidence_interval":{"confidence_level":0.95,"lower_bound":187216.7683811653,"upper_bound":192449.81460695787},"point_estimate":189695.37329066833,"standard_error":1340.5113367026152},"median":{"confidence_interval":{"confidence_level":0.95,"lower_bound":184225.37037037036,"upper_bound":187515.8186813187},"point_estimate":185379.96161978305,"standard_error":850.2532872829195},"median_abs_dev":{"confidence_interval":{"confidence_level":0.95,"lower_bound":4787.507558202398,"upper_bound":8825.02549171588},"point_estimate":6069.307843637143,"standard_error":1055.4919173009523},"slope":{"confidence_interval":{"confidence_level":0.95,"lower_bound":185972.72734022615,"upper_bound":191833.5079039599},"point_estimate":188756.51758386288,"standard_error":1495.8858428515712},"std_dev":{"confidence_interval":{"confidence_level":0.95,"lower_bound":9562.670715033046,"upper_bound":17115.917287490967},"point_estimate":13538.754776248012,"standard_error":1938.146054619045}}