{"mean":{"confidence_interval":{"confidence_level":0.95,"lower_bound":3522.987596894037,"upper_bound":3589.9215937010513},"point_estimate":3555.419283226661,"standard_error":17.110126472669553},"median":{"confidence_interval":{"confidence_level":0.95,"lower_bound":3489.5384615384614,"upper_bound":3533.0238095238096},"point_estimate":3503.4777084027082,"standard_error":9.90348726630968},"median_abs_dev":{"confidence_interval":{"confidence_level":0.95,"lower_bound":70.28621057062033,"upper_bound":140.66210890384679},"point_estimate":98.65658430327375,"standard_error":17.00619959110685},"slope":{"confidence_interval":{"confidence_level":0.95,"lower_bound":3521.3251492315912,"upper_bound":3586.33225001546},"point_estimate":3551.8834950803594,"standard_error":16.571508104715363},"std_dev":{"confidence_interval":{"confidence_level":0.95,"lower_bound":136.25993999928968,"upper_bound":201.07772963452797},"point_estimate":171.48684965732696,"standard_error":16.55296429412641}}