{"mean":{"confidence_interval":{"confidence_level":0.95,"lower_bound":2184357.100206522,"upper_bound":2196846.638456522},"point_estimate":2190476.872608696,"standard_error":3197.6471948712865},"median":{"confidence_interval":{"confidence_level":0.95,"lower_bound":2180718.8695652173,"upper_bound":2199266.9565217393},"point_estimate":2190423.3695652173,"standard_error":5502.2388805444025},"median_abs_dev":{"confidence_interval":{"confidence_level":0.95,"lower_bound":24750.104964945418,"upper_bound":38973.62119503637},"point_estimate":31608.805825787982,"standard_error":3437.653273403223},"slope":null,"std_dev":{"confidence_interval":{"confidence_level":0.95,"lower_bound":25908.30574392612,"upper_bound":38520.09771802725},"point_estimate":32180.580779605,"standard_error":3244.421399725779}}