{"mean":{"confidence_interval":{"confidence_level":0.95,"lower_bound":14270995.6213125,"upper_bound":14484854.41175},"point_estimate":14372204.425,"standard_error":54430.54237366871},"median":{"confidence_interval":{"confidence_level":0.95,"lower_bound":14098398.25,"upper_bound":14284672.75},"point_estimate":14200762.25,"standard_error":57253.88340195922},"median_abs_dev":{"confidence_interval":{"confidence_level":0.95,"lower_bound":215978.12181562185,"upper_bound":433513.71490359306},"point_estimate":308717.1593941748,"standard_error":55105.62212447808},"slope":null,"std_dev":{"confidence_interval":{"confidence_level":0.95,"lower_bound":394528.83756916155,"upper_bound":686670.5886922732},"point_estimate":547930.9725580158,"standard_error":74647.85662660796}}