{"mean":{"confidence_interval":{"confidence_level":0.95,"lower_bound":12662196.812150005,"upper_bound":12717132.228050007},"point_estimate":12689901.559999997,"standard_error":14009.732783826297},"median":{"confidence_interval":{"confidence_level":0.95,"lower_bound":12656590.8,"upper_bound":12690905.4},"point_estimate":12669352.7,"standard_error":10599.606415932962},"median_abs_dev":{"confidence_interval":{"confidence_level":0.95,"lower_bound":66099.05114650892,"upper_bound":135848.8564682018},"point_estimate":92355.45190036352,"standard_error":17666.47602676591},"slope":null,"std_dev":{"confidence_interval":{"confidence_level":0.95,"lower_bound":108640.07491653811,"upper_bound":174819.73799734263},"point_estimate":140894.1597026016,"standard_error":17137.045495462397}}