{"mean":{"confidence_interval":{"confidence_level":0.95,"lower_bound":10337518.167666666,"upper_bound":10612522.463666668},"point_estimate":10471161.401666665,"standard_error":70368.67636414533},"median":{"confidence_interval":{"confidence_level":0.95,"lower_bound":10194116.166666666,"upper_bound":10462869.666666666},"point_estimate":10336326.583333332,"standard_error":68694.52341030187},"median_abs_dev":{"confidence_interval":{"confidence_level":0.95,"lower_bound":411439.654545486,"upper_bound":753751.1085182419},"point_estimate":531333.4372669458,"standard_error":88043.83805389007},"slope":null,"std_dev":{"confidence_interval":{"confidence_level":0.95,"lower_bound":560450.0238410775,"upper_bound":865655.5754187985},"point_estimate":708895.6310827413,"standard_error":79086.06086825852}}