{"mean":{"confidence_interval":{"confidence_level":0.95,"lower_bound":2548946.7952500004,"upper_bound":2578655.0158875007},"point_estimate":2562743.9755000006,"standard_error":7590.028753589297},"median":{"confidence_interval":{"confidence_level":0.95,"lower_bound":2541003.9,"upper_bound":2559964.025},"point_estimate":2548761.325,"standard_error":5198.402983275114},"median_abs_dev":{"confidence_interval":{"confidence_level":0.95,"lower_bound":30986.969554871044,"upper_bound":52215.129718120705},"point_estimate":39085.19006609896,"standard_error":5250.149914570175},"slope":null,"std_dev":{"confidence_interval":{"confidence_level":0.95,"lower_bound":49546.40174638218,"upper_bound":103264.56103350827},"point_estimate":76077.1523756572,"standard_error":14277.603709054347}}