{"mean":{"confidence_interval":{"confidence_level":0.95,"lower_bound":48274.31800226695,"upper_bound":48546.41023008334},"point_estimate":48411.51316758061,"standard_error":69.32498058471417},"median":{"confidence_interval":{"confidence_level":0.95,"lower_bound":48273.973333333335,"upper_bound":48552.65079365079},"point_estimate":48380.309249811035,"standard_error":75.75262280929681},"median_abs_dev":{"confidence_interval":{"confidence_level":0.95,"lower_bound":435.68120898334405,"upper_bound":718.4853431990449},"point_estimate":556.0534747592208,"standard_error":71.8068471949004},"slope":{"confidence_interval":{"confidence_level":0.95,"lower_bound":48281.99983862705,"upper_bound":48544.8856906688},"point_estimate":48412.92087708558,"standard_error":67.10516100728523},"std_dev":{"confidence_interval":{"confidence_level":0.95,"lower_bound":550.4915709573685,"upper_bound":842.2663553550808},"point_estimate":698.1809718282487,"standard_error":74.33965536970688}}