{"mean":{"confidence_interval":{"confidence_level":0.95,"lower_bound":108476.35131812596,"upper_bound":112198.8521785859},"point_estimate":110256.44840368137,"standard_error":955.5262318325723},"median":{"confidence_interval":{"confidence_level":0.95,"lower_bound":105868.54871794872,"upper_bound":108817.34509803922},"point_estimate":107772.1798245614,"standard_error":793.6236720438174},"median_abs_dev":{"confidence_interval":{"confidence_level":0.95,"lower_bound":4441.183323131843,"upper_bound":8281.45174730818},"point_estimate":6166.752015912998,"standard_error":962.4102906516457},"slope":{"confidence_interval":{"confidence_level":0.95,"lower_bound":106892.20026668528,"upper_bound":110418.64200664568},"point_estimate":108586.22518604995,"standard_error":900.1387634797052},"std_dev":{"confidence_interval":{"confidence_level":0.95,"lower_bound":7295.215677308913,"upper_bound":11558.980680523287},"point_estimate":9521.090164923433,"standard_error":1088.4650673309272}}