{"mean":{"confidence_interval":{"confidence_level":0.95,"lower_bound":337936.788198457,"upper_bound":347899.7183963552},"point_estimate":342890.35039906047,"standard_error":2545.5074296424195},"median":{"confidence_interval":{"confidence_level":0.95,"lower_bound":336180.97378277156,"upper_bound":347522.2624774775},"point_estimate":343891.23510416667,"standard_error":3060.508102264293},"median_abs_dev":{"confidence_interval":{"confidence_level":0.95,"lower_bound":18434.74322644739,"upper_bound":33316.54742120392},"point_estimate":27660.891514358496,"standard_error":3883.5821141741176},"slope":{"confidence_interval":{"confidence_level":0.95,"lower_bound":333501.58437250677,"upper_bound":342813.4858296251},"point_estimate":338143.5394098813,"standard_error":2375.3919980784303},"std_dev":{"confidence_interval":{"confidence_level":0.95,"lower_bound":22207.602701451004,"upper_bound":28590.6425339369},"point_estimate":25575.805449690266,"standard_error":1626.7853759645855}}