{"mean":{"confidence_interval":{"confidence_level":0.95,"lower_bound":471272.40841412573,"upper_bound":471529.80175144214},"point_estimate":471393.6602615133,"standard_error":65.66948139228872},"median":{"confidence_interval":{"confidence_level":0.95,"lower_bound":471198.7380952381,"upper_bound":471507.79969278036},"point_estimate":471412.48978288635,"standard_error":78.97298663197715},"median_abs_dev":{"confidence_interval":{"confidence_level":0.95,"lower_bound":453.9120421176942,"upper_bound":766.7044751920024},"point_estimate":645.1063135710332,"standard_error":79.44499132978073},"slope":{"confidence_interval":{"confidence_level":0.95,"lower_bound":471094.7474215557,"upper_bound":471330.13552055386},"point_estimate":471211.0138229644,"standard_error":60.19795025469702},"std_dev":{"confidence_interval":{"confidence_level":0.95,"lower_bound":470.7665516916699,"upper_bound":887.8673857699254},"point_estimate":659.2930134659683,"standard_error":119.41583435650342}}