{"mean":{"confidence_interval":{"confidence_level":0.95,"lower_bound":6249.53900585451,"upper_bound":6262.731299189},"point_estimate":6256.077579110313,"standard_error":3.3595498507215833},"median":{"confidence_interval":{"confidence_level":0.95,"lower_bound":6247.738208110021,"upper_bound":6266.406021505376},"point_estimate":6253.5182400846115,"standard_error":5.417779146134304},"median_abs_dev":{"confidence_interval":{"confidence_level":0.95,"lower_bound":25.633884778490994,"upper_bound":40.43266519574082},"point_estimate":33.154215189418395,"standard_error":3.6337442398632094},"slope":{"confidence_interval":{"confidence_level":0.95,"lower_bound":6262.908119520438,"upper_bound":6274.51746311952},"point_estimate":6268.885780443042,"standard_error":2.965560094195392},"std_dev":{"confidence_interval":{"confidence_level":0.95,"lower_bound":27.434456113006846,"upper_bound":40.36258457218084},"point_estimate":33.60448301375633,"standard_error":3.3402815159705512}}