{"mean":{"confidence_interval":{"confidence_level":0.95,"lower_bound":191339.75286262005,"upper_bound":200844.57368938735},"point_estimate":195418.6515825202,"standard_error":2457.202943724304},"median":{"confidence_interval":{"confidence_level":0.95,"lower_bound":188195.42549019607,"upper_bound":192130.79710144928},"point_estimate":190229.11427089229,"standard_error":905.1126285898221},"median_abs_dev":{"confidence_interval":{"confidence_level":0.95,"lower_bound":5397.196713555626,"upper_bound":9535.86859249395},"point_estimate":7220.396129479004,"standard_error":1097.6859296229975},"slope":{"confidence_interval":{"confidence_level":0.95,"lower_bound":186639.86600022574,"upper_bound":189095.13492563847},"point_estimate":187798.70911432934,"standard_error":624.300713931444},"std_dev":{"confidence_interval":{"confidence_level":0.95,"lower_bound":8123.480294803563,"upper_bound":37482.14669803876},"point_estimate":24698.810996962184,"standard_error":7760.708983134701}}