{"mean":{"confidence_interval":{"confidence_level":0.95,"lower_bound":1396762.136814194,"upper_bound":1586911.0665650691},"point_estimate":1479226.8823326642,"standard_error":48953.486590646084},"median":{"confidence_interval":{"confidence_level":0.95,"lower_bound":1291703.0606060605,"upper_bound":1480620.6900561347},"point_estimate":1377538.5871212122,"standard_error":56354.39091930941},"median_abs_dev":{"confidence_interval":{"confidence_level":0.95,"lower_bound":166576.94275121597,"upper_bound":294626.3352407028},"point_estimate":233370.213777271,"standard_error":32271.692808275766},"slope":{"confidence_interval":{"confidence_level":0.95,"lower_bound":1254698.5266913585,"upper_bound":1313308.3100866715},"point_estimate":1281430.3629170978,"standard_error":15036.377464202},"std_dev":{"confidence_interval":{"confidence_level":0.95,"lower_bound":209445.2571560037,"upper_bound":750298.0334328575},"point_estimate":493292.6002878315,"standard_error":148317.22176506676}}