{"mean":{"confidence_interval":{"confidence_level":0.95,"lower_bound":45383.833519667394,"upper_bound":46420.044103209446},"point_estimate":45886.30814703307,"standard_error":264.3291318648645},"median":{"confidence_interval":{"confidence_level":0.95,"lower_bound":44575.77466630592,"upper_bound":45651.13333333333},"point_estimate":45084.03292758089,"standard_error":243.03697760930487},"median_abs_dev":{"confidence_interval":{"confidence_level":0.95,"lower_bound":1457.0451409472712,"upper_bound":2813.884049061562},"point_estimate":2130.0986747827133,"standard_error":333.01043260477087},"slope":{"confidence_interval":{"confidence_level":0.95,"lower_bound":45281.52064958781,"upper_bound":46573.42577791407},"point_estimate":45915.151366659054,"standard_error":330.0811724615801},"std_dev":{"confidence_interval":{"confidence_level":0.95,"lower_bound":2173.278798802473,"upper_bound":3056.8512932140343},"point_estimate":2646.2430270492487,"standard_error":226.91603534214278}}