{"mean":{"confidence_interval":{"confidence_level":0.95,"lower_bound":83169.2773777249,"upper_bound":86973.01541843473},"point_estimate":84954.10112440561,"standard_error":975.7376794373263},"median":{"confidence_interval":{"confidence_level":0.95,"lower_bound":80827.10578220699,"upper_bound":84078.45738636365},"point_estimate":82732.6968919969,"standard_error":843.5579043224426},"median_abs_dev":{"confidence_interval":{"confidence_level":0.95,"lower_bound":4158.085476506601,"upper_bound":7401.903272833717},"point_estimate":6032.784172074387,"standard_error":846.2765851339215},"slope":{"confidence_interval":{"confidence_level":0.95,"lower_bound":81304.88147361134,"upper_bound":84032.22973687587},"point_estimate":82632.16071955531,"standard_error":692.9201589825476},"std_dev":{"confidence_interval":{"confidence_level":0.95,"lower_bound":6563.008537080712,"upper_bound":13062.565624316381},"point_estimate":9861.294400672927,"standard_error":1696.4903503570117}}