{"mean":{"confidence_interval":{"confidence_level":0.95,"lower_bound":379456.7838776173,"upper_bound":383911.4895406137},"point_estimate":381701.88145536167,"standard_error":1135.5403774534657},"median":{"confidence_interval":{"confidence_level":0.95,"lower_bound":379815.4511784512,"upper_bound":384153.74074074073},"point_estimate":381888.71313051844,"standard_error":1167.5068347357667},"median_abs_dev":{"confidence_interval":{"confidence_level":0.95,"lower_bound":9017.236383117594,"upper_bound":14919.118095661297},"point_estimate":12672.805668281251,"standard_error":1530.4418660686638},"slope":{"confidence_interval":{"confidence_level":0.95,"lower_bound":380357.2378633622,"upper_bound":384747.2425269395},"point_estimate":382573.51318161667,"standard_error":1118.0787302468486},"std_dev":{"confidence_interval":{"confidence_level":0.95,"lower_bound":9839.05587630292,"upper_bound":12879.655444560703},"point_estimate":11428.297690507528,"standard_error":772.5266030908194}}