{"mean":{"confidence_interval":{"confidence_level":0.95,"lower_bound":19005611.81933333,"upper_bound":19331856.539583333},"point_estimate":19166859.40666667,"standard_error":83303.27342281071},"median":{"confidence_interval":{"confidence_level":0.95,"lower_bound":18824572.0,"upper_bound":19489934.166666664},"point_estimate":19081826.666666664,"standard_error":166438.99590118046},"median_abs_dev":{"confidence_interval":{"confidence_level":0.95,"lower_bound":722286.6305768453,"upper_bound":1121804.8222839888},"point_estimate":915027.5923550148,"standard_error":108240.53412067945},"slope":null,"std_dev":{"confidence_interval":{"confidence_level":0.95,"lower_bound":723701.0880414316,"upper_bound":946512.489502219},"point_estimate":836665.833103182,"standard_error":57148.251248390734}}