{"mean":{"confidence_interval":{"confidence_level":0.95,"lower_bound":1217072.8438050507,"upper_bound":1332329.505056936},"point_estimate":1266244.8610166549,"standard_error":29757.326144926556},"median":{"confidence_interval":{"confidence_level":0.95,"lower_bound":1186071.1254578754,"upper_bound":1236908.5571428572},"point_estimate":1209406.8571428573,"standard_error":13442.671449211373},"median_abs_dev":{"confidence_interval":{"confidence_level":0.95,"lower_bound":80896.51766098334,"upper_bound":141965.3272891419},"point_estimate":120892.61032372706,"standard_error":15596.937960075156},"slope":{"confidence_interval":{"confidence_level":0.95,"lower_bound":1214488.264569467,"upper_bound":1259702.3364718093},"point_estimate":1236798.1752918574,"standard_error":11495.585088827562},"std_dev":{"confidence_interval":{"confidence_level":0.95,"lower_bound":120178.14289228666,"upper_bound":464631.4270271232},"point_estimate":298798.41987774783,"standard_error":98359.01491267057}}