{"mean":{"confidence_interval":{"confidence_level":0.95,"lower_bound":746286.3404136492,"upper_bound":780666.8404575427},"point_estimate":762246.9513571709,"standard_error":8815.039534912059},"median":{"confidence_interval":{"confidence_level":0.95,"lower_bound":734247.309118727,"upper_bound":768027.8278688524},"point_estimate":755124.2019047618,"standard_error":8881.845413710542},"median_abs_dev":{"confidence_interval":{"confidence_level":0.95,"lower_bound":49445.66169266396,"upper_bound":76424.37046007116},"point_estimate":58174.17222603896,"standard_error":7227.8163849142775},"slope":{"confidence_interval":{"confidence_level":0.95,"lower_bound":731722.0985494953,"upper_bound":761597.2710254694},"point_estimate":746582.5224796808,"standard_error":7620.040549115698},"std_dev":{"confidence_interval":{"confidence_level":0.95,"lower_bound":54832.86039985956,"upper_bound":121943.67610460919},"point_estimate":88399.18542599345,"standard_error":17833.60873241448}}