{"mean":{"confidence_interval":{"confidence_level":0.95,"lower_bound":1151124.4677498331,"upper_bound":1192593.7036390225},"point_estimate":1171120.4238042813,"standard_error":10567.731934095793},"median":{"confidence_interval":{"confidence_level":0.95,"lower_bound":1129794.4868421052,"upper_bound":1167249.4606741574},"point_estimate":1145657.3401482543,"standard_error":9839.069205070675},"median_abs_dev":{"confidence_interval":{"confidence_level":0.95,"lower_bound":53751.02746538807,"upper_bound":91169.9026457425},"point_estimate":69107.18326338992,"standard_error":9421.65996181126},"slope":{"confidence_interval":{"confidence_level":0.95,"lower_bound":1153514.7197428255,"upper_bound":1183343.6621940082},"point_estimate":1167765.2430766958,"standard_error":7622.717143989982},"std_dev":{"confidence_interval":{"confidence_level":0.95,"lower_bound":82459.46626226779,"upper_bound":127428.21525567678},"point_estimate":106314.80652357446,"standard_error":11473.024111718292}}