{"mean":{"confidence_interval":{"confidence_level":0.95,"lower_bound":12994599.9689375,"upper_bound":13243833.04575},"point_estimate":13115485.1475,"standard_error":63618.87740449838},"median":{"confidence_interval":{"confidence_level":0.95,"lower_bound":12799181.0,"upper_bound":13073844.875},"point_estimate":12899490.0,"standard_error":66691.83379239419},"median_abs_dev":{"confidence_interval":{"confidence_level":0.95,"lower_bound":330556.41298145056,"upper_bound":621912.0301638542},"point_estimate":456900.80286338925,"standard_error":78732.86598993366},"slope":null,"std_dev":{"confidence_interval":{"confidence_level":0.95,"lower_bound":527251.5831248976,"upper_bound":738999.971841149},"point_estimate":640400.749463395,"standard_error":54150.08338867621}}