{"mean":{"confidence_interval":{"confidence_level":0.95,"lower_bound":1758217.27335,"upper_bound":1827900.9195399992},"point_estimate":1792451.9703999995,"standard_error":17753.96075715679},"median":{"confidence_interval":{"confidence_level":0.95,"lower_bound":1724091.4,"upper_bound":1799607.92},"point_estimate":1759965.54,"standard_error":22898.82891374076},"median_abs_dev":{"confidence_interval":{"confidence_level":0.95,"lower_bound":114181.78462886784,"upper_bound":215307.17119753355},"point_estimate":152141.6813149451,"standard_error":25881.465353807096},"slope":null,"std_dev":{"confidence_interval":{"confidence_level":0.95,"lower_bound":150016.26744852826,"upper_bound":203305.9652987417},"point_estimate":177747.2389929827,"standard_error":13593.920418233329}}