{"mean":{"confidence_interval":{"confidence_level":0.95,"lower_bound":570120.9729204412,"upper_bound":586631.7379759571},"point_estimate":577908.4248218318,"standard_error":4229.811349509778},"median":{"confidence_interval":{"confidence_level":0.95,"lower_bound":558800.3670212766,"upper_bound":574860.0306122449},"point_estimate":565374.1743421053,"standard_error":4568.172366409864},"median_abs_dev":{"confidence_interval":{"confidence_level":0.95,"lower_bound":18478.64287545649,"upper_bound":34636.44615707299},"point_estimate":23106.793847473684,"standard_error":4315.272675898547},"slope":{"confidence_interval":{"confidence_level":0.95,"lower_bound":565963.8292391911,"upper_bound":583103.6968852053},"point_estimate":573976.5532362937,"standard_error":4389.427573030661},"std_dev":{"confidence_interval":{"confidence_level":0.95,"lower_bound":29417.178588511993,"upper_bound":54500.896473695204},"point_estimate":42464.20972173417,"standard_error":6458.023037493648}}