{"mean":{"confidence_interval":{"confidence_level":0.95,"lower_bound":9315.910594977273,"upper_bound":9479.049241472774},"point_estimate":9393.73064954548,"standard_error":41.731266036082445},"median":{"confidence_interval":{"confidence_level":0.95,"lower_bound":9210.79821802935,"upper_bound":9328.611247276689},"point_estimate":9281.999428715575,"standard_error":28.849074106696186},"median_abs_dev":{"confidence_interval":{"confidence_level":0.95,"lower_bound":138.48744005676662,"upper_bound":210.49601800589207},"point_estimate":165.3763321513379,"standard_error":18.31264572474797},"slope":{"confidence_interval":{"confidence_level":0.95,"lower_bound":9330.55290450571,"upper_bound":9579.805008627156},"point_estimate":9450.422253501469,"standard_error":63.90274511788901},"std_dev":{"confidence_interval":{"confidence_level":0.95,"lower_bound":327.7190110665783,"upper_bound":484.60862514329654},"point_estimate":416.95285600067996,"standard_error":40.26508252649589}}