{"mean":{"confidence_interval":{"confidence_level":0.95,"lower_bound":9683.721298593364,"upper_bound":9836.629363608017},"point_estimate":9756.09428201432,"standard_error":39.03932970379204},"median":{"confidence_interval":{"confidence_level":0.95,"lower_bound":9620.495098039217,"upper_bound":9709.526282853567},"point_estimate":9669.999241363212,"standard_error":26.46788539054136},"median_abs_dev":{"confidence_interval":{"confidence_level":0.95,"lower_bound":176.6184657537596,"upper_bound":279.26164156177833},"point_estimate":225.5418010423394,"standard_error":26.365345648556968},"slope":{"confidence_interval":{"confidence_level":0.95,"lower_bound":9593.60582680851,"upper_bound":9750.847111929106},"point_estimate":9666.792208961018,"standard_error":40.34714766887398},"std_dev":{"confidence_interval":{"confidence_level":0.95,"lower_bound":277.9653082071816,"upper_bound":489.893816502029},"point_estimate":390.7055808238769,"standard_error":54.36520610148708}}