{"mean":{"confidence_interval":{"confidence_level":0.95,"lower_bound":140677.53801126016,"upper_bound":146310.8972499794},"point_estimate":143273.62285071987,"standard_error":1442.1243514504192},"median":{"confidence_interval":{"confidence_level":0.95,"lower_bound":137413.46418425324,"upper_bound":140962.56762295082},"point_estimate":138904.86689814815,"standard_error":793.2484781088593},"median_abs_dev":{"confidence_interval":{"confidence_level":0.95,"lower_bound":4640.245705612594,"upper_bound":9584.419699692467},"point_estimate":6782.614318126194,"standard_error":1341.4872282402928},"slope":{"confidence_interval":{"confidence_level":0.95,"lower_bound":140776.76354820043,"upper_bound":145715.37902032476},"point_estimate":143153.8093604995,"standard_error":1262.0584352389321},"std_dev":{"confidence_interval":{"confidence_level":0.95,"lower_bound":8867.179706599094,"upper_bound":20027.134480655368},"point_estimate":14492.652170121712,"standard_error":2932.5186313838726}}