{"mean":{"confidence_interval":{"confidence_level":0.95,"lower_bound":14221098.94375,"upper_bound":14326042.966062501},"point_estimate":14271467.8375,"standard_error":26755.744265074012},"median":{"confidence_interval":{"confidence_level":0.95,"lower_bound":14146931.75,"upper_bound":14255061.5},"point_estimate":14206735.625,"standard_error":30802.256923247347},"median_abs_dev":{"confidence_interval":{"confidence_level":0.95,"lower_bound":153415.73877632618,"upper_bound":266597.9767419398},"point_estimate":203194.77419257164,"standard_error":29873.431203479133},"slope":null,"std_dev":{"confidence_interval":{"confidence_level":0.95,"lower_bound":213751.8615641547,"upper_bound":319370.4442225965},"point_estimate":270419.03668302926,"standard_error":26967.69470849663}}