{"mean":{"confidence_interval":{"confidence_level":0.95,"lower_bound":139288.40002912155,"upper_bound":143805.95060404108},"point_estimate":141355.73141171274,"standard_error":1154.4214637909402},"median":{"confidence_interval":{"confidence_level":0.95,"lower_bound":136889.68082002457,"upper_bound":139477.22340425532},"point_estimate":138483.7484879032,"standard_error":797.6053911444023},"median_abs_dev":{"confidence_interval":{"confidence_level":0.95,"lower_bound":3675.5298682381494,"upper_bound":6915.540674992568},"point_estimate":5087.230132277239,"standard_error":886.1778715886124},"slope":{"confidence_interval":{"confidence_level":0.95,"lower_bound":138338.6126146028,"upper_bound":143310.79735111556},"point_estimate":140677.71080722625,"standard_error":1274.098592803804},"std_dev":{"confidence_interval":{"confidence_level":0.95,"lower_bound":7161.150291991841,"upper_bound":16147.107353841107},"point_estimate":11560.51800555081,"standard_error":2463.9936153307967}}