{"mean":{"confidence_interval":{"confidence_level":0.95,"lower_bound":4675619.291916666,"upper_bound":4695945.066770832},"point_estimate":4684597.055,"standard_error":5231.840059390473},"median":{"confidence_interval":{"confidence_level":0.95,"lower_bound":4670338.416666667,"upper_bound":4678192.708333333},"point_estimate":4674221.833333334,"standard_error":2109.4578777974457},"median_abs_dev":{"confidence_interval":{"confidence_level":0.95,"lower_bound":15153.53078097082,"upper_bound":25624.393095076546},"point_estimate":20194.370691479402,"standard_error":2652.5216237183145},"slope":null,"std_dev":{"confidence_interval":{"confidence_level":0.95,"lower_bound":20949.599270406077,"upper_bound":76472.0425834551},"point_estimate":52575.039523112035,"standard_error":13884.548267731965}}