{"mean":{"confidence_interval":{"confidence_level":0.95,"lower_bound":4760450.197704545,"upper_bound":4850410.419386361},"point_estimate":4804900.815454544,"standard_error":22948.016218217104},"median":{"confidence_interval":{"confidence_level":0.95,"lower_bound":4750847.0,"upper_bound":4862927.454545454},"point_estimate":4801742.045454545,"standard_error":25539.126776830562},"median_abs_dev":{"confidence_interval":{"confidence_level":0.95,"lower_bound":134428.82221341133,"upper_bound":235462.08001971245},"point_estimate":180452.09494178908,"standard_error":25938.061936944065},"slope":null,"std_dev":{"confidence_interval":{"confidence_level":0.95,"lower_bound":182964.9408158446,"upper_bound":275529.2670135868},"point_estimate":230914.96894263453,"standard_error":23715.31684931992}}