{"mean":{"confidence_interval":{"confidence_level":0.95,"lower_bound":79428.3395045015,"upper_bound":81984.03112555848},"point_estimate":80540.02451905872,"standard_error":657.7438378445485},"median":{"confidence_interval":{"confidence_level":0.95,"lower_bound":78536.47193347193,"upper_bound":79143.23262674826},"point_estimate":78844.60343406594,"standard_error":161.41456136930086},"median_abs_dev":{"confidence_interval":{"confidence_level":0.95,"lower_bound":894.6360152588385,"upper_bound":1769.6048515315806},"point_estimate":1259.4810680081944,"standard_error":220.8342120124092},"slope":{"confidence_interval":{"confidence_level":0.95,"lower_bound":78651.81209332627,"upper_bound":79517.47730559917},"point_estimate":79050.20618294665,"standard_error":221.87716784259143},"std_dev":{"confidence_interval":{"confidence_level":0.95,"lower_bound":2466.1484134078364,"upper_bound":9879.902691220952},"point_estimate":6599.621555464755,"standard_error":1937.6149727095699}}