{"mean":{"confidence_interval":{"confidence_level":0.95,"lower_bound":2284447.8627613625,"upper_bound":2361117.089636363},"point_estimate":2321749.216363636,"standard_error":19608.698917324582},"median":{"confidence_interval":{"confidence_level":0.95,"lower_bound":2226454.5,"upper_bound":2302469.6363636362},"point_estimate":2264745.090909091,"standard_error":21868.528525140227},"median_abs_dev":{"confidence_interval":{"confidence_level":0.95,"lower_bound":104131.21784221104,"upper_bound":201011.78051314558},"point_estimate":145716.698199375,"standard_error":27076.75813353468},"slope":null,"std_dev":{"confidence_interval":{"confidence_level":0.95,"lower_bound":160422.08683646086,"upper_bound":232200.74220644732},"point_estimate":197520.3677143415,"standard_error":18410.747647598444}}