{"mean":{"confidence_interval":{"confidence_level":0.95,"lower_bound":89675.93668464497,"upper_bound":90850.73628877758},"point_estimate":90208.26374087668,"standard_error":302.02647405310944},"median":{"confidence_interval":{"confidence_level":0.95,"lower_bound":89400.76224951124,"upper_bound":90153.09574468085},"point_estimate":89681.33576405769,"standard_error":229.4637529119869},"median_abs_dev":{"confidence_interval":{"confidence_level":0.95,"lower_bound":1060.2494133275839,"upper_bound":1726.9039896703753},"point_estimate":1350.6195808389032,"standard_error":171.970402800893},"slope":{"confidence_interval":{"confidence_level":0.95,"lower_bound":89429.961732801,"upper_bound":90330.06918536228},"point_estimate":89884.89842014053,"standard_error":229.92042313283488},"std_dev":{"confidence_interval":{"confidence_level":0.95,"lower_bound":1541.3854229680899,"upper_bound":4315.762127267623},"point_estimate":3025.3712043008213,"standard_error":730.0758408004433}}