{"mean":{"confidence_interval":{"confidence_level":0.95,"lower_bound":723986.5003755186,"upper_bound":776580.730911717},"point_estimate":746714.3614333287,"standard_error":13578.360237663703},"median":{"confidence_interval":{"confidence_level":0.95,"lower_bound":699329.15625,"upper_bound":713552.2925544793},"point_estimate":707605.6267930327,"standard_error":3374.8041242298395},"median_abs_dev":{"confidence_interval":{"confidence_level":0.95,"lower_bound":19372.818849098054,"upper_bound":42819.07351552756},"point_estimate":30848.997755759065,"standard_error":5792.713210073664},"slope":{"confidence_interval":{"confidence_level":0.95,"lower_bound":717058.3000729892,"upper_bound":752657.7175040348},"point_estimate":734368.3527840993,"standard_error":9101.997642222485},"std_dev":{"confidence_interval":{"confidence_level":0.95,"lower_bound":58091.23927398613,"upper_bound":210118.60006177644},"point_estimate":136780.1975555084,"standard_error":43458.16283786659}}