{"mean":{"confidence_interval":{"confidence_level":0.95,"lower_bound":323441.203545741,"upper_bound":326206.0071805367},"point_estimate":324652.79553799296,"standard_error":709.7628227597938},"median":{"confidence_interval":{"confidence_level":0.95,"lower_bound":322662.462962963,"upper_bound":323805.0416666667},"point_estimate":323282.1160714285,"standard_error":290.2208458031936},"median_abs_dev":{"confidence_interval":{"confidence_level":0.95,"lower_bound":1975.1883641981688,"upper_bound":3869.862581011444},"point_estimate":2679.7060604287426,"standard_error":482.2577573998789},"slope":{"confidence_interval":{"confidence_level":0.95,"lower_bound":321829.318061468,"upper_bound":323230.83735221165},"point_estimate":322526.199612827,"standard_error":357.4431375983864},"std_dev":{"confidence_interval":{"confidence_level":0.95,"lower_bound":3295.8425890365056,"upper_bound":10773.623793175733},"point_estimate":7136.053740733053,"standard_error":2100.206806535162}}