{"mean":{"confidence_interval":{"confidence_level":0.95,"lower_bound":1211152.9397698303,"upper_bound":1250217.4731758833},"point_estimate":1229008.8837888865,"standard_error":9983.59051539185},"median":{"confidence_interval":{"confidence_level":0.95,"lower_bound":1189005.3333333333,"upper_bound":1215137.4890756304},"point_estimate":1202679.8271683673,"standard_error":6241.9558944045},"median_abs_dev":{"confidence_interval":{"confidence_level":0.95,"lower_bound":38162.73017938656,"upper_bound":72760.14573634639},"point_estimate":56795.34658410737,"standard_error":9279.327470224394},"slope":{"confidence_interval":{"confidence_level":0.95,"lower_bound":1189045.8542606102,"upper_bound":1211295.905917262},"point_estimate":1199568.107397665,"standard_error":5708.192051562374},"std_dev":{"confidence_interval":{"confidence_level":0.95,"lower_bound":61874.32533377535,"upper_bound":137727.9021400852},"point_estimate":100259.83094842514,"standard_error":19877.632891434994}}