{"mean":{"confidence_interval":{"confidence_level":0.95,"lower_bound":377657.72535799956,"upper_bound":387448.2306366178},"point_estimate":382238.5274187352,"standard_error":2500.4695255695015},"median":{"confidence_interval":{"confidence_level":0.95,"lower_bound":373355.05472636817,"upper_bound":382012.23004694836},"point_estimate":376934.4111952862,"standard_error":2251.2430069385982},"median_abs_dev":{"confidence_interval":{"confidence_level":0.95,"lower_bound":10914.200441922581,"upper_bound":18670.36774801645},"point_estimate":13699.607753520026,"standard_error":1839.6182976624382},"slope":{"confidence_interval":{"confidence_level":0.95,"lower_bound":374732.1552982679,"upper_bound":383668.15614731744},"point_estimate":378802.87746219395,"standard_error":2292.9409417843844},"std_dev":{"confidence_interval":{"confidence_level":0.95,"lower_bound":15943.667441397352,"upper_bound":32994.009863485175},"point_estimate":25123.344405742693,"standard_error":4341.89721443544}}