{"mean":{"confidence_interval":{"confidence_level":0.95,"lower_bound":1264034.8285616408,"upper_bound":1424589.445324894},"point_estimate":1331598.7707756362,"standard_error":41750.82165374325},"median":{"confidence_interval":{"confidence_level":0.95,"lower_bound":1210013.512195122,"upper_bound":1240847.3025729838},"point_estimate":1222724.9645276293,"standard_error":7984.3724831125755},"median_abs_dev":{"confidence_interval":{"confidence_level":0.95,"lower_bound":48012.59553619314,"upper_bound":91483.7763791896},"point_estimate":65817.33600470625,"standard_error":11470.891839720533},"slope":{"confidence_interval":{"confidence_level":0.95,"lower_bound":1190009.6576550878,"upper_bound":1218483.3806098797},"point_estimate":1202522.7828668538,"standard_error":7319.057451228132},"std_dev":{"confidence_interval":{"confidence_level":0.95,"lower_bound":144330.27354693966,"upper_bound":658884.6913905275},"point_estimate":418521.8186308557,"standard_error":147017.35587941328}}