{"mean":{"confidence_interval":{"confidence_level":0.95,"lower_bound":3559063.550233333,"upper_bound":3559992.3719666684},"point_estimate":3559501.241333335,"standard_error":236.4616691230843},"median":{"confidence_interval":{"confidence_level":0.95,"lower_bound":3558926.6666666665,"upper_bound":3560053.3333333335},"point_estimate":3559297.9333333336,"standard_error":234.42408624684464},"median_abs_dev":{"confidence_interval":{"confidence_level":0.95,"lower_bound":1482.6493936775273,"upper_bound":2197.6579409838414},"point_estimate":1940.6739455463344,"standard_error":183.0736640140589},"slope":null,"std_dev":{"confidence_interval":{"confidence_level":0.95,"lower_bound":1639.633168390577,"upper_bound":3243.254009081271},"point_estimate":2378.9272864914255,"standard_error":446.71197214670184}}