{"mean":{"confidence_interval":{"confidence_level":0.95,"lower_bound":110389.1158698566,"upper_bound":113384.45731388823},"point_estimate":111887.3932939126,"standard_error":759.876199514989},"median":{"confidence_interval":{"confidence_level":0.95,"lower_bound":111021.84444444445,"upper_bound":114213.16802168022},"point_estimate":112298.42985649467,"standard_error":635.1358887956325},"median_abs_dev":{"confidence_interval":{"confidence_level":0.95,"lower_bound":6315.550142292524,"upper_bound":10645.477054614643},"point_estimate":8206.329302985003,"standard_error":1204.391862015974},"slope":{"confidence_interval":{"confidence_level":0.95,"lower_bound":112342.39585397641,"upper_bound":115561.47132184797},"point_estimate":114037.76390194244,"standard_error":822.0262696669448},"std_dev":{"confidence_interval":{"confidence_level":0.95,"lower_bound":6514.071973150113,"upper_bound":8780.47419323178},"point_estimate":7648.135967647188,"standard_error":579.0314049619881}}