{"mean":{"confidence_interval":{"confidence_level":0.95,"lower_bound":179394.33419404153,"upper_bound":184110.6486656932},"point_estimate":181548.93116237308,"standard_error":1205.882513594762},"median":{"confidence_interval":{"confidence_level":0.95,"lower_bound":180772.1739430147,"upper_bound":182456.55555555556},"point_estimate":181777.69706284153,"standard_error":406.1498070661408},"median_abs_dev":{"confidence_interval":{"confidence_level":0.95,"lower_bound":2494.201693868962,"upper_bound":9736.995611462133},"point_estimate":4420.831584515272,"standard_error":2084.170914244552},"slope":{"confidence_interval":{"confidence_level":0.95,"lower_bound":173583.6987320354,"upper_bound":177053.8878918196},"point_estimate":175228.38236047485,"standard_error":884.8546832931961},"std_dev":{"confidence_interval":{"confidence_level":0.95,"lower_bound":7134.998764101378,"upper_bound":17417.363022488586},"point_estimate":12168.340215313725,"standard_error":2842.8434295760435}}