{"mean":{"confidence_interval":{"confidence_level":0.95,"lower_bound":1193273.2353032609,"upper_bound":1216994.5863437082},"point_estimate":1204631.5526350478,"standard_error":6063.792760667625},"median":{"confidence_interval":{"confidence_level":0.95,"lower_bound":1188026.8194444445,"upper_bound":1200545.2507680492},"point_estimate":1194615.1491228072,"standard_error":3417.007177003579},"median_abs_dev":{"confidence_interval":{"confidence_level":0.95,"lower_bound":32484.308146373533,"upper_bound":55546.3099522236},"point_estimate":46057.350833953395,"standard_error":5645.814880834555},"slope":{"confidence_interval":{"confidence_level":0.95,"lower_bound":1190613.2925188604,"upper_bound":1218633.0415471192},"point_estimate":1204061.0116092802,"standard_error":7168.029275477039},"std_dev":{"confidence_interval":{"confidence_level":0.95,"lower_bound":46352.40005764617,"upper_bound":75519.47091499242},"point_estimate":61030.812624178434,"standard_error":7510.982911242633}}