{"mean":{"confidence_interval":{"confidence_level":0.95,"lower_bound":2016200.1146399986,"upper_bound":2024960.553470001},"point_estimate":2020307.9580000003,"standard_error":2231.3097602512285},"median":{"confidence_interval":{"confidence_level":0.95,"lower_bound":2016756.04,"upper_bound":2020420.12},"point_estimate":2019024.28,"standard_error":1023.8686843844685},"median_abs_dev":{"confidence_interval":{"confidence_level":0.95,"lower_bound":5366.782101720844,"upper_bound":13625.419930100745},"point_estimate":8610.910995125743,"standard_error":2241.108983674423},"slope":null,"std_dev":{"confidence_interval":{"confidence_level":0.95,"lower_bound":13441.316048653556,"upper_bound":30086.557380139537},"point_estimate":22409.341113224113,"standard_error":4246.485015125931}}