{"mean":{"confidence_interval":{"confidence_level":0.95,"lower_bound":4950.819413413215,"upper_bound":5128.042810279286},"point_estimate":5033.695006794348,"standard_error":45.27719479366581},"median":{"confidence_interval":{"confidence_level":0.95,"lower_bound":4948.779355911782,"upper_bound":5082.246585865483},"point_estimate":4992.940991737422,"standard_error":33.00144156458561},"median_abs_dev":{"confidence_interval":{"confidence_level":0.95,"lower_bound":226.43057844209983,"upper_bound":351.6158907128847},"point_estimate":290.7839823220457,"standard_error":31.31961210079782},"slope":{"confidence_interval":{"confidence_level":0.95,"lower_bound":5065.2326279240315,"upper_bound":5187.287432017632},"point_estimate":5126.80310587051,"standard_error":31.15024621903133},"std_dev":{"confidence_interval":{"confidence_level":0.95,"lower_bound":296.8242415519053,"upper_bound":632.4526384460505},"point_estimate":456.9830015330514,"standard_error":89.93838666952331}}