{"mean":{"confidence_interval":{"confidence_level":0.95,"lower_bound":147274.58374348472,"upper_bound":157884.98560025234},"point_estimate":152087.1578144538,"standard_error":2717.9777805428635},"median":{"confidence_interval":{"confidence_level":0.95,"lower_bound":139440.4350672675,"upper_bound":149653.28358208956},"point_estimate":144229.43035714288,"standard_error":2635.8611699459016},"median_abs_dev":{"confidence_interval":{"confidence_level":0.95,"lower_bound":8976.007960373665,"upper_bound":19577.805038189195},"point_estimate":13482.548641529755,"standard_error":2563.1350435065883},"slope":{"confidence_interval":{"confidence_level":0.95,"lower_bound":141113.87174587513,"upper_bound":147977.72279668343},"point_estimate":144372.10225506133,"standard_error":1751.2318239507877},"std_dev":{"confidence_interval":{"confidence_level":0.95,"lower_bound":16011.800369626822,"upper_bound":39154.345777712435},"point_estimate":27287.880626520684,"standard_error":6534.2002200920715}}