{"mean":{"confidence_interval":{"confidence_level":0.95,"lower_bound":3710.4643974175983,"upper_bound":3760.056900738144},"point_estimate":3735.525436126357,"standard_error":12.674139685741544},"median":{"confidence_interval":{"confidence_level":0.95,"lower_bound":3678.4030665690875,"upper_bound":3760.5021847690386},"point_estimate":3712.2506038799816,"standard_error":21.137759516967037},"median_abs_dev":{"confidence_interval":{"confidence_level":0.95,"lower_bound":87.17955921471992,"upper_bound":165.28296035602557},"point_estimate":138.13955169564588,"standard_error":21.67880908454806},"slope":{"confidence_interval":{"confidence_level":0.95,"lower_bound":3730.4153785575886,"upper_bound":3784.5710835756813},"point_estimate":3757.3387215219927,"standard_error":13.830900235043906},"std_dev":{"confidence_interval":{"confidence_level":0.95,"lower_bound":106.46714202632933,"upper_bound":149.12116087451375},"point_estimate":127.53274437869075,"standard_error":11.047001024105187}}