{"mean":{"confidence_interval":{"confidence_level":0.95,"lower_bound":53926.253958478825,"upper_bound":56198.62291041893},"point_estimate":54957.031848366474,"standard_error":579.871465235103},"median":{"confidence_interval":{"confidence_level":0.95,"lower_bound":53496.0,"upper_bound":54409.575263157894},"point_estimate":54162.152890120036,"standard_error":258.5361187269179},"median_abs_dev":{"confidence_interval":{"confidence_level":0.95,"lower_bound":2020.9467393249884,"upper_bound":4078.9230474865644},"point_estimate":3138.4051028135773,"standard_error":516.2210421889239},"slope":{"confidence_interval":{"confidence_level":0.95,"lower_bound":53115.92629078184,"upper_bound":56969.81846152896},"point_estimate":54647.571260217934,"standard_error":1014.3685633254995},"std_dev":{"confidence_interval":{"confidence_level":0.95,"lower_bound":3289.1332099748183,"upper_bound":8407.07683889144},"point_estimate":5826.9409087612685,"standard_error":1397.4411131888403}}