{"mean":{"confidence_interval":{"confidence_level":0.95,"lower_bound":10294605.810250005,"upper_bound":10488849.854499998},"point_estimate":10389872.256,"standard_error":49476.83617259757},"median":{"confidence_interval":{"confidence_level":0.95,"lower_bound":10245537.399999999,"upper_bound":10407988.3},"point_estimate":10299919.899999999,"standard_error":46501.119176689266},"median_abs_dev":{"confidence_interval":{"confidence_level":0.95,"lower_bound":328352.45399057894,"upper_bound":523612.94616401143},"point_estimate":408648.7342250358,"standard_error":51429.394507088575},"slope":null,"std_dev":{"confidence_interval":{"confidence_level":0.95,"lower_bound":412906.6603950437,"upper_bound":569720.4425673077},"point_estimate":495512.3133958936,"standard_error":40267.83582169613}}