{"mean":{"confidence_interval":{"confidence_level":0.95,"lower_bound":7801056.756500001,"upper_bound":7829228.329678575},"point_estimate":7815088.174285714,"standard_error":7177.634040548871},"median":{"confidence_interval":{"confidence_level":0.95,"lower_bound":7783854.785714285,"upper_bound":7836641.214285715},"point_estimate":7817405.071428571,"standard_error":14448.431337416825},"median_abs_dev":{"confidence_interval":{"confidence_level":0.95,"lower_bound":67141.91991049095,"upper_bound":98519.29775093164},"point_estimate":85493.28028219097,"standard_error":8029.328394119833},"slope":null,"std_dev":{"confidence_interval":{"confidence_level":0.95,"lower_bound":63183.76993490317,"upper_bound":79977.14916843995},"point_estimate":71890.40142902744,"standard_error":4293.408009799609}}