{"mean":{"confidence_interval":{"confidence_level":0.95,"lower_bound":9207.434303456776,"upper_bound":9376.470751335108},"point_estimate":9288.79098078422,"standard_error":43.2602561141622},"median":{"confidence_interval":{"confidence_level":0.95,"lower_bound":9093.20156245798,"upper_bound":9189.743393393393},"point_estimate":9136.357391482392,"standard_error":26.94225308805695},"median_abs_dev":{"confidence_interval":{"confidence_level":0.95,"lower_bound":148.46726682415314,"upper_bound":272.3683273014561},"point_estimate":227.75975789680405,"standard_error":33.02018102101589},"slope":{"confidence_interval":{"confidence_level":0.95,"lower_bound":9199.263521084531,"upper_bound":9434.63099000281},"point_estimate":9309.828494562244,"standard_error":60.307508381115845},"std_dev":{"confidence_interval":{"confidence_level":0.95,"lower_bound":349.55547273445904,"upper_bound":499.20657292755345},"point_estimate":434.31057272175036,"standard_error":38.17797519323674}}