{"mean":{"confidence_interval":{"confidence_level":0.95,"lower_bound":369962.6022524802,"upper_bound":370113.94781606377},"point_estimate":370035.90297431627,"standard_error":38.786045390516264},"median":{"confidence_interval":{"confidence_level":0.95,"lower_bound":369909.6759259259,"upper_bound":370049.06461163354},"point_estimate":369970.92261904763,"standard_error":34.56833868086233},"median_abs_dev":{"confidence_interval":{"confidence_level":0.95,"lower_bound":234.7578656239054,"upper_bound":394.8826755981536},"point_estimate":312.9280227777786,"standard_error":41.57772074830262},"slope":{"confidence_interval":{"confidence_level":0.95,"lower_bound":369857.59642886074,"upper_bound":369984.5714191841},"point_estimate":369919.35401999904,"standard_error":32.39988922970662},"std_dev":{"confidence_interval":{"confidence_level":0.95,"lower_bound":300.41536256649226,"upper_bound":478.8988290889656},"point_estimate":391.9331036628753,"standard_error":45.85974673055075}}