{"mean":{"confidence_interval":{"confidence_level":0.95,"lower_bound":353392.1887660464,"upper_bound":369385.5437499477},"point_estimate":360985.72687137255,"standard_error":4093.454792469047},"median":{"confidence_interval":{"confidence_level":0.95,"lower_bound":344194.84255024255,"upper_bound":355359.1153846154},"point_estimate":350442.7419377854,"standard_error":2874.0191497746982},"median_abs_dev":{"confidence_interval":{"confidence_level":0.95,"lower_bound":16423.815286672703,"upper_bound":28208.264912199364},"point_estimate":23134.143087383836,"standard_error":3066.1935394584134},"slope":{"confidence_interval":{"confidence_level":0.95,"lower_bound":342116.85683787393,"upper_bound":358487.86418565986},"point_estimate":348962.40420668933,"standard_error":4226.7600400161045},"std_dev":{"confidence_interval":{"confidence_level":0.95,"lower_bound":29625.056271170488,"upper_bound":51781.10103488837},"point_estimate":41214.379794686334,"standard_error":5683.1626599522615}}