{"mean":{"confidence_interval":{"confidence_level":0.95,"lower_bound":122688.00734703863,"upper_bound":124260.38661237674},"point_estimate":123407.25566364852,"standard_error":400.7529285912853},"median":{"confidence_interval":{"confidence_level":0.95,"lower_bound":122486.12601410935,"upper_bound":123626.0646946895},"point_estimate":123086.00518341307,"standard_error":299.28697303090627},"median_abs_dev":{"confidence_interval":{"confidence_level":0.95,"lower_bound":1470.8243687118431,"upper_bound":2366.920036798687},"point_estimate":1961.197522070681,"standard_error":222.61727203408378},"slope":{"confidence_interval":{"confidence_level":0.95,"lower_bound":122458.95941585497,"upper_bound":123571.84473770052},"point_estimate":122984.23952481816,"standard_error":283.1001273857959},"std_dev":{"confidence_interval":{"confidence_level":0.95,"lower_bound":2189.267706516823,"upper_bound":5601.673506406926},"point_estimate":4039.670792346933,"standard_error":885.5988797815382}}