{"mean":{"confidence_interval":{"confidence_level":0.95,"lower_bound":9032.644753009858,"upper_bound":9072.088074134157},"point_estimate":9052.19940311481,"standard_error":10.060021668307176},"median":{"confidence_interval":{"confidence_level":0.95,"lower_bound":9025.538288288288,"upper_bound":9088.648981634695},"point_estimate":9061.329244422994,"standard_error":16.45766191699325},"median_abs_dev":{"confidence_interval":{"confidence_level":0.95,"lower_bound":90.55423743424714,"upper_bound":138.26606189710333},"point_estimate":120.26961687147791,"standard_error":11.945092239085318},"slope":{"confidence_interval":{"confidence_level":0.95,"lower_bound":9026.278000949944,"upper_bound":9079.866173799277},"point_estimate":9053.006927418035,"standard_error":13.663415010203787},"std_dev":{"confidence_interval":{"confidence_level":0.95,"lower_bound":85.35789373716247,"upper_bound":118.63119587355634},"point_estimate":100.9088895764423,"standard_error":8.710754979408891}}