{"mean":{"confidence_interval":{"confidence_level":0.95,"lower_bound":16540.988838770776,"upper_bound":16613.790641745625},"point_estimate":16577.162930212842,"standard_error":18.546534047882744},"median":{"confidence_interval":{"confidence_level":0.95,"lower_bound":16540.408184212818,"upper_bound":16614.118696145124},"point_estimate":16570.494274537697,"standard_error":18.992325639164992},"median_abs_dev":{"confidence_interval":{"confidence_level":0.95,"lower_bound":117.00154113820014,"upper_bound":216.37928711833086},"point_estimate":166.87941652244393,"standard_error":25.027299797127796},"slope":{"confidence_interval":{"confidence_level":0.95,"lower_bound":16510.727333549705,"upper_bound":16573.201929792274},"point_estimate":16541.535206689325,"standard_error":15.923534842488769},"std_dev":{"confidence_interval":{"confidence_level":0.95,"lower_bound":149.29152054643646,"upper_bound":226.2256512801889},"point_estimate":187.28932257963373,"standard_error":19.848526765252238}}