{"mean":{"confidence_interval":{"confidence_level":0.95,"lower_bound":231065.15146056583,"upper_bound":246285.6238684981},"point_estimate":237762.49627469707,"standard_error":3912.705127797931},"median":{"confidence_interval":{"confidence_level":0.95,"lower_bound":223690.02704081632,"upper_bound":230953.4875},"point_estimate":226118.7840108401,"standard_error":1914.412383122951},"median_abs_dev":{"confidence_interval":{"confidence_level":0.95,"lower_bound":9294.209390071743,"upper_bound":17339.123125490954},"point_estimate":13901.117695214109,"standard_error":2223.7711714235643},"slope":{"confidence_interval":{"confidence_level":0.95,"lower_bound":223397.11207498205,"upper_bound":230218.24854545915},"point_estimate":226605.29255563766,"standard_error":1737.1151530308782},"std_dev":{"confidence_interval":{"confidence_level":0.95,"lower_bound":18401.045906615465,"upper_bound":58559.33665469698},"point_estimate":39282.04799005792,"standard_error":10701.132703208206}}