{"mean":{"confidence_interval":{"confidence_level":0.95,"lower_bound":1393793.2096172476,"upper_bound":1456052.5349978365},"point_estimate":1421609.2183780733,"standard_error":15913.31540052807},"median":{"confidence_interval":{"confidence_level":0.95,"lower_bound":1367999.537313433,"upper_bound":1398993.6776556778},"point_estimate":1379680.9957002457,"standard_error":6789.2791431530795},"median_abs_dev":{"confidence_interval":{"confidence_level":0.95,"lower_bound":46904.33297347343,"upper_bound":70047.075290987},"point_estimate":59257.69748412552,"standard_error":5725.239803378084},"slope":{"confidence_interval":{"confidence_level":0.95,"lower_bound":1356943.5255323595,"upper_bound":1380880.353973918},"point_estimate":1368374.058678883,"standard_error":6121.612898304836},"std_dev":{"confidence_interval":{"confidence_level":0.95,"lower_bound":85201.14106376722,"upper_bound":230331.98476301425},"point_estimate":160255.85014653803,"standard_error":38494.14776621599}}