{"mean":{"confidence_interval":{"confidence_level":0.95,"lower_bound":191260.03373866124,"upper_bound":199738.37642507916},"point_estimate":195152.78874551557,"standard_error":2168.987165061957},"median":{"confidence_interval":{"confidence_level":0.95,"lower_bound":187146.6086331834,"upper_bound":193854.59595959596},"point_estimate":190822.70433789954,"standard_error":1465.6007093312141},"median_abs_dev":{"confidence_interval":{"confidence_level":0.95,"lower_bound":10207.5509563949,"upper_bound":16641.670644820642},"point_estimate":14030.267012481598,"standard_error":1646.5857025150033},"slope":{"confidence_interval":{"confidence_level":0.95,"lower_bound":185283.83189967007,"upper_bound":193091.1797461169},"point_estimate":188967.14836116447,"standard_error":2004.145355508557},"std_dev":{"confidence_interval":{"confidence_level":0.95,"lower_bound":12874.189507270987,"upper_bound":30827.570984556034},"point_estimate":21795.2224141088,"standard_error":4884.6085415179605}}