{"mean":{"confidence_interval":{"confidence_level":0.95,"lower_bound":303075.89639874804,"upper_bound":311380.57709800417},"point_estimate":307129.0215230899,"standard_error":2123.204130972775},"median":{"confidence_interval":{"confidence_level":0.95,"lower_bound":298807.1159090909,"upper_bound":309948.2265625},"point_estimate":304117.2685692542,"standard_error":2896.8805807623376},"median_abs_dev":{"confidence_interval":{"confidence_level":0.95,"lower_bound":14227.905982342045,"upper_bound":25339.564018882782},"point_estimate":18917.76715947493,"standard_error":2750.2504288820955},"slope":{"confidence_interval":{"confidence_level":0.95,"lower_bound":311926.6640424123,"upper_bound":319962.9491379131},"point_estimate":315940.72005689377,"standard_error":2042.5303048416786},"std_dev":{"confidence_interval":{"confidence_level":0.95,"lower_bound":17549.145456580205,"upper_bound":25350.233943897874},"point_estimate":21484.26451054548,"standard_error":2005.711839631428}}