{"mean":{"confidence_interval":{"confidence_level":0.95,"lower_bound":61450.73359279935,"upper_bound":62441.107179924344},"point_estimate":61924.004261062626,"standard_error":253.03849533559426},"median":{"confidence_interval":{"confidence_level":0.95,"lower_bound":61680.13100961538,"upper_bound":62586.49910714286},"point_estimate":62368.543609550565,"standard_error":212.3364861123959},"median_abs_dev":{"confidence_interval":{"confidence_level":0.95,"lower_bound":1107.6855225465686,"upper_bound":2723.07327930427},"point_estimate":1984.2949505976167,"standard_error":426.9256467927722},"slope":{"confidence_interval":{"confidence_level":0.95,"lower_bound":62264.91575069557,"upper_bound":62955.68957225304},"point_estimate":62604.9283327176,"standard_error":175.30719798971012},"std_dev":{"confidence_interval":{"confidence_level":0.95,"lower_bound":1875.0166430183153,"upper_bound":3267.231880439816},"point_estimate":2539.1474666850518,"standard_error":368.7790092397803}}