{"mean":{"confidence_interval":{"confidence_level":0.95,"lower_bound":741495.0726950321,"upper_bound":758640.7139681524},"point_estimate":749672.2397565357,"standard_error":4384.249813382168},"median":{"confidence_interval":{"confidence_level":0.95,"lower_bound":731311.2729591837,"upper_bound":748478.7063492064},"point_estimate":742133.1538613081,"standard_error":4037.527799556986},"median_abs_dev":{"confidence_interval":{"confidence_level":0.95,"lower_bound":23025.622821310903,"upper_bound":39952.44254700446},"point_estimate":30246.190758945886,"standard_error":4251.77789315917},"slope":{"confidence_interval":{"confidence_level":0.95,"lower_bound":736606.3270632909,"upper_bound":750038.2413577619},"point_estimate":743070.1408644895,"standard_error":3433.375813025659},"std_dev":{"confidence_interval":{"confidence_level":0.95,"lower_bound":33211.38589931374,"upper_bound":53662.311257119894},"point_estimate":43985.61298387802,"standard_error":5238.571812149795}}