{"mean":{"confidence_interval":{"confidence_level":0.95,"lower_bound":2625681.0162250004,"upper_bound":2696038.804662499},"point_estimate":2660450.8289999994,"standard_error":17965.184266587297},"median":{"confidence_interval":{"confidence_level":0.95,"lower_bound":2583090.2,"upper_bound":2681617.9},"point_estimate":2630232.725,"standard_error":21710.77860595725},"median_abs_dev":{"confidence_interval":{"confidence_level":0.95,"lower_bound":132354.8872402309,"upper_bound":212612.28629037723},"point_estimate":169188.34153130665,"standard_error":21006.74332991221},"slope":null,"std_dev":{"confidence_interval":{"confidence_level":0.95,"lower_bound":154341.99816102936,"upper_bound":205157.9158935952},"point_estimate":181222.79225807678,"standard_error":12970.412812558958}}