{"mean":{"confidence_interval":{"confidence_level":0.95,"lower_bound":29288342.514000002,"upper_bound":29888445.68825},"point_estimate":29579932.75,"standard_error":153297.5607167494},"median":{"confidence_interval":{"confidence_level":0.95,"lower_bound":29092883.5,"upper_bound":29637538.0},"point_estimate":29325686.5,"standard_error":163340.43956397424},"median_abs_dev":{"confidence_interval":{"confidence_level":0.95,"lower_bound":788902.5654941797,"upper_bound":1371629.2837624622},"point_estimate":1034047.8765919805,"standard_error":151975.57199055835},"slope":null,"std_dev":{"confidence_interval":{"confidence_level":0.95,"lower_bound":1246014.1159057932,"upper_bound":1798617.075015702},"point_estimate":1541843.5260727617,"standard_error":140885.26586861914}}