{"mean":{"confidence_interval":{"confidence_level":0.95,"lower_bound":229130.08867276108,"upper_bound":241056.92967627122},"point_estimate":234639.70399820787,"standard_error":3056.8419256295074},"median":{"confidence_interval":{"confidence_level":0.95,"lower_bound":223986.16304347827,"upper_bound":231125.4282051282},"point_estimate":227370.39136529295,"standard_error":1549.6761781714179},"median_abs_dev":{"confidence_interval":{"confidence_level":0.95,"lower_bound":12877.60480405325,"upper_bound":22283.798259732328},"point_estimate":17057.464487169484,"standard_error":2376.365007991097},"slope":{"confidence_interval":{"confidence_level":0.95,"lower_bound":226030.63512670368,"upper_bound":238084.56717875408},"point_estimate":231294.25650834935,"standard_error":3112.000645506022},"std_dev":{"confidence_interval":{"confidence_level":0.95,"lower_bound":18652.242758348384,"upper_bound":42050.419848675505},"point_estimate":30683.203767146195,"standard_error":6080.105872750704}}