{"mean":{"confidence_interval":{"confidence_level":0.95,"lower_bound":377081.8501281064,"upper_bound":399417.35277514486},"point_estimate":387427.2294791866,"standard_error":5712.476378282059},"median":{"confidence_interval":{"confidence_level":0.95,"lower_bound":366379.61333333334,"upper_bound":383874.68035782466},"point_estimate":373402.1892156863,"standard_error":4668.951941323845},"median_abs_dev":{"confidence_interval":{"confidence_level":0.95,"lower_bound":27440.54672562987,"upper_bound":44719.797366689905},"point_estimate":38958.06123668951,"standard_error":4441.116715179361},"slope":{"confidence_interval":{"confidence_level":0.95,"lower_bound":370895.64918948273,"upper_bound":388397.2650620765},"point_estimate":379096.2149549283,"standard_error":4471.405917611515},"std_dev":{"confidence_interval":{"confidence_level":0.95,"lower_bound":34380.14971028847,"upper_bound":77894.47504418893},"point_estimate":57562.86010267939,"standard_error":11302.525251095512}}