{"mean":{"confidence_interval":{"confidence_level":0.95,"lower_bound":3334482.3219843754,"upper_bound":3342325.036890625},"point_estimate":3338183.10125,"standard_error":2000.2818947289518},"median":{"confidence_interval":{"confidence_level":0.95,"lower_bound":3332715.21875,"upper_bound":3336721.46875},"point_estimate":3334583.59375,"standard_error":865.1924553238554},"median_abs_dev":{"confidence_interval":{"confidence_level":0.95,"lower_bound":7685.937257297337,"upper_bound":12884.164421260357},"point_estimate":10429.720164835453,"standard_error":1341.859787489706},"slope":null,"std_dev":{"confidence_interval":{"confidence_level":0.95,"lower_bound":13550.023640614982,"upper_bound":25719.983869583863},"point_estimate":20115.11588952536,"standard_error":3106.90651498834}}