{"mean":{"confidence_interval":{"confidence_level":0.95,"lower_bound":1607036.1916119342,"upper_bound":1690107.1097892527},"point_estimate":1647296.3681911998,"standard_error":21248.607526937372},"median":{"confidence_interval":{"confidence_level":0.95,"lower_bound":1556073.2297743533,"upper_bound":1645580.6712328766},"point_estimate":1587178.8197174447,"standard_error":22861.275110401424},"median_abs_dev":{"confidence_interval":{"confidence_level":0.95,"lower_bound":131518.1766088406,"upper_bound":226354.77725639945},"point_estimate":179689.5537258727,"standard_error":23950.16054814558},"slope":{"confidence_interval":{"confidence_level":0.95,"lower_bound":1574139.6242193026,"upper_bound":1650714.6316054848},"point_estimate":1610350.4643446135,"standard_error":19515.248520198682},"std_dev":{"confidence_interval":{"confidence_level":0.95,"lower_bound":168993.46134530724,"upper_bound":256431.16250475962},"point_estimate":213269.37820250166,"standard_error":22467.72126096574}}