{"mean":{"confidence_interval":{"confidence_level":0.95,"lower_bound":93129.91355479382,"upper_bound":94721.53863639782},"point_estimate":93838.41094689416,"standard_error":409.3638126585206},"median":{"confidence_interval":{"confidence_level":0.95,"lower_bound":93154.27904040404,"upper_bound":93822.50357507661},"point_estimate":93480.69873150106,"standard_error":187.14948251518462},"median_abs_dev":{"confidence_interval":{"confidence_level":0.95,"lower_bound":990.0677916308485,"upper_bound":1751.1442326850888},"point_estimate":1305.2636876206197,"standard_error":202.76468230267548},"slope":{"confidence_interval":{"confidence_level":0.95,"lower_bound":93362.5585547414,"upper_bound":94342.03895059161},"point_estimate":93799.99860768166,"standard_error":250.31854631493152},"std_dev":{"confidence_interval":{"confidence_level":0.95,"lower_bound":1795.2658078146444,"upper_bound":5953.656814987314},"point_estimate":4119.132283934164,"standard_error":1070.1771288010589}}