{"mean":{"confidence_interval":{"confidence_level":0.95,"lower_bound":1279356.396629707,"upper_bound":1359385.3808828357},"point_estimate":1316414.9432522734,"standard_error":20490.163897752514},"median":{"confidence_interval":{"confidence_level":0.95,"lower_bound":1234220.9930313588,"upper_bound":1281874.6170212766},"point_estimate":1259955.1139240507,"standard_error":13103.912032068369},"median_abs_dev":{"confidence_interval":{"confidence_level":0.95,"lower_bound":76746.28614230492,"upper_bound":128683.79364665598},"point_estimate":103744.10743812486,"standard_error":13942.109136259993},"slope":{"confidence_interval":{"confidence_level":0.95,"lower_bound":1226126.817708518,"upper_bound":1261056.0040311285},"point_estimate":1243204.1944140682,"standard_error":8913.681856952908},"std_dev":{"confidence_interval":{"confidence_level":0.95,"lower_bound":134412.98158375832,"upper_bound":270820.3130515124},"point_estimate":206174.09630646746,"standard_error":35033.822203457654}}