{"mean":{"confidence_interval":{"confidence_level":0.95,"lower_bound":144801.52807686853,"upper_bound":147333.21279017002},"point_estimate":145944.62283697224,"standard_error":648.0152433487972},"median":{"confidence_interval":{"confidence_level":0.95,"lower_bound":144603.46952241307,"upper_bound":146370.10362671386},"point_estimate":145459.5341818046,"standard_error":454.1853998808668},"median_abs_dev":{"confidence_interval":{"confidence_level":0.95,"lower_bound":2617.414690886145,"upper_bound":5081.802029779988},"point_estimate":3945.406968050278,"standard_error":642.6694054777591},"slope":{"confidence_interval":{"confidence_level":0.95,"lower_bound":143895.83686408328,"upper_bound":145582.26334801223},"point_estimate":144738.31752623024,"standard_error":431.793775522374},"std_dev":{"confidence_interval":{"confidence_level":0.95,"lower_bound":3704.4377259323082,"upper_bound":9489.315871692179},"point_estimate":6520.750578449517,"standard_error":1643.8482133415746}}