{"mean":{"confidence_interval":{"confidence_level":0.95,"lower_bound":195294.4752154804,"upper_bound":206299.6972534526},"point_estimate":200460.50237130723,"standard_error":2819.203282780593},"median":{"confidence_interval":{"confidence_level":0.95,"lower_bound":188275.37121212122,"upper_bound":195191.06851851853},"point_estimate":191615.48880597015,"standard_error":1480.7597527598907},"median_abs_dev":{"confidence_interval":{"confidence_level":0.95,"lower_bound":9216.291870041212,"upper_bound":16171.487436161644},"point_estimate":12463.389749400842,"standard_error":1595.8425813756091},"slope":{"confidence_interval":{"confidence_level":0.95,"lower_bound":192581.999306191,"upper_bound":209685.62289179355},"point_estimate":200529.28735333236,"standard_error":4390.560017969749},"std_dev":{"confidence_interval":{"confidence_level":0.95,"lower_bound":19273.542404043343,"upper_bound":35889.02111190368},"point_estimate":28340.633823351007,"standard_error":4246.498758470822}}