{"mean":{"confidence_interval":{"confidence_level":0.95,"lower_bound":86630.91638555388,"upper_bound":92725.49436199607},"point_estimate":89205.07844477879,"standard_error":1578.3123547481275},"median":{"confidence_interval":{"confidence_level":0.95,"lower_bound":84764.66468253969,"upper_bound":85748.17779982364},"point_estimate":85074.93881798002,"standard_error":280.70262201702934},"median_abs_dev":{"confidence_interval":{"confidence_level":0.95,"lower_bound":1465.3576925906061,"upper_bound":2760.308258854871},"point_estimate":1949.7088762551164,"standard_error":358.0735864725543},"slope":{"confidence_interval":{"confidence_level":0.95,"lower_bound":84275.99071970723,"upper_bound":85009.028443826},"point_estimate":84606.29508275454,"standard_error":186.93563040439219},"std_dev":{"confidence_interval":{"confidence_level":0.95,"lower_bound":4932.005612281268,"upper_bound":24929.227589528775},"point_estimate":15897.53503066364,"standard_error":5412.873588145788}}