{"mean":{"confidence_interval":{"confidence_level":0.95,"lower_bound":143244.09560774092,"upper_bound":146445.59072340777},"point_estimate":144732.37221408833,"standard_error":819.8767478760077},"median":{"confidence_interval":{"confidence_level":0.95,"lower_bound":141802.58142857143,"upper_bound":143029.2273809524},"point_estimate":142496.12702070075,"standard_error":338.58992900827457},"median_abs_dev":{"confidence_interval":{"confidence_level":0.95,"lower_bound":1925.1030489502953,"upper_bound":3523.239874550193},"point_estimate":2557.4353665012172,"standard_error":410.65239085723226},"slope":{"confidence_interval":{"confidence_level":0.95,"lower_bound":141704.3302515256,"upper_bound":143333.04054640868},"point_estimate":142477.25713103506,"standard_error":415.3792774027646},"std_dev":{"confidence_interval":{"confidence_level":0.95,"lower_bound":5305.476389108493,"upper_bound":11095.789124848556},"point_estimate":8265.988330150863,"standard_error":1507.2698240284162}}