{"mean":{"confidence_interval":{"confidence_level":0.95,"lower_bound":406331.2199169589,"upper_bound":426487.29173487594},"point_estimate":415401.46126905194,"standard_error":5143.6204808691},"median":{"confidence_interval":{"confidence_level":0.95,"lower_bound":397926.79586056643,"upper_bound":407557.9709950249},"point_estimate":403144.59743230627,"standard_error":2759.6725630666956},"median_abs_dev":{"confidence_interval":{"confidence_level":0.95,"lower_bound":15936.012453079218,"upper_bound":26634.284547930798},"point_estimate":20327.874575452413,"standard_error":2706.1605897556087},"slope":{"confidence_interval":{"confidence_level":0.95,"lower_bound":392677.3760862441,"upper_bound":404927.50417002133},"point_estimate":398216.2750889119,"standard_error":3130.8298812765884},"std_dev":{"confidence_interval":{"confidence_level":0.95,"lower_bound":28709.34814025678,"upper_bound":74016.83395030636},"point_estimate":51623.527909278564,"standard_error":12189.940647871794}}