{"mean":{"confidence_interval":{"confidence_level":0.95,"lower_bound":112914.71647933089,"upper_bound":114743.16925030817},"point_estimate":113840.50150648935,"standard_error":466.88091187449373},"median":{"confidence_interval":{"confidence_level":0.95,"lower_bound":113809.7535582852,"upper_bound":115002.70482603816},"point_estimate":114425.74981650859,"standard_error":315.9941837821433},"median_abs_dev":{"confidence_interval":{"confidence_level":0.95,"lower_bound":2165.121154368178,"upper_bound":4426.477366637074},"point_estimate":3483.013330974609,"standard_error":570.9630024047457},"slope":{"confidence_interval":{"confidence_level":0.95,"lower_bound":114744.20976168878,"upper_bound":116301.5910094786},"point_estimate":115510.58317784018,"standard_error":399.35678832944706},"std_dev":{"confidence_interval":{"confidence_level":0.95,"lower_bound":3842.131905146766,"upper_bound":5467.960511060991},"point_estimate":4705.608636001353,"standard_error":414.5987858203596}}