{"mean":{"confidence_interval":{"confidence_level":0.95,"lower_bound":779904.4189495475,"upper_bound":814914.9420555761},"point_estimate":795831.5081858,"standard_error":8938.6286777238},"median":{"confidence_interval":{"confidence_level":0.95,"lower_bound":758189.2321428572,"upper_bound":791933.05},"point_estimate":776114.6306818181,"standard_error":8721.654385684049},"median_abs_dev":{"confidence_interval":{"confidence_level":0.95,"lower_bound":40848.12355073836,"upper_bound":67845.85635981912},"point_estimate":54794.15174201701,"standard_error":6815.808179199429},"slope":{"confidence_interval":{"confidence_level":0.95,"lower_bound":760882.264295108,"upper_bound":783432.235848555},"point_estimate":771895.0417954781,"standard_error":5736.039812261417},"std_dev":{"confidence_interval":{"confidence_level":0.95,"lower_bound":53697.76585880813,"upper_bound":128167.67369836879},"point_estimate":90108.01222549504,"standard_error":20751.29268812342}}