{"mean":{"confidence_interval":{"confidence_level":0.95,"lower_bound":3790814.183071428,"upper_bound":3821042.6270535695},"point_estimate":3805467.0742857135,"standard_error":7690.8054451697635},"median":{"confidence_interval":{"confidence_level":0.95,"lower_bound":3780945.1428571427,"upper_bound":3810231.5},"point_estimate":3800792.0,"standard_error":9706.025805302359},"median_abs_dev":{"confidence_interval":{"confidence_level":0.95,"lower_bound":49522.43972080035,"upper_bound":81790.91044792077},"point_estimate":65489.93553732108,"standard_error":8529.93249444831},"slope":null,"std_dev":{"confidence_interval":{"confidence_level":0.95,"lower_bound":59410.95186810263,"upper_bound":97103.16336618556},"point_estimate":77444.7544492331,"standard_error":9914.415647681753}}