{"mean":{"confidence_interval":{"confidence_level":0.95,"lower_bound":28775210.758,"upper_bound":29270396.696000002},"point_estimate":29013266.475,"standard_error":126242.00965998764},"median":{"confidence_interval":{"confidence_level":0.95,"lower_bound":28610996.0,"upper_bound":29022398.0},"point_estimate":28795960.5,"standard_error":97679.89263824851},"median_abs_dev":{"confidence_interval":{"confidence_level":0.95,"lower_bound":731852.1185070276,"upper_bound":1165315.4250115156},"point_estimate":922493.3480724692,"standard_error":109992.0154698414},"slope":null,"std_dev":{"confidence_interval":{"confidence_level":0.95,"lower_bound":929379.6568402525,"upper_bound":1598783.1384522894},"point_estimate":1275618.1150874603,"standard_error":171244.52614310887}}