{"mean":{"confidence_interval":{"confidence_level":0.95,"lower_bound":1002566.2909402951,"upper_bound":1014513.6035744484},"point_estimate":1008030.8023401109,"standard_error":3048.831333540995},"median":{"confidence_interval":{"confidence_level":0.95,"lower_bound":998085.6598484849,"upper_bound":1002048.25},"point_estimate":999983.5294018817,"standard_error":1031.8763269408355},"median_abs_dev":{"confidence_interval":{"confidence_level":0.95,"lower_bound":6542.306924742871,"upper_bound":12224.556113715169},"point_estimate":9465.733661949618,"standard_error":1499.6279379196042},"slope":{"confidence_interval":{"confidence_level":0.95,"lower_bound":996798.6582255235,"upper_bound":1004379.0319945987},"point_estimate":1000137.2812590513,"standard_error":1941.1488955805157},"std_dev":{"confidence_interval":{"confidence_level":0.95,"lower_bound":16951.883598149245,"upper_bound":42306.36667098659},"point_estimate":30809.90796804864,"standard_error":6479.198560206279}}