{"mean":{"confidence_interval":{"confidence_level":0.95,"lower_bound":186098.17463134907,"upper_bound":190323.89901630132},"point_estimate":187932.54345404354,"standard_error":1092.75894656899},"median":{"confidence_interval":{"confidence_level":0.95,"lower_bound":184529.61224489796,"upper_bound":185919.08333333334},"point_estimate":184966.94363026822,"standard_error":444.0598540613247},"median_abs_dev":{"confidence_interval":{"confidence_level":0.95,"lower_bound":1698.5324397761067,"upper_bound":2995.026508001903},"point_estimate":2324.3172215189834,"standard_error":346.02919735681405},"slope":{"confidence_interval":{"confidence_level":0.95,"lower_bound":184528.15682562772,"upper_bound":185638.60606274134},"point_estimate":185040.7854322447,"standard_error":284.0487457359175},"std_dev":{"confidence_interval":{"confidence_level":0.95,"lower_bound":4485.999293340714,"upper_bound":16770.622304800727},"point_estimate":10981.812821372932,"standard_error":3402.3525840283887}}