{"mean":{"confidence_interval":{"confidence_level":0.95,"lower_bound":188989.02569425502,"upper_bound":197467.71729819707},"point_estimate":192745.3231586787,"standard_error":2182.6970279816883},"median":{"confidence_interval":{"confidence_level":0.95,"lower_bound":185115.5637254902,"upper_bound":187606.3624801272},"point_estimate":186621.0297979798,"standard_error":663.8224238846076},"median_abs_dev":{"confidence_interval":{"confidence_level":0.95,"lower_bound":2990.863533024432,"upper_bound":5685.541348947789},"point_estimate":4279.109625311766,"standard_error":774.7457555072664},"slope":{"confidence_interval":{"confidence_level":0.95,"lower_bound":185137.24828683055,"upper_bound":187197.12516055032},"point_estimate":186088.0333091966,"standard_error":527.2355910440484},"std_dev":{"confidence_interval":{"confidence_level":0.95,"lower_bound":10679.293457812,"upper_bound":32344.35655682315},"point_estimate":21917.981393999926,"standard_error":5905.470729398883}}