{"mean":{"confidence_interval":{"confidence_level":0.95,"lower_bound":13481936.808875,"upper_bound":13599786.864062501},"point_estimate":13536603.62,"standard_error":30059.205569072903},"median":{"confidence_interval":{"confidence_level":0.95,"lower_bound":13417168.0,"upper_bound":13472035.0},"point_estimate":13441330.5,"standard_error":11543.875437528513},"median_abs_dev":{"confidence_interval":{"confidence_level":0.95,"lower_bound":81939.03807029128,"upper_bound":154662.60535418987},"point_estimate":108998.15551489592,"standard_error":17462.620645815496},"slope":null,"std_dev":{"confidence_interval":{"confidence_level":0.95,"lower_bound":199889.7566331773,"upper_bound":391081.5918564619},"point_estimate":302469.150712184,"standard_error":49149.8301831255}}