{"mean":{"confidence_interval":{"confidence_level":0.95,"lower_bound":57667.728922411436,"upper_bound":58033.961441731546},"point_estimate":57814.21151398812,"standard_error":96.12876811207725},"median":{"confidence_interval":{"confidence_level":0.95,"lower_bound":57573.75630252101,"upper_bound":57631.92797459893},"point_estimate":57600.81237555263,"standard_error":13.549940169414844},"median_abs_dev":{"confidence_interval":{"confidence_level":0.95,"lower_bound":75.75403858873678,"upper_bound":149.277489024099},"point_estimate":105.25478399333576,"standard_error":17.960003230834975},"slope":{"confidence_interval":{"confidence_level":0.95,"lower_bound":57583.53042112172,"upper_bound":57655.221536638055},"point_estimate":57616.883054442405,"standard_error":18.294763486483625},"std_dev":{"confidence_interval":{"confidence_level":0.95,"lower_bound":248.2576663944831,"upper_bound":1574.5277940721257},"point_estimate":968.0716213052101,"standard_error":400.38008569495037}}