{"mean":{"confidence_interval":{"confidence_level":0.95,"lower_bound":174314.32501025422,"upper_bound":185412.31223734713},"point_estimate":179455.72160958927,"standard_error":2840.121878729706},"median":{"confidence_interval":{"confidence_level":0.95,"lower_bound":168665.35555555555,"upper_bound":176082.58423180593},"point_estimate":172121.77147482894,"standard_error":1951.4207459462864},"median_abs_dev":{"confidence_interval":{"confidence_level":0.95,"lower_bound":11214.148984909052,"upper_bound":20054.120712694243},"point_estimate":16335.786538036884,"standard_error":2223.311464241547},"slope":{"confidence_interval":{"confidence_level":0.95,"lower_bound":172367.7917953813,"upper_bound":179292.54523038302},"point_estimate":175749.8572006305,"standard_error":1766.4090911527778},"std_dev":{"confidence_interval":{"confidence_level":0.95,"lower_bound":18159.76776759219,"upper_bound":39203.75939399283},"point_estimate":28546.93200882274,"standard_error":5620.13156863615}}