{"mean":{"confidence_interval":{"confidence_level":0.95,"lower_bound":5696336.363999998,"upper_bound":5793245.557583333},"point_estimate":5743376.614444443,"standard_error":24717.798540866646},"median":{"confidence_interval":{"confidence_level":0.95,"lower_bound":5617602.333333333,"upper_bound":5734818.388888889},"point_estimate":5673161.166666666,"standard_error":24561.47379542142},"median_abs_dev":{"confidence_interval":{"confidence_level":0.95,"lower_bound":137510.32389203645,"upper_bound":256042.8739209969},"point_estimate":203357.53072301438,"standard_error":30548.73472392656},"slope":null,"std_dev":{"confidence_interval":{"confidence_level":0.95,"lower_bound":198890.00411192823,"upper_bound":293279.26020386454},"point_estimate":247888.4864322558,"standard_error":24125.566678103776}}