{"mean":{"confidence_interval":{"confidence_level":0.95,"lower_bound":1104168.2540393127,"upper_bound":1180904.4254641056},"point_estimate":1138236.6791881283,"standard_error":19736.328579342146},"median":{"confidence_interval":{"confidence_level":0.95,"lower_bound":1081224.923076923,"upper_bound":1134465.1291208793},"point_estimate":1104760.8144468314,"standard_error":13486.472570067976},"median_abs_dev":{"confidence_interval":{"confidence_level":0.95,"lower_bound":82566.25343142182,"upper_bound":137254.3597823375},"point_estimate":113377.77799520222,"standard_error":13810.981252946998},"slope":{"confidence_interval":{"confidence_level":0.95,"lower_bound":1080628.9879555956,"upper_bound":1122535.562638635},"point_estimate":1100999.5631505838,"standard_error":10694.96947358167},"std_dev":{"confidence_interval":{"confidence_level":0.95,"lower_bound":108731.73641419379,"upper_bound":294388.9203442174},"point_estimate":198404.72730963194,"standard_error":55099.92041162692}}