{"mean":{"confidence_interval":{"confidence_level":0.95,"lower_bound":3279234.254046875,"upper_bound":3351544.944921875},"point_estimate":3313834.384375,"standard_error":18503.423003884396},"median":{"confidence_interval":{"confidence_level":0.95,"lower_bound":3253146.15625,"upper_bound":3332318.0},"point_estimate":3289458.65625,"standard_error":21775.792790082356},"median_abs_dev":{"confidence_interval":{"confidence_level":0.95,"lower_bound":118654.32914346457,"upper_bound":189819.8216904931},"point_estimate":156418.97667925805,"standard_error":18193.27949889466},"slope":null,"std_dev":{"confidence_interval":{"confidence_level":0.95,"lower_bound":136183.53562883395,"upper_bound":240136.24858345027},"point_estimate":186338.33759526137,"standard_error":27427.53785918737}}