{"mean":{"confidence_interval":{"confidence_level":0.95,"lower_bound":782552.9410614445,"upper_bound":807391.7058449355},"point_estimate":794587.1081217193,"standard_error":6345.709850151698},"median":{"confidence_interval":{"confidence_level":0.95,"lower_bound":774023.8365384615,"upper_bound":797926.7301745254},"point_estimate":786044.5804347827,"standard_error":6174.0954037508145},"median_abs_dev":{"confidence_interval":{"confidence_level":0.95,"lower_bound":40119.95802699469,"upper_bound":70838.90749851117},"point_estimate":54452.58078097427,"standard_error":8004.001664658968},"slope":{"confidence_interval":{"confidence_level":0.95,"lower_bound":782185.9500251198,"upper_bound":814819.9842583564},"point_estimate":797897.7448544407,"standard_error":8334.858334950772},"std_dev":{"confidence_interval":{"confidence_level":0.95,"lower_bound":49253.841897940416,"upper_bound":78362.89555192036},"point_estimate":63900.671554236884,"standard_error":7518.726131555165}}