{"mean":{"confidence_interval":{"confidence_level":0.95,"lower_bound":26450868.0,"upper_bound":26910996.89575},"point_estimate":26683741.325,"standard_error":117362.19639017702},"median":{"confidence_interval":{"confidence_level":0.95,"lower_bound":26957179.25,"upper_bound":27187426.5},"point_estimate":27082035.0,"standard_error":58770.20640359088},"median_abs_dev":{"confidence_interval":{"confidence_level":0.95,"lower_bound":446346.3589757681,"upper_bound":1083864.7183075547},"point_estimate":669557.3447629809,"standard_error":156458.5198360909},"slope":null,"std_dev":{"confidence_interval":{"confidence_level":0.95,"lower_bound":1008712.4209912155,"upper_bound":1320208.0931301846},"point_estimate":1177620.21925705,"standard_error":79458.6694456068}}