{"mean":{"confidence_interval":{"confidence_level":0.95,"lower_bound":1875290.526900463,"upper_bound":1950259.4678052063},"point_estimate":1908718.0396495485,"standard_error":19091.119765094158},"median":{"confidence_interval":{"confidence_level":0.95,"lower_bound":1841009.0625963614,"upper_bound":1906086.090482532},"point_estimate":1870513.2693624306,"standard_error":18606.489211220836},"median_abs_dev":{"confidence_interval":{"confidence_level":0.95,"lower_bound":87838.77665708854,"upper_bound":141618.95898075675},"point_estimate":114019.57955698002,"standard_error":13899.004730979294},"slope":{"confidence_interval":{"confidence_level":0.95,"lower_bound":1846166.7718999884,"upper_bound":1899262.2569257896},"point_estimate":1872081.6200147776,"standard_error":13567.234883602927},"std_dev":{"confidence_interval":{"confidence_level":0.95,"lower_bound":108849.23887145235,"upper_bound":281793.72199268325},"point_estimate":192759.6480612426,"standard_error":50064.045730023674}}