{"mean":{"confidence_interval":{"confidence_level":0.95,"lower_bound":138030.84336900362,"upper_bound":146303.93012037023},"point_estimate":141815.38617426806,"standard_error":2121.250924633529},"median":{"confidence_interval":{"confidence_level":0.95,"lower_bound":133220.30252100842,"upper_bound":137253.15789473685},"point_estimate":135989.8831168831,"standard_error":906.8929677934757},"median_abs_dev":{"confidence_interval":{"confidence_level":0.95,"lower_bound":6087.450780043682,"upper_bound":11414.29005384657},"point_estimate":9299.290791022513,"standard_error":1349.5831580405109},"slope":{"confidence_interval":{"confidence_level":0.95,"lower_bound":137169.9914381408,"upper_bound":144720.67952650145},"point_estimate":140744.695872406,"standard_error":1934.83822696319},"std_dev":{"confidence_interval":{"confidence_level":0.95,"lower_bound":12710.517392944126,"upper_bound":30262.09116418334},"point_estimate":21406.069315081793,"standard_error":4791.8910255975925}}