{"mean":{"confidence_interval":{"confidence_level":0.95,"lower_bound":1470250.7113423652,"upper_bound":1537411.4684258515},"point_estimate":1500897.8460733313,"standard_error":17134.84520791477},"median":{"confidence_interval":{"confidence_level":0.95,"lower_bound":1436631.6,"upper_bound":1469520.3709677418},"point_estimate":1453403.8635986731,"standard_error":8451.25786663471},"median_abs_dev":{"confidence_interval":{"confidence_level":0.95,"lower_bound":51001.626403957525,"upper_bound":98058.94875254946},"point_estimate":73345.05931497195,"standard_error":12389.238989813346},"slope":{"confidence_interval":{"confidence_level":0.95,"lower_bound":1431263.289612801,"upper_bound":1473424.8175561817},"point_estimate":1450654.8170829024,"standard_error":10836.562103513283},"std_dev":{"confidence_interval":{"confidence_level":0.95,"lower_bound":99272.34154842721,"upper_bound":239552.11699650408},"point_estimate":172411.7726086105,"standard_error":36274.6231412849}}