{"mean":{"confidence_interval":{"confidence_level":0.95,"lower_bound":98861.43691534545,"upper_bound":101514.56509293908},"point_estimate":100191.25456175176,"standard_error":672.7123298215602},"median":{"confidence_interval":{"confidence_level":0.95,"lower_bound":99488.57863547212,"upper_bound":100300.42142857143},"point_estimate":99824.07348224512,"standard_error":224.27697506316912},"median_abs_dev":{"confidence_interval":{"confidence_level":0.95,"lower_bound":1101.4631649685448,"upper_bound":2183.582975476068},"point_estimate":1635.2028513511004,"standard_error":274.9013057352858},"slope":{"confidence_interval":{"confidence_level":0.95,"lower_bound":95473.14942042435,"upper_bound":99835.09950633347},"point_estimate":97824.6248899069,"standard_error":1121.9811153980054},"std_dev":{"confidence_interval":{"confidence_level":0.95,"lower_bound":4077.1880425970553,"upper_bound":9004.577602939462},"point_estimate":6757.630791906747,"standard_error":1261.2158342887699}}