{"mean":{"confidence_interval":{"confidence_level":0.95,"lower_bound":26677185.81025,"upper_bound":27326665.83575},"point_estimate":27002081.27,"standard_error":165669.46768701277},"median":{"confidence_interval":{"confidence_level":0.95,"lower_bound":26615929.0,"upper_bound":27333082.5},"point_estimate":26998750.25,"standard_error":173174.6439830732},"median_abs_dev":{"confidence_interval":{"confidence_level":0.95,"lower_bound":1351564.8228049278,"upper_bound":2237706.672772765},"point_estimate":1702262.356428802,"standard_error":225931.48080003337},"slope":null,"std_dev":{"confidence_interval":{"confidence_level":0.95,"lower_bound":1453341.1370783246,"upper_bound":1842404.9649984904},"point_estimate":1660758.887116944,"standard_error":98917.44848535092}}