{"mean":{"confidence_interval":{"confidence_level":0.95,"lower_bound":146412.55008004466,"upper_bound":153548.1903015357},"point_estimate":149598.66027104302,"standard_error":1831.6002066897615},"median":{"confidence_interval":{"confidence_level":0.95,"lower_bound":142092.3646065583,"upper_bound":145781.87109440268},"point_estimate":143410.14196733898,"standard_error":944.5031711927609},"median_abs_dev":{"confidence_interval":{"confidence_level":0.95,"lower_bound":4772.579048129143,"upper_bound":10948.08709159086},"point_estimate":7129.750085244151,"standard_error":1507.5727675585358},"slope":{"confidence_interval":{"confidence_level":0.95,"lower_bound":142567.38954275794,"upper_bound":146380.69218170477},"point_estimate":144413.76584939516,"standard_error":974.1133691886064},"std_dev":{"confidence_interval":{"confidence_level":0.95,"lower_bound":10574.500693410011,"upper_bound":27042.80098547504},"point_estimate":18499.315960546704,"standard_error":4912.016736063975}}