{"mean":{"confidence_interval":{"confidence_level":0.95,"lower_bound":1235334.3419416596,"upper_bound":1440920.1974822497},"point_estimate":1313418.0337710592,"standard_error":56596.35659701595},"median":{"confidence_interval":{"confidence_level":0.95,"lower_bound":1214518.9666666668,"upper_bound":1270069.62},"point_estimate":1242242.7535145269,"standard_error":13795.33366370558},"median_abs_dev":{"confidence_interval":{"confidence_level":0.95,"lower_bound":84326.92884143155,"upper_bound":167123.88111736992},"point_estimate":118915.8808744586,"standard_error":22492.048173530402},"slope":{"confidence_interval":{"confidence_level":0.95,"lower_bound":1190186.3115536517,"upper_bound":1262321.8636321272},"point_estimate":1225034.3396571598,"standard_error":18445.779597594734},"std_dev":{"confidence_interval":{"confidence_level":0.95,"lower_bound":134238.60229234296,"upper_bound":955524.522146796},"point_estimate":570235.9872859566,"standard_error":281943.47238980443}}