{"mean":{"confidence_interval":{"confidence_level":0.95,"lower_bound":127310.90756502117,"upper_bound":134917.7358086321},"point_estimate":130530.62578091562,"standard_error":1967.0934874697261},"median":{"confidence_interval":{"confidence_level":0.95,"lower_bound":124719.18571428572,"upper_bound":126506.49118632117},"point_estimate":125404.77361111112,"standard_error":474.430312284046},"median_abs_dev":{"confidence_interval":{"confidence_level":0.95,"lower_bound":2119.3335591754653,"upper_bound":3950.409745755004},"point_estimate":2808.374905038535,"standard_error":499.65888282718146},"slope":{"confidence_interval":{"confidence_level":0.95,"lower_bound":124094.18467329774,"upper_bound":124923.03879183164},"point_estimate":124460.63007766448,"standard_error":211.79541988315484},"std_dev":{"confidence_interval":{"confidence_level":0.95,"lower_bound":6481.578796371704,"upper_bound":30949.77194150483},"point_estimate":19794.810348767413,"standard_error":6729.593357262436}}