{"mean":{"confidence_interval":{"confidence_level":0.95,"lower_bound":327396.89522106125,"upper_bound":354090.5164240734},"point_estimate":339587.428090447,"standard_error":6827.511658858184},"median":{"confidence_interval":{"confidence_level":0.95,"lower_bound":310877.04104229104,"upper_bound":329192.61923688394},"point_estimate":318426.1022727273,"standard_error":4853.2698409533805},"median_abs_dev":{"confidence_interval":{"confidence_level":0.95,"lower_bound":18796.841439347343,"upper_bound":38757.85810969949},"point_estimate":30940.815884609205,"standard_error":5368.254302043495},"slope":{"confidence_interval":{"confidence_level":0.95,"lower_bound":319101.8947757713,"upper_bound":334813.5676065107},"point_estimate":326622.44010122656,"standard_error":4028.011028021768},"std_dev":{"confidence_interval":{"confidence_level":0.95,"lower_bound":39388.1529534994,"upper_bound":93555.46239160642},"point_estimate":68589.1401454876,"standard_error":13870.330849935292}}