{"mean":{"confidence_interval":{"confidence_level":0.95,"lower_bound":391477.80890074425,"upper_bound":391717.37352420134},"point_estimate":391579.60017132526,"standard_error":62.01707407032311},"median":{"confidence_interval":{"confidence_level":0.95,"lower_bound":391392.5777777778,"upper_bound":391500.0410958904},"point_estimate":391437.3950044209,"standard_error":27.398158404095174},"median_abs_dev":{"confidence_interval":{"confidence_level":0.95,"lower_bound":130.3453218455407,"upper_bound":226.47721317992227},"point_estimate":167.04353540981697,"standard_error":24.82433993016814},"slope":{"confidence_interval":{"confidence_level":0.95,"lower_bound":391379.46945161273,"upper_bound":391442.32246296405},"point_estimate":391409.5952691986,"standard_error":16.031300902791628},"std_dev":{"confidence_interval":{"confidence_level":0.95,"lower_bound":252.84885383542397,"upper_bound":965.4891437638972},"point_estimate":620.6523647081673,"standard_error":210.40971349975922}}