{"mean":{"confidence_interval":{"confidence_level":0.95,"lower_bound":4817913.671204545,"upper_bound":4840427.353954544},"point_estimate":4828770.399090906,"standard_error":5734.279303328786},"median":{"confidence_interval":{"confidence_level":0.95,"lower_bound":4805546.636363637,"upper_bound":4822518.0},"point_estimate":4812066.818181818,"standard_error":4374.454901861634},"median_abs_dev":{"confidence_interval":{"confidence_level":0.95,"lower_bound":25123.734808508994,"upper_bound":44047.303918004036},"point_estimate":34399.89110746179,"standard_error":4757.068521597652},"slope":null,"std_dev":{"confidence_interval":{"confidence_level":0.95,"lower_bound":45123.52830853581,"upper_bound":67819.59798982913},"point_estimate":57631.88579450081,"standard_error":5780.715583184745}}