{"mean":{"confidence_interval":{"confidence_level":0.95,"lower_bound":57197.24277234967,"upper_bound":57581.470432595204},"point_estimate":57390.158181576895,"standard_error":98.43579704105932},"median":{"confidence_interval":{"confidence_level":0.95,"lower_bound":57217.70651200651,"upper_bound":57628.33827160494},"point_estimate":57455.67348927875,"standard_error":94.42464082865457},"median_abs_dev":{"confidence_interval":{"confidence_level":0.95,"lower_bound":718.3812273104561,"upper_bound":1227.7334899314055},"point_estimate":942.0988464272158,"standard_error":126.9525591115179},"slope":{"confidence_interval":{"confidence_level":0.95,"lower_bound":57077.1342880563,"upper_bound":57544.31402534946},"point_estimate":57305.85631479566,"standard_error":118.6159759218271},"std_dev":{"confidence_interval":{"confidence_level":0.95,"lower_bound":847.3061453814535,"upper_bound":1118.8343481161942},"point_estimate":989.2705957598935,"standard_error":69.35858342974228}}