{"mean":{"confidence_interval":{"confidence_level":0.95,"lower_bound":64350.66402061177,"upper_bound":65706.97529113035},"point_estimate":64941.52847969602,"standard_error":349.67241840980284},"median":{"confidence_interval":{"confidence_level":0.95,"lower_bound":63777.99996160934,"upper_bound":64290.325431034486},"point_estimate":64011.523041267945,"standard_error":123.10085696800422},"median_abs_dev":{"confidence_interval":{"confidence_level":0.95,"lower_bound":756.3898816495242,"upper_bound":1399.8895113624087},"point_estimate":1043.0714080442767,"standard_error":159.07973444496835},"slope":{"confidence_interval":{"confidence_level":0.95,"lower_bound":64541.89810283223,"upper_bound":66082.70711223713},"point_estimate":65275.185763817055,"standard_error":393.2402868854791},"std_dev":{"confidence_interval":{"confidence_level":0.95,"lower_bound":1662.4500729238187,"upper_bound":5292.694437471222},"point_estimate":3498.2209521108775,"standard_error":1049.4452505433167}}