{"mean":{"confidence_interval":{"confidence_level":0.95,"lower_bound":105159.33208414793,"upper_bound":106755.03912290426},"point_estimate":105901.22413921976,"standard_error":406.7472919443873},"median":{"confidence_interval":{"confidence_level":0.95,"lower_bound":104572.11818585644,"upper_bound":106152.75203761755},"point_estimate":105268.82603507763,"standard_error":389.23056462107957},"median_abs_dev":{"confidence_interval":{"confidence_level":0.95,"lower_bound":2431.0709349903955,"upper_bound":3554.54784716642},"point_estimate":3034.4789410168673,"standard_error":289.02804346380304},"slope":{"confidence_interval":{"confidence_level":0.95,"lower_bound":104058.19507094986,"upper_bound":104933.31931920358},"point_estimate":104492.6068893158,"standard_error":223.6084674390327},"std_dev":{"confidence_interval":{"confidence_level":0.95,"lower_bound":2657.667095407149,"upper_bound":5621.7485992500415},"point_estimate":4095.347757910313,"standard_error":803.3485257226755}}