{"mean":{"confidence_interval":{"confidence_level":0.95,"lower_bound":6171538.026500001,"upper_bound":6329141.870888891},"point_estimate":6246477.3900000015,"standard_error":40217.791725576324},"median":{"confidence_interval":{"confidence_level":0.95,"lower_bound":6103593.777777778,"upper_bound":6183296.388888889},"point_estimate":6144683.555555556,"standard_error":20034.559748701224},"median_abs_dev":{"confidence_interval":{"confidence_level":0.95,"lower_bound":157070.51244477415,"upper_bound":321225.29939711094},"point_estimate":241219.75701749325,"standard_error":46219.35952061525},"slope":null,"std_dev":{"confidence_interval":{"confidence_level":0.95,"lower_bound":291844.15653841855,"upper_bound":502139.74314225},"point_estimate":404407.4285117697,"standard_error":53882.24296373263}}