{"mean":{"confidence_interval":{"confidence_level":0.95,"lower_bound":316356.6387014884,"upper_bound":333094.91267140955},"point_estimate":324313.31176555326,"standard_error":4269.011379573045},"median":{"confidence_interval":{"confidence_level":0.95,"lower_bound":305812.71276595746,"upper_bound":322662.05241935485},"point_estimate":312124.86358767306,"standard_error":4324.849566804113},"median_abs_dev":{"confidence_interval":{"confidence_level":0.95,"lower_bound":19163.332654398237,"upper_bound":34296.517803857874},"point_estimate":23970.49865783148,"standard_error":3844.2374257649835},"slope":{"confidence_interval":{"confidence_level":0.95,"lower_bound":304437.03376308526,"upper_bound":319536.97962402244},"point_estimate":311496.95179917244,"standard_error":3841.5710715592654},"std_dev":{"confidence_interval":{"confidence_level":0.95,"lower_bound":30475.189060066536,"upper_bound":54351.534328908594},"point_estimate":42910.993319782545,"standard_error":6148.884004540756}}