{"mean":{"confidence_interval":{"confidence_level":0.95,"lower_bound":2835435.6180000002,"upper_bound":2907088.148157895},"point_estimate":2869712.0657894737,"standard_error":18233.338273340305},"median":{"confidence_interval":{"confidence_level":0.95,"lower_bound":2804627.4736842103,"upper_bound":2889772.842105263},"point_estimate":2832596.263157895,"standard_error":19666.23852954008},"median_abs_dev":{"confidence_interval":{"confidence_level":0.95,"lower_bound":117695.10646838906,"upper_bound":183898.5794719899},"point_estimate":155560.67078035115,"standard_error":15920.401316289954},"slope":null,"std_dev":{"confidence_interval":{"confidence_level":0.95,"lower_bound":135702.45414517497,"upper_bound":227349.74087882857},"point_estimate":183374.66409853363,"standard_error":23441.96979880625}}