{"mean":{"confidence_interval":{"confidence_level":0.95,"lower_bound":642782.835311263,"upper_bound":679263.7594300102},"point_estimate":660166.8844660764,"standard_error":9309.050164945118},"median":{"confidence_interval":{"confidence_level":0.95,"lower_bound":622952.1988636364,"upper_bound":649210.8191407749},"point_estimate":635887.1977074966,"standard_error":6487.377219909447},"median_abs_dev":{"confidence_interval":{"confidence_level":0.95,"lower_bound":46122.08609116933,"upper_bound":77540.58692543821},"point_estimate":65038.83520149249,"standard_error":7775.095351600676},"slope":{"confidence_interval":{"confidence_level":0.95,"lower_bound":615158.5365565114,"upper_bound":653678.513276067},"point_estimate":632996.1802852076,"standard_error":9858.410283973817},"std_dev":{"confidence_interval":{"confidence_level":0.95,"lower_bound":66494.16043290454,"upper_bound":117378.29677627426},"point_estimate":93582.05529305455,"standard_error":12991.783152191349}}