{"mean":{"confidence_interval":{"confidence_level":0.95,"lower_bound":12870595.285625,"upper_bound":12982436.496312499},"point_estimate":12922529.6475,"standard_error":28495.461021459847},"median":{"confidence_interval":{"confidence_level":0.95,"lower_bound":12809757.5,"upper_bound":12882069.625},"point_estimate":12863470.625,"standard_error":18733.918569761696},"median_abs_dev":{"confidence_interval":{"confidence_level":0.95,"lower_bound":127894.26282942295,"upper_bound":213610.96563264728},"point_estimate":170834.6205420792,"standard_error":21457.04989553207},"slope":null,"std_dev":{"confidence_interval":{"confidence_level":0.95,"lower_bound":192995.6619057505,"upper_bound":364939.72505374864},"point_estimate":286231.1074838578,"standard_error":44137.88199919569}}