{"mean":{"confidence_interval":{"confidence_level":0.95,"lower_bound":121621.77706846852,"upper_bound":130758.34088300946},"point_estimate":125564.69040134773,"standard_error":2351.0908989312175},"median":{"confidence_interval":{"confidence_level":0.95,"lower_bound":117636.56444444445,"upper_bound":120995.84580498867},"point_estimate":118911.79510155317,"standard_error":945.7047327844717},"median_abs_dev":{"confidence_interval":{"confidence_level":0.95,"lower_bound":4730.290457194736,"upper_bound":9660.35154077727},"point_estimate":7259.780500039501,"standard_error":1281.4274438084171},"slope":{"confidence_interval":{"confidence_level":0.95,"lower_bound":116614.27431781557,"upper_bound":120011.99456514596},"point_estimate":118136.86129878659,"standard_error":870.108936448657},"std_dev":{"confidence_interval":{"confidence_level":0.95,"lower_bound":10351.7947669325,"upper_bound":35998.81391438272},"point_estimate":23521.688297009943,"standard_error":7233.3620789475635}}