{"mean":{"confidence_interval":{"confidence_level":0.95,"lower_bound":174932.0352685859,"upper_bound":176394.1966655999},"point_estimate":175594.92402275495,"standard_error":374.7640282876288},"median":{"confidence_interval":{"confidence_level":0.95,"lower_bound":174595.0,"upper_bound":175282.05841404357},"point_estimate":174993.49311201446,"standard_error":161.91297765089715},"median_abs_dev":{"confidence_interval":{"confidence_level":0.95,"lower_bound":1404.5621420196169,"upper_bound":2291.9907855593488},"point_estimate":1847.1850259081166,"standard_error":226.21675327413007},"slope":{"confidence_interval":{"confidence_level":0.95,"lower_bound":174657.60809510853,"upper_bound":175426.6893310091},"point_estimate":175038.3753450569,"standard_error":196.49867715417255},"std_dev":{"confidence_interval":{"confidence_level":0.95,"lower_bound":2021.423972224761,"upper_bound":5269.28998338412},"point_estimate":3762.6072639097106,"standard_error":850.3187874222456}}