{"mean":{"confidence_interval":{"confidence_level":0.95,"lower_bound":1762240.5637401522,"upper_bound":1817211.2580627804},"point_estimate":1789548.3641255596,"standard_error":14020.38537486956},"median":{"confidence_interval":{"confidence_level":0.95,"lower_bound":1751147.9473684211,"upper_bound":1786589.1764705882},"point_estimate":1768087.6132275132,"standard_error":8075.910786169222},"median_abs_dev":{"confidence_interval":{"confidence_level":0.95,"lower_bound":70333.83119484346,"upper_bound":152216.10672642651},"point_estimate":103000.05302933803,"standard_error":20663.898562958457},"slope":{"confidence_interval":{"confidence_level":0.95,"lower_bound":1804442.2427830144,"upper_bound":1862791.8619541102},"point_estimate":1832531.2522003842,"standard_error":14868.554826009275},"std_dev":{"confidence_interval":{"confidence_level":0.95,"lower_bound":118700.226926857,"upper_bound":160092.71873984305},"point_estimate":140571.23211224916,"standard_error":10538.209195876514}}