{"mean":{"confidence_interval":{"confidence_level":0.95,"lower_bound":3232414.852828125,"upper_bound":3273983.987671875},"point_estimate":3253169.651875,"standard_error":10609.297614561694},"median":{"confidence_interval":{"confidence_level":0.95,"lower_bound":3232600.34375,"upper_bound":3278681.6875},"point_estimate":3258692.8125,"standard_error":12398.41819857723},"median_abs_dev":{"confidence_interval":{"confidence_level":0.95,"lower_bound":65118.478056415915,"upper_bound":109798.94482567906},"point_estimate":87331.30050580949,"standard_error":11409.55826957672},"slope":null,"std_dev":{"confidence_interval":{"confidence_level":0.95,"lower_bound":88760.33277121412,"upper_bound":123112.11024954352},"point_estimate":106557.03308063983,"standard_error":8785.99144783498}}