{"mean":{"confidence_interval":{"confidence_level":0.95,"lower_bound":2730186.4944444443,"upper_bound":2843511.937777778},"point_estimate":2780983.8416666673,"standard_error":28959.085135249923},"median":{"confidence_interval":{"confidence_level":0.95,"lower_bound":2677051.611111111,"upper_bound":2771550.5555555555},"point_estimate":2725637.1944444445,"standard_error":24676.451145290772},"median_abs_dev":{"confidence_interval":{"confidence_level":0.95,"lower_bound":109945.86636473774,"upper_bound":179141.23695294047},"point_estimate":132551.15053007996,"standard_error":18038.077297778713},"slope":null,"std_dev":{"confidence_interval":{"confidence_level":0.95,"lower_bound":164611.8153708935,"upper_bound":420368.070596746},"point_estimate":291207.2539328992,"standard_error":70893.88144530288}}