{"mean":{"confidence_interval":{"confidence_level":0.95,"lower_bound":484019.2120691102,"upper_bound":495410.8895606188},"point_estimate":489689.77985911374,"standard_error":2910.616195303859},"median":{"confidence_interval":{"confidence_level":0.95,"lower_bound":482507.9810126582,"upper_bound":494098.5294117647},"point_estimate":488561.0324074074,"standard_error":2669.454069376406},"median_abs_dev":{"confidence_interval":{"confidence_level":0.95,"lower_bound":19894.795063770518,"upper_bound":38485.765973685484},"point_estimate":29741.537983695434,"standard_error":4653.512987694555},"slope":{"confidence_interval":{"confidence_level":0.95,"lower_bound":486399.7674824092,"upper_bound":500498.47678886715},"point_estimate":493305.99796216935,"standard_error":3591.9577069579345},"std_dev":{"confidence_interval":{"confidence_level":0.95,"lower_bound":25628.280277048118,"upper_bound":32582.234535957516},"point_estimate":29344.533537374624,"standard_error":1773.271190483354}}