{"mean":{"confidence_interval":{"confidence_level":0.95,"lower_bound":54678.09856817271,"upper_bound":55258.49955543855},"point_estimate":54943.27415632823,"standard_error":149.26079271818315},"median":{"confidence_interval":{"confidence_level":0.95,"lower_bound":54500.932499999995,"upper_bound":54765.37474906171},"point_estimate":54625.496931714326,"standard_error":60.00783579466844},"median_abs_dev":{"confidence_interval":{"confidence_level":0.95,"lower_bound":426.78259363167257,"upper_bound":722.9026294471857},"point_estimate":545.9193420832567,"standard_error":73.07615961455245},"slope":{"confidence_interval":{"confidence_level":0.95,"lower_bound":54646.57035522463,"upper_bound":54944.27819758391},"point_estimate":54787.57830763674,"standard_error":75.61283919896752},"std_dev":{"confidence_interval":{"confidence_level":0.95,"lower_bound":855.9623553672225,"upper_bound":2057.553089547993},"point_estimate":1498.477832884202,"standard_error":308.74866587373566}}