{"mean":{"confidence_interval":{"confidence_level":0.95,"lower_bound":1782935.4180874561,"upper_bound":2103691.5614713873},"point_estimate":1920980.2255883273,"standard_error":82309.29737421808},"median":{"confidence_interval":{"confidence_level":0.95,"lower_bound":1651519.3,"upper_bound":1729160.1621621621},"point_estimate":1685766.5445752733,"standard_error":18577.672945541937},"median_abs_dev":{"confidence_interval":{"confidence_level":0.95,"lower_bound":99142.59539001604,"upper_bound":208646.7727526305},"point_estimate":158395.21408637305,"standard_error":30349.642016847054},"slope":{"confidence_interval":{"confidence_level":0.95,"lower_bound":1603582.7935961774,"upper_bound":1653605.4760743913},"point_estimate":1627039.054680065,"standard_error":12756.249003258139},"std_dev":{"confidence_interval":{"confidence_level":0.95,"lower_bound":336529.9236274465,"upper_bound":1269536.360991919},"point_estimate":828792.9976136264,"standard_error":256130.82125574566}}