{"mean":{"confidence_interval":{"confidence_level":0.95,"lower_bound":713927.2019680033,"upper_bound":751494.3585449443},"point_estimate":731317.7941737953,"standard_error":9555.632597095364},"median":{"confidence_interval":{"confidence_level":0.95,"lower_bound":717031.957236842,"upper_bound":732009.881879356},"point_estimate":721849.5791666666,"standard_error":3987.5548183329283},"median_abs_dev":{"confidence_interval":{"confidence_level":0.95,"lower_bound":34860.52897629415,"upper_bound":73321.2117078324},"point_estimate":51185.84599710275,"standard_error":10675.045949648482},"slope":{"confidence_interval":{"confidence_level":0.95,"lower_bound":690354.0584609724,"upper_bound":729552.714653093},"point_estimate":707936.5884882518,"standard_error":10035.519528263012},"std_dev":{"confidence_interval":{"confidence_level":0.95,"lower_bound":56940.088327930585,"upper_bound":131370.69936450152},"point_estimate":96048.04113972797,"standard_error":19235.898709698744}}