{"mean":{"confidence_interval":{"confidence_level":0.95,"lower_bound":67488.39739848065,"upper_bound":69256.71014941118},"point_estimate":68361.18313762122,"standard_error":451.34281079991456},"median":{"confidence_interval":{"confidence_level":0.95,"lower_bound":66436.95256410257,"upper_bound":69421.40599250936},"point_estimate":67997.45918846413,"standard_error":789.9030063662098},"median_abs_dev":{"confidence_interval":{"confidence_level":0.95,"lower_bound":3756.068585538671,"upper_bound":5992.25029079578},"point_estimate":4991.940374575342,"standard_error":593.206918302757},"slope":{"confidence_interval":{"confidence_level":0.95,"lower_bound":67511.03424688202,"upper_bound":69617.7267872904},"point_estimate":68555.32688143442,"standard_error":537.5610278203969},"std_dev":{"confidence_interval":{"confidence_level":0.95,"lower_bound":3921.101597100309,"upper_bound":5143.039774339318},"point_estimate":4560.090871434571,"standard_error":311.38030577969613}}