{"mean":{"confidence_interval":{"confidence_level":0.95,"lower_bound":7311382.755821428,"upper_bound":7502984.45539286},"point_estimate":7404179.254285717,"standard_error":49033.09870444729},"median":{"confidence_interval":{"confidence_level":0.95,"lower_bound":7149813.928571429,"upper_bound":7481985.571428572},"point_estimate":7291736.357142856,"standard_error":88830.84104576486},"median_abs_dev":{"confidence_interval":{"confidence_level":0.95,"lower_bound":341730.71603306744,"upper_bound":591601.0202969825},"point_estimate":445595.4220890985,"standard_error":63947.736075196095},"slope":null,"std_dev":{"confidence_interval":{"confidence_level":0.95,"lower_bound":401907.2180908406,"upper_bound":577541.6009890953},"point_estimate":492273.7798231872,"standard_error":45016.650450081455}}