{"mean":{"confidence_interval":{"confidence_level":0.95,"lower_bound":878616.2699260971,"upper_bound":935517.3045877347},"point_estimate":906052.3917851016,"standard_error":14548.367992011788},"median":{"confidence_interval":{"confidence_level":0.95,"lower_bound":855331.8356164383,"upper_bound":905387.1981132076},"point_estimate":889275.3560606061,"standard_error":10755.841552977772},"median_abs_dev":{"confidence_interval":{"confidence_level":0.95,"lower_bound":77506.43531157682,"upper_bound":148711.1780469455},"point_estimate":115568.47231756369,"standard_error":18141.57283689238},"slope":{"confidence_interval":{"confidence_level":0.95,"lower_bound":891343.8282422165,"upper_bound":937460.8302830918},"point_estimate":913980.6431535393,"standard_error":11754.246536890414},"std_dev":{"confidence_interval":{"confidence_level":0.95,"lower_bound":113345.9552189892,"upper_bound":177061.75760262535},"point_estimate":146535.07836103253,"standard_error":16322.862115889693}}