{"mean":{"confidence_interval":{"confidence_level":0.95,"lower_bound":991829.9468816784,"upper_bound":1017446.6815265882},"point_estimate":1003789.3963896334,"standard_error":6557.597956090477},"median":{"confidence_interval":{"confidence_level":0.95,"lower_bound":983551.85,"upper_bound":1002740.8377541999},"point_estimate":993354.7989049279,"standard_error":4324.711225668975},"median_abs_dev":{"confidence_interval":{"confidence_level":0.95,"lower_bound":23013.95377134851,"upper_bound":41190.56343606217},"point_estimate":34677.6746367662,"standard_error":4661.893805660165},"slope":{"confidence_interval":{"confidence_level":0.95,"lower_bound":978724.9656416733,"upper_bound":992516.1907092956},"point_estimate":985401.4261799911,"standard_error":3522.112898207149},"std_dev":{"confidence_interval":{"confidence_level":0.95,"lower_bound":42813.02565152548,"upper_bound":85640.74106244593},"point_estimate":66086.28731378299,"standard_error":10957.160649743879}}