{"mean":{"confidence_interval":{"confidence_level":0.95,"lower_bound":2610762.3742857147,"upper_bound":2673700.313880953},"point_estimate":2641144.5661904765,"standard_error":16029.3113060583},"median":{"confidence_interval":{"confidence_level":0.95,"lower_bound":2553017.238095238,"upper_bound":2591817.904761905},"point_estimate":2569165.023809524,"standard_error":8667.283207142325},"median_abs_dev":{"confidence_interval":{"confidence_level":0.95,"lower_bound":48608.69923702326,"upper_bound":98827.43144546279},"point_estimate":62700.6354868412,"standard_error":12241.26271902632},"slope":null,"std_dev":{"confidence_interval":{"confidence_level":0.95,"lower_bound":131073.27826506412,"upper_bound":185644.82635713747},"point_estimate":160442.599934394,"standard_error":13949.290663932723}}