{"mean":{"confidence_interval":{"confidence_level":0.95,"lower_bound":82482.36037041181,"upper_bound":82657.2295037913},"point_estimate":82559.19709635159,"standard_error":44.79914099260157},"median":{"confidence_interval":{"confidence_level":0.95,"lower_bound":82415.00615384616,"upper_bound":82495.79264214047},"point_estimate":82472.15264620437,"standard_error":19.68186734266578},"median_abs_dev":{"confidence_interval":{"confidence_level":0.95,"lower_bound":113.3325091491158,"upper_bound":183.66640392823368},"point_estimate":152.79672253215722,"standard_error":17.243310027792816},"slope":{"confidence_interval":{"confidence_level":0.95,"lower_bound":82407.06975683497,"upper_bound":82492.36593809609},"point_estimate":82446.23487831217,"standard_error":21.750271733916307},"std_dev":{"confidence_interval":{"confidence_level":0.95,"lower_bound":206.30244906848196,"upper_bound":670.5208168064938},"point_estimate":450.19081778390336,"standard_error":122.87752548946833}}