{"mean":{"confidence_interval":{"confidence_level":0.95,"lower_bound":684234.2670752177,"upper_bound":735314.6708782385},"point_estimate":707647.6249657399,"standard_error":13136.479804992705},"median":{"confidence_interval":{"confidence_level":0.95,"lower_bound":661837.7213497453,"upper_bound":696606.8194444445},"point_estimate":682011.6033062162,"standard_error":8619.559776981409},"median_abs_dev":{"confidence_interval":{"confidence_level":0.95,"lower_bound":53837.772864188475,"upper_bound":86874.49590092085},"point_estimate":71707.52792233,"standard_error":8557.353359664738},"slope":{"confidence_interval":{"confidence_level":0.95,"lower_bound":650981.517270637,"upper_bound":685219.3666946257},"point_estimate":666489.4076725284,"standard_error":8762.816188667464},"std_dev":{"confidence_interval":{"confidence_level":0.95,"lower_bound":72937.11977950529,"upper_bound":185030.72827947765},"point_estimate":132509.24887889338,"standard_error":29086.585729204347}}