{"mean":{"confidence_interval":{"confidence_level":0.95,"lower_bound":65308.94694350214,"upper_bound":66115.8784631226},"point_estimate":65694.8778778455,"standard_error":205.12750902653084},"median":{"confidence_interval":{"confidence_level":0.95,"lower_bound":65367.3,"upper_bound":65853.03208359182},"point_estimate":65657.69988785885,"standard_error":141.78324471828026},"median_abs_dev":{"confidence_interval":{"confidence_level":0.95,"lower_bound":703.8175986484353,"upper_bound":1516.8172716787913},"point_estimate":982.3482388098287,"standard_error":219.248295423273},"slope":{"confidence_interval":{"confidence_level":0.95,"lower_bound":65543.24155329808,"upper_bound":66202.89071168606},"point_estimate":65877.652699867,"standard_error":168.2006724658203},"std_dev":{"confidence_interval":{"confidence_level":0.95,"lower_bound":1468.7270409273733,"upper_bound":2722.2808941410526},"point_estimate":2063.4086185427204,"standard_error":333.7313949635012}}