{"mean":{"confidence_interval":{"confidence_level":0.95,"lower_bound":323932.99643175426,"upper_bound":356604.5422514937},"point_estimate":338409.9917979472,"standard_error":8413.056312699491},"median":{"confidence_interval":{"confidence_level":0.95,"lower_bound":307943.0868673051,"upper_bound":320858.5625},"point_estimate":312187.25416666665,"standard_error":3510.6201295041096},"median_abs_dev":{"confidence_interval":{"confidence_level":0.95,"lower_bound":17815.04255838144,"upper_bound":37192.84358469505},"point_estimate":25812.67441859705,"standard_error":5100.992057392662},"slope":{"confidence_interval":{"confidence_level":0.95,"lower_bound":321989.01962942217,"upper_bound":336921.6771267604},"point_estimate":329447.322152357,"standard_error":3807.1615892397394},"std_dev":{"confidence_interval":{"confidence_level":0.95,"lower_bound":36287.01587022584,"upper_bound":123178.86279744167},"point_estimate":84324.0940767596,"standard_error":22563.342643755353}}