{"mean":{"confidence_interval":{"confidence_level":0.95,"lower_bound":343317.16314720816,"upper_bound":370782.67787257844},"point_estimate":355441.65857839526,"standard_error":7021.344861831789},"median":{"confidence_interval":{"confidence_level":0.95,"lower_bound":332059.0569060363,"upper_bound":348536.077294686},"point_estimate":337502.7890712682,"standard_error":4086.475809403849},"median_abs_dev":{"confidence_interval":{"confidence_level":0.95,"lower_bound":23804.51013924043,"upper_bound":40038.85917133715},"point_estimate":29578.212463327127,"standard_error":4002.984460601381},"slope":{"confidence_interval":{"confidence_level":0.95,"lower_bound":345781.92416229437,"upper_bound":372827.5008700765},"point_estimate":357892.56033889955,"standard_error":6976.80128945633},"std_dev":{"confidence_interval":{"confidence_level":0.95,"lower_bound":36505.14911442813,"upper_bound":105161.73630574351},"point_estimate":70672.96210021985,"standard_error":19917.988925907677}}