{"mean":{"confidence_interval":{"confidence_level":0.95,"lower_bound":33254.43856047233,"upper_bound":33464.60815169717},"point_estimate":33333.84667452679,"standard_error":56.56115387678965},"median":{"confidence_interval":{"confidence_level":0.95,"lower_bound":33247.73440860215,"upper_bound":33257.940133477634},"point_estimate":33252.23061450964,"standard_error":2.633398652813658},"median_abs_dev":{"confidence_interval":{"confidence_level":0.95,"lower_bound":21.594995241611116,"upper_bound":37.80634871988417},"point_estimate":30.213017434209522,"standard_error":4.228168901925913},"slope":{"confidence_interval":{"confidence_level":0.95,"lower_bound":33247.72141415235,"upper_bound":33358.502933822754},"point_estimate":33289.3456574553,"standard_error":29.57258412994842},"std_dev":{"confidence_interval":{"confidence_level":0.95,"lower_bound":33.05763081793438,"upper_bound":948.2726874370064},"point_estimate":569.870184537673,"standard_error":270.8215549663907}}