{"mean":{"confidence_interval":{"confidence_level":0.95,"lower_bound":3980538.7594230776,"upper_bound":4086994.419057691},"point_estimate":4033217.001538461,"standard_error":27257.279752192382},"median":{"confidence_interval":{"confidence_level":0.95,"lower_bound":3927839.346153846,"upper_bound":4048454.346153846},"point_estimate":3978535.5,"standard_error":30312.8047290416},"median_abs_dev":{"confidence_interval":{"confidence_level":0.95,"lower_bound":202316.84691585074,"upper_bound":337289.66927344986},"point_estimate":260154.95365055723,"standard_error":35067.4055857186},"slope":null,"std_dev":{"confidence_interval":{"confidence_level":0.95,"lower_bound":235192.73820797328,"upper_bound":309635.93498852215},"point_estimate":274253.4933358946,"standard_error":18993.82655478654}}