{"mean":{"confidence_interval":{"confidence_level":0.95,"lower_bound":483712.2894225206,"upper_bound":515699.27755049645},"point_estimate":497507.10282126965,"standard_error":8228.662199379758},"median":{"confidence_interval":{"confidence_level":0.95,"lower_bound":474540.9169590643,"upper_bound":504552.95035460993},"point_estimate":486908.15486111114,"standard_error":7391.375986026122},"median_abs_dev":{"confidence_interval":{"confidence_level":0.95,"lower_bound":44434.66068893412,"upper_bound":70125.62156164712},"point_estimate":61733.06937564903,"standard_error":6809.6857909145865},"slope":{"confidence_interval":{"confidence_level":0.95,"lower_bound":485340.4063206895,"upper_bound":510138.8662935109},"point_estimate":498121.3398344909,"standard_error":6330.366148827078},"std_dev":{"confidence_interval":{"confidence_level":0.95,"lower_bound":42890.897831440954,"upper_bound":126179.11057974887},"point_estimate":82554.5614203011,"standard_error":26474.736183064593}}