{"mean":{"confidence_interval":{"confidence_level":0.95,"lower_bound":100809.47977567944,"upper_bound":105412.78955286805},"point_estimate":102889.87818615705,"standard_error":1179.4875895452176},"median":{"confidence_interval":{"confidence_level":0.95,"lower_bound":99172.58705426357,"upper_bound":101224.15790985417},"point_estimate":100406.02998475029,"standard_error":598.552967180548},"median_abs_dev":{"confidence_interval":{"confidence_level":0.95,"lower_bound":3478.612927107525,"upper_bound":6403.403824383176},"point_estimate":4789.843313030089,"standard_error":762.7838958091081},"slope":{"confidence_interval":{"confidence_level":0.95,"lower_bound":98196.14156955338,"upper_bound":100603.8184487599},"point_estimate":99360.81153214128,"standard_error":615.1024193377563},"std_dev":{"confidence_interval":{"confidence_level":0.95,"lower_bound":6381.59169702958,"upper_bound":17228.382960255778},"point_estimate":11885.225349290917,"standard_error":2998.962399443979}}