{"mean":{"confidence_interval":{"confidence_level":0.95,"lower_bound":1544771.3288729172,"upper_bound":1640745.6468326123},"point_estimate":1588043.2403533733,"standard_error":24682.576175756196},"median":{"confidence_interval":{"confidence_level":0.95,"lower_bound":1507958.5263157894,"upper_bound":1555775.8014184397},"point_estimate":1537745.2301449275,"standard_error":13110.741749622654},"median_abs_dev":{"confidence_interval":{"confidence_level":0.95,"lower_bound":79335.50019343637,"upper_bound":139274.43846430726},"point_estimate":116784.4823137914,"standard_error":15539.325772705904},"slope":{"confidence_interval":{"confidence_level":0.95,"lower_bound":1543249.5281473175,"upper_bound":1599618.9784016209},"point_estimate":1570138.6153539235,"standard_error":14395.911652875806},"std_dev":{"confidence_interval":{"confidence_level":0.95,"lower_bound":123878.18077783314,"upper_bound":361543.23315495654},"point_estimate":248274.18425993226,"standard_error":62827.51617968237}}