{"mean":{"confidence_interval":{"confidence_level":0.95,"lower_bound":59755.833032745875,"upper_bound":60428.1594372747},"point_estimate":60051.72613209429,"standard_error":172.11998788308733},"median":{"confidence_interval":{"confidence_level":0.95,"lower_bound":59411.09762202753,"upper_bound":60196.3025210084},"point_estimate":59674.34764815017,"standard_error":194.63486335996765},"median_abs_dev":{"confidence_interval":{"confidence_level":0.95,"lower_bound":853.7221191030771,"upper_bound":1403.3174973444145},"point_estimate":1124.988549222451,"standard_error":144.20443821295416},"slope":{"confidence_interval":{"confidence_level":0.95,"lower_bound":59864.72888200999,"upper_bound":60443.03512956906},"point_estimate":60156.93720042768,"standard_error":147.56416676410709},"std_dev":{"confidence_interval":{"confidence_level":0.95,"lower_bound":963.2915815852624,"upper_bound":2570.3069306660277},"point_estimate":1716.6520657168264,"standard_error":509.1268844568994}}