{"mean":{"confidence_interval":{"confidence_level":0.95,"lower_bound":1305474.7977880724,"upper_bound":1383034.9782470264},"point_estimate":1343175.0882245156,"standard_error":19841.536579015246},"median":{"confidence_interval":{"confidence_level":0.95,"lower_bound":1273239.5540050743,"upper_bound":1358672.7857142857},"point_estimate":1296390.420575693,"standard_error":18896.234537274802},"median_abs_dev":{"confidence_interval":{"confidence_level":0.95,"lower_bound":120953.43015333718,"upper_bound":203060.6511813532},"point_estimate":150512.8047526266,"standard_error":19895.89093195147},"slope":{"confidence_interval":{"confidence_level":0.95,"lower_bound":1272816.7785921204,"upper_bound":1368079.5565524749},"point_estimate":1318177.0089256687,"standard_error":24247.50355001449},"std_dev":{"confidence_interval":{"confidence_level":0.95,"lower_bound":157527.71426586612,"upper_bound":237593.1331516484},"point_estimate":199630.8947426251,"standard_error":20515.92374650852}}