{"mean":{"confidence_interval":{"confidence_level":0.95,"lower_bound":38263.21955766039,"upper_bound":38395.23766254316},"point_estimate":38325.45247492827,"standard_error":33.710689785488775},"median":{"confidence_interval":{"confidence_level":0.95,"lower_bound":38180.70769230769,"upper_bound":38303.73846153846},"point_estimate":38244.46336996337,"standard_error":28.292104109747545},"median_abs_dev":{"confidence_interval":{"confidence_level":0.95,"lower_bound":152.8305566533593,"upper_bound":279.8255963962609},"point_estimate":206.97268651287837,"standard_error":33.31707395606832},"slope":{"confidence_interval":{"confidence_level":0.95,"lower_bound":38211.36370686425,"upper_bound":38349.526019363824},"point_estimate":38277.60294426572,"standard_error":35.36066154900584},"std_dev":{"confidence_interval":{"confidence_level":0.95,"lower_bound":243.58098957135465,"upper_bound":436.87611661150544},"point_estimate":338.8293690745804,"standard_error":50.4893553718337}}