{"mean":{"confidence_interval":{"confidence_level":0.95,"lower_bound":2882291.952944443,"upper_bound":2912078.9769027773},"point_estimate":2896368.738888888,"standard_error":7607.068165386882},"median":{"confidence_interval":{"confidence_level":0.95,"lower_bound":2879838.111111111,"upper_bound":2906887.444444444},"point_estimate":2894558.722222222,"standard_error":7494.116278462873},"median_abs_dev":{"confidence_interval":{"confidence_level":0.95,"lower_bound":40062.157555421116,"upper_bound":75915.41764306506},"point_estimate":59736.959322790615,"standard_error":9168.924971273493},"slope":null,"std_dev":{"confidence_interval":{"confidence_level":0.95,"lower_bound":53233.65388485192,"upper_bound":102748.25152638559},"point_estimate":76194.17166316591,"standard_error":13589.775446523301}}