{"mean":{"confidence_interval":{"confidence_level":0.95,"lower_bound":111396823.23125,"upper_bound":113551724.18875},"point_estimate":112408861.91,"standard_error":549528.8013571613},"median":{"confidence_interval":{"confidence_level":0.95,"lower_bound":110841605.0,"upper_bound":112585517.0},"point_estimate":111539411.0,"standard_error":430178.3621541999},"median_abs_dev":{"confidence_interval":{"confidence_level":0.95,"lower_bound":3024729.709215314,"upper_bound":4899221.590371427},"point_estimate":3995633.615863323,"standard_error":494308.16632252326},"slope":null,"std_dev":{"confidence_interval":{"confidence_level":0.95,"lower_bound":3782619.552728336,"upper_bound":7401018.821735784},"point_estimate":5497666.253867976,"standard_error":986147.1847468057}}