{"mean":{"confidence_interval":{"confidence_level":0.95,"lower_bound":120038.75483331652,"upper_bound":122351.43002511747},"point_estimate":121182.39948503349,"standard_error":589.426448935271},"median":{"confidence_interval":{"confidence_level":0.95,"lower_bound":118630.51851851853,"upper_bound":122102.21954484606},"point_estimate":120852.27012108262,"standard_error":1021.4607881773981},"median_abs_dev":{"confidence_interval":{"confidence_level":0.95,"lower_bound":5137.255333643975,"upper_bound":8113.639686723341},"point_estimate":6920.8077934274,"standard_error":762.4703064591587},"slope":{"confidence_interval":{"confidence_level":0.95,"lower_bound":120921.118695768,"upper_bound":124068.45212115854},"point_estimate":122486.37871697618,"standard_error":802.2490410926642},"std_dev":{"confidence_interval":{"confidence_level":0.95,"lower_bound":5245.320049659753,"upper_bound":6518.646537812863},"point_estimate":5933.940800575788,"standard_error":325.07994349839817}}