{"mean":{"confidence_interval":{"confidence_level":0.95,"lower_bound":732465.147273688,"upper_bound":775599.842136135},"point_estimate":752446.2847724372,"standard_error":11036.918342887473},"median":{"confidence_interval":{"confidence_level":0.95,"lower_bound":714854.6166666667,"upper_bound":739943.0186111111},"point_estimate":726862.1149122807,"standard_error":7187.546974268844},"median_abs_dev":{"confidence_interval":{"confidence_level":0.95,"lower_bound":34153.31488922398,"upper_bound":59279.930424719794},"point_estimate":42665.48974874312,"standard_error":6398.369297949798},"slope":{"confidence_interval":{"confidence_level":0.95,"lower_bound":709050.8614593141,"upper_bound":730791.6924387605},"point_estimate":720085.801100931,"standard_error":5555.9840594197085},"std_dev":{"confidence_interval":{"confidence_level":0.95,"lower_bound":68199.7488871942,"upper_bound":146685.99758473272},"point_estimate":110609.27888458024,"standard_error":20085.188061747776}}