{"mean":{"confidence_interval":{"confidence_level":0.95,"lower_bound":513734.9052675021,"upper_bound":520014.5123022287},"point_estimate":516480.97544925264,"standard_error":1619.409601831052},"median":{"confidence_interval":{"confidence_level":0.95,"lower_bound":511414.64864864864,"upper_bound":512756.54761904763},"point_estimate":511874.4011744128,"standard_error":402.55716414268494},"median_abs_dev":{"confidence_interval":{"confidence_level":0.95,"lower_bound":2044.7901580775786,"upper_bound":3679.834964288881},"point_estimate":2803.2820335503716,"standard_error":428.2552183763026},"slope":{"confidence_interval":{"confidence_level":0.95,"lower_bound":510777.3027320898,"upper_bound":513535.34304010577},"point_estimate":511869.67881335894,"standard_error":727.0316475984604},"std_dev":{"confidence_interval":{"confidence_level":0.95,"lower_bound":7332.1731867619155,"upper_bound":24764.091485689387},"point_estimate":16377.506741488614,"standard_error":4911.61855312389}}