{"mean":{"confidence_interval":{"confidence_level":0.95,"lower_bound":43786525.561,"upper_bound":44508187.435},"point_estimate":44114787.1,"standard_error":184896.38809970242},"median":{"confidence_interval":{"confidence_level":0.95,"lower_bound":43625329.0,"upper_bound":43997207.0},"point_estimate":43857665.75,"standard_error":105499.5625964547},"median_abs_dev":{"confidence_interval":{"confidence_level":0.95,"lower_bound":738260.6568932533,"upper_bound":1419794.44424361},"point_estimate":1078945.0809448957,"standard_error":172789.57699657863},"slope":null,"std_dev":{"confidence_interval":{"confidence_level":0.95,"lower_bound":1148205.9077340905,"upper_bound":2643897.426257245},"point_estimate":1861360.6525860103,"standard_error":430295.7166238916}}