{"mean":{"confidence_interval":{"confidence_level":0.95,"lower_bound":632179.5842078698,"upper_bound":644453.3037771082},"point_estimate":638214.7970273911,"standard_error":3120.7760701132593},"median":{"confidence_interval":{"confidence_level":0.95,"lower_bound":625767.8666666667,"upper_bound":641647.7972972973},"point_estimate":634324.3086558855,"standard_error":4121.745439693301},"median_abs_dev":{"confidence_interval":{"confidence_level":0.95,"lower_bound":25058.239991993196,"upper_bound":40366.610133205206},"point_estimate":34937.28697217817,"standard_error":3781.4763263841883},"slope":{"confidence_interval":{"confidence_level":0.95,"lower_bound":638966.4090980467,"upper_bound":653913.0720314097},"point_estimate":646441.3534343136,"standard_error":3807.9952773984132},"std_dev":{"confidence_interval":{"confidence_level":0.95,"lower_bound":26530.031589453036,"upper_bound":35723.35652492817},"point_estimate":31182.876981761085,"standard_error":2351.0547313933694}}