{"mean":{"confidence_interval":{"confidence_level":0.95,"lower_bound":141639.30893358684,"upper_bound":154718.88267970824},"point_estimate":147516.32289320594,"standard_error":3355.70204407102},"median":{"confidence_interval":{"confidence_level":0.95,"lower_bound":134574.12295081967,"upper_bound":140702.108270202},"point_estimate":137339.36746916507,"standard_error":1655.6817110370514},"median_abs_dev":{"confidence_interval":{"confidence_level":0.95,"lower_bound":7562.086038061661,"upper_bound":15030.836647694772},"point_estimate":10617.152801725242,"standard_error":1925.0971510623685},"slope":{"confidence_interval":{"confidence_level":0.95,"lower_bound":134373.5448988148,"upper_bound":139395.6987949162},"point_estimate":136749.20761785132,"standard_error":1284.4188808720307},"std_dev":{"confidence_interval":{"confidence_level":0.95,"lower_bound":16680.292357910388,"upper_bound":48088.529280872914},"point_estimate":33753.11187126422,"standard_error":8212.670725244556}}