{"mean":{"confidence_interval":{"confidence_level":0.95,"lower_bound":510350.79379790067,"upper_bound":524378.7575802507},"point_estimate":516593.99258923426,"standard_error":3592.8348985033886},"median":{"confidence_interval":{"confidence_level":0.95,"lower_bound":504608.477124183,"upper_bound":510968.91408934706},"point_estimate":507893.459486166,"standard_error":1525.174734891859},"median_abs_dev":{"confidence_interval":{"confidence_level":0.95,"lower_bound":10700.29470905954,"upper_bound":17958.727067096643},"point_estimate":13761.704550012188,"standard_error":1864.2460934619935},"slope":{"confidence_interval":{"confidence_level":0.95,"lower_bound":500659.9704368737,"upper_bound":506521.14551281463},"point_estimate":503424.7850293089,"standard_error":1501.201130607758},"std_dev":{"confidence_interval":{"confidence_level":0.95,"lower_bound":18769.592859097396,"upper_bound":52605.833848685375},"point_estimate":36013.42274471627,"standard_error":9184.311708372994}}