{"mean":{"confidence_interval":{"confidence_level":0.95,"lower_bound":13175151.2350625,"upper_bound":13539898.242250001},"point_estimate":13354624.9875,"standard_error":93225.46500531082},"median":{"confidence_interval":{"confidence_level":0.95,"lower_bound":13026122.75,"upper_bound":13528175.0},"point_estimate":13276384.875,"standard_error":161474.81785388585},"median_abs_dev":{"confidence_interval":{"confidence_level":0.95,"lower_bound":823329.2781829834,"upper_bound":1224004.8862695694},"point_estimate":1115310.4784242809,"standard_error":94964.32994859104},"slope":null,"std_dev":{"confidence_interval":{"confidence_level":0.95,"lower_bound":811096.2744728973,"upper_bound":1055094.7132814967},"point_estimate":937987.3159438012,"standard_error":62222.9917452228}}