{"mean":{"confidence_interval":{"confidence_level":0.95,"lower_bound":21990083.547833346,"upper_bound":22302554.283},"point_estimate":22136411.96666668,"standard_error":79974.99385288646},"median":{"confidence_interval":{"confidence_level":0.95,"lower_bound":21781037.666666668,"upper_bound":22098203.0},"point_estimate":21910634.666666664,"standard_error":86234.5528917662},"median_abs_dev":{"confidence_interval":{"confidence_level":0.95,"lower_bound":356675.500267745,"upper_bound":619049.240809679},"point_estimate":437361.80313527584,"standard_error":64460.660195785684},"slope":null,"std_dev":{"confidence_interval":{"confidence_level":0.95,"lower_bound":530772.5152084635,"upper_bound":1058529.979126687},"point_estimate":806123.2371260753,"standard_error":135296.07741465635}}