{"mean":{"confidence_interval":{"confidence_level":0.95,"lower_bound":527576.5510576775,"upper_bound":557977.669373201},"point_estimate":540822.8809417586,"standard_error":7862.869826396438},"median":{"confidence_interval":{"confidence_level":0.95,"lower_bound":513904.8333333333,"upper_bound":523707.06841216213},"point_estimate":517329.0529907085,"standard_error":2567.7552595815373},"median_abs_dev":{"confidence_interval":{"confidence_level":0.95,"lower_bound":11209.714245987774,"upper_bound":22774.556182991968},"point_estimate":15793.622562267954,"standard_error":2978.9916460506656},"slope":{"confidence_interval":{"confidence_level":0.95,"lower_bound":510964.62483360973,"upper_bound":516195.8954163899},"point_estimate":513309.9140209842,"standard_error":1342.3049997845071},"std_dev":{"confidence_interval":{"confidence_level":0.95,"lower_bound":35274.64596991374,"upper_bound":120394.52388724058},"point_estimate":78932.28577610587,"standard_error":24770.613664555192}}