{"mean":{"confidence_interval":{"confidence_level":0.95,"lower_bound":1381606.777562137,"upper_bound":1470028.9788444089},"point_estimate":1424260.915440829,"standard_error":22557.48959548966},"median":{"confidence_interval":{"confidence_level":0.95,"lower_bound":1363775.0885964911,"upper_bound":1442974.6162123387},"point_estimate":1413593.7767857143,"standard_error":20455.366321670244},"median_abs_dev":{"confidence_interval":{"confidence_level":0.95,"lower_bound":118842.78701511878,"upper_bound":210606.50006352348},"point_estimate":162696.01742233877,"standard_error":23297.28852533056},"slope":{"confidence_interval":{"confidence_level":0.95,"lower_bound":1337192.1979870747,"upper_bound":1413281.0261909831},"point_estimate":1377048.2040667948,"standard_error":19446.41727236769},"std_dev":{"confidence_interval":{"confidence_level":0.95,"lower_bound":162534.3164879009,"upper_bound":292141.6473724394},"point_estimate":225630.92423577962,"standard_error":33840.58200532057}}