{"mean":{"confidence_interval":{"confidence_level":0.95,"lower_bound":331072.8204279972,"upper_bound":351214.77933520114},"point_estimate":340330.2807785957,"standard_error":5152.929120260978},"median":{"confidence_interval":{"confidence_level":0.95,"lower_bound":318108.28125,"upper_bound":333787.3998197116},"point_estimate":326915.42352642276,"standard_error":4184.895292831378},"median_abs_dev":{"confidence_interval":{"confidence_level":0.95,"lower_bound":18023.764060783233,"upper_bound":34233.146926016736},"point_estimate":26314.87537043197,"standard_error":4272.19748823688},"slope":{"confidence_interval":{"confidence_level":0.95,"lower_bound":325628.18724832067,"upper_bound":341658.10016923223},"point_estimate":333290.2747620807,"standard_error":4092.4299906900355},"std_dev":{"confidence_interval":{"confidence_level":0.95,"lower_bound":30531.625403888454,"upper_bound":70698.00601898196},"point_estimate":51703.865641490775,"standard_error":10399.26362299725}}