{"mean":{"confidence_interval":{"confidence_level":0.95,"lower_bound":6300293.201555557,"upper_bound":6433042.797583336},"point_estimate":6363380.572222224,"standard_error":33919.76453086106},"median":{"confidence_interval":{"confidence_level":0.95,"lower_bound":6213360.833333334,"upper_bound":6277241.0},"point_estimate":6241427.777777778,"standard_error":16008.849187750957},"median_abs_dev":{"confidence_interval":{"confidence_level":0.95,"lower_bound":104868.991038203,"upper_bound":198047.5989172859},"point_estimate":145962.87344197417,"standard_error":23791.79131093809},"slope":null,"std_dev":{"confidence_interval":{"confidence_level":0.95,"lower_bound":248340.7207881326,"upper_bound":422174.8713756973},"point_estimate":341604.2624530918,"standard_error":44536.37379157834}}