{"mean":{"confidence_interval":{"confidence_level":0.95,"lower_bound":155839.15683077765,"upper_bound":164961.19260534778},"point_estimate":159579.22463649302,"standard_error":2381.0521181018885},"median":{"confidence_interval":{"confidence_level":0.95,"lower_bound":153040.80831826403,"upper_bound":158211.0},"point_estimate":155946.84333234333,"standard_error":1223.8741110405092},"median_abs_dev":{"confidence_interval":{"confidence_level":0.95,"lower_bound":7110.419750790456,"upper_bound":10780.172857239117},"point_estimate":9172.643786080846,"standard_error":958.9025928548951},"slope":{"confidence_interval":{"confidence_level":0.95,"lower_bound":154645.1462836733,"upper_bound":165563.77436933626},"point_estimate":159374.1379454918,"standard_error":2814.4985969137406},"std_dev":{"confidence_interval":{"confidence_level":0.95,"lower_bound":8372.533964544027,"upper_bound":38538.2273238401},"point_estimate":23989.009564498494,"standard_error":9414.846978016425}}