{"mean":{"confidence_interval":{"confidence_level":0.95,"lower_bound":383719.4475309049,"upper_bound":412155.7328354218},"point_estimate":397519.9276431544,"standard_error":7250.5328368436485},"median":{"confidence_interval":{"confidence_level":0.95,"lower_bound":362642.2,"upper_bound":418546.41843971633},"point_estimate":374833.06172839506,"standard_error":12643.18662731785},"median_abs_dev":{"confidence_interval":{"confidence_level":0.95,"lower_bound":54683.281162830004,"upper_bound":86251.61795522556},"point_estimate":71108.8373919689,"standard_error":7355.010412391174},"slope":{"confidence_interval":{"confidence_level":0.95,"lower_bound":366371.26854985376,"upper_bound":392750.98270877113},"point_estimate":379053.52240874834,"standard_error":6736.40390519463},"std_dev":{"confidence_interval":{"confidence_level":0.95,"lower_bound":59334.77732964156,"upper_bound":85469.40988386472},"point_estimate":72675.71652052288,"standard_error":6731.31900777484}}