{"mean":{"confidence_interval":{"confidence_level":0.95,"lower_bound":600568.5288574394,"upper_bound":644706.64656649},"point_estimate":620549.1133522908,"standard_error":11322.269343501704},"median":{"confidence_interval":{"confidence_level":0.95,"lower_bound":575884.6408045976,"upper_bound":580706.5930232558},"point_estimate":577410.9981060605,"standard_error":1466.5374314281253},"median_abs_dev":{"confidence_interval":{"confidence_level":0.95,"lower_bound":5575.405412497004,"upper_bound":12348.548182649944},"point_estimate":7449.337012349889,"standard_error":1977.8663838991483},"slope":{"confidence_interval":{"confidence_level":0.95,"lower_bound":578497.2754322478,"upper_bound":586965.0010041478},"point_estimate":582169.2780271908,"standard_error":2166.10727891893},"std_dev":{"confidence_interval":{"confidence_level":0.95,"lower_bound":63660.603003358,"upper_bound":160647.2882514725},"point_estimate":113592.156782527,"standard_error":25479.281426800684}}