{"mean":{"confidence_interval":{"confidence_level":0.95,"lower_bound":10448988.535,"upper_bound":10636670.44375},"point_estimate":10517174.562,"standard_error":54425.242349494656},"median":{"confidence_interval":{"confidence_level":0.95,"lower_bound":10426149.0,"upper_bound":10487801.2},"point_estimate":10452070.9,"standard_error":17728.663240413247},"median_abs_dev":{"confidence_interval":{"confidence_level":0.95,"lower_bound":80564.92734968773,"upper_bound":116906.26964449772},"point_estimate":98669.99344825883,"standard_error":9521.956294994192},"slope":null,"std_dev":{"confidence_interval":{"confidence_level":0.95,"lower_bound":85743.20014620622,"upper_bound":931285.2806479769},"point_estimate":547951.7304221102,"standard_error":298446.23852767487}}