{"mean":{"confidence_interval":{"confidence_level":0.95,"lower_bound":151912.0024124557,"upper_bound":157864.70342551428},"point_estimate":154665.79245343062,"standard_error":1521.7903384452268},"median":{"confidence_interval":{"confidence_level":0.95,"lower_bound":148183.55481727576,"upper_bound":152829.55837621065},"point_estimate":150819.6245601689,"standard_error":1066.694971887585},"median_abs_dev":{"confidence_interval":{"confidence_level":0.95,"lower_bound":5875.964731717871,"upper_bound":10547.200179324105},"point_estimate":7596.070189434888,"standard_error":1231.0812840404},"slope":{"confidence_interval":{"confidence_level":0.95,"lower_bound":147700.5409190522,"upper_bound":151377.73868260966},"point_estimate":149382.69353796786,"standard_error":941.7227330575683},"std_dev":{"confidence_interval":{"confidence_level":0.95,"lower_bound":9564.231854445406,"upper_bound":21016.198478097696},"point_estimate":15258.811405809292,"standard_error":3049.7670087975644}}