{"mean":{"confidence_interval":{"confidence_level":0.95,"lower_bound":78725.77850857905,"upper_bound":84536.38629017983},"point_estimate":81404.83436451186,"standard_error":1487.2171559977207},"median":{"confidence_interval":{"confidence_level":0.95,"lower_bound":75164.75583090378,"upper_bound":77331.33333333333},"point_estimate":76296.61616161616,"standard_error":602.0553687889798},"median_abs_dev":{"confidence_interval":{"confidence_level":0.95,"lower_bound":2546.3988396897457,"upper_bound":4709.502933292446},"point_estimate":3637.0914944298233,"standard_error":553.5263379895305},"slope":{"confidence_interval":{"confidence_level":0.95,"lower_bound":77913.12834014511,"upper_bound":86509.79237627766},"point_estimate":81924.66914163271,"standard_error":2207.1110111849584},"std_dev":{"confidence_interval":{"confidence_level":0.95,"lower_bound":9208.032305984092,"upper_bound":20051.215193098033},"point_estimate":14931.975507906816,"standard_error":2795.2966382501445}}