{"mean":{"confidence_interval":{"confidence_level":0.95,"lower_bound":31849.697224034142,"upper_bound":31895.584109492655},"point_estimate":31871.68876722669,"standard_error":11.70134572174974},"median":{"confidence_interval":{"confidence_level":0.95,"lower_bound":31839.253511235955,"upper_bound":31882.606119791668},"point_estimate":31859.249614726028,"standard_error":10.54353582567532},"median_abs_dev":{"confidence_interval":{"confidence_level":0.95,"lower_bound":67.28723525876241,"upper_bound":109.04185776861985},"point_estimate":92.42486640862322,"standard_error":10.80123404482512},"slope":{"confidence_interval":{"confidence_level":0.95,"lower_bound":31822.07970602761,"upper_bound":31870.860951905026},"point_estimate":31846.59651544259,"standard_error":12.435457504138485},"std_dev":{"confidence_interval":{"confidence_level":0.95,"lower_bound":87.25027359288406,"upper_bound":151.58287685483336},"point_estimate":117.87708699153401,"standard_error":17.08887452494501}}