{"mean":{"confidence_interval":{"confidence_level":0.95,"lower_bound":429617.53993291926,"upper_bound":440800.62766488036},"point_estimate":434862.33913497283,"standard_error":2850.0595101310955},"median":{"confidence_interval":{"confidence_level":0.95,"lower_bound":422864.240819711,"upper_bound":430839.3888888889},"point_estimate":427176.9282407408,"standard_error":2193.175170763038},"median_abs_dev":{"confidence_interval":{"confidence_level":0.95,"lower_bound":11784.208433999325,"upper_bound":21497.33065161958},"point_estimate":17586.443165034958,"standard_error":2365.506821256071},"slope":{"confidence_interval":{"confidence_level":0.95,"lower_bound":423442.5658525561,"upper_bound":432448.3314510999},"point_estimate":427782.2071090094,"standard_error":2302.8049523012655},"std_dev":{"confidence_interval":{"confidence_level":0.95,"lower_bound":19180.057815791253,"upper_bound":36887.74522971394},"point_estimate":28455.575465160884,"standard_error":4557.910750893198}}