{"mean":{"confidence_interval":{"confidence_level":0.95,"lower_bound":1127915.43869471,"upper_bound":1237817.4003184843},"point_estimate":1177567.2936563634,"standard_error":28186.7288153413},"median":{"confidence_interval":{"confidence_level":0.95,"lower_bound":1092329.4642857143,"upper_bound":1135925.3658536586},"point_estimate":1114976.004385965,"standard_error":12146.74405954831},"median_abs_dev":{"confidence_interval":{"confidence_level":0.95,"lower_bound":72076.7221509952,"upper_bound":143017.50293112773},"point_estimate":95578.42087123003,"standard_error":17481.271285039013},"slope":{"confidence_interval":{"confidence_level":0.95,"lower_bound":1058666.827765926,"upper_bound":1107673.701860845},"point_estimate":1082461.0653406237,"standard_error":12485.570700622317},"std_dev":{"confidence_interval":{"confidence_level":0.95,"lower_bound":162065.50038243263,"upper_bound":405978.1974886024},"point_estimate":283066.3598837755,"standard_error":67202.95548730467}}