{"mean":{"confidence_interval":{"confidence_level":0.95,"lower_bound":318599.3226951046,"upper_bound":324176.4306347356},"point_estimate":321205.85523531545,"standard_error":1420.9641728632405},"median":{"confidence_interval":{"confidence_level":0.95,"lower_bound":314944.4114583333,"upper_bound":318447.31796875},"point_estimate":316576.1895833333,"standard_error":754.8612617240075},"median_abs_dev":{"confidence_interval":{"confidence_level":0.95,"lower_bound":4894.493437712182,"upper_bound":9169.953488392668},"point_estimate":6446.887774831771,"standard_error":1054.2414452437274},"slope":{"confidence_interval":{"confidence_level":0.95,"lower_bound":314039.16485848103,"upper_bound":318834.2983213731},"point_estimate":316085.56320747745,"standard_error":1238.8709291696541},"std_dev":{"confidence_interval":{"confidence_level":0.95,"lower_bound":9735.793128447092,"upper_bound":18187.08799567388},"point_estimate":14208.42316421044,"standard_error":2162.1668949528157}}