{"mean":{"confidence_interval":{"confidence_level":0.95,"lower_bound":1982040.0135708123,"upper_bound":2026361.7247170517},"point_estimate":2002365.6553997898,"standard_error":11340.522911840048},"median":{"confidence_interval":{"confidence_level":0.95,"lower_bound":1954893.705882353,"upper_bound":1987634.8522727273},"point_estimate":1965794.9772727273,"standard_error":9845.18350735313},"median_abs_dev":{"confidence_interval":{"confidence_level":0.95,"lower_bound":40898.555252685765,"upper_bound":75968.42876300494},"point_estimate":52698.88269426577,"standard_error":9721.633423668462},"slope":{"confidence_interval":{"confidence_level":0.95,"lower_bound":1971971.342891372,"upper_bound":2009239.4869691986},"point_estimate":1989591.779157677,"standard_error":9513.750020115438},"std_dev":{"confidence_interval":{"confidence_level":0.95,"lower_bound":65706.35752372183,"upper_bound":157465.5085653299},"point_estimate":113987.24737341715,"standard_error":23836.09687939588}}