{"mean":{"confidence_interval":{"confidence_level":0.95,"lower_bound":53703.938183904276,"upper_bound":54924.577423182585},"point_estimate":54275.89055526356,"standard_error":312.6825023128874},"median":{"confidence_interval":{"confidence_level":0.95,"lower_bound":52950.29239766082,"upper_bound":53380.65071770335},"point_estimate":53170.66316943675,"standard_error":130.6417547034736},"median_abs_dev":{"confidence_interval":{"confidence_level":0.95,"lower_bound":615.0655614272149,"upper_bound":1130.7768238502586},"point_estimate":816.2075729220053,"standard_error":131.92218961961274},"slope":{"confidence_interval":{"confidence_level":0.95,"lower_bound":54302.51504206283,"upper_bound":56699.03400694705},"point_estimate":55455.89675530633,"standard_error":611.929437373291},"std_dev":{"confidence_interval":{"confidence_level":0.95,"lower_bound":2142.910053668027,"upper_bound":3971.3675492179027},"point_estimate":3136.898295473596,"standard_error":466.88694138359455}}