{"mean":{"confidence_interval":{"confidence_level":0.95,"lower_bound":121989966.452,"upper_bound":123041372.41},"point_estimate":122501952.42,"standard_error":268430.0468405677},"median":{"confidence_interval":{"confidence_level":0.95,"lower_bound":121628033.0,"upper_bound":122289575.0},"point_estimate":122013361.0,"standard_error":174334.92770909306},"median_abs_dev":{"confidence_interval":{"confidence_level":0.95,"lower_bound":1323553.3202022314,"upper_bound":2603898.024759067},"point_estimate":1999500.3002017736,"standard_error":344008.38492845086},"slope":null,"std_dev":{"confidence_interval":{"confidence_level":0.95,"lower_bound":2210636.814691637,"upper_bound":3136420.1412688373},"point_estimate":2703403.019510821,"standard_error":237059.71997019352}}