{"mean":{"confidence_interval":{"confidence_level":0.95,"lower_bound":6776.964770713227,"upper_bound":6813.238636514785},"point_estimate":6794.829638817523,"standard_error":9.275064703195612},"median":{"confidence_interval":{"confidence_level":0.95,"lower_bound":6734.934523809524,"upper_bound":6840.069892473119},"point_estimate":6809.207688237486,"standard_error":31.783364418550107},"median_abs_dev":{"confidence_interval":{"confidence_level":0.95,"lower_bound":78.47684118392432,"upper_bound":131.31088428215193},"point_estimate":122.86216422385833,"standard_error":13.351847353019549},"slope":{"confidence_interval":{"confidence_level":0.95,"lower_bound":6762.172086590868,"upper_bound":6805.953733792528},"point_estimate":6783.969087800038,"standard_error":11.139367126275017},"std_dev":{"confidence_interval":{"confidence_level":0.95,"lower_bound":80.69816833481836,"upper_bound":108.45977422087917},"point_estimate":93.1211160692326,"standard_error":7.347514443895848}}