{"mean":{"confidence_interval":{"confidence_level":0.95,"lower_bound":266113.46751884004,"upper_bound":279226.64009303955},"point_estimate":271935.34527339315,"standard_error":3366.471935597739},"median":{"confidence_interval":{"confidence_level":0.95,"lower_bound":259980.35638297873,"upper_bound":267544.0588235294},"point_estimate":263880.11634199135,"standard_error":2036.6786704380065},"median_abs_dev":{"confidence_interval":{"confidence_level":0.95,"lower_bound":9936.422042145929,"upper_bound":17768.654524927955},"point_estimate":13240.121198791405,"standard_error":1979.914615021585},"slope":{"confidence_interval":{"confidence_level":0.95,"lower_bound":260419.08832336648,"upper_bound":266840.48607458133},"point_estimate":263476.3968494163,"standard_error":1642.605967554074},"std_dev":{"confidence_interval":{"confidence_level":0.95,"lower_bound":14592.831585302454,"upper_bound":49461.586262450204},"point_estimate":33888.29122974396,"standard_error":8772.81958812536}}