{"mean":{"confidence_interval":{"confidence_level":0.95,"lower_bound":7577.138141795232,"upper_bound":7788.306527761235},"point_estimate":7677.693427548487,"standard_error":53.93377889231099},"median":{"confidence_interval":{"confidence_level":0.95,"lower_bound":7511.714066831255,"upper_bound":7594.533136432927},"point_estimate":7562.945564516129,"standard_error":18.98936968277426},"median_abs_dev":{"confidence_interval":{"confidence_level":0.95,"lower_bound":181.99944853297663,"upper_bound":392.0725711976201},"point_estimate":284.4072370195619,"standard_error":48.76055900952613},"slope":{"confidence_interval":{"confidence_level":0.95,"lower_bound":7626.574248459878,"upper_bound":7857.179787820489},"point_estimate":7738.033736954152,"standard_error":58.568205391068155},"std_dev":{"confidence_interval":{"confidence_level":0.95,"lower_bound":389.3329829661572,"upper_bound":688.7587053521553},"point_estimate":547.3101147912809,"standard_error":76.52524084396029}}