{"mean":{"confidence_interval":{"confidence_level":0.95,"lower_bound":1088559.9339856615,"upper_bound":1180884.0867382197},"point_estimate":1130372.681325346,"standard_error":23606.370025956},"median":{"confidence_interval":{"confidence_level":0.95,"lower_bound":1047524.2592592592,"upper_bound":1126999.5660612537},"point_estimate":1088853.8377289376,"standard_error":22466.263214789153},"median_abs_dev":{"confidence_interval":{"confidence_level":0.95,"lower_bound":115806.3637713956,"upper_bound":188438.88255671508},"point_estimate":147275.44037044304,"standard_error":18549.489193560054},"slope":{"confidence_interval":{"confidence_level":0.95,"lower_bound":1086953.5117967732,"upper_bound":1193153.06910908},"point_estimate":1135914.2037224767,"standard_error":27226.095564883595},"std_dev":{"confidence_interval":{"confidence_level":0.95,"lower_bound":136129.24655070537,"upper_bound":339756.84391430794},"point_estimate":236668.7506866726,"standard_error":56820.29622709981}}