{"mean":{"confidence_interval":{"confidence_level":0.95,"lower_bound":27227306.27025,"upper_bound":28145945.80125},"point_estimate":27672447.545,"standard_error":233433.58169958607},"median":{"confidence_interval":{"confidence_level":0.95,"lower_bound":26897723.0,"upper_bound":27871473.5},"point_estimate":27405148.25,"standard_error":230592.15167468617},"median_abs_dev":{"confidence_interval":{"confidence_level":0.95,"lower_bound":1429894.2859143019,"upper_bound":2495300.291698312},"point_estimate":2025159.2872962356,"standard_error":277041.9883701445},"slope":null,"std_dev":{"confidence_interval":{"confidence_level":0.95,"lower_bound":1817948.6429424775,"upper_bound":2900066.755540676},"point_estimate":2353141.342047122,"standard_error":279854.76336212514}}