{"mean":{"confidence_interval":{"confidence_level":0.95,"lower_bound":153873.81384058803,"upper_bound":159308.81933456042},"point_estimate":156461.52019336948,"standard_error":1384.749928149883},"median":{"confidence_interval":{"confidence_level":0.95,"lower_bound":150792.3352750191,"upper_bound":155526.53174603175},"point_estimate":153000.87929125136,"standard_error":1360.3215382259773},"median_abs_dev":{"confidence_interval":{"confidence_level":0.95,"lower_bound":6452.327651464814,"upper_bound":11250.473078087325},"point_estimate":8056.705349580284,"standard_error":1283.515883906603},"slope":{"confidence_interval":{"confidence_level":0.95,"lower_bound":152612.91692240039,"upper_bound":157813.77362483536},"point_estimate":155115.14142962696,"standard_error":1329.0522761137604},"std_dev":{"confidence_interval":{"confidence_level":0.95,"lower_bound":10105.053219030853,"upper_bound":17936.599637545194},"point_estimate":13933.163759276349,"standard_error":2056.845818255878}}