{"mean":{"confidence_interval":{"confidence_level":0.95,"lower_bound":103287.34971412955,"upper_bound":108468.5686793533},"point_estimate":105815.44703162934,"standard_error":1319.551480892966},"median":{"confidence_interval":{"confidence_level":0.95,"lower_bound":100988.99375,"upper_bound":107275.50226449275},"point_estimate":104649.93901785713,"standard_error":1796.5041063401693},"median_abs_dev":{"confidence_interval":{"confidence_level":0.95,"lower_bound":9607.761894384259,"upper_bound":15615.100538930395},"point_estimate":12646.920435513963,"standard_error":1505.0251312248854},"slope":{"confidence_interval":{"confidence_level":0.95,"lower_bound":100947.99039604662,"upper_bound":105952.176379729},"point_estimate":103394.15376651396,"standard_error":1279.710599176959},"std_dev":{"confidence_interval":{"confidence_level":0.95,"lower_bound":10906.825598864625,"upper_bound":15507.89552458087},"point_estimate":13312.029714715789,"standard_error":1177.4555544031473}}