{"mean":{"confidence_interval":{"confidence_level":0.95,"lower_bound":191484.6997010584,"upper_bound":200940.9451993898},"point_estimate":195991.46680932847,"standard_error":2419.579896355769},"median":{"confidence_interval":{"confidence_level":0.95,"lower_bound":185908.69115497076,"upper_bound":191814.54656862744},"point_estimate":188971.31325905852,"standard_error":1566.0316044944993},"median_abs_dev":{"confidence_interval":{"confidence_level":0.95,"lower_bound":11164.703185341366,"upper_bound":18755.63096702099},"point_estimate":15078.257729099287,"standard_error":1880.1739818924432},"slope":{"confidence_interval":{"confidence_level":0.95,"lower_bound":191420.66139897783,"upper_bound":200134.71289530396},"point_estimate":195713.55863996848,"standard_error":2222.9479729998943},"std_dev":{"confidence_interval":{"confidence_level":0.95,"lower_bound":17935.508619468867,"upper_bound":29614.58416522699},"point_estimate":24253.4904219388,"standard_error":2990.1455102563846}}