{"mean":{"confidence_interval":{"confidence_level":0.95,"lower_bound":1295287.086703324,"upper_bound":1311032.9501399265},"point_estimate":1303267.604537383,"standard_error":4017.9578852467466},"median":{"confidence_interval":{"confidence_level":0.95,"lower_bound":1301657.903614458,"upper_bound":1315615.4444444445},"point_estimate":1309282.4929597701,"standard_error":3677.80445996061},"median_abs_dev":{"confidence_interval":{"confidence_level":0.95,"lower_bound":24244.2230383217,"upper_bound":42482.52946800651},"point_estimate":31322.972378281152,"standard_error":4558.516050545866},"slope":{"confidence_interval":{"confidence_level":0.95,"lower_bound":1318660.0674587034,"upper_bound":1329767.6338296246},"point_estimate":1324147.1068656717,"standard_error":2826.534613051303},"std_dev":{"confidence_interval":{"confidence_level":0.95,"lower_bound":34675.680646787216,"upper_bound":45405.098853799645},"point_estimate":40473.86525631613,"standard_error":2744.352166359156}}