{"mean":{"confidence_interval":{"confidence_level":0.95,"lower_bound":4399578.383979164,"upper_bound":4423638.849541667},"point_estimate":4411613.813333333,"standard_error":6124.254722585511},"median":{"confidence_interval":{"confidence_level":0.95,"lower_bound":4389833.416666667,"upper_bound":4428323.875},"point_estimate":4412635.291666666,"standard_error":9902.0672251123},"median_abs_dev":{"confidence_interval":{"confidence_level":0.95,"lower_bound":54064.11999017,"upper_bound":81698.34414206458},"point_estimate":70522.09164798398,"standard_error":7089.0910521761625},"slope":null,"std_dev":{"confidence_interval":{"confidence_level":0.95,"lower_bound":54076.42018414311,"upper_bound":68356.09791979667},"point_estimate":61556.27426765762,"standard_error":3652.8304315679725}}