{"mean":{"confidence_interval":{"confidence_level":0.95,"lower_bound":118866.22862436985,"upper_bound":120848.64032879769},"point_estimate":119731.3985095026,"standard_error":508.64393543417117},"median":{"confidence_interval":{"confidence_level":0.95,"lower_bound":117912.03111111111,"upper_bound":120531.34454191034},"point_estimate":118329.92991452992,"standard_error":738.8501520845781},"median_abs_dev":{"confidence_interval":{"confidence_level":0.95,"lower_bound":2651.4170624181515,"upper_bound":4160.582618473418},"point_estimate":3420.3809847119896,"standard_error":377.3643577194184},"slope":{"confidence_interval":{"confidence_level":0.95,"lower_bound":118407.77737709656,"upper_bound":119845.03144224665},"point_estimate":119121.03910808991,"standard_error":368.6850617652633},"std_dev":{"confidence_interval":{"confidence_level":0.95,"lower_bound":2787.834202960243,"upper_bound":7667.1161549031585},"point_estimate":5084.797838695512,"standard_error":1553.86551506911}}