{"mean":{"confidence_interval":{"confidence_level":0.95,"lower_bound":27561.61415223949,"upper_bound":27886.85517794989},"point_estimate":27728.317112161763,"standard_error":83.03232059728987},"median":{"confidence_interval":{"confidence_level":0.95,"lower_bound":27831.964797561537,"upper_bound":28104.725765306124},"point_estimate":28015.57380252101,"standard_error":75.06394143989344},"median_abs_dev":{"confidence_interval":{"confidence_level":0.95,"lower_bound":424.1049100369761,"upper_bound":858.5567891433021},"point_estimate":605.9702909918784,"standard_error":112.00777748915417},"slope":{"confidence_interval":{"confidence_level":0.95,"lower_bound":28143.5244400114,"upper_bound":28337.67510108036},"point_estimate":28241.571139521628,"standard_error":49.63005514117592},"std_dev":{"confidence_interval":{"confidence_level":0.95,"lower_bound":727.1504099433525,"upper_bound":923.0446675745411},"point_estimate":834.6967874283555,"standard_error":49.82221739434229}}