{"mean":{"confidence_interval":{"confidence_level":0.95,"lower_bound":432630.2366317264,"upper_bound":453030.24109089444},"point_estimate":442095.16846098134,"standard_error":5224.285664065603},"median":{"confidence_interval":{"confidence_level":0.95,"lower_bound":420130.18518518517,"upper_bound":436855.09027777775},"point_estimate":427611.03764367814,"standard_error":4588.530140579923},"median_abs_dev":{"confidence_interval":{"confidence_level":0.95,"lower_bound":22864.9737268119,"upper_bound":43314.70386515257},"point_estimate":31574.332218289703,"standard_error":5185.536189161911},"slope":{"confidence_interval":{"confidence_level":0.95,"lower_bound":429267.11575730884,"upper_bound":449707.7806226656},"point_estimate":439503.05370375846,"standard_error":5222.119997356764},"std_dev":{"confidence_interval":{"confidence_level":0.95,"lower_bound":33063.70824354255,"upper_bound":71157.85261397672},"point_estimate":52513.54471967668,"standard_error":10033.195349023152}}