{"mean":{"confidence_interval":{"confidence_level":0.95,"lower_bound":116140.29696535578,"upper_bound":117722.3075779011},"point_estimate":116802.71458433144,"standard_error":408.6470899151643},"median":{"confidence_interval":{"confidence_level":0.95,"lower_bound":115867.32429484182,"upper_bound":116357.58730158731},"point_estimate":116082.77925619291,"standard_error":113.50435330552729},"median_abs_dev":{"confidence_interval":{"confidence_level":0.95,"lower_bound":911.011737794557,"upper_bound":1392.3432762701489},"point_estimate":1209.7114398487943,"standard_error":124.15582396657786},"slope":{"confidence_interval":{"confidence_level":0.95,"lower_bound":115761.29786121486,"upper_bound":116248.50553639718},"point_estimate":115996.45934781538,"standard_error":124.44977149709318},"std_dev":{"confidence_interval":{"confidence_level":0.95,"lower_bound":1592.2885999893304,"upper_bound":6448.512015725167},"point_estimate":4100.557129196424,"standard_error":1445.1686250861082}}