{"mean":{"confidence_interval":{"confidence_level":0.95,"lower_bound":275506.1692065193,"upper_bound":290991.2206952651},"point_estimate":282169.3148878144,"standard_error":3995.78103942278},"median":{"confidence_interval":{"confidence_level":0.95,"lower_bound":269148.0657894737,"upper_bound":276024.8720137279},"point_estimate":272054.79918323865,"standard_error":2052.0350655132797},"median_abs_dev":{"confidence_interval":{"confidence_level":0.95,"lower_bound":10991.801602165737,"upper_bound":20824.350349175682},"point_estimate":15339.798966510274,"standard_error":2562.805619196486},"slope":{"confidence_interval":{"confidence_level":0.95,"lower_bound":268376.7089359712,"upper_bound":277119.07948402665},"point_estimate":272464.9290867445,"standard_error":2230.2945307032883},"std_dev":{"confidence_interval":{"confidence_level":0.95,"lower_bound":18014.986973999705,"upper_bound":61754.51724938188},"point_estimate":40170.89693980426,"standard_error":12863.942347309365}}