{"mean":{"confidence_interval":{"confidence_level":0.95,"lower_bound":1281962.8528835983,"upper_bound":1450479.0047261757},"point_estimate":1357155.3292589101,"standard_error":43357.70079398021},"median":{"confidence_interval":{"confidence_level":0.95,"lower_bound":1229691.5307692308,"upper_bound":1274603.078125},"point_estimate":1256054.2340510366,"standard_error":13635.836112288773},"median_abs_dev":{"confidence_interval":{"confidence_level":0.95,"lower_bound":88131.53929233772,"upper_bound":167591.7784132204},"point_estimate":130027.96067725215,"standard_error":20952.710242423946},"slope":{"confidence_interval":{"confidence_level":0.95,"lower_bound":1273924.4934427475,"upper_bound":1361125.585459571},"point_estimate":1314886.789759125,"standard_error":22384.20108690605},"std_dev":{"confidence_interval":{"confidence_level":0.95,"lower_bound":198329.34662429083,"upper_bound":634966.7662710545},"point_estimate":434778.51877279143,"standard_error":113459.68115253464}}