{"mean":{"confidence_interval":{"confidence_level":0.95,"lower_bound":32318383.211374998,"upper_bound":32875899.944375},"point_estimate":32585797.885,"standard_error":142606.20580568298},"median":{"confidence_interval":{"confidence_level":0.95,"lower_bound":32015600.5,"upper_bound":32696364.5},"point_estimate":32181289.0,"standard_error":177671.79378442798},"median_abs_dev":{"confidence_interval":{"confidence_level":0.95,"lower_bound":905099.485181272,"upper_bound":1538980.4800688836},"point_estimate":1187731.2246635556,"standard_error":164015.38835128117},"slope":null,"std_dev":{"confidence_interval":{"confidence_level":0.95,"lower_bound":1067689.3361408392,"upper_bound":1803590.8847784125},"point_estimate":1439354.5610973174,"standard_error":190193.54156265102}}