{"mean":{"confidence_interval":{"confidence_level":0.95,"lower_bound":1024838.2628228117,"upper_bound":1081119.248838925},"point_estimate":1051237.0562840789,"standard_error":14357.145393315493},"median":{"confidence_interval":{"confidence_level":0.95,"lower_bound":992143.6571428571,"upper_bound":1035090.8182291667},"point_estimate":1011748.3017113095,"standard_error":11958.460587493291},"median_abs_dev":{"confidence_interval":{"confidence_level":0.95,"lower_bound":53228.12579390081,"upper_bound":92843.1756618668},"point_estimate":75814.34062077037,"standard_error":10679.07453443928},"slope":{"confidence_interval":{"confidence_level":0.95,"lower_bound":966974.414096594,"upper_bound":992948.0185746002},"point_estimate":979193.5648839959,"standard_error":6626.133778008517},"std_dev":{"confidence_interval":{"confidence_level":0.95,"lower_bound":96579.85839474386,"upper_bound":184934.3597174618},"point_estimate":144106.31732774756,"standard_error":22579.519327606115}}