{"mean":{"confidence_interval":{"confidence_level":0.95,"lower_bound":673505.4884034968,"upper_bound":702743.117308145},"point_estimate":687283.6732534467,"standard_error":7469.877659018198},"median":{"confidence_interval":{"confidence_level":0.95,"lower_bound":666381.8797468354,"upper_bound":683050.3064516129},"point_estimate":675712.1063829787,"standard_error":4310.353940075271},"median_abs_dev":{"confidence_interval":{"confidence_level":0.95,"lower_bound":29654.676638874633,"upper_bound":56207.710741421404},"point_estimate":39699.181291881585,"standard_error":6817.881778805336},"slope":{"confidence_interval":{"confidence_level":0.95,"lower_bound":652935.5149789932,"upper_bound":668206.1871291688},"point_estimate":660574.5117408009,"standard_error":3897.355568453921},"std_dev":{"confidence_interval":{"confidence_level":0.95,"lower_bound":51419.67347787854,"upper_bound":97317.39852790518},"point_estimate":75111.07202091285,"standard_error":11832.828088206908}}