{"mean":{"confidence_interval":{"confidence_level":0.95,"lower_bound":810148.7469222341,"upper_bound":906697.9162126675},"point_estimate":854004.8808513411,"standard_error":24768.089757491358},"median":{"confidence_interval":{"confidence_level":0.95,"lower_bound":752594.6621621621,"upper_bound":813821.3416666667},"point_estimate":787881.946969697,"standard_error":14567.748956059959},"median_abs_dev":{"confidence_interval":{"confidence_level":0.95,"lower_bound":66625.71588621655,"upper_bound":124377.67966255639},"point_estimate":92856.43712560466,"standard_error":13629.17511756238},"slope":{"confidence_interval":{"confidence_level":0.95,"lower_bound":743278.1951043358,"upper_bound":770329.579648123},"point_estimate":756119.1952549135,"standard_error":6919.361729881427},"std_dev":{"confidence_interval":{"confidence_level":0.95,"lower_bound":137278.34827332105,"upper_bound":347711.32319373783},"point_estimate":249565.2897480782,"standard_error":54483.435077292525}}