{"mean":{"confidence_interval":{"confidence_level":0.95,"lower_bound":333187.61596841196,"upper_bound":352862.31636883115},"point_estimate":341875.81748691224,"standard_error":5067.102515005562},"median":{"confidence_interval":{"confidence_level":0.95,"lower_bound":325480.1567164179,"upper_bound":332383.4210526316},"point_estimate":327626.70013562386,"standard_error":1897.461190023433},"median_abs_dev":{"confidence_interval":{"confidence_level":0.95,"lower_bound":10304.729864976634,"upper_bound":18367.87258149783},"point_estimate":13422.048687269325,"standard_error":2093.1515935950747},"slope":{"confidence_interval":{"confidence_level":0.95,"lower_bound":323658.4220567554,"upper_bound":331714.3088292904},"point_estimate":327212.9441015221,"standard_error":2064.2761034318914},"std_dev":{"confidence_interval":{"confidence_level":0.95,"lower_bound":21642.803090375877,"upper_bound":73439.19964741661},"point_estimate":50741.0070743995,"standard_error":13626.076384557746}}