{"mean":{"confidence_interval":{"confidence_level":0.95,"lower_bound":39218.2457830232,"upper_bound":39519.106469663566},"point_estimate":39366.65269632495,"standard_error":76.82762835993167},"median":{"confidence_interval":{"confidence_level":0.95,"lower_bound":39121.53263157895,"upper_bound":39433.8},"point_estimate":39311.66353651524,"standard_error":71.88139104869269},"median_abs_dev":{"confidence_interval":{"confidence_level":0.95,"lower_bound":511.27716612536204,"upper_bound":944.0194171997459},"point_estimate":689.6450223938518,"standard_error":109.95746381609813},"slope":{"confidence_interval":{"confidence_level":0.95,"lower_bound":39246.194884514276,"upper_bound":39662.25033136066},"point_estimate":39442.536042795924,"standard_error":106.59025438703928},"std_dev":{"confidence_interval":{"confidence_level":0.95,"lower_bound":644.1911658369049,"upper_bound":886.9597912764225},"point_estimate":767.3998515831048,"standard_error":62.45369608008011}}