{"mean":{"confidence_interval":{"confidence_level":0.95,"lower_bound":304774.2117766896,"upper_bound":319879.27480593725},"point_estimate":311639.1213429335,"standard_error":3872.7045920660485},"median":{"confidence_interval":{"confidence_level":0.95,"lower_bound":297276.5625,"upper_bound":305444.9483193277},"point_estimate":299582.1,"standard_error":2200.7386629078674},"median_abs_dev":{"confidence_interval":{"confidence_level":0.95,"lower_bound":12504.537533672119,"upper_bound":21976.818612461328},"point_estimate":17494.856656610154,"standard_error":2297.0263941337544},"slope":{"confidence_interval":{"confidence_level":0.95,"lower_bound":297374.8638367176,"upper_bound":312146.0287740398},"point_estimate":303907.44665139646,"standard_error":3771.5226176306464},"std_dev":{"confidence_interval":{"confidence_level":0.95,"lower_bound":20940.62028041415,"upper_bound":54511.34945493908},"point_estimate":39025.484928113445,"standard_error":8629.159983625632}}