{"mean":{"confidence_interval":{"confidence_level":0.95,"lower_bound":646477.2662334278,"upper_bound":666169.1394698175},"point_estimate":655980.5803703069,"standard_error":5025.262551446702},"median":{"confidence_interval":{"confidence_level":0.95,"lower_bound":639514.6727272727,"upper_bound":654710.9453524004},"point_estimate":645762.3396551724,"standard_error":3802.405881134013},"median_abs_dev":{"confidence_interval":{"confidence_level":0.95,"lower_bound":21721.3399070945,"upper_bound":34659.83467802837},"point_estimate":27688.48042423963,"standard_error":3247.8243981153637},"slope":{"confidence_interval":{"confidence_level":0.95,"lower_bound":641914.7168358814,"upper_bound":659481.2870892576},"point_estimate":650313.056623319,"standard_error":4490.391472550478},"std_dev":{"confidence_interval":{"confidence_level":0.95,"lower_bound":38725.206595610936,"upper_bound":61927.612031016906},"point_estimate":50559.13404573664,"standard_error":5934.3202225360255}}