{"mean":{"confidence_interval":{"confidence_level":0.95,"lower_bound":3750.0871331916665,"upper_bound":3815.8470497912863},"point_estimate":3781.6601183398593,"standard_error":16.794619720891315},"median":{"confidence_interval":{"confidence_level":0.95,"lower_bound":3715.195349815989,"upper_bound":3772.677829457364},"point_estimate":3747.2618327796235,"standard_error":14.156203295560267},"median_abs_dev":{"confidence_interval":{"confidence_level":0.95,"lower_bound":96.8846274154593,"upper_bound":163.1412638670164},"point_estimate":136.49774561681534,"standard_error":17.527884891383096},"slope":{"confidence_interval":{"confidence_level":0.95,"lower_bound":3780.373063318399,"upper_bound":3852.81862533937},"point_estimate":3815.919923133584,"standard_error":18.401976800456595},"std_dev":{"confidence_interval":{"confidence_level":0.95,"lower_bound":125.07435337889241,"upper_bound":208.71651924547226},"point_estimate":168.06139544018245,"standard_error":21.364005452365205}}