{"mean":{"confidence_interval":{"confidence_level":0.95,"lower_bound":327193.17644280277,"upper_bound":327973.57912174636},"point_estimate":327564.2649230934,"standard_error":199.00271466097738},"median":{"confidence_interval":{"confidence_level":0.95,"lower_bound":326540.0535714286,"upper_bound":326983.9778481013},"point_estimate":326780.98557692306,"standard_error":123.48087626271823},"median_abs_dev":{"confidence_interval":{"confidence_level":0.95,"lower_bound":598.0722759204964,"upper_bound":1266.185781777579},"point_estimate":883.5195550571124,"standard_error":187.72223980266884},"slope":{"confidence_interval":{"confidence_level":0.95,"lower_bound":327723.671295248,"upper_bound":328914.0276281887},"point_estimate":328350.3293867297,"standard_error":304.52891225326675},"std_dev":{"confidence_interval":{"confidence_level":0.95,"lower_bound":1520.3181489845701,"upper_bound":2523.268493450125},"point_estimate":2002.0179185448253,"standard_error":265.5993491937499}}