{"mean":{"confidence_interval":{"confidence_level":0.95,"lower_bound":677748.6352353538,"upper_bound":696719.4643091747},"point_estimate":686954.745796951,"standard_error":4841.1805316723085},"median":{"confidence_interval":{"confidence_level":0.95,"lower_bound":668866.1212121212,"upper_bound":685089.3333333334},"point_estimate":674466.8779069767,"standard_error":4525.528183734606},"median_abs_dev":{"confidence_interval":{"confidence_level":0.95,"lower_bound":26819.83038980712,"upper_bound":46161.62756433314},"point_estimate":35665.31823850362,"standard_error":5166.187974074611},"slope":{"confidence_interval":{"confidence_level":0.95,"lower_bound":671640.537979864,"upper_bound":689983.7434186218},"point_estimate":680391.5060928033,"standard_error":4678.335162037069},"std_dev":{"confidence_interval":{"confidence_level":0.95,"lower_bound":37970.09455815513,"upper_bound":58084.573789703885},"point_estimate":48666.18820500964,"standard_error":5142.397385166437}}