{"mean":{"confidence_interval":{"confidence_level":0.95,"lower_bound":1687697.6510357442,"upper_bound":1739460.5055233035},"point_estimate":1711409.9300656267,"standard_error":13221.179347653166},"median":{"confidence_interval":{"confidence_level":0.95,"lower_bound":1675235.1960784313,"upper_bound":1705149.0},"point_estimate":1686412.7365384614,"standard_error":10040.086704943298},"median_abs_dev":{"confidence_interval":{"confidence_level":0.95,"lower_bound":63161.92175865169,"upper_bound":96211.64020278543},"point_estimate":81746.36497889074,"standard_error":8116.793199708406},"slope":{"confidence_interval":{"confidence_level":0.95,"lower_bound":1630709.6836935992,"upper_bound":1659927.4147582045},"point_estimate":1644542.913548101,"standard_error":7458.7930940109245},"std_dev":{"confidence_interval":{"confidence_level":0.95,"lower_bound":79457.73701448606,"upper_bound":186821.71392874446},"point_estimate":132996.1939389137,"standard_error":28410.058892583453}}