{"mean":{"confidence_interval":{"confidence_level":0.95,"lower_bound":2668899.5414210525,"upper_bound":2686212.405157893},"point_estimate":2677208.5210526306,"standard_error":4443.828053959094},"median":{"confidence_interval":{"confidence_level":0.95,"lower_bound":2660841.8947368423,"upper_bound":2679453.1052631577},"point_estimate":2670318.5,"standard_error":5535.076379426763},"median_abs_dev":{"confidence_interval":{"confidence_level":0.95,"lower_bound":27971.004213941687,"upper_bound":43670.06025628063},"point_estimate":34997.59171024738,"standard_error":3943.4729139215183},"slope":null,"std_dev":{"confidence_interval":{"confidence_level":0.95,"lower_bound":33918.90898712478,"upper_bound":54133.11472180981},"point_estimate":44606.66672027953,"standard_error":5166.9885505803195}}