{"mean":{"confidence_interval":{"confidence_level":0.95,"lower_bound":7908.335577687534,"upper_bound":8091.447700872765},"point_estimate":7998.175607756997,"standard_error":46.632535867677966},"median":{"confidence_interval":{"confidence_level":0.95,"lower_bound":7809.024280519481,"upper_bound":8075.135492063492},"point_estimate":7933.968924786324,"standard_error":64.31364103640868},"median_abs_dev":{"confidence_interval":{"confidence_level":0.95,"lower_bound":346.97912156912,"upper_bound":529.4649647282299},"point_estimate":439.8784372315721,"standard_error":45.033128545600704},"slope":{"confidence_interval":{"confidence_level":0.95,"lower_bound":7868.031146029787,"upper_bound":8076.468640157238},"point_estimate":7967.999089345352,"standard_error":53.098236029492355},"std_dev":{"confidence_interval":{"confidence_level":0.95,"lower_bound":395.79878482457013,"upper_bound":534.3193166548474},"point_estimate":469.5629944577373,"standard_error":35.27894940578031}}