{"mean":{"confidence_interval":{"confidence_level":0.95,"lower_bound":2909528.692921875,"upper_bound":3723173.9544843743},"point_estimate":3310247.26,"standard_error":207850.40414972598},"median":{"confidence_interval":{"confidence_level":0.95,"lower_bound":2612953.25,"upper_bound":3286285.71875},"point_estimate":2782966.375,"standard_error":184578.7711927746},"median_abs_dev":{"confidence_interval":{"confidence_level":0.95,"lower_bound":1916107.5728572905,"upper_bound":2918972.650445216},"point_estimate":2358904.587496072,"standard_error":221989.14037643047},"slope":null,"std_dev":{"confidence_interval":{"confidence_level":0.95,"lower_bound":1815890.3960865808,"upper_bound":2315185.277488741},"point_estimate":2086273.2351639553,"standard_error":127713.51226093627}}