{"mean":{"confidence_interval":{"confidence_level":0.95,"lower_bound":26599791.147375,"upper_bound":26722884.395625},"point_estimate":26655963.615,"standard_error":31550.12664054996},"median":{"confidence_interval":{"confidence_level":0.95,"lower_bound":26566125.25,"upper_bound":26640476.0},"point_estimate":26590176.0,"standard_error":22750.546647953757},"median_abs_dev":{"confidence_interval":{"confidence_level":0.95,"lower_bound":118902.9982240498,"upper_bound":219576.87379673103},"point_estimate":167126.08203291893,"standard_error":26312.774493397454},"slope":null,"std_dev":{"confidence_interval":{"confidence_level":0.95,"lower_bound":186906.00236676855,"upper_bound":452514.65225638624},"point_estimate":316795.54501521826,"standard_error":73835.46371933514}}