{"mean":{"confidence_interval":{"confidence_level":0.95,"lower_bound":21987275.153,"upper_bound":22488234.90225},"point_estimate":22199447.565,"standard_error":130071.94779176974},"median":{"confidence_interval":{"confidence_level":0.95,"lower_bound":21863188.0,"upper_bound":22129059.75},"point_estimate":22018250.75,"standard_error":74869.04860895938},"median_abs_dev":{"confidence_interval":{"confidence_level":0.95,"lower_bound":384955.97121566534,"upper_bound":676020.3686982392},"point_estimate":520811.7959037423,"standard_error":79120.06350915653},"slope":null,"std_dev":{"confidence_interval":{"confidence_level":0.95,"lower_bound":521794.7448509784,"upper_bound":2046219.0397567914},"point_estimate":1309267.026302873,"standard_error":451505.02197068103}}