{"mean":{"confidence_interval":{"confidence_level":0.95,"lower_bound":378502.4199069241,"upper_bound":393265.43139051035},"point_estimate":385544.9571006782,"standard_error":3760.7439171137994},"median":{"confidence_interval":{"confidence_level":0.95,"lower_bound":376834.3333333333,"upper_bound":386403.34729681344},"point_estimate":381410.9374699375,"standard_error":2738.1990678627158},"median_abs_dev":{"confidence_interval":{"confidence_level":0.95,"lower_bound":18160.586722029577,"upper_bound":34571.911203861724},"point_estimate":27303.17259528625,"standard_error":4212.311528250645},"slope":{"confidence_interval":{"confidence_level":0.95,"lower_bound":371688.4604404158,"upper_bound":381015.322731713},"point_estimate":376407.77992906753,"standard_error":2372.915676306389},"std_dev":{"confidence_interval":{"confidence_level":0.95,"lower_bound":26337.419478697466,"upper_bound":48415.243796011324},"point_estimate":37927.43463500027,"standard_error":5644.218969116687}}