{"mean":{"confidence_interval":{"confidence_level":0.95,"lower_bound":6473.106106848024,"upper_bound":6664.951679135564},"point_estimate":6567.747207741548,"standard_error":49.0686579981497},"median":{"confidence_interval":{"confidence_level":0.95,"lower_bound":6203.720824598183,"upper_bound":6367.23144654088},"point_estimate":6227.54123427673,"standard_error":64.19122263152994},"median_abs_dev":{"confidence_interval":{"confidence_level":0.95,"lower_bound":68.11626944075843,"upper_bound":431.04103285108295},"point_estimate":112.47410180283198,"standard_error":95.06607592231154},"slope":{"confidence_interval":{"confidence_level":0.95,"lower_bound":6512.980683405313,"upper_bound":6775.228673774601},"point_estimate":6646.420740980322,"standard_error":66.91546037661803},"std_dev":{"confidence_interval":{"confidence_level":0.95,"lower_bound":454.30219212667765,"upper_bound":515.8320841039484},"point_estimate":492.5713335256264,"standard_error":15.768606863781853}}