{"mean":{"confidence_interval":{"confidence_level":0.95,"lower_bound":83616.08232469083,"upper_bound":84501.80128809056},"point_estimate":84022.01200616187,"standard_error":226.67124089057688},"median":{"confidence_interval":{"confidence_level":0.95,"lower_bound":83478.0253644602,"upper_bound":84078.79166666667},"point_estimate":83828.0833685446,"standard_error":139.72814046755084},"median_abs_dev":{"confidence_interval":{"confidence_level":0.95,"lower_bound":915.233553256761,"upper_bound":1439.7663823074395},"point_estimate":1182.9126638708947,"standard_error":136.5429459397931},"slope":{"confidence_interval":{"confidence_level":0.95,"lower_bound":83415.26301216689,"upper_bound":83911.69881520492},"point_estimate":83656.94643293433,"standard_error":126.0779798022876},"std_dev":{"confidence_interval":{"confidence_level":0.95,"lower_bound":1301.9849388783741,"upper_bound":3192.955253363911},"point_estimate":2272.2398964932772,"standard_error":497.27504279387597}}