{"mean":{"confidence_interval":{"confidence_level":0.95,"lower_bound":3742374.904785715,"upper_bound":3776267.6404464287},"point_estimate":3759212.737857144,"standard_error":8653.284148367427},"median":{"confidence_interval":{"confidence_level":0.95,"lower_bound":3729596.4285714286,"upper_bound":3779864.5714285714},"point_estimate":3750930.535714286,"standard_error":14236.530152464797},"median_abs_dev":{"confidence_interval":{"confidence_level":0.95,"lower_bound":56008.97345564156,"upper_bound":90957.87903517553},"point_estimate":69088.84107342818,"standard_error":9232.170125872291},"slope":null,"std_dev":{"confidence_interval":{"confidence_level":0.95,"lower_bound":71703.25599315275,"upper_bound":101328.75617717451},"point_estimate":87131.00587403553,"standard_error":7556.996292921731}}