{"mean":{"confidence_interval":{"confidence_level":0.95,"lower_bound":599525.2644837446,"upper_bound":621081.4613565473},"point_estimate":609094.3528098455,"standard_error":5537.305812231943},"median":{"confidence_interval":{"confidence_level":0.95,"lower_bound":593781.875,"upper_bound":605487.3322649573},"point_estimate":600303.3768847007,"standard_error":2623.1722474319754},"median_abs_dev":{"confidence_interval":{"confidence_level":0.95,"lower_bound":21852.626511428152,"upper_bound":36449.69347706585},"point_estimate":28487.41271386272,"standard_error":3906.745165990785},"slope":{"confidence_interval":{"confidence_level":0.95,"lower_bound":593443.9939559059,"upper_bound":606467.1094626194},"point_estimate":599981.9723969263,"standard_error":3337.1042561819286},"std_dev":{"confidence_interval":{"confidence_level":0.95,"lower_bound":28371.519678648423,"upper_bound":82333.92487790962},"point_estimate":55458.02283516815,"standard_error":15126.391492719755}}