{"mean":{"confidence_interval":{"confidence_level":0.95,"lower_bound":104737389.31975001,"upper_bound":105167217.235},"point_estimate":104936431.19,"standard_error":109969.15235452059},"median":{"confidence_interval":{"confidence_level":0.95,"lower_bound":104487398.5,"upper_bound":104800307.0},"point_estimate":104604515.0,"standard_error":77140.50682667985},"median_abs_dev":{"confidence_interval":{"confidence_level":0.95,"lower_bound":379586.0867735001,"upper_bound":674984.7726166248},"point_estimate":530352.6973843575,"standard_error":70875.91633167145},"slope":null,"std_dev":{"confidence_interval":{"confidence_level":0.95,"lower_bound":689797.0011121465,"upper_bound":1497490.128863885},"point_estimate":1105228.7439866904,"standard_error":209637.52765443432}}