{"mean":{"confidence_interval":{"confidence_level":0.95,"lower_bound":460734.6170875481,"upper_bound":461800.35392090504},"point_estimate":461238.6244182126,"standard_error":271.07654258233066},"median":{"confidence_interval":{"confidence_level":0.95,"lower_bound":459702.0336700337,"upper_bound":461832.81333333335},"point_estimate":460625.69387116947,"standard_error":561.8552391599814},"median_abs_dev":{"confidence_interval":{"confidence_level":0.95,"lower_bound":1401.961198187134,"upper_bound":2889.8888042635067},"point_estimate":2332.2877909599206,"standard_error":353.63937634597426},"slope":{"confidence_interval":{"confidence_level":0.95,"lower_bound":460286.7602571239,"upper_bound":461332.79071769776},"point_estimate":460778.5807162209,"standard_error":266.3955089533497},"std_dev":{"confidence_interval":{"confidence_level":0.95,"lower_bound":1976.001450609925,"upper_bound":3567.3360261533594},"point_estimate":2727.344048829401,"standard_error":428.8857907361854}}