{"mean":{"confidence_interval":{"confidence_level":0.95,"lower_bound":137414.40010614367,"upper_bound":140825.64738043255},"point_estimate":139020.94034061872,"standard_error":871.5099077867148},"median":{"confidence_interval":{"confidence_level":0.95,"lower_bound":135660.60606060605,"upper_bound":137884.13353863382},"point_estimate":136803.2924107143,"standard_error":647.9173922034958},"median_abs_dev":{"confidence_interval":{"confidence_level":0.95,"lower_bound":3382.324465682318,"upper_bound":7066.166682723562},"point_estimate":4758.838769736696,"standard_error":959.537432099821},"slope":{"confidence_interval":{"confidence_level":0.95,"lower_bound":134765.09124484615,"upper_bound":137011.23578016393},"point_estimate":135828.02712391014,"standard_error":575.0078092315708},"std_dev":{"confidence_interval":{"confidence_level":0.95,"lower_bound":5945.59860652056,"upper_bound":11502.185702237968},"point_estimate":8775.449414715518,"standard_error":1441.086723523098}}