{"mean":{"confidence_interval":{"confidence_level":0.95,"lower_bound":753392.4190748169,"upper_bound":758385.0590915342},"point_estimate":755641.0770082101,"standard_error":1283.014977224257},"median":{"confidence_interval":{"confidence_level":0.95,"lower_bound":751638.164935065,"upper_bound":752444.7302631579},"point_estimate":751926.2779017857,"standard_error":217.83021397435263},"median_abs_dev":{"confidence_interval":{"confidence_level":0.95,"lower_bound":1491.5699627152446,"upper_bound":3135.3991328490533},"point_estimate":1979.1047680512968,"standard_error":428.47746420413574},"slope":{"confidence_interval":{"confidence_level":0.95,"lower_bound":752599.5522777727,"upper_bound":757492.7062615816},"point_estimate":754707.6924604699,"standard_error":1261.8504707505401},"std_dev":{"confidence_interval":{"confidence_level":0.95,"lower_bound":6425.256283383114,"upper_bound":18324.828945902336},"point_estimate":12898.817443886037,"standard_error":3061.266946014911}}