{"mean":{"confidence_interval":{"confidence_level":0.95,"lower_bound":1101164.394721299,"upper_bound":1135074.1914901456},"point_estimate":1115822.3111026427,"standard_error":8703.974623161346},"median":{"confidence_interval":{"confidence_level":0.95,"lower_bound":1087197.8837209302,"upper_bound":1101499.6382575757},"point_estimate":1093667.041208791,"standard_error":3523.934778406732},"median_abs_dev":{"confidence_interval":{"confidence_level":0.95,"lower_bound":22402.36944882556,"upper_bound":46774.94343986732},"point_estimate":35209.05845591417,"standard_error":6493.440193820135},"slope":{"confidence_interval":{"confidence_level":0.95,"lower_bound":1086455.2269208296,"upper_bound":1105688.092207125},"point_estimate":1095583.7115915471,"standard_error":4899.584771163541},"std_dev":{"confidence_interval":{"confidence_level":0.95,"lower_bound":42134.97263034614,"upper_bound":132715.06553364676},"point_estimate":87452.14172422023,"standard_error":26562.295807051807}}