{"mean":{"confidence_interval":{"confidence_level":0.95,"lower_bound":19972873.361083325,"upper_bound":20312825.610416666},"point_estimate":20139228.276666664,"standard_error":87063.57907863408},"median":{"confidence_interval":{"confidence_level":0.95,"lower_bound":19956263.333333332,"upper_bound":20275032.0},"point_estimate":20088147.833333336,"standard_error":69334.56975684426},"median_abs_dev":{"confidence_interval":{"confidence_level":0.95,"lower_bound":492498.9548563957,"upper_bound":896064.3973916788},"point_estimate":663418.2689219713,"standard_error":98789.88063103924},"slope":null,"std_dev":{"confidence_interval":{"confidence_level":0.95,"lower_bound":692328.9091279968,"upper_bound":1046080.71791618},"point_estimate":872594.5343786731,"standard_error":90591.67960125499}}