{"mean":{"confidence_interval":{"confidence_level":0.95,"lower_bound":353495.3124238264,"upper_bound":374824.3435800797},"point_estimate":363933.6905838744,"standard_error":5435.310857643898},"median":{"confidence_interval":{"confidence_level":0.95,"lower_bound":340898.1505376344,"upper_bound":372424.9322292694},"point_estimate":356001.7352380953,"standard_error":7843.352877283637},"median_abs_dev":{"confidence_interval":{"confidence_level":0.95,"lower_bound":43297.85249260897,"upper_bound":65933.49821932874},"point_estimate":55668.10288777204,"standard_error":5859.709681584535},"slope":{"confidence_interval":{"confidence_level":0.95,"lower_bound":342858.3760208477,"upper_bound":362631.0551300187},"point_estimate":352781.442031427,"standard_error":5050.890841964197},"std_dev":{"confidence_interval":{"confidence_level":0.95,"lower_bound":45645.57720245963,"upper_bound":63304.3190181932},"point_estimate":54742.165717738535,"standard_error":4528.178717377606}}