{"mean":{"confidence_interval":{"confidence_level":0.95,"lower_bound":280316.8588647294,"upper_bound":295136.9607135261},"point_estimate":286820.8002000913,"standard_error":3810.3754612216476},"median":{"confidence_interval":{"confidence_level":0.95,"lower_bound":271980.65714285715,"upper_bound":282440.55500000005},"point_estimate":274393.1359300477,"standard_error":3088.6377057970426},"median_abs_dev":{"confidence_interval":{"confidence_level":0.95,"lower_bound":8533.5224534997,"upper_bound":19027.98082196844},"point_estimate":12027.150970270386,"standard_error":2728.9627469021007},"slope":{"confidence_interval":{"confidence_level":0.95,"lower_bound":273286.81416947884,"upper_bound":279791.4633273377},"point_estimate":276386.6954219004,"standard_error":1664.0751775091346},"std_dev":{"confidence_interval":{"confidence_level":0.95,"lower_bound":16228.531728684466,"upper_bound":56608.71126737415},"point_estimate":38181.42585557089,"standard_error":10757.21709917109}}