{"mean":{"confidence_interval":{"confidence_level":0.95,"lower_bound":982813.2551596559,"upper_bound":1041599.7351953562},"point_estimate":1011500.4073647107,"standard_error":14993.783172160842},"median":{"confidence_interval":{"confidence_level":0.95,"lower_bound":960236.3722222222,"upper_bound":1015133.0906862745},"point_estimate":993139.8928866832,"standard_error":13745.055549923401},"median_abs_dev":{"confidence_interval":{"confidence_level":0.95,"lower_bound":102968.76872907077,"upper_bound":169776.33132101913},"point_estimate":141981.16805520753,"standard_error":16904.805289430347},"slope":{"confidence_interval":{"confidence_level":0.95,"lower_bound":954910.3966834359,"upper_bound":1008694.8417974976},"point_estimate":980820.7982917097,"standard_error":13738.572356255754},"std_dev":{"confidence_interval":{"confidence_level":0.95,"lower_bound":118403.09510484082,"upper_bound":178380.39844004685},"point_estimate":149616.92438726852,"standard_error":15413.278728741812}}