{"mean":{"confidence_interval":{"confidence_level":0.95,"lower_bound":73868.81604709603,"upper_bound":81247.51022284104},"point_estimate":76962.98640899606,"standard_error":1922.5394212601818},"median":{"confidence_interval":{"confidence_level":0.95,"lower_bound":71807.46153846153,"upper_bound":73210.73904576436},"point_estimate":72503.3535036881,"standard_error":329.5804289965175},"median_abs_dev":{"confidence_interval":{"confidence_level":0.95,"lower_bound":1778.6889949118174,"upper_bound":3453.1742385743646},"point_estimate":2664.6889832816246,"standard_error":448.25088186418174},"slope":{"confidence_interval":{"confidence_level":0.95,"lower_bound":71400.83572995677,"upper_bound":72831.9147324433},"point_estimate":72008.13646565346,"standard_error":370.31947455997556},"std_dev":{"confidence_interval":{"confidence_level":0.95,"lower_bound":5225.392021236495,"upper_bound":30553.158216398882},"point_estimate":19342.30094795848,"standard_error":6919.246017615988}}