{"mean":{"confidence_interval":{"confidence_level":0.95,"lower_bound":2502016.4756363663,"upper_bound":2669933.044806819},"point_estimate":2581455.65409091,"standard_error":43010.15081160432},"median":{"confidence_interval":{"confidence_level":0.95,"lower_bound":2426755.1818181816,"upper_bound":2535119.590909091},"point_estimate":2498957.7954545454,"standard_error":23701.883169578203},"median_abs_dev":{"confidence_interval":{"confidence_level":0.95,"lower_bound":182046.69860438822,"upper_bound":311144.19239881344},"point_estimate":235372.92184856825,"standard_error":31128.34558828698},"slope":null,"std_dev":{"confidence_interval":{"confidence_level":0.95,"lower_bound":308079.2491339239,"upper_bound":547782.4525291381},"point_estimate":433482.35707901814,"standard_error":61520.86496426555}}