{"mean":{"confidence_interval":{"confidence_level":0.95,"lower_bound":36348.05245874956,"upper_bound":36432.56444282022},"point_estimate":36382.89194867766,"standard_error":22.07399380542827},"median":{"confidence_interval":{"confidence_level":0.95,"lower_bound":36325.304385504205,"upper_bound":36355.83095238095},"point_estimate":36337.74901149229,"standard_error":7.262603322989576},"median_abs_dev":{"confidence_interval":{"confidence_level":0.95,"lower_bound":42.2313964748911,"upper_bound":73.76814747403316},"point_estimate":52.2160891136334,"standard_error":7.805497092219772},"slope":{"confidence_interval":{"confidence_level":0.95,"lower_bound":36327.612693524425,"upper_bound":36362.821276055496},"point_estimate":36343.61554043784,"standard_error":8.981236499055147},"std_dev":{"confidence_interval":{"confidence_level":0.95,"lower_bound":74.78094580530029,"upper_bound":354.59695041038134},"point_estimate":221.9892465528995,"standard_error":84.65617463487281}}