{"mean":{"confidence_interval":{"confidence_level":0.95,"lower_bound":905352.3265098,"upper_bound":913759.4337764013},"point_estimate":909223.5317018986,"standard_error":2159.576526158153},"median":{"confidence_interval":{"confidence_level":0.95,"lower_bound":899814.7183098592,"upper_bound":906900.984375},"point_estimate":902744.455882353,"standard_error":1591.8419790570317},"median_abs_dev":{"confidence_interval":{"confidence_level":0.95,"lower_bound":7920.023177810517,"upper_bound":14522.133955843434},"point_estimate":10883.377414624621,"standard_error":1629.6983682538107},"slope":{"confidence_interval":{"confidence_level":0.95,"lower_bound":898817.7610744444,"upper_bound":903613.1898499391},"point_estimate":901070.3071272351,"standard_error":1222.695075831221},"std_dev":{"confidence_interval":{"confidence_level":0.95,"lower_bound":13027.29917329536,"upper_bound":29979.133004937572},"point_estimate":21723.924617700115,"standard_error":4445.735164092766}}