{"mean":{"confidence_interval":{"confidence_level":0.95,"lower_bound":798005.055851024,"upper_bound":836548.3846816124},"point_estimate":815941.0092650807,"standard_error":9875.449385253845},"median":{"confidence_interval":{"confidence_level":0.95,"lower_bound":774972.3122086247,"upper_bound":808097.775},"point_estimate":788345.362132353,"standard_error":8043.153026202843},"median_abs_dev":{"confidence_interval":{"confidence_level":0.95,"lower_bound":42440.775222265656,"upper_bound":78814.94261714023},"point_estimate":61602.19718528445,"standard_error":9129.390236466632},"slope":{"confidence_interval":{"confidence_level":0.95,"lower_bound":769204.7833905027,"upper_bound":792637.9263573117},"point_estimate":780265.7207580907,"standard_error":5982.550679608275},"std_dev":{"confidence_interval":{"confidence_level":0.95,"lower_bound":62951.361158192645,"upper_bound":132435.50981866728},"point_estimate":99461.32776070565,"standard_error":17854.973644523117}}