{"mean":{"confidence_interval":{"confidence_level":0.95,"lower_bound":968533.996443071,"upper_bound":1029849.9840106462},"point_estimate":996189.3402421217,"standard_error":15759.598788545116},"median":{"confidence_interval":{"confidence_level":0.95,"lower_bound":933905.9038690475,"upper_bound":984869.0},"point_estimate":954158.2955685619,"standard_error":13363.550242297144},"median_abs_dev":{"confidence_interval":{"confidence_level":0.95,"lower_bound":55451.34982663228,"upper_bound":105478.5090374668},"point_estimate":74217.87103655124,"standard_error":12866.26859055404},"slope":{"confidence_interval":{"confidence_level":0.95,"lower_bound":940323.2122844835,"upper_bound":968848.499786462},"point_estimate":954176.1370681247,"standard_error":7281.741319556486},"std_dev":{"confidence_interval":{"confidence_level":0.95,"lower_bound":86388.61148219771,"upper_bound":230498.58592997995},"point_estimate":158517.36451453168,"standard_error":39195.24698839676}}