{"mean":{"confidence_interval":{"confidence_level":0.95,"lower_bound":859293.6049934862,"upper_bound":866742.9556807881},"point_estimate":862776.4544220701,"standard_error":1899.8662024548403},"median":{"confidence_interval":{"confidence_level":0.95,"lower_bound":854649.8506493507,"upper_bound":859166.609917272},"point_estimate":856872.5734289617,"standard_error":1312.9705785208255},"median_abs_dev":{"confidence_interval":{"confidence_level":0.95,"lower_bound":5725.237769611471,"upper_bound":10873.623240714176},"point_estimate":8584.967836533673,"standard_error":1374.5115889888912},"slope":{"confidence_interval":{"confidence_level":0.95,"lower_bound":855024.701888704,"upper_bound":861514.8699551522},"point_estimate":857831.4610166987,"standard_error":1680.7293001400549},"std_dev":{"confidence_interval":{"confidence_level":0.95,"lower_bound":12563.004313020267,"upper_bound":24497.246144292512},"point_estimate":19082.494288028112,"standard_error":3058.3014037304956}}