{"mean":{"confidence_interval":{"confidence_level":0.95,"lower_bound":66507.99006953803,"upper_bound":68210.5377481137},"point_estimate":67275.98162074751,"standard_error":434.4565662236095},"median":{"confidence_interval":{"confidence_level":0.95,"lower_bound":66002.74619883041,"upper_bound":66825.76216073782},"point_estimate":66365.31672529581,"standard_error":240.81016057478737},"median_abs_dev":{"confidence_interval":{"confidence_level":0.95,"lower_bound":1099.9626234347174,"upper_bound":2049.3023223083555},"point_estimate":1566.4909399225614,"standard_error":244.36009615108236},"slope":{"confidence_interval":{"confidence_level":0.95,"lower_bound":65923.59734103175,"upper_bound":67568.83607376169},"point_estimate":66644.63992867347,"standard_error":424.1012764602184},"std_dev":{"confidence_interval":{"confidence_level":0.95,"lower_bound":2444.5500346043405,"upper_bound":6282.202849698037},"point_estimate":4379.608734762355,"standard_error":1034.9495654228597}}