{"mean":{"confidence_interval":{"confidence_level":0.95,"lower_bound":2492990.9613500005,"upper_bound":2557630.505250001},"point_estimate":2518501.0595,"standard_error":17117.583323735435},"median":{"confidence_interval":{"confidence_level":0.95,"lower_bound":2483834.075,"upper_bound":2505956.625},"point_estimate":2494762.3,"standard_error":5949.47579326732},"median_abs_dev":{"confidence_interval":{"confidence_level":0.95,"lower_bound":40672.609857916555,"upper_bound":69460.58713182794},"point_estimate":53997.47712135287,"standard_error":7564.72057051377},"slope":null,"std_dev":{"confidence_interval":{"confidence_level":0.95,"lower_bound":54915.1077965826,"upper_bound":283369.08427884977},"point_estimate":172258.54577669434,"standard_error":76493.29592156777}}