{"mean":{"confidence_interval":{"confidence_level":0.95,"lower_bound":24242999.18108334,"upper_bound":24541725.137000006},"point_estimate":24382082.94666667,"standard_error":76577.5827719901},"median":{"confidence_interval":{"confidence_level":0.95,"lower_bound":24093160.0,"upper_bound":24163050.333333332},"point_estimate":24115412.0,"standard_error":20777.77589854372},"median_abs_dev":{"confidence_interval":{"confidence_level":0.95,"lower_bound":107959.47068333534,"upper_bound":208671.00429534542},"point_estimate":140168.708011508,"standard_error":26698.527388513077},"slope":null,"std_dev":{"confidence_interval":{"confidence_level":0.95,"lower_bound":501878.0142491124,"upper_bound":990147.253845519},"point_estimate":767331.2426566203,"standard_error":124891.30772743953}}