{"mean":{"confidence_interval":{"confidence_level":0.95,"lower_bound":250765.4253185363,"upper_bound":267813.9101341325},"point_estimate":258533.53632946388,"standard_error":4360.800397514668},"median":{"confidence_interval":{"confidence_level":0.95,"lower_bound":243449.40625,"upper_bound":251619.49541452678},"point_estimate":245877.06970477977,"standard_error":2048.677118360295},"median_abs_dev":{"confidence_interval":{"confidence_level":0.95,"lower_bound":16315.164694878289,"upper_bound":27572.314982417112},"point_estimate":21798.118792172692,"standard_error":2817.6863682105813},"slope":{"confidence_interval":{"confidence_level":0.95,"lower_bound":247614.2216742696,"upper_bound":259513.8493477137},"point_estimate":253382.0519735481,"standard_error":3049.7107186096982},"std_dev":{"confidence_interval":{"confidence_level":0.95,"lower_bound":26415.320464181917,"upper_bound":61773.45051104718},"point_estimate":43807.54126484675,"standard_error":9578.006047841225}}