{"mean":{"confidence_interval":{"confidence_level":0.95,"lower_bound":1232990.424547694,"upper_bound":1271845.0334834123},"point_estimate":1251440.9617493341,"standard_error":9896.82697360752},"median":{"confidence_interval":{"confidence_level":0.95,"lower_bound":1210463.857142857,"upper_bound":1243843.6979166665},"point_estimate":1227836.7633870966,"standard_error":7359.061182404656},"median_abs_dev":{"confidence_interval":{"confidence_level":0.95,"lower_bound":47489.69811398037,"upper_bound":80596.54529275498},"point_estimate":62619.385444902975,"standard_error":8272.413313476569},"slope":{"confidence_interval":{"confidence_level":0.95,"lower_bound":1205205.2064364771,"upper_bound":1227172.3804221768},"point_estimate":1215902.4541658047,"standard_error":5587.131898331204},"std_dev":{"confidence_interval":{"confidence_level":0.95,"lower_bound":71614.72145323911,"upper_bound":125112.23633231666},"point_estimate":99305.24778753739,"standard_error":13765.881167165255}}