{"mean":{"confidence_interval":{"confidence_level":0.95,"lower_bound":678393.6170519991,"upper_bound":709546.5617727459},"point_estimate":692087.4839790938,"standard_error":8027.849348914239},"median":{"confidence_interval":{"confidence_level":0.95,"lower_bound":663021.3921568628,"upper_bound":671103.1777295286},"point_estimate":666939.5809716599,"standard_error":1897.9265124094911},"median_abs_dev":{"confidence_interval":{"confidence_level":0.95,"lower_bound":7600.565997992153,"upper_bound":17436.96739821835},"point_estimate":12289.31228368205,"standard_error":2397.20974954812},"slope":{"confidence_interval":{"confidence_level":0.95,"lower_bound":661218.2261930053,"upper_bound":665449.5413360243},"point_estimate":663078.2402719078,"standard_error":1085.1219871283254},"std_dev":{"confidence_interval":{"confidence_level":0.95,"lower_bound":36214.69158706476,"upper_bound":120120.75225319073},"point_estimate":80800.33571548223,"standard_error":22287.177764436747}}