{"mean":{"confidence_interval":{"confidence_level":0.95,"lower_bound":1507372.6632569947,"upper_bound":1549871.8557369527},"point_estimate":1527888.815314679,"standard_error":10828.6936621918},"median":{"confidence_interval":{"confidence_level":0.95,"lower_bound":1488858.4322916665,"upper_bound":1534640.3513513512},"point_estimate":1508833.6403061226,"standard_error":14838.546616801763},"median_abs_dev":{"confidence_interval":{"confidence_level":0.95,"lower_bound":65869.67619818058,"upper_bound":122279.88950240448},"point_estimate":86074.785245485,"standard_error":15033.690106258488},"slope":{"confidence_interval":{"confidence_level":0.95,"lower_bound":1492164.1441659897,"upper_bound":1527823.2623055489},"point_estimate":1509903.2958031625,"standard_error":9092.359918695855},"std_dev":{"confidence_interval":{"confidence_level":0.95,"lower_bound":84214.62303439056,"upper_bound":135309.29269965296},"point_estimate":108874.48255255101,"standard_error":13366.231452139871}}