{"mean":{"confidence_interval":{"confidence_level":0.95,"lower_bound":863588.6280569892,"upper_bound":886953.358099159},"point_estimate":874460.6044071651,"standard_error":5980.717420760844},"median":{"confidence_interval":{"confidence_level":0.95,"lower_bound":851610.0625,"upper_bound":870620.8902439025},"point_estimate":861007.8055555555,"standard_error":4064.07188551646},"median_abs_dev":{"confidence_interval":{"confidence_level":0.95,"lower_bound":27164.977812754958,"upper_bound":47629.44699726542},"point_estimate":38846.35952614071,"standard_error":5481.829935583079},"slope":{"confidence_interval":{"confidence_level":0.95,"lower_bound":848502.253861948,"upper_bound":861097.047618357},"point_estimate":854501.930381262,"standard_error":3211.1713709689043},"std_dev":{"confidence_interval":{"confidence_level":0.95,"lower_bound":38550.05509844735,"upper_bound":81057.81685290996},"point_estimate":59975.49729638826,"standard_error":11122.60854497413}}