{"mean":{"confidence_interval":{"confidence_level":0.95,"lower_bound":577.0454370194115,"upper_bound":584.3724119982343},"point_estimate":580.8034314100215,"standard_error":1.878388764742053},"median":{"confidence_interval":{"confidence_level":0.95,"lower_bound":579.2846035487462,"upper_bound":589.1213504384143},"point_estimate":584.6999763642368,"standard_error":2.7204418946877733},"median_abs_dev":{"confidence_interval":{"confidence_level":0.95,"lower_bound":13.627732414591943,"upper_bound":22.422536550646612},"point_estimate":17.66519377112192,"standard_error":2.160748375374542},"slope":{"confidence_interval":{"confidence_level":0.95,"lower_bound":575.6650816077128,"upper_bound":581.7327238186697},"point_estimate":578.6985644221816,"standard_error":1.5469507677573033},"std_dev":{"confidence_interval":{"confidence_level":0.95,"lower_bound":15.807838223036407,"upper_bound":21.608721968758292},"point_estimate":18.847505599459765,"standard_error":1.4824144259416872}}