{"mean":{"confidence_interval":{"confidence_level":0.95,"lower_bound":91021.25635990026,"upper_bound":97362.29777406077},"point_estimate":93524.78510375833,"standard_error":1678.653514253681},"median":{"confidence_interval":{"confidence_level":0.95,"lower_bound":89580.78964120371,"upper_bound":91929.03262507534},"point_estimate":90549.81694084029,"standard_error":600.9835017405676},"median_abs_dev":{"confidence_interval":{"confidence_level":0.95,"lower_bound":3376.124889673817,"upper_bound":5656.6874313795215},"point_estimate":4492.092861341503,"standard_error":609.1168521804786},"slope":{"confidence_interval":{"confidence_level":0.95,"lower_bound":89657.55752101644,"upper_bound":91524.4926458745},"point_estimate":90570.24061425545,"standard_error":478.5855537347873},"std_dev":{"confidence_interval":{"confidence_level":0.95,"lower_bound":4453.659906706483,"upper_bound":27565.278441262657},"point_estimate":16820.63878126938,"standard_error":7225.253984185361}}