{"mean":{"confidence_interval":{"confidence_level":0.95,"lower_bound":379190.82457535376,"upper_bound":395232.9710497853},"point_estimate":386212.06535549427,"standard_error":4122.458373766861},"median":{"confidence_interval":{"confidence_level":0.95,"lower_bound":375202.9682539682,"upper_bound":379277.0353535354},"point_estimate":377701.72168229613,"standard_error":1021.0912605609277},"median_abs_dev":{"confidence_interval":{"confidence_level":0.95,"lower_bound":6436.645572917338,"upper_bound":12563.308446355726},"point_estimate":8941.520703792132,"standard_error":1591.7471281989285},"slope":{"confidence_interval":{"confidence_level":0.95,"lower_bound":377508.8731975119,"upper_bound":381825.16866016784},"point_estimate":379582.1279641397,"standard_error":1101.7211183815596},"std_dev":{"confidence_interval":{"confidence_level":0.95,"lower_bound":17951.689739227277,"upper_bound":61635.5179153999},"point_estimate":41353.22413645302,"standard_error":11479.005511527139}}