{"mean":{"confidence_interval":{"confidence_level":0.95,"lower_bound":247094.48085549622,"upper_bound":253727.6211219944},"point_estimate":250157.92805088655,"standard_error":1688.8890635047592},"median":{"confidence_interval":{"confidence_level":0.95,"lower_bound":243659.97534496753,"upper_bound":247985.20285714284},"point_estimate":245670.23395348835,"standard_error":1101.744634386303},"median_abs_dev":{"confidence_interval":{"confidence_level":0.95,"lower_bound":6626.3462469595715,"upper_bound":11465.002247686856},"point_estimate":9712.434842696428,"standard_error":1263.9058772484927},"slope":{"confidence_interval":{"confidence_level":0.95,"lower_bound":246355.22605777092,"upper_bound":254211.55607304745},"point_estimate":249919.78375203192,"standard_error":2018.267588532811},"std_dev":{"confidence_interval":{"confidence_level":0.95,"lower_bound":10763.79645457907,"upper_bound":23277.987091958134},"point_estimate":16979.653079864984,"standard_error":3313.107427141452}}