{"mean":{"confidence_interval":{"confidence_level":0.95,"lower_bound":2505238.1453125,"upper_bound":2592485.9524125005},"point_estimate":2546503.8519999995,"standard_error":22356.127633384513},"median":{"confidence_interval":{"confidence_level":0.95,"lower_bound":2457586.85,"upper_bound":2535171.7},"point_estimate":2485286.7,"standard_error":17264.26231429271},"median_abs_dev":{"confidence_interval":{"confidence_level":0.95,"lower_bound":107566.40872031458,"upper_bound":191044.23730328673},"point_estimate":146896.11658707287,"standard_error":21003.200050838175},"slope":null,"std_dev":{"confidence_interval":{"confidence_level":0.95,"lower_bound":158895.45489229614,"upper_bound":293518.0126102029},"point_estimate":224648.9701727254,"standard_error":35481.73957571654}}