{"mean":{"confidence_interval":{"confidence_level":0.95,"lower_bound":96713.33001571844,"upper_bound":98972.15819150841},"point_estimate":97749.35919891212,"standard_error":580.8499348676252},"median":{"confidence_interval":{"confidence_level":0.95,"lower_bound":95826.5738463664,"upper_bound":97181.1840909091},"point_estimate":96317.60259348762,"standard_error":371.5047870675421},"median_abs_dev":{"confidence_interval":{"confidence_level":0.95,"lower_bound":2310.275522854227,"upper_bound":3614.3438797486524},"point_estimate":3029.3447146430335,"standard_error":326.91902599260527},"slope":{"confidence_interval":{"confidence_level":0.95,"lower_bound":94785.44386829561,"upper_bound":95849.90106344881},"point_estimate":95282.73473138359,"standard_error":270.6659149594241},"std_dev":{"confidence_interval":{"confidence_level":0.95,"lower_bound":3261.77997170098,"upper_bound":8176.431658718346},"point_estimate":5868.554149113503,"standard_error":1276.8196575417273}}