{"mean":{"confidence_interval":{"confidence_level":0.95,"lower_bound":518133.76184949087,"upper_bound":519853.2036522123},"point_estimate":518969.81045354577,"standard_error":439.60940481937035},"median":{"confidence_interval":{"confidence_level":0.95,"lower_bound":516407.14285714284,"upper_bound":520128.7840909091},"point_estimate":518566.75026525196,"standard_error":904.7759414330815},"median_abs_dev":{"confidence_interval":{"confidence_level":0.95,"lower_bound":3232.8218958300895,"upper_bound":5108.1232403555605},"point_estimate":4485.423505579077,"standard_error":458.2631401916549},"slope":{"confidence_interval":{"confidence_level":0.95,"lower_bound":518053.61087721115,"upper_bound":520856.46782576974},"point_estimate":519410.28200531995,"standard_error":717.9668101621319},"std_dev":{"confidence_interval":{"confidence_level":0.95,"lower_bound":3518.009318680884,"upper_bound":5222.225179647963},"point_estimate":4418.497918360172,"standard_error":437.3826169754674}}