{"mean":{"confidence_interval":{"confidence_level":0.95,"lower_bound":10951160.214900002,"upper_bound":11224418.364200002},"point_estimate":11075877.034000006,"standard_error":70068.63140865474},"median":{"confidence_interval":{"confidence_level":0.95,"lower_bound":10860757.6,"upper_bound":10905322.1},"point_estimate":10880759.2,"standard_error":12353.98411210546},"median_abs_dev":{"confidence_interval":{"confidence_level":0.95,"lower_bound":82051.00772680402,"upper_bound":136163.8311261092},"point_estimate":106028.2853776211,"standard_error":13730.811676164229},"slope":null,"std_dev":{"confidence_interval":{"confidence_level":0.95,"lower_bound":406481.0657649565,"upper_bound":933221.2901427485},"point_estimate":705947.0484091954,"standard_error":134125.25244148745}}