{"mean":{"confidence_interval":{"confidence_level":0.95,"lower_bound":1938581.220591176,"upper_bound":2001327.0170564058},"point_estimate":1967230.9702640818,"standard_error":16023.588770937164},"median":{"confidence_interval":{"confidence_level":0.95,"lower_bound":1910523.6705882354,"upper_bound":1982376.7647058824},"point_estimate":1937761.7218810602,"standard_error":18451.55912207398},"median_abs_dev":{"confidence_interval":{"confidence_level":0.95,"lower_bound":84495.53147560934,"upper_bound":132538.3951479488},"point_estimate":106642.23317890964,"standard_error":11797.64609615732},"slope":{"confidence_interval":{"confidence_level":0.95,"lower_bound":1905874.6607507726,"upper_bound":1947927.3961085957},"point_estimate":1925983.6405881483,"standard_error":10696.25545032211},"std_dev":{"confidence_interval":{"confidence_level":0.95,"lower_bound":100288.94922365248,"upper_bound":230018.86452978462},"point_estimate":161201.6727426952,"standard_error":38251.91645089841}}