{"mean":{"confidence_interval":{"confidence_level":0.95,"lower_bound":669926.2881163367,"upper_bound":676588.1357689782},"point_estimate":673491.716447205,"standard_error":1706.60494341639},"median":{"confidence_interval":{"confidence_level":0.95,"lower_bound":675774.3882520325,"upper_bound":679628.3784722222},"point_estimate":677560.8735294117,"standard_error":1024.7874907509047},"median_abs_dev":{"confidence_interval":{"confidence_level":0.95,"lower_bound":5296.650762833654,"upper_bound":10464.69098574328},"point_estimate":7896.75382843209,"standard_error":1401.150772607724},"slope":{"confidence_interval":{"confidence_level":0.95,"lower_bound":670833.3958327075,"upper_bound":676278.7274899839},"point_estimate":673704.4169853702,"standard_error":1388.473200084747},"std_dev":{"confidence_interval":{"confidence_level":0.95,"lower_bound":10513.644224582602,"upper_bound":23349.701916912076},"point_estimate":17146.257904294664,"standard_error":3360.347343525407}}