{"mean":{"confidence_interval":{"confidence_level":0.95,"lower_bound":244635.21063869528,"upper_bound":260038.8046806838},"point_estimate":251761.61153882265,"standard_error":3939.051999392093},"median":{"confidence_interval":{"confidence_level":0.95,"lower_bound":236676.8148148148,"upper_bound":242016.84691119692},"point_estimate":239869.10974450386,"standard_error":1219.8630999548716},"median_abs_dev":{"confidence_interval":{"confidence_level":0.95,"lower_bound":9532.933682423258,"upper_bound":17325.88193846471},"point_estimate":13103.60968107367,"standard_error":2040.1653754894908},"slope":{"confidence_interval":{"confidence_level":0.95,"lower_bound":236714.26856527076,"upper_bound":244805.10929001914},"point_estimate":240590.22151795478,"standard_error":2054.009350206042},"std_dev":{"confidence_interval":{"confidence_level":0.95,"lower_bound":24393.072630080496,"upper_bound":52418.591283090085},"point_estimate":39593.04077267281,"standard_error":7131.322716113875}}