{"mean":{"confidence_interval":{"confidence_level":0.95,"lower_bound":643491.2374384751,"upper_bound":691767.3698713614},"point_estimate":665217.3916048394,"standard_error":12366.283012013284},"median":{"confidence_interval":{"confidence_level":0.95,"lower_bound":613967.4838709678,"upper_bound":640512.2654798762},"point_estimate":625670.5607182018,"standard_error":7104.5452319615215},"median_abs_dev":{"confidence_interval":{"confidence_level":0.95,"lower_bound":35695.76973342017,"upper_bound":73566.55758420407},"point_estimate":52172.86068101093,"standard_error":10019.744647034868},"slope":{"confidence_interval":{"confidence_level":0.95,"lower_bound":627190.389597831,"upper_bound":660742.1407427198},"point_estimate":643564.9653214128,"standard_error":8597.071092078337},"std_dev":{"confidence_interval":{"confidence_level":0.95,"lower_bound":67964.64087296372,"upper_bound":179618.75969547912},"point_estimate":124251.93132622573,"standard_error":30407.8419941817}}