{"mean":{"confidence_interval":{"confidence_level":0.95,"lower_bound":4760.666538826695,"upper_bound":4780.344672325357},"point_estimate":4770.24504751217,"standard_error":5.027811760357971},"median":{"confidence_interval":{"confidence_level":0.95,"lower_bound":4752.2773894132915,"upper_bound":4765.3279856466},"point_estimate":4757.419834022572,"standard_error":3.171421684389366},"median_abs_dev":{"confidence_interval":{"confidence_level":0.95,"lower_bound":21.93982574630755,"upper_bound":44.747856462176486},"point_estimate":31.458909006073803,"standard_error":5.604084420240088},"slope":{"confidence_interval":{"confidence_level":0.95,"lower_bound":4758.257940504024,"upper_bound":4784.486502271544},"point_estimate":4770.74243098578,"standard_error":6.7124637765231565},"std_dev":{"confidence_interval":{"confidence_level":0.95,"lower_bound":41.7225360988098,"upper_bound":57.543596062292856},"point_estimate":50.37035330080588,"standard_error":4.041211238354469}}