{"mean":{"confidence_interval":{"confidence_level":0.95,"lower_bound":121759.38268471375,"upper_bound":132965.4497507213},"point_estimate":126695.61867747514,"standard_error":2888.2571106919963},"median":{"confidence_interval":{"confidence_level":0.95,"lower_bound":116739.19310344827,"upper_bound":122309.11752136752},"point_estimate":119900.35686535687,"standard_error":1658.847319926623},"median_abs_dev":{"confidence_interval":{"confidence_level":0.95,"lower_bound":7201.754999241239,"upper_bound":12921.496104280557},"point_estimate":10378.644526694907,"standard_error":1542.9824335441126},"slope":{"confidence_interval":{"confidence_level":0.95,"lower_bound":120213.86791574278,"upper_bound":128909.66900263875},"point_estimate":123986.79412574093,"standard_error":2232.3757373867634},"std_dev":{"confidence_interval":{"confidence_level":0.95,"lower_bound":13423.36786966931,"upper_bound":44095.109729816744},"point_estimate":29142.218844437077,"standard_error":8773.717095976259}}