{"mean":{"confidence_interval":{"confidence_level":0.95,"lower_bound":330893.55707329983,"upper_bound":356406.3241599394},"point_estimate":342997.15875163564,"standard_error":6493.713959923258},"median":{"confidence_interval":{"confidence_level":0.95,"lower_bound":310053.2839506173,"upper_bound":333414.64517625235},"point_estimate":325039.3119786453,"standard_error":5997.725186514668},"median_abs_dev":{"confidence_interval":{"confidence_level":0.95,"lower_bound":26919.408872084932,"upper_bound":50822.73298174568},"point_estimate":36542.058903067584,"standard_error":6534.676393801346},"slope":{"confidence_interval":{"confidence_level":0.95,"lower_bound":308153.5968149611,"upper_bound":323001.1255266748},"point_estimate":315119.65659721196,"standard_error":3789.246412361779},"std_dev":{"confidence_interval":{"confidence_level":0.95,"lower_bound":48246.57383034458,"upper_bound":82501.38005628422},"point_estimate":65319.35306991456,"standard_error":8930.46176352954}}