{"mean":{"confidence_interval":{"confidence_level":0.95,"lower_bound":1174546.3944626828,"upper_bound":1267994.484291179},"point_estimate":1217482.1418679133,"standard_error":23800.19518385173},"median":{"confidence_interval":{"confidence_level":0.95,"lower_bound":1158944.8974358975,"upper_bound":1254560.7826188258},"point_estimate":1204935.2694528876,"standard_error":19000.177121300196},"median_abs_dev":{"confidence_interval":{"confidence_level":0.95,"lower_bound":122981.07518360579,"upper_bound":192047.51639592965},"point_estimate":156258.96395852708,"standard_error":17577.872390827597},"slope":{"confidence_interval":{"confidence_level":0.95,"lower_bound":1168576.1948163453,"upper_bound":1232278.3163716274},"point_estimate":1200668.5561726023,"standard_error":16231.065531513183},"std_dev":{"confidence_interval":{"confidence_level":0.95,"lower_bound":151386.11534115963,"upper_bound":337541.04757039936},"point_estimate":238070.02533385358,"standard_error":53952.176920603975}}