{"mean":{"confidence_interval":{"confidence_level":0.95,"lower_bound":218809.8333720922,"upper_bound":231804.77714985353},"point_estimate":225429.17490946862,"standard_error":3324.34915024063},"median":{"confidence_interval":{"confidence_level":0.95,"lower_bound":222317.295,"upper_bound":243977.25806451612},"point_estimate":234432.63695549243,"standard_error":6593.636522926657},"median_abs_dev":{"confidence_interval":{"confidence_level":0.95,"lower_bound":21954.948986306932,"upper_bound":41900.28823317566},"point_estimate":32421.657317079007,"standard_error":5591.736738820949},"slope":{"confidence_interval":{"confidence_level":0.95,"lower_bound":232506.2404420301,"upper_bound":242122.3925337856},"point_estimate":237565.3486611497,"standard_error":2454.9005126429497},"std_dev":{"confidence_interval":{"confidence_level":0.95,"lower_bound":27561.18578470596,"upper_bound":39020.92741892992},"point_estimate":33582.84716301967,"standard_error":2931.1673801090083}}