{"mean":{"confidence_interval":{"confidence_level":0.95,"lower_bound":205494.47977414797,"upper_bound":217816.5007336716},"point_estimate":211222.54420014404,"standard_error":3148.799158421769},"median":{"confidence_interval":{"confidence_level":0.95,"lower_bound":195668.58322317692,"upper_bound":206661.48550724637},"point_estimate":199459.03259220356,"standard_error":2596.1196595811075},"median_abs_dev":{"confidence_interval":{"confidence_level":0.95,"lower_bound":9048.323836798012,"upper_bound":21202.417562180883},"point_estimate":14647.026286681434,"standard_error":2858.516709397196},"slope":{"confidence_interval":{"confidence_level":0.95,"lower_bound":196822.8607939015,"upper_bound":205266.12362155438},"point_estimate":200626.64560021673,"standard_error":2173.9343067175337},"std_dev":{"confidence_interval":{"confidence_level":0.95,"lower_bound":20923.75062571284,"upper_bound":41310.28886084845},"point_estimate":31626.003353919936,"standard_error":5239.321225664835}}