{"mean":{"confidence_interval":{"confidence_level":0.95,"lower_bound":629290.9299096362,"upper_bound":631963.6201375888},"point_estimate":630668.2967431266,"standard_error":681.9316829409023},"median":{"confidence_interval":{"confidence_level":0.95,"lower_bound":630743.86,"upper_bound":632495.5243902439},"point_estimate":631395.105522528,"standard_error":500.7621587132491},"median_abs_dev":{"confidence_interval":{"confidence_level":0.95,"lower_bound":2474.202518143172,"upper_bound":4256.423051600628},"point_estimate":3331.6913556505724,"standard_error":459.26634953432807},"slope":{"confidence_interval":{"confidence_level":0.95,"lower_bound":630246.441616005,"upper_bound":632150.7838048593},"point_estimate":631187.991433427,"standard_error":483.476207170492},"std_dev":{"confidence_interval":{"confidence_level":0.95,"lower_bound":5231.493620038944,"upper_bound":8306.850890861551},"point_estimate":6840.707421483257,"standard_error":789.4705572845183}}