{"mean":{"confidence_interval":{"confidence_level":0.95,"lower_bound":84732889.435,"upper_bound":86042580.00825},"point_estimate":85362346.95,"standard_error":333337.0645708876},"median":{"confidence_interval":{"confidence_level":0.95,"lower_bound":84290899.0,"upper_bound":85270462.0},"point_estimate":84817310.0,"standard_error":226241.0631332874},"median_abs_dev":{"confidence_interval":{"confidence_level":0.95,"lower_bound":1390175.4326194525,"upper_bound":2422615.800189972},"point_estimate":2015240.3228223324,"standard_error":265695.1259635632},"slope":null,"std_dev":{"confidence_interval":{"confidence_level":0.95,"lower_bound":2460688.3486262355,"upper_bound":4280596.571979526},"point_estimate":3360022.766577776,"standard_error":475640.13003321027}}