{"mean":{"confidence_interval":{"confidence_level":0.95,"lower_bound":1519407.3998051472,"upper_bound":1616648.429234133},"point_estimate":1563473.8146478967,"standard_error":24914.65984970149},"median":{"confidence_interval":{"confidence_level":0.95,"lower_bound":1495948.189189189,"upper_bound":1554116.5812454212},"point_estimate":1525380.2666666666,"standard_error":14963.062702194613},"median_abs_dev":{"confidence_interval":{"confidence_level":0.95,"lower_bound":97134.23223732617,"upper_bound":149062.22644859517},"point_estimate":125033.8952144185,"standard_error":13202.80916645556},"slope":{"confidence_interval":{"confidence_level":0.95,"lower_bound":1460179.0547089656,"upper_bound":1536210.387422137},"point_estimate":1496525.0832392492,"standard_error":19366.94724828847},"std_dev":{"confidence_interval":{"confidence_level":0.95,"lower_bound":139599.87728500838,"upper_bound":358938.8528134841},"point_estimate":250805.4445912413,"standard_error":58502.76949808746}}