{"mean":{"confidence_interval":{"confidence_level":0.95,"lower_bound":180145.69161079626,"upper_bound":183240.2767361007},"point_estimate":181591.43773013714,"standard_error":790.0061831661584},"median":{"confidence_interval":{"confidence_level":0.95,"lower_bound":178193.24242424243,"upper_bound":181643.726710199},"point_estimate":180125.65350140055,"standard_error":778.5335527328051},"median_abs_dev":{"confidence_interval":{"confidence_level":0.95,"lower_bound":3820.3744210849504,"upper_bound":5942.399190717958},"point_estimate":4526.289327573185,"standard_error":534.8132098169185},"slope":{"confidence_interval":{"confidence_level":0.95,"lower_bound":179717.10060172374,"upper_bound":182269.36231546648},"point_estimate":180940.31112112704,"standard_error":652.3711495771803},"std_dev":{"confidence_interval":{"confidence_level":0.95,"lower_bound":5349.808876283239,"upper_bound":10313.099670617921},"point_estimate":7950.532060728418,"standard_error":1280.1516038243867}}