{"mean":{"confidence_interval":{"confidence_level":0.95,"lower_bound":1031583.828770788,"upper_bound":1058786.3173656708},"point_estimate":1044572.1041958863,"standard_error":6959.676578845881},"median":{"confidence_interval":{"confidence_level":0.95,"lower_bound":1011654.2960526316,"upper_bound":1030038.79004329},"point_estimate":1023791.2222222222,"standard_error":4663.893994744732},"median_abs_dev":{"confidence_interval":{"confidence_level":0.95,"lower_bound":26138.023193728346,"upper_bound":47279.62119741019},"point_estimate":34795.89040881659,"standard_error":5249.238568652422},"slope":{"confidence_interval":{"confidence_level":0.95,"lower_bound":1030147.4036385819,"upper_bound":1063842.004756953},"point_estimate":1046346.7659051279,"standard_error":8627.226225164351},"std_dev":{"confidence_interval":{"confidence_level":0.95,"lower_bound":53259.24634907788,"upper_bound":83687.14080877395},"point_estimate":69730.27025351119,"standard_error":7804.501597427154}}