{"mean":{"confidence_interval":{"confidence_level":0.95,"lower_bound":3974145.245142855,"upper_bound":4076198.911517858},"point_estimate":4023778.307142858,"standard_error":26038.038679205678},"median":{"confidence_interval":{"confidence_level":0.95,"lower_bound":3921335.285714286,"upper_bound":4039014.8571428573},"point_estimate":3989257.5,"standard_error":36199.671167870954},"median_abs_dev":{"confidence_interval":{"confidence_level":0.95,"lower_bound":193723.97851071216,"upper_bound":319820.11232205806},"point_estimate":267452.8809517622,"standard_error":32583.586055652144},"slope":null,"std_dev":{"confidence_interval":{"confidence_level":0.95,"lower_bound":215903.44556091045,"upper_bound":310514.97759945475},"point_estimate":263149.2340719469,"standard_error":24278.19935685167}}