{"mean":{"confidence_interval":{"confidence_level":0.95,"lower_bound":1188821.737726237,"upper_bound":1224472.2850962784},"point_estimate":1205542.7864064337,"standard_error":9085.858813806011},"median":{"confidence_interval":{"confidence_level":0.95,"lower_bound":1170344.8958333333,"upper_bound":1198600.2878787878},"point_estimate":1184964.5211864407,"standard_error":7630.673084081574},"median_abs_dev":{"confidence_interval":{"confidence_level":0.95,"lower_bound":35655.63103942197,"upper_bound":69037.81300556986},"point_estimate":48143.96062527393,"standard_error":8451.85397156813},"slope":{"confidence_interval":{"confidence_level":0.95,"lower_bound":1180652.0239775977,"upper_bound":1215157.9505925348},"point_estimate":1197060.6620629525,"standard_error":8812.416540928982},"std_dev":{"confidence_interval":{"confidence_level":0.95,"lower_bound":59699.397012136214,"upper_bound":119146.14859903952},"point_estimate":91340.72286805192,"standard_error":15200.191029178623}}