{"mean":{"confidence_interval":{"confidence_level":0.95,"lower_bound":3248977.79328125,"upper_bound":3326164.18546875},"point_estimate":3283973.6225,"standard_error":19730.1836657281},"median":{"confidence_interval":{"confidence_level":0.95,"lower_bound":3217495.625,"upper_bound":3265789.6875},"point_estimate":3236208.25,"standard_error":14450.733030735795},"median_abs_dev":{"confidence_interval":{"confidence_level":0.95,"lower_bound":74630.39354926448,"upper_bound":117162.92623244226},"point_estimate":98172.39583209157,"standard_error":10482.36137739478},"slope":null,"std_dev":{"confidence_interval":{"confidence_level":0.95,"lower_bound":103201.23455086589,"upper_bound":278030.2133638091},"point_estimate":198139.1152236391,"standard_error":44962.8288383019}}