{"mean":{"confidence_interval":{"confidence_level":0.95,"lower_bound":2043531.5148599995,"upper_bound":2104131.5665},"point_estimate":2072766.6812000005,"standard_error":15473.047619669263},"median":{"confidence_interval":{"confidence_level":0.95,"lower_bound":1998214.12,"upper_bound":2081062.52},"point_estimate":2035062.32,"standard_error":18793.379392327814},"median_abs_dev":{"confidence_interval":{"confidence_level":0.95,"lower_bound":94418.37115573893,"upper_bound":156269.77337765697},"point_estimate":124788.12692856797,"standard_error":15489.289011274199},"slope":null,"std_dev":{"confidence_interval":{"confidence_level":0.95,"lower_bound":123615.05984344585,"upper_bound":185429.7612254575},"point_estimate":155543.9111530678,"standard_error":15829.861585416276}}