{"mean":{"confidence_interval":{"confidence_level":0.95,"lower_bound":684821.0410133224,"upper_bound":721487.187826265},"point_estimate":702159.9243843016,"standard_error":9366.636631612282},"median":{"confidence_interval":{"confidence_level":0.95,"lower_bound":664708.543968254,"upper_bound":679015.5107142858},"point_estimate":673514.3414786968,"standard_error":4013.786730473815},"median_abs_dev":{"confidence_interval":{"confidence_level":0.95,"lower_bound":19933.924491418446,"upper_bound":39930.85091651521},"point_estimate":27604.389927737186,"standard_error":5057.785146450255},"slope":{"confidence_interval":{"confidence_level":0.95,"lower_bound":676264.4679762736,"upper_bound":712800.3192049051},"point_estimate":692854.9049992611,"standard_error":9348.728350229698},"std_dev":{"confidence_interval":{"confidence_level":0.95,"lower_bound":65752.85500563588,"upper_bound":117168.76644543895},"point_estimate":94001.04683440004,"standard_error":13138.13127661127}}