{"mean":{"confidence_interval":{"confidence_level":0.95,"lower_bound":1355573.5981642208,"upper_bound":1380496.1874607385},"point_estimate":1366229.139847912,"standard_error":6454.674385638727},"median":{"confidence_interval":{"confidence_level":0.95,"lower_bound":1345928.0933333333,"upper_bound":1350041.5787815126},"point_estimate":1347504.106818182,"standard_error":1109.1762106640938},"median_abs_dev":{"confidence_interval":{"confidence_level":0.95,"lower_bound":5795.29626015689,"upper_bound":12030.993195647774},"point_estimate":8349.653728810004,"standard_error":1605.294516234944},"slope":{"confidence_interval":{"confidence_level":0.95,"lower_bound":1343648.0720238162,"upper_bound":1346909.5147577645},"point_estimate":1345032.761672824,"standard_error":834.442758879898},"std_dev":{"confidence_interval":{"confidence_level":0.95,"lower_bound":24741.51822187468,"upper_bound":100163.4317891907},"point_estimate":64557.9369308666,"standard_error":20867.13219321808}}