{"mean":{"confidence_interval":{"confidence_level":0.95,"lower_bound":3587.790964571833,"upper_bound":3599.312291749213},"point_estimate":3593.5747719507267,"standard_error":2.945025837231171},"median":{"confidence_interval":{"confidence_level":0.95,"lower_bound":3589.6037185632376,"upper_bound":3600.4536546486006},"point_estimate":3594.2888804561862,"standard_error":2.733608647590396},"median_abs_dev":{"confidence_interval":{"confidence_level":0.95,"lower_bound":22.725561183575458,"upper_bound":35.47618217815921},"point_estimate":29.326255793734834,"standard_error":3.157496325602788},"slope":{"confidence_interval":{"confidence_level":0.95,"lower_bound":3587.540055023444,"upper_bound":3601.337097429493},"point_estimate":3594.3938760783776,"standard_error":3.512654285237512},"std_dev":{"confidence_interval":{"confidence_level":0.95,"lower_bound":25.346829367644983,"upper_bound":33.471398530864526},"point_estimate":29.5909646592466,"standard_error":2.072531957776064}}