{"mean":{"confidence_interval":{"confidence_level":0.95,"lower_bound":3436.9886974969304,"upper_bound":3729.5363371384565},"point_estimate":3543.846281728279,"standard_error":84.14947370415544},"median":{"confidence_interval":{"confidence_level":0.95,"lower_bound":3396.9281438655153,"upper_bound":3448.4674812269313},"point_estimate":3421.927981605013,"standard_error":12.783699260313824},"median_abs_dev":{"confidence_interval":{"confidence_level":0.95,"lower_bound":63.8425770230255,"upper_bound":115.31878978317205},"point_estimate":85.6318986371252,"standard_error":13.271420687331776},"slope":{"confidence_interval":{"confidence_level":0.95,"lower_bound":3419.3730053856307,"upper_bound":3491.8699817804354},"point_estimate":3453.9693760248465,"standard_error":18.47605801331258},"std_dev":{"confidence_interval":{"confidence_level":0.95,"lower_bound":117.58494759782805,"upper_bound":1429.1504671532784},"point_estimate":842.9667705104335,"standard_error":452.63635315242675}}