{"mean":{"confidence_interval":{"confidence_level":0.95,"lower_bound":1239576.44993795,"upper_bound":1314561.7314669625},"point_estimate":1273658.0690568706,"standard_error":19252.774194545287},"median":{"confidence_interval":{"confidence_level":0.95,"lower_bound":1207985.5576923077,"upper_bound":1237155.7070626002},"point_estimate":1221164.820261438,"standard_error":6958.93777894328},"median_abs_dev":{"confidence_interval":{"confidence_level":0.95,"lower_bound":43770.81841492859,"upper_bound":77914.70089038121},"point_estimate":58109.709908568955,"standard_error":8557.980592641396},"slope":{"confidence_interval":{"confidence_level":0.95,"lower_bound":1189608.6470503907,"upper_bound":1219318.678797466},"point_estimate":1203524.846070637,"standard_error":7585.153064662162},"std_dev":{"confidence_interval":{"confidence_level":0.95,"lower_bound":105815.73026191643,"upper_bound":264240.9407641846},"point_estimate":193276.30594714804,"standard_error":40158.48571385514}}