{"mean":{"confidence_interval":{"confidence_level":0.95,"lower_bound":2923745.710027779,"upper_bound":2955343.7758611115},"point_estimate":2938655.5716666663,"standard_error":8061.938833365182},"median":{"confidence_interval":{"confidence_level":0.95,"lower_bound":2899866.5833333335,"upper_bound":2911555.722222222},"point_estimate":2904087.8055555555,"standard_error":2700.34249084482},"median_abs_dev":{"confidence_interval":{"confidence_level":0.95,"lower_bound":19325.155273576733,"upper_bound":40048.19640566886},"point_estimate":26263.228950401415,"standard_error":5246.697745406466},"slope":null,"std_dev":{"confidence_interval":{"confidence_level":0.95,"lower_bound":58783.45568872919,"upper_bound":104602.43966319278},"point_estimate":81092.44774337913,"standard_error":12181.261952666928}}