{"mean":{"confidence_interval":{"confidence_level":0.95,"lower_bound":44081.79025545485,"upper_bound":45515.5062245145},"point_estimate":44785.37687599189,"standard_error":364.9939364514856},"median":{"confidence_interval":{"confidence_level":0.95,"lower_bound":44198.65720808871,"upper_bound":45230.68970814132},"point_estimate":44599.1393979313,"standard_error":284.0412867236304},"median_abs_dev":{"confidence_interval":{"confidence_level":0.95,"lower_bound":1717.7303091800204,"upper_bound":3317.815694685514},"point_estimate":2630.6682952248,"standard_error":406.50409553347487},"slope":{"confidence_interval":{"confidence_level":0.95,"lower_bound":45158.1217081775,"upper_bound":46497.60538460836},"point_estimate":45814.04469055008,"standard_error":340.6302099318016},"std_dev":{"confidence_interval":{"confidence_level":0.95,"lower_bound":2920.435987592632,"upper_bound":4362.049771030847},"point_estimate":3667.7137327705686,"standard_error":370.1982174498482}}