{"mean":{"confidence_interval":{"confidence_level":0.95,"lower_bound":745594.2445022798,"upper_bound":767375.9587541725},"point_estimate":756454.0984145557,"standard_error":5552.236869153549},"median":{"confidence_interval":{"confidence_level":0.95,"lower_bound":742694.0539541759,"upper_bound":776959.1630434783},"point_estimate":765739.0424972314,"standard_error":9323.202907865774},"median_abs_dev":{"confidence_interval":{"confidence_level":0.95,"lower_bound":50305.68540635796,"upper_bound":81201.32397274964},"point_estimate":67064.57461547056,"standard_error":8398.121080106876},"slope":{"confidence_interval":{"confidence_level":0.95,"lower_bound":750048.7619504171,"upper_bound":779331.6139541082},"point_estimate":765034.0168774937,"standard_error":7438.537256173864},"std_dev":{"confidence_interval":{"confidence_level":0.95,"lower_bound":50139.67077026508,"upper_bound":61478.47941876813},"point_estimate":56128.665502659154,"standard_error":2887.835273961433}}