{"mean":{"confidence_interval":{"confidence_level":0.95,"lower_bound":6022558.695555556,"upper_bound":6158040.516666667},"point_estimate":6087788.856666667,"standard_error":34726.710825368136},"median":{"confidence_interval":{"confidence_level":0.95,"lower_bound":5961815.666666667,"upper_bound":6062148.333333333},"point_estimate":6006601.277777778,"standard_error":23555.271502080082},"median_abs_dev":{"confidence_interval":{"confidence_level":0.95,"lower_bound":174641.21656616544,"upper_bound":333731.44200841547},"point_estimate":239850.49357513594,"standard_error":41031.157642204016},"slope":null,"std_dev":{"confidence_interval":{"confidence_level":0.95,"lower_bound":273889.59424790205,"upper_bound":417934.1497638258},"point_estimate":347227.1306599758,"standard_error":37191.28053401818}}