{"mean":{"confidence_interval":{"confidence_level":0.95,"lower_bound":320424.91752344737,"upper_bound":337615.139976335},"point_estimate":327970.2474679996,"standard_error":4432.550769205275},"median":{"confidence_interval":{"confidence_level":0.95,"lower_bound":314777.8319171348,"upper_bound":321296.0909090909},"point_estimate":316754.26902834006,"standard_error":1854.4479675688817},"median_abs_dev":{"confidence_interval":{"confidence_level":0.95,"lower_bound":8395.002805677861,"upper_bound":13965.87384244075},"point_estimate":11165.89941693261,"standard_error":1373.2037919869242},"slope":{"confidence_interval":{"confidence_level":0.95,"lower_bound":318143.65319138905,"upper_bound":325129.4124851811},"point_estimate":321387.52733116597,"standard_error":1795.1786447622956},"std_dev":{"confidence_interval":{"confidence_level":0.95,"lower_bound":19212.973414342174,"upper_bound":67038.87108080598},"point_estimate":44429.9808905034,"standard_error":12950.053187372388}}