{"mean":{"confidence_interval":{"confidence_level":0.95,"lower_bound":190512.66791769044,"upper_bound":196172.9390189921},"point_estimate":192985.580052708,"standard_error":1460.421755937255},"median":{"confidence_interval":{"confidence_level":0.95,"lower_bound":188824.21995192306,"upper_bound":189804.2360148909},"point_estimate":189236.51985867447,"standard_error":233.3531698744729},"median_abs_dev":{"confidence_interval":{"confidence_level":0.95,"lower_bound":1548.7761604582668,"upper_bound":2787.655602238347},"point_estimate":2144.0604133076135,"standard_error":326.8313389498302},"slope":{"confidence_interval":{"confidence_level":0.95,"lower_bound":188484.55414757045,"upper_bound":191544.17084171582},"point_estimate":189616.8631771834,"standard_error":818.9248524450848},"std_dev":{"confidence_interval":{"confidence_level":0.95,"lower_bound":5168.20817153441,"upper_bound":21738.146962354705},"point_estimate":14746.140426941456,"standard_error":4257.074073360018}}