{"mean":{"confidence_interval":{"confidence_level":0.95,"lower_bound":1224943.1429161653,"upper_bound":1300250.4617777995},"point_estimate":1259925.0396837813,"standard_error":19222.79587783549},"median":{"confidence_interval":{"confidence_level":0.95,"lower_bound":1180207.8,"upper_bound":1236001.1142857142},"point_estimate":1197037.6361985472,"standard_error":14152.800873419541},"median_abs_dev":{"confidence_interval":{"confidence_level":0.95,"lower_bound":64706.687519799256,"upper_bound":127188.4025459097},"point_estimate":88498.82563706701,"standard_error":15487.936673249698},"slope":{"confidence_interval":{"confidence_level":0.95,"lower_bound":1204118.859566146,"upper_bound":1248055.6972390022},"point_estimate":1225414.595664253,"standard_error":11207.257689336155},"std_dev":{"confidence_interval":{"confidence_level":0.95,"lower_bound":122432.26584598003,"upper_bound":255225.577326396},"point_estimate":192611.72143701636,"standard_error":34180.51328858525}}