{"mean":{"confidence_interval":{"confidence_level":0.95,"lower_bound":7158.7516725428895,"upper_bound":7284.5459408593415},"point_estimate":7223.245095929531,"standard_error":32.06408791829022},"median":{"confidence_interval":{"confidence_level":0.95,"lower_bound":7163.25768321513,"upper_bound":7336.012013315964},"point_estimate":7242.332889127811,"standard_error":39.23883533678644},"median_abs_dev":{"confidence_interval":{"confidence_level":0.95,"lower_bound":259.4585977183539,"upper_bound":380.9067874794555},"point_estimate":305.6155786969759,"standard_error":30.8640497332016},"slope":{"confidence_interval":{"confidence_level":0.95,"lower_bound":7168.498465971455,"upper_bound":7293.6143340876915},"point_estimate":7229.615450784837,"standard_error":31.859998392981293},"std_dev":{"confidence_interval":{"confidence_level":0.95,"lower_bound":259.68273020832305,"upper_bound":388.25899377928187},"point_estimate":323.0231241119411,"standard_error":33.22114197955554}}