{"mean":{"confidence_interval":{"confidence_level":0.95,"lower_bound":180703.27296689412,"upper_bound":189415.4377535986},"point_estimate":184623.13426701204,"standard_error":2230.5203905891935},"median":{"confidence_interval":{"confidence_level":0.95,"lower_bound":176097.74019607843,"upper_bound":180421.86666666667},"point_estimate":177244.47083333333,"standard_error":1069.6370706740156},"median_abs_dev":{"confidence_interval":{"confidence_level":0.95,"lower_bound":5505.494816052644,"upper_bound":11471.270351042742},"point_estimate":8038.3718159927,"standard_error":1586.3301522438912},"slope":{"confidence_interval":{"confidence_level":0.95,"lower_bound":177340.84219941671,"upper_bound":182663.62830114903},"point_estimate":179862.8209679326,"standard_error":1356.5710421396209},"std_dev":{"confidence_interval":{"confidence_level":0.95,"lower_bound":12306.00972980348,"upper_bound":32451.866045528106},"point_estimate":22404.364707946956,"standard_error":5536.797279943211}}