{"mean":{"confidence_interval":{"confidence_level":0.95,"lower_bound":824656.7288008668,"upper_bound":858233.6918025702},"point_estimate":839607.6437565632,"standard_error":8622.502097178352},"median":{"confidence_interval":{"confidence_level":0.95,"lower_bound":810934.3039215687,"upper_bound":822689.6651515152},"point_estimate":815601.1095615672,"standard_error":2968.690193028217},"median_abs_dev":{"confidence_interval":{"confidence_level":0.95,"lower_bound":19627.264939158063,"upper_bound":35449.33268595966},"point_estimate":24765.20615623132,"standard_error":4277.201188292738},"slope":{"confidence_interval":{"confidence_level":0.95,"lower_bound":811509.4506046387,"upper_bound":828077.9079259695},"point_estimate":819235.6922151619,"standard_error":4248.627281602064},"std_dev":{"confidence_interval":{"confidence_level":0.95,"lower_bound":42169.41287165087,"upper_bound":125557.195128935},"point_estimate":86173.52435649103,"standard_error":21981.805961596318}}