{"mean":{"confidence_interval":{"confidence_level":0.95,"lower_bound":103320431.91175,"upper_bound":104255487.64425},"point_estimate":103754399.97,"standard_error":238717.36923744556},"median":{"confidence_interval":{"confidence_level":0.95,"lower_bound":102823952.0,"upper_bound":103171179.5},"point_estimate":103024356.5,"standard_error":88766.41389179297},"median_abs_dev":{"confidence_interval":{"confidence_level":0.95,"lower_bound":518162.7604007721,"upper_bound":939719.3065166473},"point_estimate":726260.4927062988,"standard_error":99865.88111293198},"slope":null,"std_dev":{"confidence_interval":{"confidence_level":0.95,"lower_bound":1592049.2356104243,"upper_bound":3074320.6055724295},"point_estimate":2402453.6181345163,"standard_error":379303.3816955371}}