{"mean":{"confidence_interval":{"confidence_level":0.95,"lower_bound":215908.2750729679,"upper_bound":218267.51751385882},"point_estimate":216994.8431251338,"standard_error":601.405467628658},"median":{"confidence_interval":{"confidence_level":0.95,"lower_bound":215273.93224553223,"upper_bound":217278.42797374897},"point_estimate":216434.1554494138,"standard_error":500.47900691472154},"median_abs_dev":{"confidence_interval":{"confidence_level":0.95,"lower_bound":2879.0064229512022,"upper_bound":4558.4020083311325},"point_estimate":3694.9912935001244,"standard_error":433.8382933478435},"slope":{"confidence_interval":{"confidence_level":0.95,"lower_bound":215828.08386012778,"upper_bound":217742.70051278642},"point_estimate":216718.9496574553,"standard_error":489.6721369797714},"std_dev":{"confidence_interval":{"confidence_level":0.95,"lower_bound":3768.077398535807,"upper_bound":8515.356002269207},"point_estimate":6019.979947037457,"standard_error":1339.4411236047404}}