{"mean":{"confidence_interval":{"confidence_level":0.95,"lower_bound":113961.55217322959,"upper_bound":119091.09871114406},"point_estimate":116412.38819197565,"standard_error":1309.250572617944},"median":{"confidence_interval":{"confidence_level":0.95,"lower_bound":111061.60846560847,"upper_bound":116558.96296296296},"point_estimate":113491.16309959881,"standard_error":1633.043624024401},"median_abs_dev":{"confidence_interval":{"confidence_level":0.95,"lower_bound":7198.926571804618,"upper_bound":12568.955415572787},"point_estimate":9650.888387198382,"standard_error":1420.7009754168264},"slope":{"confidence_interval":{"confidence_level":0.95,"lower_bound":117064.82757178896,"upper_bound":125132.6856439113},"point_estimate":120764.69485214193,"standard_error":2072.1993990755254},"std_dev":{"confidence_interval":{"confidence_level":0.95,"lower_bound":9431.7685547671,"upper_bound":16530.037035129295},"point_estimate":13107.01874425791,"standard_error":1819.5262166387333}}