{"mean":{"confidence_interval":{"confidence_level":0.95,"lower_bound":424667.33682512026,"upper_bound":437454.3813540029},"point_estimate":430224.25787192857,"standard_error":3290.7486445853065},"median":{"confidence_interval":{"confidence_level":0.95,"lower_bound":420812.453125,"upper_bound":424077.1746031746},"point_estimate":422421.2537878788,"standard_error":888.31159348623},"median_abs_dev":{"confidence_interval":{"confidence_level":0.95,"lower_bound":5336.157735031696,"upper_bound":10116.362673244956},"point_estimate":7398.375757127261,"standard_error":1172.9081049818076},"slope":{"confidence_interval":{"confidence_level":0.95,"lower_bound":420022.65697367734,"upper_bound":424264.45723213744},"point_estimate":422078.37140534946,"standard_error":1081.2367596055783},"std_dev":{"confidence_interval":{"confidence_level":0.95,"lower_bound":14377.951387126639,"upper_bound":49854.01439961838},"point_estimate":32992.92208515696,"standard_error":9670.402349046684}}