{"mean":{"confidence_interval":{"confidence_level":0.95,"lower_bound":5988345.533611109,"upper_bound":6099023.343305554},"point_estimate":6042806.573333334,"standard_error":28280.16704564894},"median":{"confidence_interval":{"confidence_level":0.95,"lower_bound":5956781.5,"upper_bound":6079990.111111111},"point_estimate":5998802.611111111,"standard_error":36107.15073967072},"median_abs_dev":{"confidence_interval":{"confidence_level":0.95,"lower_bound":195570.00962793943,"upper_bound":327858.5340460134},"point_estimate":257883.52178831887,"standard_error":34822.84028152918},"slope":null,"std_dev":{"confidence_interval":{"confidence_level":0.95,"lower_bound":237647.79363963104,"upper_bound":323743.9169047499},"point_estimate":282935.04265465727,"standard_error":22012.86918101131}}