{"mean":{"confidence_interval":{"confidence_level":0.95,"lower_bound":2347937.4606071427,"upper_bound":2397970.191702381},"point_estimate":2372555.589999999,"standard_error":12722.301215143467},"median":{"confidence_interval":{"confidence_level":0.95,"lower_bound":2318609.1904761903,"upper_bound":2412513.523809524},"point_estimate":2360974.1666666665,"standard_error":23501.697724233265},"median_abs_dev":{"confidence_interval":{"confidence_level":0.95,"lower_bound":110870.59103165328,"upper_bound":172069.21154516106},"point_estimate":145315.87152012796,"standard_error":15018.246546248982},"slope":null,"std_dev":{"confidence_interval":{"confidence_level":0.95,"lower_bound":110941.50221572688,"upper_bound":144051.54933643405},"point_estimate":127836.44897663736,"standard_error":8421.508002189928}}