{"mean":{"confidence_interval":{"confidence_level":0.95,"lower_bound":43866611.7,"upper_bound":45529653.83925},"point_estimate":44632539.0,"standard_error":424714.62105574744},"median":{"confidence_interval":{"confidence_level":0.95,"lower_bound":42835850.0,"upper_bound":43776609.0},"point_estimate":43179426.0,"standard_error":232553.68755694717},"median_abs_dev":{"confidence_interval":{"confidence_level":0.95,"lower_bound":1093104.5222660156,"upper_bound":2121001.5919446945},"point_estimate":1437769.1156744957,"standard_error":264390.17003387987},"slope":null,"std_dev":{"confidence_interval":{"confidence_level":0.95,"lower_bound":2694253.2421565736,"upper_bound":5821178.068067711},"point_estimate":4269343.480441427,"standard_error":827425.1710877466}}