{"mean":{"confidence_interval":{"confidence_level":0.95,"lower_bound":131816.5679043038,"upper_bound":135335.1054002602},"point_estimate":133502.623405459,"standard_error":899.4166088203032},"median":{"confidence_interval":{"confidence_level":0.95,"lower_bound":129785.77284946236,"upper_bound":132858.22380897318},"point_estimate":131635.41946334674,"standard_error":745.9094837184249},"median_abs_dev":{"confidence_interval":{"confidence_level":0.95,"lower_bound":4474.617673754098,"upper_bound":7993.266310986568},"point_estimate":6080.412244956032,"standard_error":941.1039197486646},"slope":{"confidence_interval":{"confidence_level":0.95,"lower_bound":129390.31359931966,"upper_bound":132261.75942508708},"point_estimate":130756.58234668242,"standard_error":734.5058402124275},"std_dev":{"confidence_interval":{"confidence_level":0.95,"lower_bound":6791.822433112291,"upper_bound":10845.702389314189},"point_estimate":8994.435771850922,"standard_error":1037.688405480852}}