{"mean":{"confidence_interval":{"confidence_level":0.95,"lower_bound":12978062.7055625,"upper_bound":13197866.419875},"point_estimate":13082932.0925,"standard_error":56062.24086524493},"median":{"confidence_interval":{"confidence_level":0.95,"lower_bound":12900806.0,"upper_bound":13154534.25},"point_estimate":13068170.25,"standard_error":65854.32076073738},"median_abs_dev":{"confidence_interval":{"confidence_level":0.95,"lower_bound":359846.65806144476,"upper_bound":548216.0718884689},"point_estimate":454605.18212914467,"standard_error":46094.31271341297},"slope":null,"std_dev":{"confidence_interval":{"confidence_level":0.95,"lower_bound":404923.21742263454,"upper_bound":727793.12298295},"point_estimate":562373.6445695794,"standard_error":84917.27300341507}}