{"mean":{"confidence_interval":{"confidence_level":0.95,"lower_bound":984114.8864693718,"upper_bound":1021186.0934963742},"point_estimate":1001610.5750824303,"standard_error":9447.649034961922},"median":{"confidence_interval":{"confidence_level":0.95,"lower_bound":967695.0307982401,"upper_bound":999677.6180555555},"point_estimate":982386.6168549906,"standard_error":7569.857633640634},"median_abs_dev":{"confidence_interval":{"confidence_level":0.95,"lower_bound":45487.62906791694,"upper_bound":76369.47286737402},"point_estimate":58737.96216995573,"standard_error":7546.4757552525125},"slope":{"confidence_interval":{"confidence_level":0.95,"lower_bound":975073.8805376773,"upper_bound":1021513.7258723705},"point_estimate":995991.8813536279,"standard_error":11948.014824226002},"std_dev":{"confidence_interval":{"confidence_level":0.95,"lower_bound":67443.42213639792,"upper_bound":119165.04529888542},"point_estimate":94704.06680111862,"standard_error":13210.713553547705}}