{"mean":{"confidence_interval":{"confidence_level":0.95,"lower_bound":2207821.0239782603,"upper_bound":2271661.703489131},"point_estimate":2237554.021304348,"standard_error":16323.437590981412},"median":{"confidence_interval":{"confidence_level":0.95,"lower_bound":2182910.2608695654,"upper_bound":2226233.6086956523},"point_estimate":2204745.1086956523,"standard_error":12496.655250622349},"median_abs_dev":{"confidence_interval":{"confidence_level":0.95,"lower_bound":75821.55984324547,"upper_bound":144630.56040185888},"point_estimate":108940.73699634965,"standard_error":17022.23465198009},"slope":null,"std_dev":{"confidence_interval":{"confidence_level":0.95,"lower_bound":102420.02384082215,"upper_bound":215376.29876625448},"point_estimate":163925.19100852727,"standard_error":28092.396125908846}}