{"mean":{"confidence_interval":{"confidence_level":0.95,"lower_bound":1821974.8899459094,"upper_bound":1924550.9812781345},"point_estimate":1869344.3066835445,"standard_error":26181.885817167436},"median":{"confidence_interval":{"confidence_level":0.95,"lower_bound":1769358.2258064516,"upper_bound":1834578.125},"point_estimate":1794812.0135135134,"standard_error":14991.273393933361},"median_abs_dev":{"confidence_interval":{"confidence_level":0.95,"lower_bound":102606.65669484214,"upper_bound":169651.63036975896},"point_estimate":138857.69097269588,"standard_error":16458.887379803826},"slope":{"confidence_interval":{"confidence_level":0.95,"lower_bound":1759531.6242208316,"upper_bound":1815062.1466860494},"point_estimate":1785581.6304832273,"standard_error":14167.058938490212},"std_dev":{"confidence_interval":{"confidence_level":0.95,"lower_bound":164183.88416502593,"upper_bound":359273.03880141256},"point_estimate":263156.1775629979,"standard_error":51063.7921112535}}