{"mean":{"confidence_interval":{"confidence_level":0.95,"lower_bound":37661.95338210128,"upper_bound":38290.22315287783},"point_estimate":37966.714446581165,"standard_error":159.9117264997153},"median":{"confidence_interval":{"confidence_level":0.95,"lower_bound":37721.77928321678,"upper_bound":38164.54578754579},"point_estimate":37965.09391632464,"standard_error":136.06092270823942},"median_abs_dev":{"confidence_interval":{"confidence_level":0.95,"lower_bound":757.4199786664973,"upper_bound":1482.3325119726169},"point_estimate":1132.472056620288,"standard_error":189.3003097338207},"slope":{"confidence_interval":{"confidence_level":0.95,"lower_bound":38167.89718555112,"upper_bound":38644.461156541},"point_estimate":38391.48975105432,"standard_error":121.81356355305684},"std_dev":{"confidence_interval":{"confidence_level":0.95,"lower_bound":1157.0776142597288,"upper_bound":2056.065129137643},"point_estimate":1603.1715849055938,"standard_error":235.0161015528829}}