{"mean":{"confidence_interval":{"confidence_level":0.95,"lower_bound":450616.4441322414,"upper_bound":463154.23613631143},"point_estimate":456509.9411611989,"standard_error":3205.696640322187},"median":{"confidence_interval":{"confidence_level":0.95,"lower_bound":445660.81333333335,"upper_bound":453360.8461538461},"point_estimate":449020.0185683389,"standard_error":1774.7988692805382},"median_abs_dev":{"confidence_interval":{"confidence_level":0.95,"lower_bound":12693.919177629627,"upper_bound":20287.899373357806},"point_estimate":15541.990435568783,"standard_error":1899.5029628260677},"slope":{"confidence_interval":{"confidence_level":0.95,"lower_bound":444955.26022397017,"upper_bound":453835.7253462812},"point_estimate":449117.75195409096,"standard_error":2264.186220349515},"std_dev":{"confidence_interval":{"confidence_level":0.95,"lower_bound":21358.26107636316,"upper_bound":42127.29128673743},"point_estimate":32459.48249574208,"standard_error":5333.913894961714}}