{"mean":{"confidence_interval":{"confidence_level":0.95,"lower_bound":2665579.3500714283,"upper_bound":2734011.436452381},"point_estimate":2699295.283809524,"standard_error":17406.768683990565},"median":{"confidence_interval":{"confidence_level":0.95,"lower_bound":2647791.5714285714,"upper_bound":2707698.1666666665},"point_estimate":2688088.333333333,"standard_error":13966.128054604711},"median_abs_dev":{"confidence_interval":{"confidence_level":0.95,"lower_bound":139129.58192995668,"upper_bound":223693.55442864556},"point_estimate":176213.1137715917,"standard_error":20769.138152621344},"slope":null,"std_dev":{"confidence_interval":{"confidence_level":0.95,"lower_bound":151080.09919291057,"upper_bound":195761.24672603086},"point_estimate":174759.33410967767,"standard_error":11463.801817772803}}