{"mean":{"confidence_interval":{"confidence_level":0.95,"lower_bound":8576551.267541664,"upper_bound":8760741.848583335},"point_estimate":8667675.785000002,"standard_error":47079.094339305884},"median":{"confidence_interval":{"confidence_level":0.95,"lower_bound":8521356.333333334,"upper_bound":8770581.75},"point_estimate":8679716.583333332,"standard_error":49678.39340131203},"median_abs_dev":{"confidence_interval":{"confidence_level":0.95,"lower_bound":345247.37257063296,"upper_bound":645121.9968467946},"point_estimate":435481.12506866455,"standard_error":79200.38051201173},"slope":null,"std_dev":{"confidence_interval":{"confidence_level":0.95,"lower_bound":409749.4094858315,"upper_bound":529209.4969569494},"point_estimate":472896.9093986356,"standard_error":30465.618685381713}}