{"mean":{"confidence_interval":{"confidence_level":0.95,"lower_bound":994977.998974728,"upper_bound":1026185.1483898221},"point_estimate":1009142.5206073539,"standard_error":7985.2284044479375},"median":{"confidence_interval":{"confidence_level":0.95,"lower_bound":991173.2508333332,"upper_bound":1009065.7772045028},"point_estimate":1002073.7929662118,"standard_error":4775.456493258771},"median_abs_dev":{"confidence_interval":{"confidence_level":0.95,"lower_bound":33335.224360995686,"upper_bound":66109.69666642962},"point_estimate":54327.1696161529,"standard_error":8122.95499692062},"slope":{"confidence_interval":{"confidence_level":0.95,"lower_bound":988536.2994651184,"upper_bound":1024917.7681678892},"point_estimate":1004577.4492212207,"standard_error":9303.976446833076},"std_dev":{"confidence_interval":{"confidence_level":0.95,"lower_bound":47857.86945825457,"upper_bound":114709.27697090787},"point_estimate":80223.4676920618,"standard_error":19009.91970488078}}