{"mean":{"confidence_interval":{"confidence_level":0.95,"lower_bound":1639163.9992399556,"upper_bound":1717542.5621660633},"point_estimate":1673552.2861102223,"standard_error":20150.448609220144},"median":{"confidence_interval":{"confidence_level":0.95,"lower_bound":1619618.0111955218,"upper_bound":1656987.4375},"point_estimate":1639534.9595238096,"standard_error":10654.657805868204},"median_abs_dev":{"confidence_interval":{"confidence_level":0.95,"lower_bound":77679.00266059955,"upper_bound":137267.41711409157},"point_estimate":102650.65203886118,"standard_error":14998.323886223607},"slope":{"confidence_interval":{"confidence_level":0.95,"lower_bound":1649712.031698853,"upper_bound":1709744.9893069004},"point_estimate":1678920.5831387616,"standard_error":15369.069556257167},"std_dev":{"confidence_interval":{"confidence_level":0.95,"lower_bound":108314.98689380914,"upper_bound":305272.97078479215},"point_estimate":202582.3937183542,"standard_error":61611.04188125464}}