{"mean":{"confidence_interval":{"confidence_level":0.95,"lower_bound":12227134.119249998,"upper_bound":12435858.335999992},"point_estimate":12329725.710000003,"standard_error":53205.47494335491},"median":{"confidence_interval":{"confidence_level":0.95,"lower_bound":12335296.6,"upper_bound":12440347.3},"point_estimate":12405136.9,"standard_error":31379.222429451875},"median_abs_dev":{"confidence_interval":{"confidence_level":0.95,"lower_bound":201487.1155428903,"upper_bound":548477.037282585},"point_estimate":297619.49087619863,"standard_error":96347.05910090933},"slope":null,"std_dev":{"confidence_interval":{"confidence_level":0.95,"lower_bound":424415.53992920625,"upper_bound":642255.3787784454},"point_estimate":534128.2428472155,"standard_error":56054.18416345858}}