{"mean":{"confidence_interval":{"confidence_level":0.95,"lower_bound":144532.45274066075,"upper_bound":146925.31968126434},"point_estimate":145688.67437776836,"standard_error":611.1257098994008},"median":{"confidence_interval":{"confidence_level":0.95,"lower_bound":143179.10817307694,"upper_bound":144902.28477990034},"point_estimate":144028.94622564936,"standard_error":492.0656704580376},"median_abs_dev":{"confidence_interval":{"confidence_level":0.95,"lower_bound":3230.1437984868144,"upper_bound":5697.22004369219},"point_estimate":4405.087724066803,"standard_error":633.4645195806631},"slope":{"confidence_interval":{"confidence_level":0.95,"lower_bound":145060.1071039878,"upper_bound":148327.48210330133},"point_estimate":146628.69393453526,"standard_error":835.1216859976212},"std_dev":{"confidence_interval":{"confidence_level":0.95,"lower_bound":4808.1404984314095,"upper_bound":7326.280535377027},"point_estimate":6147.047478649637,"standard_error":644.2860656706133}}