{"mean":{"confidence_interval":{"confidence_level":0.95,"lower_bound":9139116.705166668,"upper_bound":9370404.519250007},"point_estimate":9253307.163333332,"standard_error":58867.18902263976},"median":{"confidence_interval":{"confidence_level":0.95,"lower_bound":9061078.25,"upper_bound":9336814.5},"point_estimate":9256078.75,"standard_error":70516.84083792064},"median_abs_dev":{"confidence_interval":{"confidence_level":0.95,"lower_bound":437479.17563319113,"upper_bound":696526.2089341879},"point_estimate":550552.2571757426,"standard_error":69484.43092350954},"slope":null,"std_dev":{"confidence_interval":{"confidence_level":0.95,"lower_bound":499201.73491622123,"upper_bound":677733.4228921664},"point_estimate":592691.0733822689,"standard_error":45620.030506572235}}