{"mean":{"confidence_interval":{"confidence_level":0.95,"lower_bound":149708.8622759088,"upper_bound":164364.74186146542},"point_estimate":155838.24231810955,"standard_error":3813.8819270166086},"median":{"confidence_interval":{"confidence_level":0.95,"lower_bound":144196.06693722942,"upper_bound":147820.6766917293},"point_estimate":145545.54514923808,"standard_error":935.2189736346392},"median_abs_dev":{"confidence_interval":{"confidence_level":0.95,"lower_bound":4770.208990133701,"upper_bound":9923.263137195347},"point_estimate":7277.85891370249,"standard_error":1345.2800188008598},"slope":{"confidence_interval":{"confidence_level":0.95,"lower_bound":146116.3046500092,"upper_bound":151661.23335579716},"point_estimate":148641.81231607168,"standard_error":1417.5080869419014},"std_dev":{"confidence_interval":{"confidence_level":0.95,"lower_bound":14087.744928083344,"upper_bound":60057.68153939265},"point_estimate":38065.51944220403,"standard_error":13731.526931828435}}