{"mean":{"confidence_interval":{"confidence_level":0.95,"lower_bound":4969547.581727272,"upper_bound":5041849.283272727},"point_estimate":5002287.926363637,"standard_error":18541.001853164747},"median":{"confidence_interval":{"confidence_level":0.95,"lower_bound":4943691.0,"upper_bound":4967536.818181818},"point_estimate":4955422.954545455,"standard_error":6620.206454644913},"median_abs_dev":{"confidence_interval":{"confidence_level":0.95,"lower_bound":37449.66664422579,"upper_bound":62404.924182999464},"point_estimate":49047.84406559059,"standard_error":6339.624750495739},"slope":null,"std_dev":{"confidence_interval":{"confidence_level":0.95,"lower_bound":101075.38777280055,"upper_bound":252383.5094771586},"point_estimate":185871.14395813158,"standard_error":39589.70032836888}}