{"mean":{"confidence_interval":{"confidence_level":0.95,"lower_bound":1766155.3174999435,"upper_bound":1829725.1625572047},"point_estimate":1796974.3933431113,"standard_error":16269.78419548711},"median":{"confidence_interval":{"confidence_level":0.95,"lower_bound":1720826.238095238,"upper_bound":1815634.8245614036},"point_estimate":1769202.9030990833,"standard_error":20377.731300745883},"median_abs_dev":{"confidence_interval":{"confidence_level":0.95,"lower_bound":105404.05687597676,"upper_bound":173871.99074134254},"point_estimate":132097.53069403072,"standard_error":17059.500041479678},"slope":{"confidence_interval":{"confidence_level":0.95,"lower_bound":1761844.3310827864,"upper_bound":1837284.6508538686},"point_estimate":1797590.4701433426,"standard_error":19255.512175376578},"std_dev":{"confidence_interval":{"confidence_level":0.95,"lower_bound":128937.52793963981,"upper_bound":196919.28145142723},"point_estimate":163621.9571693089,"standard_error":17477.749986408802}}