{"mean":{"confidence_interval":{"confidence_level":0.95,"lower_bound":1863255.7354163956,"upper_bound":1967082.7024519641},"point_estimate":1905317.8837159981,"standard_error":27173.215996706957},"median":{"confidence_interval":{"confidence_level":0.95,"lower_bound":1833597.2777777778,"upper_bound":1880030.1045180722},"point_estimate":1853674.1304347827,"standard_error":10598.17875580033},"median_abs_dev":{"confidence_interval":{"confidence_level":0.95,"lower_bound":67965.03585671855,"upper_bound":109710.93928760705},"point_estimate":84422.07161715077,"standard_error":10660.66061845621},"slope":{"confidence_interval":{"confidence_level":0.95,"lower_bound":1852841.4795515442,"upper_bound":1906985.2715305514},"point_estimate":1877950.607249889,"standard_error":13862.151022866876},"std_dev":{"confidence_interval":{"confidence_level":0.95,"lower_bound":95950.21536898892,"upper_bound":442117.39683050173},"point_estimate":274190.33775070426,"standard_error":111079.34491166213}}