{"mean":{"confidence_interval":{"confidence_level":0.95,"lower_bound":1848855.9417066716,"upper_bound":2185675.2687557857},"point_estimate":1997590.865864607,"standard_error":86404.26823684541},"median":{"confidence_interval":{"confidence_level":0.95,"lower_bound":1736595.2914285716,"upper_bound":1818010.5037831021},"point_estimate":1757672.4932188066,"standard_error":19030.597783647994},"median_abs_dev":{"confidence_interval":{"confidence_level":0.95,"lower_bound":135577.08763968543,"upper_bound":224590.36394965576},"point_estimate":177504.49349847916,"standard_error":21218.203776130402},"slope":{"confidence_interval":{"confidence_level":0.95,"lower_bound":1722543.0959087,"upper_bound":1805572.9301322477},"point_estimate":1760073.3717511452,"standard_error":21259.671499856133},"std_dev":{"confidence_interval":{"confidence_level":0.95,"lower_bound":335913.1492375966,"upper_bound":1270568.3479452801},"point_estimate":871454.0120281783,"standard_error":233747.03120801158}}