{"mean":{"confidence_interval":{"confidence_level":0.95,"lower_bound":470319.68412126944,"upper_bound":492046.7458070418},"point_estimate":480677.6803118863,"standard_error":5554.98056942321},"median":{"confidence_interval":{"confidence_level":0.95,"lower_bound":458884.06907308375,"upper_bound":481252.4706639218},"point_estimate":471720.7391598916,"standard_error":5604.628339425471},"median_abs_dev":{"confidence_interval":{"confidence_level":0.95,"lower_bound":29110.886512574158,"upper_bound":48114.220790059044},"point_estimate":40125.737118028264,"standard_error":4801.300173149455},"slope":{"confidence_interval":{"confidence_level":0.95,"lower_bound":466612.7885267019,"upper_bound":486002.4045377851},"point_estimate":475954.2130771883,"standard_error":4944.016347666724},"std_dev":{"confidence_interval":{"confidence_level":0.95,"lower_bound":41346.88971706489,"upper_bound":69137.56473136581},"point_estimate":55853.48005982855,"standard_error":7116.353880437892}}