{"mean":{"confidence_interval":{"confidence_level":0.95,"lower_bound":2053524.4695,"upper_bound":2109127.2619899996},"point_estimate":2080284.0528000004,"standard_error":14232.512308940186},"median":{"confidence_interval":{"confidence_level":0.95,"lower_bound":2036893.62,"upper_bound":2088622.28},"point_estimate":2054249.8599999999,"standard_error":12445.816864938037},"median_abs_dev":{"confidence_interval":{"confidence_level":0.95,"lower_bound":81627.03231883074,"upper_bound":132976.05215120298},"point_estimate":103931.56284284609,"standard_error":12867.950424265255},"slope":null,"std_dev":{"confidence_interval":{"confidence_level":0.95,"lower_bound":104370.80417356206,"upper_bound":181268.9736551525},"point_estimate":142889.0499195735,"standard_error":19942.68276182466}}