{"mean":{"confidence_interval":{"confidence_level":0.95,"lower_bound":1388390.0444694797,"upper_bound":1523376.605337131},"point_estimate":1445142.7541778716,"standard_error":35097.77831849706},"median":{"confidence_interval":{"confidence_level":0.95,"lower_bound":1330045.8444444444,"upper_bound":1382362.080095308},"point_estimate":1347040.3503289474,"standard_error":14931.318926887918},"median_abs_dev":{"confidence_interval":{"confidence_level":0.95,"lower_bound":69169.75180230633,"upper_bound":141335.1752989715},"point_estimate":98479.3907825258,"standard_error":19179.751532979546},"slope":{"confidence_interval":{"confidence_level":0.95,"lower_bound":1364135.2876534222,"upper_bound":1438182.2542292855},"point_estimate":1399121.725934683,"standard_error":18928.74286454535},"std_dev":{"confidence_interval":{"confidence_level":0.95,"lower_bound":143206.67294139683,"upper_bound":556637.2891839569},"point_estimate":353706.07490096195,"standard_error":127510.55991096082}}