{"mean":{"confidence_interval":{"confidence_level":0.95,"lower_bound":207780.0331115827,"upper_bound":220197.19523187677},"point_estimate":213454.1662437141,"standard_error":3174.0684622270537},"median":{"confidence_interval":{"confidence_level":0.95,"lower_bound":200776.44534632034,"upper_bound":210965.1371623237},"point_estimate":206971.3491087344,"standard_error":2762.3533567028253},"median_abs_dev":{"confidence_interval":{"confidence_level":0.95,"lower_bound":13978.485086004206,"upper_bound":24935.145284089132},"point_estimate":19523.926352822775,"standard_error":2984.982034188079},"slope":{"confidence_interval":{"confidence_level":0.95,"lower_bound":198886.93144653886,"upper_bound":207405.3480218424},"point_estimate":202957.34796857298,"standard_error":2180.362595786641},"std_dev":{"confidence_interval":{"confidence_level":0.95,"lower_bound":19848.429598865554,"upper_bound":44977.42609392532},"point_estimate":31827.64039166763,"standard_error":7224.729749070495}}