{"mean":{"confidence_interval":{"confidence_level":0.95,"lower_bound":313651.44031603687,"upper_bound":322727.23414650833},"point_estimate":317604.04335294204,"standard_error":2337.5588695789916},"median":{"confidence_interval":{"confidence_level":0.95,"lower_bound":309431.38333333336,"upper_bound":313054.4604384437},"point_estimate":310804.8042358804,"standard_error":945.5798872734213},"median_abs_dev":{"confidence_interval":{"confidence_level":0.95,"lower_bound":3674.1993524585523,"upper_bound":7262.585973722812},"point_estimate":5153.012563453813,"standard_error":883.6480867505152},"slope":{"confidence_interval":{"confidence_level":0.95,"lower_bound":309504.22888039995,"upper_bound":313413.3597299459},"point_estimate":311231.99365228316,"standard_error":1005.733587283926},"std_dev":{"confidence_interval":{"confidence_level":0.95,"lower_bound":10209.77312932005,"upper_bound":35666.88275288438},"point_estimate":23544.063596675096,"standard_error":7026.0341178681265}}