{"mean":{"confidence_interval":{"confidence_level":0.95,"lower_bound":1114415.5898988037,"upper_bound":1135429.7879320406},"point_estimate":1123545.7624323335,"standard_error":5427.212962318881},"median":{"confidence_interval":{"confidence_level":0.95,"lower_bound":1108749.1249019608,"upper_bound":1117260.2105263157},"point_estimate":1112676.9404591105,"standard_error":2144.5855883057047},"median_abs_dev":{"confidence_interval":{"confidence_level":0.95,"lower_bound":10473.232258870097,"upper_bound":16864.50949365052},"point_estimate":12729.665149003209,"standard_error":1661.305394565934},"slope":{"confidence_interval":{"confidence_level":0.95,"lower_bound":1102475.065990732,"upper_bound":1110305.179905556},"point_estimate":1106493.4637682873,"standard_error":1977.8590989241748},"std_dev":{"confidence_interval":{"confidence_level":0.95,"lower_bound":22714.80299827403,"upper_bound":83755.53534781416},"point_estimate":54594.45641460018,"standard_error":17007.03491297108}}