{"mean":{"confidence_interval":{"confidence_level":0.95,"lower_bound":1012750.9015970103,"upper_bound":1023460.1318305874},"point_estimate":1017411.4253396876,"standard_error":2757.602991380809},"median":{"confidence_interval":{"confidence_level":0.95,"lower_bound":1008340.1461038961,"upper_bound":1012830.5},"point_estimate":1010147.0084134615,"standard_error":1159.141388988815},"median_abs_dev":{"confidence_interval":{"confidence_level":0.95,"lower_bound":5603.50869148559,"upper_bound":10537.426760575845},"point_estimate":7351.611978764746,"standard_error":1244.8356192195338},"slope":{"confidence_interval":{"confidence_level":0.95,"lower_bound":1008148.1108726352,"upper_bound":1017280.4738727208},"point_estimate":1012160.5396010049,"standard_error":2351.2626448643923},"std_dev":{"confidence_interval":{"confidence_level":0.95,"lower_bound":12899.33981586026,"upper_bound":41887.99576222708},"point_estimate":27704.10499127495,"standard_error":8119.582783427895}}