{"mean":{"confidence_interval":{"confidence_level":0.95,"lower_bound":354664.51450530713,"upper_bound":368042.36153109954},"point_estimate":360999.7713007703,"standard_error":3430.4732119176547},"median":{"confidence_interval":{"confidence_level":0.95,"lower_bound":345942.07954545453,"upper_bound":358741.90625},"point_estimate":352300.1784037559,"standard_error":3424.1068865837487},"median_abs_dev":{"confidence_interval":{"confidence_level":0.95,"lower_bound":17077.733371522358,"upper_bound":28978.854516747975},"point_estimate":22991.283318521975,"standard_error":3224.1033568527137},"slope":{"confidence_interval":{"confidence_level":0.95,"lower_bound":349162.5842086495,"upper_bound":361090.44840128126},"point_estimate":354744.5709354219,"standard_error":3038.7758920426195},"std_dev":{"confidence_interval":{"confidence_level":0.95,"lower_bound":24780.45489493201,"upper_bound":44383.627668884365},"point_estimate":34448.17763807935,"standard_error":5110.197713567699}}