{"mean":{"confidence_interval":{"confidence_level":0.95,"lower_bound":157737.80486134786,"upper_bound":162852.65503291704},"point_estimate":159908.32705367752,"standard_error":1326.330452112644},"median":{"confidence_interval":{"confidence_level":0.95,"lower_bound":156715.87131804368,"upper_bound":157441.38447035957},"point_estimate":157056.43778743892,"standard_error":203.22113161544635},"median_abs_dev":{"confidence_interval":{"confidence_level":0.95,"lower_bound":1737.8279187238973,"upper_bound":2842.67048158379},"point_estimate":2198.2965184529075,"standard_error":270.2511749835594},"slope":{"confidence_interval":{"confidence_level":0.95,"lower_bound":156156.33706189654,"upper_bound":157069.70004083522},"point_estimate":156601.16069116932,"standard_error":232.50072564979095},"std_dev":{"confidence_interval":{"confidence_level":0.95,"lower_bound":4542.077073342087,"upper_bound":20974.1834617194},"point_estimate":13430.344193088024,"standard_error":4631.872253442978}}