{"mean":{"confidence_interval":{"confidence_level":0.95,"lower_bound":66915.81508302927,"upper_bound":68151.533031566},"point_estimate":67503.61316024658,"standard_error":314.5541352446099},"median":{"confidence_interval":{"confidence_level":0.95,"lower_bound":65954.79902777777,"upper_bound":67241.43354264784},"point_estimate":66627.0894078144,"standard_error":327.27444891693386},"median_abs_dev":{"confidence_interval":{"confidence_level":0.95,"lower_bound":1560.3236169882505,"upper_bound":2831.765387294243},"point_estimate":2270.3284775252696,"standard_error":338.5045182667524},"slope":{"confidence_interval":{"confidence_level":0.95,"lower_bound":67204.9393548599,"upper_bound":68608.8418053378},"point_estimate":67872.44270804393,"standard_error":358.786576713157},"std_dev":{"confidence_interval":{"confidence_level":0.95,"lower_bound":2258.4986074802664,"upper_bound":4020.5788213155997},"point_estimate":3153.5182662477027,"standard_error":454.6405487234439}}