{"mean":{"confidence_interval":{"confidence_level":0.95,"lower_bound":949213.9747129193,"upper_bound":955502.7870348599},"point_estimate":952147.6165860626,"standard_error":1612.6903211483504},"median":{"confidence_interval":{"confidence_level":0.95,"lower_bound":945949.1767796611,"upper_bound":949469.6090686275},"point_estimate":947767.4874401914,"standard_error":997.4478706844598},"median_abs_dev":{"confidence_interval":{"confidence_level":0.95,"lower_bound":7363.316178275098,"upper_bound":12303.5517203046},"point_estimate":9809.504314289696,"standard_error":1288.5035725612665},"slope":{"confidence_interval":{"confidence_level":0.95,"lower_bound":943713.1656306458,"upper_bound":947879.3791115821},"point_estimate":945652.1264164327,"standard_error":1068.4633032936804},"std_dev":{"confidence_interval":{"confidence_level":0.95,"lower_bound":10607.185099035067,"upper_bound":21212.170382679124},"point_estimate":16241.355697570816,"standard_error":2709.587990381685}}