{"mean":{"confidence_interval":{"confidence_level":0.95,"lower_bound":91278.99018962239,"upper_bound":96892.65652335029},"point_estimate":93855.55758879399,"standard_error":1439.831541818949},"median":{"confidence_interval":{"confidence_level":0.95,"lower_bound":88538.64122008762,"upper_bound":90776.06688311687},"point_estimate":89700.33838383839,"standard_error":508.4401708700118},"median_abs_dev":{"confidence_interval":{"confidence_level":0.95,"lower_bound":3256.082067784157,"upper_bound":5553.583570516002},"point_estimate":4372.0908551622315,"standard_error":601.6264365516182},"slope":{"confidence_interval":{"confidence_level":0.95,"lower_bound":89803.44405235807,"upper_bound":94890.72933999903},"point_estimate":91955.6801784059,"standard_error":1311.6441599876869},"std_dev":{"confidence_interval":{"confidence_level":0.95,"lower_bound":8672.328621339377,"upper_bound":19250.030011034472},"point_estimate":14508.089626549689,"standard_error":2705.2217511665463}}