{"mean":{"confidence_interval":{"confidence_level":0.95,"lower_bound":3519489.8118999996,"upper_bound":3630538.8957500015},"point_estimate":3571171.580666667,"standard_error":28479.06869697645},"median":{"confidence_interval":{"confidence_level":0.95,"lower_bound":3475856.466666667,"upper_bound":3537630.066666667},"point_estimate":3504873.0,"standard_error":15057.27246283657},"median_abs_dev":{"confidence_interval":{"confidence_level":0.95,"lower_bound":112612.55757422753,"upper_bound":191068.39132785768},"point_estimate":163847.50987112516,"standard_error":19327.320152470635},"slope":null,"std_dev":{"confidence_interval":{"confidence_level":0.95,"lower_bound":179218.29107376566,"upper_bound":387733.0829681556},"point_estimate":286486.05544697534,"standard_error":54304.08835115971}}