{"mean":{"confidence_interval":{"confidence_level":0.95,"lower_bound":365345.6276335487,"upper_bound":376263.1666650867},"point_estimate":369570.45504072227,"standard_error":2935.710632396563},"median":{"confidence_interval":{"confidence_level":0.95,"lower_bound":364150.7477777778,"upper_bound":367504.42234848486},"point_estimate":365833.65572715574,"standard_error":817.2344861114224},"median_abs_dev":{"confidence_interval":{"confidence_level":0.95,"lower_bound":6230.369234237318,"upper_bound":10954.884449045467},"point_estimate":8415.855301942256,"standard_error":1195.5881559045724},"slope":{"confidence_interval":{"confidence_level":0.95,"lower_bound":362443.64973203186,"upper_bound":366940.1927584517},"point_estimate":364714.86118023744,"standard_error":1143.4826389984055},"std_dev":{"confidence_interval":{"confidence_level":0.95,"lower_bound":8308.534990197168,"upper_bound":49111.10840553843},"point_estimate":29551.258487100284,"standard_error":13913.398508083888}}