{"mean":{"confidence_interval":{"confidence_level":0.95,"lower_bound":1065.0513164825584,"upper_bound":1071.0920625290444},"point_estimate":1068.1760486984958,"standard_error":1.538241896985875},"median":{"confidence_interval":{"confidence_level":0.95,"lower_bound":1065.4924497676393,"upper_bound":1073.5652128153538},"point_estimate":1070.3956333046913,"standard_error":2.0842203541839024},"median_abs_dev":{"confidence_interval":{"confidence_level":0.95,"lower_bound":11.185499564267012,"upper_bound":17.156684107650953},"point_estimate":13.731873329008279,"standard_error":1.5310629911624398},"slope":{"confidence_interval":{"confidence_level":0.95,"lower_bound":1066.8928262611405,"upper_bound":1072.1779529080204},"point_estimate":1069.5129563279577,"standard_error":1.350144455232614},"std_dev":{"confidence_interval":{"confidence_level":0.95,"lower_bound":11.96457152093603,"upper_bound":19.366355093351498},"point_estimate":15.444993682444927,"standard_error":1.9580884080652003}}