{"mean":{"confidence_interval":{"confidence_level":0.95,"lower_bound":292376.08506341506,"upper_bound":294837.61891187733},"point_estimate":293547.569484258,"standard_error":626.1976426939719},"median":{"confidence_interval":{"confidence_level":0.95,"lower_bound":291637.6037735849,"upper_bound":293814.219300176},"point_estimate":293001.82220933074,"standard_error":491.1022797419192},"median_abs_dev":{"confidence_interval":{"confidence_level":0.95,"lower_bound":3987.850274333365,"upper_bound":6188.725057891321},"point_estimate":5259.729281160828,"standard_error":539.0175512668491},"slope":{"confidence_interval":{"confidence_level":0.95,"lower_bound":293980.00408027566,"upper_bound":296017.7971398559},"point_estimate":295010.35128121765,"standard_error":519.1349393870549},"std_dev":{"confidence_interval":{"confidence_level":0.95,"lower_bound":4594.308503706002,"upper_bound":8231.046094833346},"point_estimate":6284.466183070907,"standard_error":981.4045899407703}}