{"mean":{"confidence_interval":{"confidence_level":0.95,"lower_bound":27673.889422530963,"upper_bound":28051.42131328189},"point_estimate":27865.10234774659,"standard_error":96.52699651852087},"median":{"confidence_interval":{"confidence_level":0.95,"lower_bound":27770.592625109744,"upper_bound":28205.430209371883},"point_estimate":27994.152383367138,"standard_error":94.8323001023554},"median_abs_dev":{"confidence_interval":{"confidence_level":0.95,"lower_bound":637.4228827504235,"upper_bound":1062.8494801092602},"point_estimate":831.8695040735088,"standard_error":112.57397545960579},"slope":{"confidence_interval":{"confidence_level":0.95,"lower_bound":28342.950009058033,"upper_bound":28614.29425818037},"point_estimate":28476.731776354107,"standard_error":68.9349797445578},"std_dev":{"confidence_interval":{"confidence_level":0.95,"lower_bound":830.1925909848261,"upper_bound":1097.1712322396488},"point_estimate":971.9012163165128,"standard_error":68.03166980075844}}