{"mean":{"confidence_interval":{"confidence_level":0.95,"lower_bound":151101.77209794382,"upper_bound":162098.14597667777},"point_estimate":155819.21604241667,"standard_error":2854.2001191877926},"median":{"confidence_interval":{"confidence_level":0.95,"lower_bound":148796.94285714286,"upper_bound":151314.77777777778},"point_estimate":149994.7730700976,"standard_error":646.887986157805},"median_abs_dev":{"confidence_interval":{"confidence_level":0.95,"lower_bound":4048.4698130476895,"upper_bound":7951.914627420217},"point_estimate":5852.042385255263,"standard_error":990.024172882654},"slope":{"confidence_interval":{"confidence_level":0.95,"lower_bound":147435.01191667514,"upper_bound":151685.34703943427},"point_estimate":149477.92177246723,"standard_error":1080.8229917245067},"std_dev":{"confidence_interval":{"confidence_level":0.95,"lower_bound":11179.084287772695,"upper_bound":44392.586623106356},"point_estimate":28762.223185638002,"standard_error":9297.092113716912}}