{"mean":{"confidence_interval":{"confidence_level":0.95,"lower_bound":1469586.6136599486,"upper_bound":1481433.536863767},"point_estimate":1475138.513998388,"standard_error":3029.4943403171924},"median":{"confidence_interval":{"confidence_level":0.95,"lower_bound":1461528.3663617885,"upper_bound":1468362.5},"point_estimate":1464386.235819209,"standard_error":1662.6701447953612},"median_abs_dev":{"confidence_interval":{"confidence_level":0.95,"lower_bound":9949.13341165573,"upper_bound":19744.263541557248},"point_estimate":13990.159673246664,"standard_error":2524.7835931317986},"slope":{"confidence_interval":{"confidence_level":0.95,"lower_bound":1460574.6306416832,"upper_bound":1468610.431611294},"point_estimate":1464409.331703857,"standard_error":2049.2609103152618},"std_dev":{"confidence_interval":{"confidence_level":0.95,"lower_bound":20278.26360544564,"upper_bound":39615.61508695764},"point_estimate":30565.34546074528,"standard_error":4962.0488162712345}}