{"mean":{"confidence_interval":{"confidence_level":0.95,"lower_bound":15746904.843437498,"upper_bound":15995039.53575},"point_estimate":15866712.72,"standard_error":63434.680509589285},"median":{"confidence_interval":{"confidence_level":0.95,"lower_bound":15530538.125,"upper_bound":15878630.25},"point_estimate":15711328.125,"standard_error":95605.65465258488},"median_abs_dev":{"confidence_interval":{"confidence_level":0.95,"lower_bound":392560.78245565295,"upper_bound":689919.9287764726},"point_estimate":535114.8084998131,"standard_error":82764.64111711572},"slope":null,"std_dev":{"confidence_interval":{"confidence_level":0.95,"lower_bound":496969.2756088115,"upper_bound":760895.3229397712},"point_estimate":635598.6737041972,"standard_error":67763.37466791818}}