{"mean":{"confidence_interval":{"confidence_level":0.95,"lower_bound":405219.455853218,"upper_bound":429166.9601643342},"point_estimate":416581.01555326855,"standard_error":6132.8379643261205},"median":{"confidence_interval":{"confidence_level":0.95,"lower_bound":390027.41228070174,"upper_bound":409925.42803030304},"point_estimate":401550.40526871977,"standard_error":5275.483485421741},"median_abs_dev":{"confidence_interval":{"confidence_level":0.95,"lower_bound":25358.649511734246,"upper_bound":52982.206031848415},"point_estimate":35341.90294649833,"standard_error":7000.367602863119},"slope":{"confidence_interval":{"confidence_level":0.95,"lower_bound":396447.01301926,"upper_bound":420837.66828845756},"point_estimate":408444.09495689865,"standard_error":6240.867941407123},"std_dev":{"confidence_interval":{"confidence_level":0.95,"lower_bound":44340.047327393586,"upper_bound":79354.97125711422},"point_estimate":61489.06832046959,"standard_error":9150.04398607746}}