{"mean":{"confidence_interval":{"confidence_level":0.95,"lower_bound":1021391.4133993594,"upper_bound":1060579.0237792463},"point_estimate":1039550.4426263503,"standard_error":10058.27253636761},"median":{"confidence_interval":{"confidence_level":0.95,"lower_bound":1000373.7228915662,"upper_bound":1023218.3023255814},"point_estimate":1014210.6107418525,"standard_error":6087.1832598544315},"median_abs_dev":{"confidence_interval":{"confidence_level":0.95,"lower_bound":40806.52215364942,"upper_bound":72288.23874423697},"point_estimate":57212.764116068625,"standard_error":8503.347539307697},"slope":{"confidence_interval":{"confidence_level":0.95,"lower_bound":1010401.4737621662,"upper_bound":1050450.4798859751},"point_estimate":1028076.2202778189,"standard_error":10333.705494549196},"std_dev":{"confidence_interval":{"confidence_level":0.95,"lower_bound":64636.49421099883,"upper_bound":132734.65567941818},"point_estimate":100685.88161794642,"standard_error":17501.349123805343}}