{"mean":{"confidence_interval":{"confidence_level":0.95,"lower_bound":46539.18251419761,"upper_bound":48031.69872352355},"point_estimate":47275.36159271049,"standard_error":382.3163729603323},"median":{"confidence_interval":{"confidence_level":0.95,"lower_bound":46252.9628692885,"upper_bound":48437.79946524064},"point_estimate":47364.87811447812,"standard_error":552.264404117472},"median_abs_dev":{"confidence_interval":{"confidence_level":0.95,"lower_bound":3215.1507042284425,"upper_bound":5032.698680291606},"point_estimate":4157.263948927248,"standard_error":472.4890784634025},"slope":{"confidence_interval":{"confidence_level":0.95,"lower_bound":44352.33554412966,"upper_bound":45665.257970139966},"point_estimate":44980.72959684028,"standard_error":337.8643486798529},"std_dev":{"confidence_interval":{"confidence_level":0.95,"lower_bound":3299.0621078384956,"upper_bound":4369.669754793385},"point_estimate":3849.837045557393,"standard_error":273.6800682030092}}