{"mean":{"confidence_interval":{"confidence_level":0.95,"lower_bound":18711.10271924293,"upper_bound":18964.450709071472},"point_estimate":18830.477776158557,"standard_error":64.66080371318702},"median":{"confidence_interval":{"confidence_level":0.95,"lower_bound":18617.396358041187,"upper_bound":18776.073677956032},"point_estimate":18711.350490196077,"standard_error":45.56904676364706},"median_abs_dev":{"confidence_interval":{"confidence_level":0.95,"lower_bound":262.92222118708764,"upper_bound":470.98641603551647},"point_estimate":355.33154331033893,"standard_error":54.841055679512806},"slope":{"confidence_interval":{"confidence_level":0.95,"lower_bound":18784.508949043466,"upper_bound":19067.913159113814},"point_estimate":18914.708966176688,"standard_error":72.6436369252936},"std_dev":{"confidence_interval":{"confidence_level":0.95,"lower_bound":441.4567964475264,"upper_bound":830.5656411710852},"point_estimate":650.2800382150104,"standard_error":99.53253560520713}}