{"mean":{"confidence_interval":{"confidence_level":0.95,"lower_bound":24194.859281020257,"upper_bound":24764.316573996803},"point_estimate":24456.307667363897,"standard_error":145.86772804088272},"median":{"confidence_interval":{"confidence_level":0.95,"lower_bound":23946.339558573854,"upper_bound":24400.91447368421},"point_estimate":24133.061789641568,"standard_error":115.27050364586283},"median_abs_dev":{"confidence_interval":{"confidence_level":0.95,"lower_bound":637.2034076281682,"upper_bound":1120.5552933679853},"point_estimate":809.2079298510114,"standard_error":120.99249769162684},"slope":{"confidence_interval":{"confidence_level":0.95,"lower_bound":24267.292810180148,"upper_bound":24801.407139443378},"point_estimate":24521.635941449604,"standard_error":136.68833642927638},"std_dev":{"confidence_interval":{"confidence_level":0.95,"lower_bound":929.2297553897398,"upper_bound":2034.353180138473},"point_estimate":1459.8518078584405,"standard_error":305.52757646082085}}