{"mean":{"confidence_interval":{"confidence_level":0.95,"lower_bound":26144771.579125,"upper_bound":27163103.07725},"point_estimate":26623659.52,"standard_error":259254.88182940878},"median":{"confidence_interval":{"confidence_level":0.95,"lower_bound":26355885.5,"upper_bound":26860383.51874997},"point_estimate":26623421.5,"standard_error":137618.10754192402},"median_abs_dev":{"confidence_interval":{"confidence_level":0.95,"lower_bound":862094.0783947706,"upper_bound":1728563.1239868698},"point_estimate":1200771.803382039,"standard_error":220422.1961911629},"slope":null,"std_dev":{"confidence_interval":{"confidence_level":0.95,"lower_bound":1406058.6041254932,"upper_bound":3812499.722641686},"point_estimate":2603758.0572390417,"standard_error":655059.9484006859}}