{"mean":{"confidence_interval":{"confidence_level":0.95,"lower_bound":319201.7919067592,"upper_bound":325445.20616777457},"point_estimate":322132.0773546096,"standard_error":1592.6890024672994},"median":{"confidence_interval":{"confidence_level":0.95,"lower_bound":314659.71435185184,"upper_bound":321096.49324324325},"point_estimate":318814.47913744743,"standard_error":1979.639210637186},"median_abs_dev":{"confidence_interval":{"confidence_level":0.95,"lower_bound":7458.370975974688,"upper_bound":13221.69932746774},"point_estimate":10747.716467156206,"standard_error":1552.1129386502887},"slope":{"confidence_interval":{"confidence_level":0.95,"lower_bound":316899.7095854755,"upper_bound":323711.6524296073},"point_estimate":320003.84269838926,"standard_error":1742.6971992782783},"std_dev":{"confidence_interval":{"confidence_level":0.95,"lower_bound":10674.583375972963,"upper_bound":20788.684882223188},"point_estimate":16012.321796585502,"standard_error":2588.3377745647645}}