{"mean":{"confidence_interval":{"confidence_level":0.95,"lower_bound":1630274.2081376817,"upper_bound":1723397.9653250326},"point_estimate":1672444.9612620913,"standard_error":23797.958081301593},"median":{"confidence_interval":{"confidence_level":0.95,"lower_bound":1590540.5727272728,"upper_bound":1660675.4750470808},"point_estimate":1624726.5280437758,"standard_error":17623.481485471508},"median_abs_dev":{"confidence_interval":{"confidence_level":0.95,"lower_bound":98830.02246169388,"upper_bound":152541.5318556002},"point_estimate":116220.89103765643,"standard_error":13842.184908765787},"slope":{"confidence_interval":{"confidence_level":0.95,"lower_bound":1607004.553180873,"upper_bound":1672656.021679521},"point_estimate":1637501.8279976356,"standard_error":16790.92902642439},"std_dev":{"confidence_interval":{"confidence_level":0.95,"lower_bound":140731.26902743877,"upper_bound":341757.24190625036},"point_estimate":238966.23246285337,"standard_error":56423.975090253334}}