{"mean":{"confidence_interval":{"confidence_level":0.95,"lower_bound":26214577.695625003,"upper_bound":26729121.484125},"point_estimate":26476677.435,"standard_error":131520.85098481298},"median":{"confidence_interval":{"confidence_level":0.95,"lower_bound":26482202.0,"upper_bound":26878722.75},"point_estimate":26707213.5,"standard_error":117194.21165129755},"median_abs_dev":{"confidence_interval":{"confidence_level":0.95,"lower_bound":691668.47012043,"upper_bound":1248711.6735309362},"point_estimate":964334.1725796461,"standard_error":144731.6128936649},"slope":null,"std_dev":{"confidence_interval":{"confidence_level":0.95,"lower_bound":1064380.1944729802,"upper_bound":1552084.153474567},"point_estimate":1319633.9171952535,"standard_error":124406.56140513945}}