{"mean":{"confidence_interval":{"confidence_level":0.95,"lower_bound":171335.39274668266,"upper_bound":183317.7330170455},"point_estimate":176733.43945377355,"standard_error":3080.2097547982144},"median":{"confidence_interval":{"confidence_level":0.95,"lower_bound":165645.52186588923,"upper_bound":171987.52551020408},"point_estimate":167669.47775510204,"standard_error":1574.0820954338797},"median_abs_dev":{"confidence_interval":{"confidence_level":0.95,"lower_bound":9107.360544369143,"upper_bound":17783.596794622863},"point_estimate":13135.84498695839,"standard_error":2322.7249100961285},"slope":{"confidence_interval":{"confidence_level":0.95,"lower_bound":164680.86909511147,"upper_bound":170991.6119714167},"point_estimate":167668.31275264412,"standard_error":1607.466640823292},"std_dev":{"confidence_interval":{"confidence_level":0.95,"lower_bound":16913.8496865852,"upper_bound":44931.75262345136},"point_estimate":30897.52461298102,"standard_error":7777.725505199805}}