{"mean":{"confidence_interval":{"confidence_level":0.95,"lower_bound":6961.465280803484,"upper_bound":6987.998006182406},"point_estimate":6974.129551623034,"standard_error":6.75972896292113},"median":{"confidence_interval":{"confidence_level":0.95,"lower_bound":6943.783390410959,"upper_bound":6978.070833333333},"point_estimate":6963.854963991769,"standard_error":6.638117815748019},"median_abs_dev":{"confidence_interval":{"confidence_level":0.95,"lower_bound":42.13636653244595,"upper_bound":68.64271997575521},"point_estimate":56.30076334950706,"standard_error":6.793310162853777},"slope":{"confidence_interval":{"confidence_level":0.95,"lower_bound":6931.288435498927,"upper_bound":6957.5042181842655},"point_estimate":6944.354135038504,"standard_error":6.6696411583832225},"std_dev":{"confidence_interval":{"confidence_level":0.95,"lower_bound":48.364051046330225,"upper_bound":91.12327123062187},"point_estimate":68.04964703388707,"standard_error":11.784044818412623}}