{"mean":{"confidence_interval":{"confidence_level":0.95,"lower_bound":647615.1174172089,"upper_bound":656166.3225317054},"point_estimate":652068.5770887573,"standard_error":2186.032605245853},"median":{"confidence_interval":{"confidence_level":0.95,"lower_bound":652546.0211267605,"upper_bound":660702.0470588235},"point_estimate":657510.7406565656,"standard_error":1831.3034381406471},"median_abs_dev":{"confidence_interval":{"confidence_level":0.95,"lower_bound":10954.345678697138,"upper_bound":20079.712463625594},"point_estimate":15888.947231707929,"standard_error":2352.157902445483},"slope":{"confidence_interval":{"confidence_level":0.95,"lower_bound":658121.8983692651,"upper_bound":664232.200432487},"point_estimate":661299.2939441407,"standard_error":1555.8910332557816},"std_dev":{"confidence_interval":{"confidence_level":0.95,"lower_bound":16112.323882666922,"upper_bound":27457.14768670595},"point_estimate":22065.786821184014,"standard_error":2911.734345318844}}