{"mean":{"confidence_interval":{"confidence_level":0.95,"lower_bound":292090.18431438773,"upper_bound":298040.50012207736},"point_estimate":294697.7259797098,"standard_error":1533.41359380385},"median":{"confidence_interval":{"confidence_level":0.95,"lower_bound":289648.67391304346,"upper_bound":292616.2596153846},"point_estimate":291166.65912698413,"standard_error":813.0433909080484},"median_abs_dev":{"confidence_interval":{"confidence_level":0.95,"lower_bound":3689.0563952104994,"upper_bound":6119.993133797924},"point_estimate":4543.944381261699,"standard_error":606.4700731592953},"slope":{"confidence_interval":{"confidence_level":0.95,"lower_bound":288762.7138996496,"upper_bound":292379.57253101363},"point_estimate":290381.01409708883,"standard_error":931.5360094384027},"std_dev":{"confidence_interval":{"confidence_level":0.95,"lower_bound":7433.814481472384,"upper_bound":23005.00366119103},"point_estimate":15367.029803252723,"standard_error":4328.346219079838}}