{"mean":{"confidence_interval":{"confidence_level":0.95,"lower_bound":136813.6519133574,"upper_bound":142778.6549132163},"point_estimate":139484.7876882959,"standard_error":1531.612283714342},"median":{"confidence_interval":{"confidence_level":0.95,"lower_bound":133880.8249496982,"upper_bound":137208.04974489796},"point_estimate":135231.52666666667,"standard_error":961.4913631121825},"median_abs_dev":{"confidence_interval":{"confidence_level":0.95,"lower_bound":4860.582623672455,"upper_bound":9317.633073954687},"point_estimate":6184.438683858779,"standard_error":1065.377576287632},"slope":{"confidence_interval":{"confidence_level":0.95,"lower_bound":134923.15429102015,"upper_bound":139795.76014078374},"point_estimate":137241.0939171188,"standard_error":1240.7299800391577},"std_dev":{"confidence_interval":{"confidence_level":0.95,"lower_bound":8800.904620368796,"upper_bound":22145.40215126617},"point_estimate":15266.272248047768,"standard_error":3846.998877478953}}