{"mean":{"confidence_interval":{"confidence_level":0.95,"lower_bound":1981415.4988076927,"upper_bound":2052484.2893750004},"point_estimate":2015481.4126923075,"standard_error":18077.09533603512},"median":{"confidence_interval":{"confidence_level":0.95,"lower_bound":1960811.1346153845,"upper_bound":2030997.7307692308},"point_estimate":1991945.7884615385,"standard_error":17296.57255882919},"median_abs_dev":{"confidence_interval":{"confidence_level":0.95,"lower_bound":102684.3894808339,"upper_bound":174342.49484710972},"point_estimate":127817.33870001938,"standard_error":18129.129269119876},"slope":null,"std_dev":{"confidence_interval":{"confidence_level":0.95,"lower_bound":135309.99644864455,"upper_bound":233792.72950502473},"point_estimate":181158.52020483388,"standard_error":26428.883212598666}}