{"mean":{"confidence_interval":{"confidence_level":0.95,"lower_bound":94826.04676614843,"upper_bound":98234.17700438344},"point_estimate":96489.37007697251,"standard_error":868.6900413608699},"median":{"confidence_interval":{"confidence_level":0.95,"lower_bound":91345.7514367816,"upper_bound":95640.03260869565},"point_estimate":92963.98717948719,"standard_error":1116.4356116177557},"median_abs_dev":{"confidence_interval":{"confidence_level":0.95,"lower_bound":4081.105132883065,"upper_bound":8691.174638224817},"point_estimate":6049.232971497717,"standard_error":1269.6568746278201},"slope":{"confidence_interval":{"confidence_level":0.95,"lower_bound":98924.66318006307,"upper_bound":103973.14681084488},"point_estimate":101467.33473154032,"standard_error":1292.9666789262092},"std_dev":{"confidence_interval":{"confidence_level":0.95,"lower_bound":7214.121194757199,"upper_bound":10023.534401388582},"point_estimate":8721.59582552306,"standard_error":718.8340428430666}}