{"mean":{"confidence_interval":{"confidence_level":0.95,"lower_bound":233857.78216888974,"upper_bound":241851.5582146275},"point_estimate":237572.96618547395,"standard_error":2036.9843745918126},"median":{"confidence_interval":{"confidence_level":0.95,"lower_bound":229951.75833333333,"upper_bound":234139.925},"point_estimate":231937.20903703704,"standard_error":1062.0901345387847},"median_abs_dev":{"confidence_interval":{"confidence_level":0.95,"lower_bound":6980.211181065037,"upper_bound":12561.544653770094},"point_estimate":9326.912884414181,"standard_error":1391.875574614429},"slope":{"confidence_interval":{"confidence_level":0.95,"lower_bound":237710.87886966032,"upper_bound":246610.4352385332},"point_estimate":241902.94423644154,"standard_error":2265.296085771483},"std_dev":{"confidence_interval":{"confidence_level":0.95,"lower_bound":13108.276363367046,"upper_bound":26839.672057620715},"point_estimate":20481.722759614317,"standard_error":3507.235178802913}}