{"mean":{"confidence_interval":{"confidence_level":0.95,"lower_bound":307110.9018359018,"upper_bound":309995.23688155785},"point_estimate":308481.40457468666,"standard_error":734.7308842445336},"median":{"confidence_interval":{"confidence_level":0.95,"lower_bound":304854.5294117647,"upper_bound":305675.14634146343},"point_estimate":305135.98032407404,"standard_error":167.01030136528172},"median_abs_dev":{"confidence_interval":{"confidence_level":0.95,"lower_bound":949.9753539939325,"upper_bound":2096.917620332479},"point_estimate":1329.5544507769523,"standard_error":271.67767613489815},"slope":{"confidence_interval":{"confidence_level":0.95,"lower_bound":305819.3569685826,"upper_bound":308260.78288235643},"point_estimate":306879.83411112754,"standard_error":625.8923864004626},"std_dev":{"confidence_interval":{"confidence_level":0.95,"lower_bound":5564.224977286902,"upper_bound":8843.180251242758},"point_estimate":7374.0243502831845,"standard_error":834.2775550626259}}