{"mean":{"confidence_interval":{"confidence_level":0.95,"lower_bound":624546.9238954007,"upper_bound":651864.6062153266},"point_estimate":637205.7546136787,"standard_error":6992.6363428935765},"median":{"confidence_interval":{"confidence_level":0.95,"lower_bound":617990.2413793104,"upper_bound":632270.1583333333},"point_estimate":624328.0852272727,"standard_error":3998.574040325254},"median_abs_dev":{"confidence_interval":{"confidence_level":0.95,"lower_bound":33425.3089641842,"upper_bound":59109.7256283346},"point_estimate":44545.75971684607,"standard_error":6762.015175866328},"slope":{"confidence_interval":{"confidence_level":0.95,"lower_bound":613686.9035766055,"upper_bound":639229.7732189934},"point_estimate":626451.3784453968,"standard_error":6540.378545702125},"std_dev":{"confidence_interval":{"confidence_level":0.95,"lower_bound":45530.710158586444,"upper_bound":96852.44552120972},"point_estimate":70142.79977259021,"standard_error":13934.46859682263}}