{"mean":{"confidence_interval":{"confidence_level":0.95,"lower_bound":23277865.787750002,"upper_bound":23804088.462874997},"point_estimate":23535020.56,"standard_error":134642.99870759618},"median":{"confidence_interval":{"confidence_level":0.95,"lower_bound":22926238.5,"upper_bound":23451035.0},"point_estimate":23113580.25,"standard_error":130889.10232951274},"median_abs_dev":{"confidence_interval":{"confidence_level":0.95,"lower_bound":720904.6003013849,"upper_bound":1405147.8391036391},"point_estimate":1014781.4899340272,"standard_error":177921.94888359954},"slope":null,"std_dev":{"confidence_interval":{"confidence_level":0.95,"lower_bound":1071808.3046727765,"upper_bound":1608158.1228261427},"point_estimate":1354691.072817331,"standard_error":137148.07239218618}}