{"mean":{"confidence_interval":{"confidence_level":0.95,"lower_bound":126435.44180855282,"upper_bound":128418.56806029171},"point_estimate":127367.99428424201,"standard_error":508.3041792372574},"median":{"confidence_interval":{"confidence_level":0.95,"lower_bound":125920.00760389036,"upper_bound":126788.33771929824},"point_estimate":126385.8346861472,"standard_error":205.32674188558462},"median_abs_dev":{"confidence_interval":{"confidence_level":0.95,"lower_bound":1361.2652658685574,"upper_bound":2683.742532774233},"point_estimate":2164.2957229983876,"standard_error":342.88913078301425},"slope":{"confidence_interval":{"confidence_level":0.95,"lower_bound":125734.47078399752,"upper_bound":127196.99371246435},"point_estimate":126432.06746305601,"standard_error":373.60312955496073},"std_dev":{"confidence_interval":{"confidence_level":0.95,"lower_bound":3353.8036418425986,"upper_bound":6676.978790520719},"point_estimate":5096.367719254227,"standard_error":857.6231301322296}}