{"mean":{"confidence_interval":{"confidence_level":0.95,"lower_bound":21595844.095999993,"upper_bound":22096407.53591668},"point_estimate":21842514.62333334,"standard_error":126898.4048482979},"median":{"confidence_interval":{"confidence_level":0.95,"lower_bound":21589763.333333332,"upper_bound":21939999.666666668},"point_estimate":21761714.833333336,"standard_error":102815.39242245142},"median_abs_dev":{"confidence_interval":{"confidence_level":0.95,"lower_bound":639447.0983475465,"upper_bound":1076347.0715910215},"point_estimate":904966.1747336369,"standard_error":106027.6131735687},"slope":null,"std_dev":{"confidence_interval":{"confidence_level":0.95,"lower_bound":958105.4109091829,"upper_bound":1580184.5159018207},"point_estimate":1278520.5404752244,"standard_error":159328.76164550442}}