{"mean":{"confidence_interval":{"confidence_level":0.95,"lower_bound":130170.81166967427,"upper_bound":132224.52148862445},"point_estimate":131098.13964634918,"standard_error":528.7781497702883},"median":{"confidence_interval":{"confidence_level":0.95,"lower_bound":129241.29595588235,"upper_bound":129944.18189798263},"point_estimate":129497.45867398164,"standard_error":186.80731004646273},"median_abs_dev":{"confidence_interval":{"confidence_level":0.95,"lower_bound":837.7218343115087,"upper_bound":1578.6040032151607},"point_estimate":1059.537161833191,"standard_error":183.60720991707106},"slope":{"confidence_interval":{"confidence_level":0.95,"lower_bound":129456.5982001095,"upper_bound":130283.60878934883},"point_estimate":129828.43488695138,"standard_error":211.4516488908988},"std_dev":{"confidence_interval":{"confidence_level":0.95,"lower_bound":2566.0308008554093,"upper_bound":7355.755558831765},"point_estimate":5284.727950583886,"standard_error":1212.2077929439126}}