{"mean":{"confidence_interval":{"confidence_level":0.95,"lower_bound":1441595.5870187394,"upper_bound":1460188.312685885},"point_estimate":1451164.0842542541,"standard_error":4746.243332414373},"median":{"confidence_interval":{"confidence_level":0.95,"lower_bound":1446180.475,"upper_bound":1463136.691421255},"point_estimate":1453033.3671781756,"standard_error":4644.535733266638},"median_abs_dev":{"confidence_interval":{"confidence_level":0.95,"lower_bound":30554.516560938147,"upper_bound":54540.00875245307},"point_estimate":44923.322828315286,"standard_error":6028.197286074125},"slope":{"confidence_interval":{"confidence_level":0.95,"lower_bound":1462822.4249733102,"upper_bound":1476895.4854933291},"point_estimate":1469928.2404374168,"standard_error":3581.772942225749},"std_dev":{"confidence_interval":{"confidence_level":0.95,"lower_bound":39133.875552712554,"upper_bound":54911.13897353615},"point_estimate":47627.915579677814,"standard_error":4022.2018993907495}}