{"mean":{"confidence_interval":{"confidence_level":0.95,"lower_bound":85751.92028235203,"upper_bound":88203.44994643956},"point_estimate":86938.09175253435,"standard_error":626.464366576931},"median":{"confidence_interval":{"confidence_level":0.95,"lower_bound":84707.28871979826,"upper_bound":87465.04115226338},"point_estimate":86133.7108435546,"standard_error":888.0958795893897},"median_abs_dev":{"confidence_interval":{"confidence_level":0.95,"lower_bound":3623.1167179442473,"upper_bound":6109.422575523478},"point_estimate":4599.23873578889,"standard_error":610.2430747108883},"slope":{"confidence_interval":{"confidence_level":0.95,"lower_bound":86695.00507128602,"upper_bound":89409.79251072824},"point_estimate":87965.15537461209,"standard_error":693.7358016149137},"std_dev":{"confidence_interval":{"confidence_level":0.95,"lower_bound":4897.7377637084255,"upper_bound":7622.9830707570545},"point_estimate":6267.636844701861,"standard_error":703.4844192852905}}