{"mean":{"confidence_interval":{"confidence_level":0.95,"lower_bound":229134.17116165682,"upper_bound":236808.83919007969},"point_estimate":232773.71706239795,"standard_error":1955.7511564124568},"median":{"confidence_interval":{"confidence_level":0.95,"lower_bound":225635.7148275862,"upper_bound":232286.74978354978},"point_estimate":229290.7150406504,"standard_error":1805.1708957506287},"median_abs_dev":{"confidence_interval":{"confidence_level":0.95,"lower_bound":10314.924851060838,"upper_bound":17044.417660903127},"point_estimate":14095.411860547505,"standard_error":1759.67554548129},"slope":{"confidence_interval":{"confidence_level":0.95,"lower_bound":229405.11111778274,"upper_bound":234841.98614344536},"point_estimate":232070.89799674894,"standard_error":1386.574899655815},"std_dev":{"confidence_interval":{"confidence_level":0.95,"lower_bound":14118.839647941062,"upper_bound":25403.496973802317},"point_estimate":19729.639457459525,"standard_error":2934.02257810045}}