{"mean":{"confidence_interval":{"confidence_level":0.95,"lower_bound":116074.19689037146,"upper_bound":118620.92937011262},"point_estimate":117340.55818065366,"standard_error":648.1594263037692},"median":{"confidence_interval":{"confidence_level":0.95,"lower_bound":115349.9659608792,"upper_bound":119860.01253561254},"point_estimate":117393.16040671588,"standard_error":1252.8434646032672},"median_abs_dev":{"confidence_interval":{"confidence_level":0.95,"lower_bound":5599.045163768812,"upper_bound":8759.74054209428},"point_estimate":6894.9902853643625,"standard_error":815.5474005078225},"slope":{"confidence_interval":{"confidence_level":0.95,"lower_bound":119115.72150635041,"upper_bound":121550.8334487105},"point_estimate":120345.48907705696,"standard_error":618.6744447219098},"std_dev":{"confidence_interval":{"confidence_level":0.95,"lower_bound":5812.43931491862,"upper_bound":7194.464519112582},"point_estimate":6555.296898559748,"standard_error":352.5396925760001}}