{"mean":{"confidence_interval":{"confidence_level":0.95,"lower_bound":503234.62169480365,"upper_bound":535360.4961276009},"point_estimate":518056.02573576255,"standard_error":8196.158994571895},"median":{"confidence_interval":{"confidence_level":0.95,"lower_bound":489870.3006493506,"upper_bound":507804.8858695652},"point_estimate":498262.6768292683,"standard_error":4767.0843167462845},"median_abs_dev":{"confidence_interval":{"confidence_level":0.95,"lower_bound":27675.63818185584,"upper_bound":50399.29111084399},"point_estimate":41577.34189797307,"standard_error":5620.537224136362},"slope":{"confidence_interval":{"confidence_level":0.95,"lower_bound":482288.0411235967,"upper_bound":499557.54222177406},"point_estimate":490635.73337372544,"standard_error":4410.8959179817175},"std_dev":{"confidence_interval":{"confidence_level":0.95,"lower_bound":48713.93420937971,"upper_bound":112519.80023598611},"point_estimate":82548.37265217761,"standard_error":16528.469300192028}}