{"mean":{"confidence_interval":{"confidence_level":0.95,"lower_bound":1222949.0602857985,"upper_bound":1235744.561820484},"point_estimate":1228633.7815814926,"standard_error":3268.2349791978845},"median":{"confidence_interval":{"confidence_level":0.95,"lower_bound":1215905.9797979798,"upper_bound":1221572.9489496448},"point_estimate":1219545.061316052,"standard_error":1400.1072371636535},"median_abs_dev":{"confidence_interval":{"confidence_level":0.95,"lower_bound":7020.013064953149,"upper_bound":12866.509552608286},"point_estimate":9419.054506128803,"standard_error":1551.9903345997382},"slope":{"confidence_interval":{"confidence_level":0.95,"lower_bound":1217706.0999299486,"upper_bound":1235854.2421839612},"point_estimate":1224704.5694547067,"standard_error":4878.018310112496},"std_dev":{"confidence_interval":{"confidence_level":0.95,"lower_bound":16119.22053825311,"upper_bound":46967.51939368055},"point_estimate":32847.520044984114,"standard_error":8093.211909715933}}