{"mean":{"confidence_interval":{"confidence_level":0.95,"lower_bound":4443570.239854166,"upper_bound":4545299.1408125},"point_estimate":4489816.444166666,"standard_error":26011.685784576468},"median":{"confidence_interval":{"confidence_level":0.95,"lower_bound":4384630.333333333,"upper_bound":4436101.355208333},"point_estimate":4411256.833333334,"standard_error":13687.57788580071},"median_abs_dev":{"confidence_interval":{"confidence_level":0.95,"lower_bound":67530.14312609915,"upper_bound":127931.08072876954},"point_estimate":105598.05957526015,"standard_error":16847.90946733381},"slope":null,"std_dev":{"confidence_interval":{"confidence_level":0.95,"lower_bound":150635.23599829926,"upper_bound":370390.3526978328},"point_estimate":261188.8575860595,"standard_error":58423.8972883331}}