{"mean":{"confidence_interval":{"confidence_level":0.95,"lower_bound":241933.78354307127,"upper_bound":272556.0462933708},"point_estimate":256357.3273853895,"standard_error":7834.012505158785},"median":{"confidence_interval":{"confidence_level":0.95,"lower_bound":215348.61886792452,"upper_bound":233966.6409090909},"point_estimate":220215.61838049872,"standard_error":4625.644964329418},"median_abs_dev":{"confidence_interval":{"confidence_level":0.95,"lower_bound":16520.106351537073,"upper_bound":42990.30402688754},"point_estimate":24762.352474226434,"standard_error":6868.028412415235},"slope":{"confidence_interval":{"confidence_level":0.95,"lower_bound":218175.78844968823,"upper_bound":248795.57189344027},"point_estimate":230379.61057957736,"standard_error":8076.151327165424},"std_dev":{"confidence_interval":{"confidence_level":0.95,"lower_bound":54540.39113507312,"upper_bound":100840.42734508243},"point_estimate":78651.51366491764,"standard_error":11903.536189694381}}