{"mean":{"confidence_interval":{"confidence_level":0.95,"lower_bound":82635.33736512504,"upper_bound":85791.1993240171},"point_estimate":84129.25861273508,"standard_error":808.8778159700581},"median":{"confidence_interval":{"confidence_level":0.95,"lower_bound":80516.73732638889,"upper_bound":83575.31770833333},"point_estimate":81601.66389266304,"standard_error":890.1938954025468},"median_abs_dev":{"confidence_interval":{"confidence_level":0.95,"lower_bound":4248.771784862349,"upper_bound":7371.047890814078},"point_estimate":5633.132016254137,"standard_error":860.7329426124545},"slope":{"confidence_interval":{"confidence_level":0.95,"lower_bound":80900.67178905627,"upper_bound":83318.60074665943},"point_estimate":82072.13801807792,"standard_error":619.1465636867174},"std_dev":{"confidence_interval":{"confidence_level":0.95,"lower_bound":5731.727464459576,"upper_bound":10392.730807981203},"point_estimate":8115.431631936086,"standard_error":1200.9119726216143}}