{"mean":{"confidence_interval":{"confidence_level":0.95,"lower_bound":29035064.0915,"upper_bound":30037107.445},"point_estimate":29505462.46,"standard_error":255058.09838374273},"median":{"confidence_interval":{"confidence_level":0.95,"lower_bound":28835986.5,"upper_bound":29699793.25},"point_estimate":29208189.5,"standard_error":268513.3329110708},"median_abs_dev":{"confidence_interval":{"confidence_level":0.95,"lower_bound":1307253.9867416024,"upper_bound":2097560.2037608624},"point_estimate":1671384.6174269915,"standard_error":202693.53342690697},"slope":null,"std_dev":{"confidence_interval":{"confidence_level":0.95,"lower_bound":1671980.3990677395,"upper_bound":3504974.5550170275},"point_estimate":2557764.3292784565,"standard_error":494983.5646839771}}