{"mean":{"confidence_interval":{"confidence_level":0.95,"lower_bound":3622506.2029499994,"upper_bound":3731261.915283333},"point_estimate":3673850.1679999996,"standard_error":27679.81565746762},"median":{"confidence_interval":{"confidence_level":0.95,"lower_bound":3566569.2666666666,"upper_bound":3639246.4},"point_estimate":3600262.8,"standard_error":18266.87399136063},"median_abs_dev":{"confidence_interval":{"confidence_level":0.95,"lower_bound":125809.08480644223,"upper_bound":210273.39834690045},"point_estimate":166017.5914525988,"standard_error":20375.499699649696},"slope":null,"std_dev":{"confidence_interval":{"confidence_level":0.95,"lower_bound":196445.64938802618,"upper_bound":356608.4651081782},"point_estimate":277369.42017036845,"standard_error":41476.43666869017}}