{"mean":{"confidence_interval":{"confidence_level":0.95,"lower_bound":71828.19187667732,"upper_bound":75136.40926375847},"point_estimate":73400.06299205657,"standard_error":843.8057955951609},"median":{"confidence_interval":{"confidence_level":0.95,"lower_bound":69412.086577708,"upper_bound":71530.60452961673},"point_estimate":70023.03761595547,"standard_error":463.90079024167505},"median_abs_dev":{"confidence_interval":{"confidence_level":0.95,"lower_bound":2930.2985981142697,"upper_bound":5698.528491026033},"point_estimate":3975.846667123941,"standard_error":635.7935645708517},"slope":{"confidence_interval":{"confidence_level":0.95,"lower_bound":68405.93918470581,"upper_bound":70118.68139675967},"point_estimate":69215.88625957906,"standard_error":436.619151318339},"std_dev":{"confidence_interval":{"confidence_level":0.95,"lower_bound":6523.940482385252,"upper_bound":10312.974867148188},"point_estimate":8474.240232059094,"standard_error":968.9816880059557}}