{"mean":{"confidence_interval":{"confidence_level":0.95,"lower_bound":48163.86151704137,"upper_bound":51779.426545673654},"point_estimate":49961.270305349295,"standard_error":921.3913589910134},"median":{"confidence_interval":{"confidence_level":0.95,"lower_bound":49397.73636675824,"upper_bound":52503.69467592593},"point_estimate":50678.60375910098,"standard_error":817.7618766967389},"median_abs_dev":{"confidence_interval":{"confidence_level":0.95,"lower_bound":4880.34061554214,"upper_bound":8232.948479475144},"point_estimate":6756.880498565954,"standard_error":814.4015412946213},"slope":{"confidence_interval":{"confidence_level":0.95,"lower_bound":50750.5272920376,"upper_bound":55348.73908591363},"point_estimate":52835.89201993334,"standard_error":1182.6537798865936},"std_dev":{"confidence_interval":{"confidence_level":0.95,"lower_bound":7300.429799132713,"upper_bound":11221.280616793088},"point_estimate":9291.217549841316,"standard_error":1007.5913370258252}}