{"mean":{"confidence_interval":{"confidence_level":0.95,"lower_bound":24073782.44441667,"upper_bound":24385369.281833325},"point_estimate":24219803.19,"standard_error":79883.1377921885},"median":{"confidence_interval":{"confidence_level":0.95,"lower_bound":23846103.0,"upper_bound":24035070.666666668},"point_estimate":23873986.166666668,"standard_error":56936.92180790235},"median_abs_dev":{"confidence_interval":{"confidence_level":0.95,"lower_bound":216709.1671526469,"upper_bound":433786.7603987474},"point_estimate":273788.0306392908,"standard_error":58931.757061176366},"slope":null,"std_dev":{"confidence_interval":{"confidence_level":0.95,"lower_bound":540848.8254160935,"upper_bound":1055084.2723666867},"point_estimate":805019.9538258166,"standard_error":132637.23152595546}}