{"mean":{"confidence_interval":{"confidence_level":0.95,"lower_bound":197745813.5205,"upper_bound":208537724.3845},"point_estimate":203117842.1,"standard_error":2746638.4030468236},"median":{"confidence_interval":{"confidence_level":0.95,"lower_bound":191874611.0,"upper_bound":205804181.0},"point_estimate":199191316.0,"standard_error":3533864.428171422},"median_abs_dev":{"confidence_interval":{"confidence_level":0.95,"lower_bound":17778162.441274524,"upper_bound":35686254.75514233},"point_estimate":27322118.819135427,"standard_error":4614921.023492648},"slope":null,"std_dev":{"confidence_interval":{"confidence_level":0.95,"lower_bound":23785022.85705368,"upper_bound":30745831.025103044},"point_estimate":27479656.244497433,"standard_error":1771852.610677307}}