{"mean":{"confidence_interval":{"confidence_level":0.95,"lower_bound":3677.5376846825397,"upper_bound":3688.90649566957},"point_estimate":3683.2234034495564,"standard_error":2.905955858517539},"median":{"confidence_interval":{"confidence_level":0.95,"lower_bound":3678.988909541512,"upper_bound":3692.4488847583643},"point_estimate":3683.7203370125303,"standard_error":3.1105054308915028},"median_abs_dev":{"confidence_interval":{"confidence_level":0.95,"lower_bound":19.77339164608589,"upper_bound":34.64453809311549},"point_estimate":27.740177029972163,"standard_error":3.8423178542283773},"slope":{"confidence_interval":{"confidence_level":0.95,"lower_bound":3666.1723859674753,"upper_bound":3681.137734048954},"point_estimate":3673.646835457224,"standard_error":3.814396643760831},"std_dev":{"confidence_interval":{"confidence_level":0.95,"lower_bound":24.586538687083415,"upper_bound":33.535831869743},"point_estimate":29.227624736087204,"standard_error":2.2843964806533394}}