{"mean":{"confidence_interval":{"confidence_level":0.95,"lower_bound":446469.2636990696,"upper_bound":447942.2743070965},"point_estimate":447191.96952933766,"standard_error":376.2113695340668},"median":{"confidence_interval":{"confidence_level":0.95,"lower_bound":446036.1357971014,"upper_bound":447042.2430555555},"point_estimate":446545.35230352305,"standard_error":282.3302708482133},"median_abs_dev":{"confidence_interval":{"confidence_level":0.95,"lower_bound":1651.1865640296426,"upper_bound":4224.577495920766},"point_estimate":2241.6900826780457,"standard_error":618.3360893074483},"slope":{"confidence_interval":{"confidence_level":0.95,"lower_bound":446102.3305734829,"upper_bound":448060.1321138827},"point_estimate":447060.9046303138,"standard_error":497.7226931439881},"std_dev":{"confidence_interval":{"confidence_level":0.95,"lower_bound":3203.1918985288735,"upper_bound":4276.397264837725},"point_estimate":3783.9009199778916,"standard_error":273.79262328077493}}