{"mean":{"confidence_interval":{"confidence_level":0.95,"lower_bound":319877.90353944805,"upper_bound":338864.9763781764},"point_estimate":328814.2300695292,"standard_error":4859.140354606794},"median":{"confidence_interval":{"confidence_level":0.95,"lower_bound":310973.3333333333,"upper_bound":321775.4120879121},"point_estimate":315617.77944430785,"standard_error":2560.8128229470135},"median_abs_dev":{"confidence_interval":{"confidence_level":0.95,"lower_bound":16576.134890855727,"upper_bound":32924.240845227876},"point_estimate":22208.867599255453,"standard_error":4080.4067521601182},"slope":{"confidence_interval":{"confidence_level":0.95,"lower_bound":309481.88149326236,"upper_bound":318736.86220287456},"point_estimate":314029.605129304,"standard_error":2356.9329995410517},"std_dev":{"confidence_interval":{"confidence_level":0.95,"lower_bound":33124.56976807998,"upper_bound":62707.23799863344},"point_estimate":48739.09253405898,"standard_error":7575.910173118378}}