{"mean":{"confidence_interval":{"confidence_level":0.95,"lower_bound":607093.2673963287,"upper_bound":632463.0853603993},"point_estimate":618743.6651593097,"standard_error":6520.566538106291},"median":{"confidence_interval":{"confidence_level":0.95,"lower_bound":595954.5010135134,"upper_bound":601182.1253132832},"point_estimate":597801.9647085611,"standard_error":1602.710125708672},"median_abs_dev":{"confidence_interval":{"confidence_level":0.95,"lower_bound":12164.62057908456,"upper_bound":26215.577533322416},"point_estimate":18394.867190658093,"standard_error":3781.159282100831},"slope":{"confidence_interval":{"confidence_level":0.95,"lower_bound":595758.1189234474,"upper_bound":611173.7656999257},"point_estimate":603055.1974434757,"standard_error":3925.0920509663715},"std_dev":{"confidence_interval":{"confidence_level":0.95,"lower_bound":39579.04021660992,"upper_bound":88247.63228424052},"point_estimate":65609.19603598092,"standard_error":12501.835409623905}}