{"mean":{"confidence_interval":{"confidence_level":0.95,"lower_bound":3926.984201242933,"upper_bound":3940.833921581354},"point_estimate":3933.7548240882206,"standard_error":3.540213338774834},"median":{"confidence_interval":{"confidence_level":0.95,"lower_bound":3920.953764132733,"upper_bound":3928.054457619675},"point_estimate":3923.931824864906,"standard_error":1.6492319233527153},"median_abs_dev":{"confidence_interval":{"confidence_level":0.95,"lower_bound":15.728318880186995,"upper_bound":32.275999955669434},"point_estimate":21.110243467890843,"standard_error":4.7495974257527065},"slope":{"confidence_interval":{"confidence_level":0.95,"lower_bound":3924.155805071014,"upper_bound":3942.0224851531534},"point_estimate":3932.709366099491,"standard_error":4.572082857112112},"std_dev":{"confidence_interval":{"confidence_level":0.95,"lower_bound":29.375091887539405,"upper_bound":40.71167599760198},"point_estimate":35.56464720777863,"standard_error":2.875701426921253}}