{"mean":{"confidence_interval":{"confidence_level":0.95,"lower_bound":454466.52001251257,"upper_bound":454987.9396376374},"point_estimate":454697.0912310478,"standard_error":134.58281515072537},"median":{"confidence_interval":{"confidence_level":0.95,"lower_bound":454185.6962962963,"upper_bound":454396.471639785},"point_estimate":454310.3010752688,"standard_error":49.40179056369885},"median_abs_dev":{"confidence_interval":{"confidence_level":0.95,"lower_bound":306.0656397207931,"upper_bound":543.0423106293631},"point_estimate":408.7455805481608,"standard_error":59.25652657112985},"slope":{"confidence_interval":{"confidence_level":0.95,"lower_bound":454196.09638462146,"upper_bound":454517.7491965022},"point_estimate":454344.4865405645,"standard_error":82.30700772979617},"std_dev":{"confidence_interval":{"confidence_level":0.95,"lower_bound":668.8325831010447,"upper_bound":2014.0861457821925},"point_estimate":1352.9315294797836,"standard_error":373.86335316227496}}