{"mean":{"confidence_interval":{"confidence_level":0.95,"lower_bound":164916.76191944166,"upper_bound":173619.3550488541},"point_estimate":168656.9492366663,"standard_error":2257.400756990301},"median":{"confidence_interval":{"confidence_level":0.95,"lower_bound":162897.78684318555,"upper_bound":165251.90793650792},"point_estimate":163646.56000109442,"standard_error":602.182869550493},"median_abs_dev":{"confidence_interval":{"confidence_level":0.95,"lower_bound":4362.737362291757,"upper_bound":9162.633624787943},"point_estimate":6663.381555990579,"standard_error":1173.475200318744},"slope":{"confidence_interval":{"confidence_level":0.95,"lower_bound":160880.78382544714,"upper_bound":163363.6442839171},"point_estimate":162074.6104059617,"standard_error":634.5101053095564},"std_dev":{"confidence_interval":{"confidence_level":0.95,"lower_bound":7069.632951836159,"upper_bound":34529.924735636836},"point_estimate":22658.0965349389,"standard_error":7347.897041802361}}