{"mean":{"confidence_interval":{"confidence_level":0.95,"lower_bound":321719.3390809124,"upper_bound":326473.6419624137},"point_estimate":323979.265987111,"standard_error":1213.0033424118494},"median":{"confidence_interval":{"confidence_level":0.95,"lower_bound":317969.90625,"upper_bound":320895.9464285714},"point_estimate":319786.5083268025,"standard_error":768.158143746973},"median_abs_dev":{"confidence_interval":{"confidence_level":0.95,"lower_bound":3686.913964877475,"upper_bound":7583.286834678863},"point_estimate":5584.193541879601,"standard_error":997.1034276348665},"slope":{"confidence_interval":{"confidence_level":0.95,"lower_bound":318161.11614418967,"upper_bound":321567.9665702866},"point_estimate":319738.42805009603,"standard_error":872.4723921342655},"std_dev":{"confidence_interval":{"confidence_level":0.95,"lower_bound":9144.83360911558,"upper_bound":14715.08206430303},"point_estimate":12161.159890719537,"standard_error":1426.7906727569905}}