{"mean":{"confidence_interval":{"confidence_level":0.95,"lower_bound":586313.0087010479,"upper_bound":620626.0280532953},"point_estimate":602651.8631435588,"standard_error":8755.71306711441},"median":{"confidence_interval":{"confidence_level":0.95,"lower_bound":581356.1902608834,"upper_bound":611878.0576923077},"point_estimate":592176.6089814815,"standard_error":8447.260466984066},"median_abs_dev":{"confidence_interval":{"confidence_level":0.95,"lower_bound":41349.67530676879,"upper_bound":73427.15004836243},"point_estimate":53679.5115496544,"standard_error":8381.375945616712},"slope":{"confidence_interval":{"confidence_level":0.95,"lower_bound":583984.162158493,"upper_bound":612562.3744495058},"point_estimate":597883.3045559332,"standard_error":7301.422461607933},"std_dev":{"confidence_interval":{"confidence_level":0.95,"lower_bound":60921.44164820981,"upper_bound":113348.28289186445},"point_estimate":87769.29776672681,"standard_error":13589.33015180579}}