{"mean":{"confidence_interval":{"confidence_level":0.95,"lower_bound":963524.3758507785,"upper_bound":1001164.5030728464},"point_estimate":980939.0448067432,"standard_error":9616.284519903777},"median":{"confidence_interval":{"confidence_level":0.95,"lower_bound":942340.5666666667,"upper_bound":963430.6354166666},"point_estimate":947535.0681985294,"standard_error":5181.605693144325},"median_abs_dev":{"confidence_interval":{"confidence_level":0.95,"lower_bound":34245.11319972001,"upper_bound":60753.13079116262},"point_estimate":46634.64515990603,"standard_error":6598.158060291382},"slope":{"confidence_interval":{"confidence_level":0.95,"lower_bound":951181.1461178956,"upper_bound":978579.1842348686},"point_estimate":964453.8177109502,"standard_error":7001.3443091409545},"std_dev":{"confidence_interval":{"confidence_level":0.95,"lower_bound":60567.321697567146,"upper_bound":132238.77256280885},"point_estimate":96525.45691789444,"standard_error":18909.48166392013}}