{"mean":{"confidence_interval":{"confidence_level":0.95,"lower_bound":292117.13851314987,"upper_bound":294474.90752290847},"point_estimate":293296.68101846805,"standard_error":602.3959917198644},"median":{"confidence_interval":{"confidence_level":0.95,"lower_bound":291708.58928571426,"upper_bound":295241.487012987},"point_estimate":293156.87767969735,"standard_error":827.5739318343716},"median_abs_dev":{"confidence_interval":{"confidence_level":0.95,"lower_bound":4203.19298787843,"upper_bound":6351.871923004481},"point_estimate":5280.7097195178985,"standard_error":567.3120058418575},"slope":{"confidence_interval":{"confidence_level":0.95,"lower_bound":292476.7849506471,"upper_bound":294620.46577250236},"point_estimate":293561.1748027191,"standard_error":547.6250053942547},"std_dev":{"confidence_interval":{"confidence_level":0.95,"lower_bound":4987.19768970113,"upper_bound":7042.007650552346},"point_estimate":6062.407904259184,"standard_error":525.1503446924663}}