{"mean":{"confidence_interval":{"confidence_level":0.95,"lower_bound":966.1836434108452,"upper_bound":968.6679089111173},"point_estimate":967.4206923402462,"standard_error":0.6329295774353415},"median":{"confidence_interval":{"confidence_level":0.95,"lower_bound":967.5593581664275,"upper_bound":969.1003192332652},"point_estimate":968.5177943024717,"standard_error":0.3442522555666088},"median_abs_dev":{"confidence_interval":{"confidence_level":0.95,"lower_bound":2.765723940583208,"upper_bound":5.846363475924092},"point_estimate":4.203085634260349,"standard_error":0.7801889361915073},"slope":{"confidence_interval":{"confidence_level":0.95,"lower_bound":966.5070052578029,"upper_bound":968.8378490179218},"point_estimate":967.7163133954224,"standard_error":0.5921277421548093},"std_dev":{"confidence_interval":{"confidence_level":0.95,"lower_bound":4.986751002594144,"upper_bound":7.769885869296482},"point_estimate":6.366144626279397,"standard_error":0.7142099246972229}}