{"mean":{"confidence_interval":{"confidence_level":0.95,"lower_bound":1228562.1688184168,"upper_bound":1583469.7151977732},"point_estimate":1360675.2013733906,"standard_error":98267.45998315654},"median":{"confidence_interval":{"confidence_level":0.95,"lower_bound":1188110.3953488371,"upper_bound":1251332.0005775895},"point_estimate":1215585.0395833333,"standard_error":16270.837400705961},"median_abs_dev":{"confidence_interval":{"confidence_level":0.95,"lower_bound":110941.9064478587,"upper_bound":178018.47026397215},"point_estimate":143510.19878187217,"standard_error":17586.613114613967},"slope":{"confidence_interval":{"confidence_level":0.95,"lower_bound":1213732.5343878893,"upper_bound":1279308.965808179},"point_estimate":1244987.8403280627,"standard_error":16781.84081259121},"std_dev":{"confidence_interval":{"confidence_level":0.95,"lower_bound":182299.28906071014,"upper_bound":1653196.4897969803},"point_estimate":984102.6269872766,"standard_error":495455.53199159104}}