{"mean":{"confidence_interval":{"confidence_level":0.95,"lower_bound":30774.569482880623,"upper_bound":31320.277763971448},"point_estimate":31035.328776545673,"standard_error":139.2124536777985},"median":{"confidence_interval":{"confidence_level":0.95,"lower_bound":30685.557441992078,"upper_bound":31169.08726819386},"point_estimate":30861.563063981892,"standard_error":119.31859945414625},"median_abs_dev":{"confidence_interval":{"confidence_level":0.95,"lower_bound":690.161818870473,"upper_bound":1126.7638931714387},"point_estimate":921.5728344537519,"standard_error":109.55580046310736},"slope":{"confidence_interval":{"confidence_level":0.95,"lower_bound":31005.87455417233,"upper_bound":31537.84060424519},"point_estimate":31244.039723706603,"standard_error":135.60083542248222},"std_dev":{"confidence_interval":{"confidence_level":0.95,"lower_bound":966.5563272316721,"upper_bound":1856.6542226145964},"point_estimate":1405.8275917187484,"standard_error":233.5005208541944}}