{"mean":{"confidence_interval":{"confidence_level":0.95,"lower_bound":377768.28760554764,"upper_bound":391017.06031940354},"point_estimate":384182.329599557,"standard_error":3382.896797787574},"median":{"confidence_interval":{"confidence_level":0.95,"lower_bound":373611.58198051946,"upper_bound":386783.24882629106},"point_estimate":382937.72191780823,"standard_error":3289.603047627227},"median_abs_dev":{"confidence_interval":{"confidence_level":0.95,"lower_bound":20780.915249062957,"upper_bound":35066.04239068481},"point_estimate":24855.810234159788,"standard_error":3632.26933848885},"slope":{"confidence_interval":{"confidence_level":0.95,"lower_bound":375150.71363709285,"upper_bound":390937.29878438567},"point_estimate":382808.5996394266,"standard_error":4009.1797769710106},"std_dev":{"confidence_interval":{"confidence_level":0.95,"lower_bound":26769.562525984074,"upper_bound":41887.634055277405},"point_estimate":33923.336471040915,"standard_error":3983.7852942473223}}