{"mean":{"confidence_interval":{"confidence_level":0.95,"lower_bound":252485.30749108279,"upper_bound":267144.5008591458},"point_estimate":259012.4736984642,"standard_error":3762.305274984709},"median":{"confidence_interval":{"confidence_level":0.95,"lower_bound":244152.16346153847,"upper_bound":249114.9920076726},"point_estimate":246469.26416464892,"standard_error":1093.0999838765144},"median_abs_dev":{"confidence_interval":{"confidence_level":0.95,"lower_bound":4900.231561060295,"upper_bound":11053.739411884952},"point_estimate":8348.809905084683,"standard_error":1611.3033619065648},"slope":{"confidence_interval":{"confidence_level":0.95,"lower_bound":244550.30110608964,"upper_bound":248586.91619710517},"point_estimate":246429.89474804196,"standard_error":1034.110079608594},"std_dev":{"confidence_interval":{"confidence_level":0.95,"lower_bound":19748.121491373648,"upper_bound":54405.54665957152},"point_estimate":37798.03037081746,"standard_error":9080.378952216239}}