{"mean":{"confidence_interval":{"confidence_level":0.95,"lower_bound":663496.3248516782,"upper_bound":704417.2058984182},"point_estimate":682083.7051921482,"standard_error":10487.17237020303},"median":{"confidence_interval":{"confidence_level":0.95,"lower_bound":643903.7141544118,"upper_bound":678069.1770833333},"point_estimate":653222.8915584416,"standard_error":8808.368274742643},"median_abs_dev":{"confidence_interval":{"confidence_level":0.95,"lower_bound":33870.996291692936,"upper_bound":55644.2956498153},"point_estimate":45627.9513941651,"standard_error":5003.283248108117},"slope":{"confidence_interval":{"confidence_level":0.95,"lower_bound":647827.1396386902,"upper_bound":684042.7069198476},"point_estimate":663266.3480138909,"standard_error":9356.333634420587},"std_dev":{"confidence_interval":{"confidence_level":0.95,"lower_bound":53139.61714944289,"upper_bound":144664.39978884722},"point_estimate":105454.78012224805,"standard_error":22634.738985772507}}