{"mean":{"confidence_interval":{"confidence_level":0.95,"lower_bound":187864.43544481302,"upper_bound":191807.39973654336},"point_estimate":189581.34778512473,"standard_error":1016.4975076922276},"median":{"confidence_interval":{"confidence_level":0.95,"lower_bound":186401.16157328806,"upper_bound":186921.25},"point_estimate":186628.28885506513,"standard_error":120.97629597251873},"median_abs_dev":{"confidence_interval":{"confidence_level":0.95,"lower_bound":932.145964313185,"upper_bound":1874.3539540568797},"point_estimate":1364.1498931343845,"standard_error":239.5318008734188},"slope":{"confidence_interval":{"confidence_level":0.95,"lower_bound":186387.8056025067,"upper_bound":187077.59923405858},"point_estimate":186706.99371459533,"standard_error":176.60670714029177},"std_dev":{"confidence_interval":{"confidence_level":0.95,"lower_bound":4348.501953400473,"upper_bound":15480.838998795174},"point_estimate":10202.022830692717,"standard_error":3018.1199183958825}}