{"mean":{"confidence_interval":{"confidence_level":0.95,"lower_bound":3886.141339380875,"upper_bound":3910.299988221865},"point_estimate":3897.8765267382587,"standard_error":6.152225004134116},"median":{"confidence_interval":{"confidence_level":0.95,"lower_bound":3872.23814229249,"upper_bound":3901.4978398749886},"point_estimate":3885.153308682902,"standard_error":6.77934644441585},"median_abs_dev":{"confidence_interval":{"confidence_level":0.95,"lower_bound":38.688979867183704,"upper_bound":62.219240774517885},"point_estimate":53.31690708485936,"standard_error":6.103952311033015},"slope":{"confidence_interval":{"confidence_level":0.95,"lower_bound":3880.4567489881074,"upper_bound":3914.140727283743},"point_estimate":3896.4158038633195,"standard_error":8.621671090047748},"std_dev":{"confidence_interval":{"confidence_level":0.95,"lower_bound":49.23702562456972,"upper_bound":72.63586794724563},"point_estimate":61.93344088612208,"standard_error":5.97992567414472}}