{"mean":{"confidence_interval":{"confidence_level":0.95,"lower_bound":1542090.134658916,"upper_bound":1680237.8719602812},"point_estimate":1602232.6347724877,"standard_error":35502.30290235468},"median":{"confidence_interval":{"confidence_level":0.95,"lower_bound":1503771.7272727273,"upper_bound":1567784.4347826086},"point_estimate":1528780.8098039217,"standard_error":15955.00125434584},"median_abs_dev":{"confidence_interval":{"confidence_level":0.95,"lower_bound":103205.99374570903,"upper_bound":170651.40040588754},"point_estimate":132256.71659226826,"standard_error":17202.95945085935},"slope":{"confidence_interval":{"confidence_level":0.95,"lower_bound":1528352.9932472557,"upper_bound":1584340.5800517641},"point_estimate":1555688.7602187085,"standard_error":14257.764062767163},"std_dev":{"confidence_interval":{"confidence_level":0.95,"lower_bound":157099.58164935332,"upper_bound":541123.0224320608},"point_estimate":355307.1777178827,"standard_error":106697.04255888404}}