{"mean":{"confidence_interval":{"confidence_level":0.95,"lower_bound":13562798.070125,"upper_bound":13783939.115},"point_estimate":13672475.5025,"standard_error":56353.98777981061},"median":{"confidence_interval":{"confidence_level":0.95,"lower_bound":13696182.25,"upper_bound":13801970.625},"point_estimate":13764432.75,"standard_error":25402.5423597797},"median_abs_dev":{"confidence_interval":{"confidence_level":0.95,"lower_bound":218610.4780688882,"upper_bound":433255.9278331697},"point_estimate":321059.9895000458,"standard_error":54062.82758380036},"slope":null,"std_dev":{"confidence_interval":{"confidence_level":0.95,"lower_bound":463397.6222162062,"upper_bound":658477.9296426798},"point_estimate":564245.1718946135,"standard_error":49716.78961409212}}