{"mean":{"confidence_interval":{"confidence_level":0.95,"lower_bound":8337625.607374999,"upper_bound":8598862.288624998},"point_estimate":8462554.97833333,"standard_error":66514.02930037557},"median":{"confidence_interval":{"confidence_level":0.95,"lower_bound":8177930.666666666,"upper_bound":8309243.916666666},"point_estimate":8247702.583333334,"standard_error":36049.01275828666},"median_abs_dev":{"confidence_interval":{"confidence_level":0.95,"lower_bound":209643.21922808932,"upper_bound":402697.38025069353},"point_estimate":281876.10769569967,"standard_error":48332.39087054593},"slope":null,"std_dev":{"confidence_interval":{"confidence_level":0.95,"lower_bound":505344.00555491215,"upper_bound":797485.0006851584},"point_estimate":665089.7200969962,"standard_error":74593.02822038824}}