{"mean":{"confidence_interval":{"confidence_level":0.95,"lower_bound":347082.96262198547,"upper_bound":351079.3488655995},"point_estimate":349080.0147618982,"standard_error":1023.2494141630477},"median":{"confidence_interval":{"confidence_level":0.95,"lower_bound":347143.0787337662,"upper_bound":351051.3026471458},"point_estimate":349013.0547351525,"standard_error":964.6647243088509},"median_abs_dev":{"confidence_interval":{"confidence_level":0.95,"lower_bound":7069.290260561462,"upper_bound":12168.626468909568},"point_estimate":10268.059542042638,"standard_error":1333.007041046501},"slope":{"confidence_interval":{"confidence_level":0.95,"lower_bound":344260.28621331026,"upper_bound":348068.2775361472},"point_estimate":346154.16681739816,"standard_error":969.7057541656177},"std_dev":{"confidence_interval":{"confidence_level":0.95,"lower_bound":8614.954199653763,"upper_bound":11944.488743375887},"point_estimate":10298.834132981703,"standard_error":851.9708961213113}}