{"mean":{"confidence_interval":{"confidence_level":0.95,"lower_bound":7720.312770898416,"upper_bound":7765.241444967376},"point_estimate":7742.030137253282,"standard_error":11.486770528647737},"median":{"confidence_interval":{"confidence_level":0.95,"lower_bound":7700.27452391557,"upper_bound":7775.725166191833},"point_estimate":7723.640667793745,"standard_error":16.24286658801848},"median_abs_dev":{"confidence_interval":{"confidence_level":0.95,"lower_bound":90.25577103934403,"upper_bound":129.91821952041354},"point_estimate":110.74645411573346,"standard_error":10.025674458467044},"slope":{"confidence_interval":{"confidence_level":0.95,"lower_bound":7676.04580768928,"upper_bound":7719.595082787142},"point_estimate":7696.978189767083,"standard_error":11.101001993498013},"std_dev":{"confidence_interval":{"confidence_level":0.95,"lower_bound":89.99184195076033,"upper_bound":143.2380536552332},"point_estimate":115.51399634062291,"standard_error":13.92547004511181}}