{"mean":{"confidence_interval":{"confidence_level":0.95,"lower_bound":130998.01437678713,"upper_bound":138634.50087651747},"point_estimate":134621.15599774246,"standard_error":1952.6678343660055},"median":{"confidence_interval":{"confidence_level":0.95,"lower_bound":124898.4084079602,"upper_bound":131517.27104377103},"point_estimate":128389.83531746033,"standard_error":1932.1332640767862},"median_abs_dev":{"confidence_interval":{"confidence_level":0.95,"lower_bound":8685.386384692447,"upper_bound":17037.45261581536},"point_estimate":13032.661098586987,"standard_error":2343.7181900887317},"slope":{"confidence_interval":{"confidence_level":0.95,"lower_bound":136751.99663568966,"upper_bound":151852.28560657697},"point_estimate":144234.99571810913,"standard_error":3874.713853697316},"std_dev":{"confidence_interval":{"confidence_level":0.95,"lower_bound":14655.702607613117,"upper_bound":23863.2943737337},"point_estimate":19532.25034937109,"standard_error":2352.2711123684044}}