{"mean":{"confidence_interval":{"confidence_level":0.95,"lower_bound":1443628.9421446722,"upper_bound":1763185.6422037715},"point_estimate":1577599.6108174257,"standard_error":82742.42442659529},"median":{"confidence_interval":{"confidence_level":0.95,"lower_bound":1360448.355414398,"upper_bound":1407398.7555555555},"point_estimate":1383594.4734610124,"standard_error":12120.417697261106},"median_abs_dev":{"confidence_interval":{"confidence_level":0.95,"lower_bound":96224.64663526083,"upper_bound":178107.44266184585},"point_estimate":125544.79902303588,"standard_error":20623.947713767033},"slope":{"confidence_interval":{"confidence_level":0.95,"lower_bound":1311791.4797816041,"upper_bound":1350863.3686765574},"point_estimate":1331073.5847317865,"standard_error":9941.587628458137},"std_dev":{"confidence_interval":{"confidence_level":0.95,"lower_bound":276851.1533252796,"upper_bound":1306114.0830750382},"point_estimate":829886.3953213482,"standard_error":288618.638936664}}