{"mean":{"confidence_interval":{"confidence_level":0.95,"lower_bound":2494674.664285714,"upper_bound":2509520.8660714277},"point_estimate":2501435.449523809,"standard_error":3807.5106137435146},"median":{"confidence_interval":{"confidence_level":0.95,"lower_bound":2489629.619047619,"upper_bound":2497522.0},"point_estimate":2492418.6428571427,"standard_error":1945.5627778038383},"median_abs_dev":{"confidence_interval":{"confidence_level":0.95,"lower_bound":11663.637820428998,"upper_bound":19419.765155230314},"point_estimate":16484.923207333864,"standard_error":1937.3372614680286},"slope":null,"std_dev":{"confidence_interval":{"confidence_level":0.95,"lower_bound":21531.947299123047,"upper_bound":52377.7999137305},"point_estimate":38115.20085793224,"standard_error":7961.368520002905}}