{"mean":{"confidence_interval":{"confidence_level":0.95,"lower_bound":49425.60177238185,"upper_bound":49494.90880509115},"point_estimate":49459.536315650716,"standard_error":17.739246572767694},"median":{"confidence_interval":{"confidence_level":0.95,"lower_bound":49380.07543995859,"upper_bound":49468.12844611529},"point_estimate":49412.29132977371,"standard_error":25.39924091983942},"median_abs_dev":{"confidence_interval":{"confidence_level":0.95,"lower_bound":113.16781461255351,"upper_bound":206.893171682494},"point_estimate":150.74863812395867,"standard_error":24.69702871091477},"slope":{"confidence_interval":{"confidence_level":0.95,"lower_bound":49388.89191421148,"upper_bound":49476.52099496362},"point_estimate":49431.45877599274,"standard_error":22.385249094466165},"std_dev":{"confidence_interval":{"confidence_level":0.95,"lower_bound":151.9343286319962,"upper_bound":202.0872024823917},"point_estimate":178.69678177002302,"standard_error":12.78355495326411}}