{"mean":{"confidence_interval":{"confidence_level":0.95,"lower_bound":254869.72597867472,"upper_bound":268754.3241234916},"point_estimate":261183.45934298437,"standard_error":3551.566254388181},"median":{"confidence_interval":{"confidence_level":0.95,"lower_bound":248282.82211538462,"upper_bound":252361.234765625},"point_estimate":249285.8694852941,"standard_error":1113.796324198156},"median_abs_dev":{"confidence_interval":{"confidence_level":0.95,"lower_bound":7003.199741826256,"upper_bound":15697.62746839473},"point_estimate":11522.665516262452,"standard_error":2219.0373226386937},"slope":{"confidence_interval":{"confidence_level":0.95,"lower_bound":246220.24690633288,"upper_bound":254303.37473172278},"point_estimate":249930.0714238215,"standard_error":2067.2233689631144},"std_dev":{"confidence_interval":{"confidence_level":0.95,"lower_bound":20604.7841171104,"upper_bound":48775.420777996784},"point_estimate":35515.50439488947,"standard_error":7239.861493291818}}