{"mean":{"confidence_interval":{"confidence_level":0.95,"lower_bound":13190984.79825,"upper_bound":13614099.217625},"point_estimate":13387557.7825,"standard_error":107625.84437800766},"median":{"confidence_interval":{"confidence_level":0.95,"lower_bound":13032054.0,"upper_bound":13366266.0},"point_estimate":13188274.75,"standard_error":85694.78018309224},"median_abs_dev":{"confidence_interval":{"confidence_level":0.95,"lower_bound":562450.9868144989,"upper_bound":961693.8149196465},"point_estimate":748826.0349556804,"standard_error":102877.71872878136},"slope":null,"std_dev":{"confidence_interval":{"confidence_level":0.95,"lower_bound":708685.2708990362,"upper_bound":1472058.8564075502},"point_estimate":1079666.527426764,"standard_error":205374.53888110336}}