{"mean":{"confidence_interval":{"confidence_level":0.95,"lower_bound":481.3121549302485,"upper_bound":490.3035966987899},"point_estimate":485.8386866550396,"standard_error":2.29139679088155},"median":{"confidence_interval":{"confidence_level":0.95,"lower_bound":480.5512639132732,"upper_bound":490.88694529045017},"point_estimate":485.1355078144437,"standard_error":2.3930856280880293},"median_abs_dev":{"confidence_interval":{"confidence_level":0.95,"lower_bound":17.13202117295004,"upper_bound":27.478276041434242},"point_estimate":22.697936949508833,"standard_error":2.563035136684821},"slope":{"confidence_interval":{"confidence_level":0.95,"lower_bound":486.7432167808942,"upper_bound":497.92694796355426},"point_estimate":492.2810432019364,"standard_error":2.864445084428326},"std_dev":{"confidence_interval":{"confidence_level":0.95,"lower_bound":19.18742496499219,"upper_bound":26.475515832895574},"point_estimate":22.961017511261918,"standard_error":1.8618652557586595}}