{"mean":{"confidence_interval":{"confidence_level":0.95,"lower_bound":75813.29055976891,"upper_bound":77308.29222748122},"point_estimate":76449.74470445454,"standard_error":386.2038615464004},"median":{"confidence_interval":{"confidence_level":0.95,"lower_bound":75218.49921078194,"upper_bound":75825.11355311355},"point_estimate":75516.88959750567,"standard_error":152.51009557665088},"median_abs_dev":{"confidence_interval":{"confidence_level":0.95,"lower_bound":641.7266704626958,"upper_bound":1288.04286575783},"point_estimate":953.356240137684,"standard_error":164.15681400418273},"slope":{"confidence_interval":{"confidence_level":0.95,"lower_bound":75232.86008786396,"upper_bound":75556.33231833899},"point_estimate":75382.86506259369,"standard_error":82.12925846431912},"std_dev":{"confidence_interval":{"confidence_level":0.95,"lower_bound":1501.9279691447423,"upper_bound":6012.419821908018},"point_estimate":3868.82195503843,"standard_error":1283.516682648032}}