{"mean":{"confidence_interval":{"confidence_level":0.95,"lower_bound":9266.402128658716,"upper_bound":9303.564036901826},"point_estimate":9284.230396988247,"standard_error":9.507678966794948},"median":{"confidence_interval":{"confidence_level":0.95,"lower_bound":9251.392211838007,"upper_bound":9286.511861370716},"point_estimate":9272.273696523658,"standard_error":8.44362680609659},"median_abs_dev":{"confidence_interval":{"confidence_level":0.95,"lower_bound":51.17201904277558,"upper_bound":88.45343767490682},"point_estimate":67.33880304997045,"standard_error":9.663730922467533},"slope":{"confidence_interval":{"confidence_level":0.95,"lower_bound":9233.042319458204,"upper_bound":9261.83373513322},"point_estimate":9247.487455477309,"standard_error":7.321337583695427},"std_dev":{"confidence_interval":{"confidence_level":0.95,"lower_bound":69.42621723250737,"upper_bound":120.83413576124985},"point_estimate":95.02895465745456,"standard_error":13.39489294988948}}