{"mean":{"confidence_interval":{"confidence_level":0.95,"lower_bound":320285.4908244279,"upper_bound":338274.36463341274},"point_estimate":328200.6044562237,"standard_error":4610.198666066295},"median":{"confidence_interval":{"confidence_level":0.95,"lower_bound":310995.5234375,"upper_bound":324225.9759036145},"point_estimate":314631.74831081077,"standard_error":3707.9638548084367},"median_abs_dev":{"confidence_interval":{"confidence_level":0.95,"lower_bound":14678.48534322252,"upper_bound":28759.566565821857},"point_estimate":20489.88942694603,"standard_error":3634.813427448098},"slope":{"confidence_interval":{"confidence_level":0.95,"lower_bound":308377.8076307666,"upper_bound":317946.24765950954},"point_estimate":312926.60129082314,"standard_error":2437.655841678182},"std_dev":{"confidence_interval":{"confidence_level":0.95,"lower_bound":23772.860989263365,"upper_bound":68999.38204855182},"point_estimate":46197.40072338463,"standard_error":12877.836798768709}}