{"mean":{"confidence_interval":{"confidence_level":0.95,"lower_bound":65310.85538442365,"upper_bound":67369.25983868363},"point_estimate":66307.07586639399,"standard_error":525.9175443138932},"median":{"confidence_interval":{"confidence_level":0.95,"lower_bound":64127.705802469136,"upper_bound":66178.0431372549},"point_estimate":65361.427344877346,"standard_error":604.4331873907435},"median_abs_dev":{"confidence_interval":{"confidence_level":0.95,"lower_bound":3202.807708251122,"upper_bound":5605.5365323792585},"point_estimate":4495.985201059095,"standard_error":649.3194045648264},"slope":{"confidence_interval":{"confidence_level":0.95,"lower_bound":65193.772073386644,"upper_bound":67579.4847466698},"point_estimate":66336.54249012364,"standard_error":609.9780997400638},"std_dev":{"confidence_interval":{"confidence_level":0.95,"lower_bound":4243.595601214011,"upper_bound":6240.017483184115},"point_estimate":5281.863015326292,"standard_error":509.39061188458277}}