{"mean":{"confidence_interval":{"confidence_level":0.95,"lower_bound":2961157.38475,"upper_bound":2988414.1451666676},"point_estimate":2974475.7083333354,"standard_error":6972.174488495343},"median":{"confidence_interval":{"confidence_level":0.95,"lower_bound":2952532.638888889,"upper_bound":2976063.388888889},"point_estimate":2961149.527777778,"standard_error":5877.340552693586},"median_abs_dev":{"confidence_interval":{"confidence_level":0.95,"lower_bound":38132.183039685704,"upper_bound":64728.29686750984},"point_estimate":49688.88510117936,"standard_error":6903.555232422316},"slope":null,"std_dev":{"confidence_interval":{"confidence_level":0.95,"lower_bound":55046.09213626172,"upper_bound":83593.53227582459},"point_estimate":69953.43626512436,"standard_error":7288.226720272227}}