{"mean":{"confidence_interval":{"confidence_level":0.95,"lower_bound":8532837.2455,"upper_bound":8667457.334999999},"point_estimate":8594925.641666664,"standard_error":34513.1827659452},"median":{"confidence_interval":{"confidence_level":0.95,"lower_bound":8441843.0,"upper_bound":8534677.0},"point_estimate":8475260.0,"standard_error":22581.255611204655},"median_abs_dev":{"confidence_interval":{"confidence_level":0.95,"lower_bound":112666.10784977606,"upper_bound":225393.74359846045},"point_estimate":164656.31757676648,"standard_error":26566.37190408193},"slope":null,"std_dev":{"confidence_interval":{"confidence_level":0.95,"lower_bound":215286.57097987953,"upper_bound":466051.7796148984},"point_estimate":346633.44680378196,"standard_error":64654.17103529748}}