{"mean":{"confidence_interval":{"confidence_level":0.95,"lower_bound":148234.66921948866,"upper_bound":150960.25621412796},"point_estimate":149438.40217533673,"standard_error":697.3341264819878},"median":{"confidence_interval":{"confidence_level":0.95,"lower_bound":147014.31130179344,"upper_bound":147588.85714285713},"point_estimate":147231.93507389163,"standard_error":170.03696767581582},"median_abs_dev":{"confidence_interval":{"confidence_level":0.95,"lower_bound":1226.669944443893,"upper_bound":2195.3331126572793},"point_estimate":1759.8186240600085,"standard_error":241.18750456951517},"slope":{"confidence_interval":{"confidence_level":0.95,"lower_bound":146742.08025022855,"upper_bound":148120.83874924877},"point_estimate":147364.95424053707,"standard_error":354.5403935932173},"std_dev":{"confidence_interval":{"confidence_level":0.95,"lower_bound":3530.9654010845497,"upper_bound":10206.075090565682},"point_estimate":6980.687906922663,"standard_error":1781.030167140314}}