{"mean":{"confidence_interval":{"confidence_level":0.95,"lower_bound":18822.391419769014,"upper_bound":19228.847805837675},"point_estimate":19024.258161886057,"standard_error":103.56348709098907},"median":{"confidence_interval":{"confidence_level":0.95,"lower_bound":18710.816801619432,"upper_bound":19257.304467021448},"point_estimate":18987.928335494853,"standard_error":131.3387940435047},"median_abs_dev":{"confidence_interval":{"confidence_level":0.95,"lower_bound":874.0160045549651,"upper_bound":1452.8107344240975},"point_estimate":1143.9361046126596,"standard_error":148.9870201507691},"slope":{"confidence_interval":{"confidence_level":0.95,"lower_bound":18284.326575312458,"upper_bound":18651.2265250654},"point_estimate":18459.405807368337,"standard_error":93.58717366531319},"std_dev":{"confidence_interval":{"confidence_level":0.95,"lower_bound":919.129629764656,"upper_bound":1150.805836979158},"point_estimate":1042.6397411107043,"standard_error":59.03817778237622}}