{"mean":{"confidence_interval":{"confidence_level":0.95,"lower_bound":637139.3642389026,"upper_bound":676431.0472231294},"point_estimate":655668.8360388787,"standard_error":9998.63317399462},"median":{"confidence_interval":{"confidence_level":0.95,"lower_bound":615935.1481481482,"upper_bound":664057.8461538461},"point_estimate":637911.4675390546,"standard_error":13643.762003044812},"median_abs_dev":{"confidence_interval":{"confidence_level":0.95,"lower_bound":65531.87193657668,"upper_bound":102388.81980376806},"point_estimate":90963.28616449065,"standard_error":9560.890855696025},"slope":{"confidence_interval":{"confidence_level":0.95,"lower_bound":627853.003033075,"upper_bound":661940.0171363918},"point_estimate":644960.9042086597,"standard_error":8733.584394474583},"std_dev":{"confidence_interval":{"confidence_level":0.95,"lower_bound":70741.44528222358,"upper_bound":131565.17562651093},"point_estimate":100820.56844530666,"standard_error":15910.682913815794}}