{"mean":{"confidence_interval":{"confidence_level":0.95,"lower_bound":3135706.376955882,"upper_bound":3220949.2813676484},"point_estimate":3177811.3076470583,"standard_error":21698.74760084222},"median":{"confidence_interval":{"confidence_level":0.95,"lower_bound":3139079.205882353,"upper_bound":3230002.8235294116},"point_estimate":3169311.617647059,"standard_error":22975.0102211205},"median_abs_dev":{"confidence_interval":{"confidence_level":0.95,"lower_bound":158572.96278476715,"upper_bound":258382.46513044112},"point_estimate":222468.66106215678,"standard_error":26177.892551102675},"slope":null,"std_dev":{"confidence_interval":{"confidence_level":0.95,"lower_bound":182906.19526938672,"upper_bound":253912.80923109216},"point_estimate":219641.57621647217,"standard_error":18235.92817073328}}