{"mean":{"confidence_interval":{"confidence_level":0.95,"lower_bound":1987983.6757980762,"upper_bound":2007567.1932884608},"point_estimate":1997350.2684615392,"standard_error":4996.934862891188},"median":{"confidence_interval":{"confidence_level":0.95,"lower_bound":1983307.9615384615,"upper_bound":1999057.6153846155},"point_estimate":1993934.6153846155,"standard_error":3229.5366287522434},"median_abs_dev":{"confidence_interval":{"confidence_level":0.95,"lower_bound":20944.119597398476,"upper_bound":40348.958283662796},"point_estimate":30264.341774239016,"standard_error":5198.747954065337},"slope":null,"std_dev":{"confidence_interval":{"confidence_level":0.95,"lower_bound":36380.70307637097,"upper_bound":62411.72410972242},"point_estimate":50271.12058441598,"standard_error":6644.889610322219}}