{"mean":{"confidence_interval":{"confidence_level":0.95,"lower_bound":117254.25454144501,"upper_bound":121106.64206688276},"point_estimate":119014.76470984155,"standard_error":983.6478128211868},"median":{"confidence_interval":{"confidence_level":0.95,"lower_bound":114968.97222222222,"upper_bound":118792.42127099779},"point_estimate":116393.92386831276,"standard_error":1117.48716704182},"median_abs_dev":{"confidence_interval":{"confidence_level":0.95,"lower_bound":4244.674963823779,"upper_bound":7616.894216174474},"point_estimate":5442.764034963657,"standard_error":850.2692746228594},"slope":{"confidence_interval":{"confidence_level":0.95,"lower_bound":114197.40808651727,"upper_bound":116537.85113781528},"point_estimate":115285.07512273615,"standard_error":597.7962949385746},"std_dev":{"confidence_interval":{"confidence_level":0.95,"lower_bound":5824.697427333624,"upper_bound":14039.43970899549},"point_estimate":9886.465294058102,"standard_error":2198.119340106251}}