{"mean":{"confidence_interval":{"confidence_level":0.95,"lower_bound":32567089.091000002,"upper_bound":33003237.198},"point_estimate":32779644.17,"standard_error":111421.47628362477},"median":{"confidence_interval":{"confidence_level":0.95,"lower_bound":32249299.25,"upper_bound":32776422.5},"point_estimate":32457490.0,"standard_error":137485.01445889994},"median_abs_dev":{"confidence_interval":{"confidence_level":0.95,"lower_bound":697789.0134617686,"upper_bound":1252787.711508572},"point_estimate":1003359.1690868139,"standard_error":145970.5852330818},"slope":null,"std_dev":{"confidence_interval":{"confidence_level":0.95,"lower_bound":946133.1505354614,"upper_bound":1265095.1573382032},"point_estimate":1118189.893451276,"standard_error":81403.08497101936}}