{"mean":{"confidence_interval":{"confidence_level":0.95,"lower_bound":132374.883394165,"upper_bound":133164.07228857515},"point_estimate":132744.78318755806,"standard_error":201.71580144486433},"median":{"confidence_interval":{"confidence_level":0.95,"lower_bound":132015.60674157302,"upper_bound":132582.26666666666},"point_estimate":132340.4963222262,"standard_error":156.78141875818912},"median_abs_dev":{"confidence_interval":{"confidence_level":0.95,"lower_bound":781.1091310064996,"upper_bound":1444.5602223190524},"point_estimate":1126.8777911900916,"standard_error":168.06087702278077},"slope":{"confidence_interval":{"confidence_level":0.95,"lower_bound":132404.8837746947,"upper_bound":133115.05096562387},"point_estimate":132742.17530220185,"standard_error":181.01572795418528},"std_dev":{"confidence_interval":{"confidence_level":0.95,"lower_bound":1367.3402164922272,"upper_bound":2641.2608725218574},"point_estimate":2027.0476848855706,"standard_error":328.3044337436162}}