{"mean":{"confidence_interval":{"confidence_level":0.95,"lower_bound":208125.99464630394,"upper_bound":225281.61503486717},"point_estimate":216175.70518333375,"standard_error":4381.686660345599},"median":{"confidence_interval":{"confidence_level":0.95,"lower_bound":202300.0575757576,"upper_bound":215119.84324324323},"point_estimate":207622.75900000002,"standard_error":2731.9892561652346},"median_abs_dev":{"confidence_interval":{"confidence_level":0.95,"lower_bound":21104.26700532436,"upper_bound":37117.01069638658},"point_estimate":25898.48579472436,"standard_error":3971.3174638317673},"slope":{"confidence_interval":{"confidence_level":0.95,"lower_bound":201559.96830174187,"upper_bound":216195.6087432219},"point_estimate":208356.26554219003,"standard_error":3726.3630678730733},"std_dev":{"confidence_interval":{"confidence_level":0.95,"lower_bound":30391.513563901786,"upper_bound":59013.98375155817},"point_estimate":44276.31060810262,"standard_error":7678.893747949892}}