{"mean":{"confidence_interval":{"confidence_level":0.95,"lower_bound":53397.29451467744,"upper_bound":53972.285070192396},"point_estimate":53661.00365118818,"standard_error":146.03523584060017},"median":{"confidence_interval":{"confidence_level":0.95,"lower_bound":53210.37597440048,"upper_bound":53510.68359133127},"point_estimate":53327.18217998701,"standard_error":72.68421963776545},"median_abs_dev":{"confidence_interval":{"confidence_level":0.95,"lower_bound":475.56460895256777,"upper_bound":787.9234777284439},"point_estimate":618.4850888360959,"standard_error":80.40143627309799},"slope":{"confidence_interval":{"confidence_level":0.95,"lower_bound":53428.135570217826,"upper_bound":53711.84008839519},"point_estimate":53568.79887814704,"standard_error":72.46056960698844},"std_dev":{"confidence_interval":{"confidence_level":0.95,"lower_bound":811.2942882950857,"upper_bound":2002.8361874575614},"point_estimate":1468.3730878982972,"standard_error":303.52021935155847}}