{"mean":{"confidence_interval":{"confidence_level":0.95,"lower_bound":76387.44261901625,"upper_bound":78715.39299468239},"point_estimate":77484.65273779919,"standard_error":596.1497707532728},"median":{"confidence_interval":{"confidence_level":0.95,"lower_bound":74620.50595238095,"upper_bound":76270.2737722048},"point_estimate":74913.7542813551,"standard_error":418.57814209788353},"median_abs_dev":{"confidence_interval":{"confidence_level":0.95,"lower_bound":1813.1872757640451,"upper_bound":4049.7101854827893},"point_estimate":2539.877741154876,"standard_error":544.6942111971456},"slope":{"confidence_interval":{"confidence_level":0.95,"lower_bound":74997.35652311899,"upper_bound":76571.65809516098},"point_estimate":75703.56919356542,"standard_error":401.5695935056216},"std_dev":{"confidence_interval":{"confidence_level":0.95,"lower_bound":4324.453207937109,"upper_bound":7427.769100017432},"point_estimate":5978.061683643995,"standard_error":792.9496929657156}}