{"mean":{"confidence_interval":{"confidence_level":0.95,"lower_bound":1177151.2038481173,"upper_bound":1194785.3942213457},"point_estimate":1185359.7523914655,"standard_error":4519.525375550309},"median":{"confidence_interval":{"confidence_level":0.95,"lower_bound":1164093.887947632,"upper_bound":1173705.8517199017},"point_estimate":1166996.336619263,"standard_error":2566.830758010094},"median_abs_dev":{"confidence_interval":{"confidence_level":0.95,"lower_bound":10114.555904363457,"upper_bound":22725.516430449818},"point_estimate":15222.44350902515,"standard_error":3230.387568944992},"slope":{"confidence_interval":{"confidence_level":0.95,"lower_bound":1160831.4686817995,"upper_bound":1168495.4654003829},"point_estimate":1164003.878424708,"standard_error":1983.8464305947034},"std_dev":{"confidence_interval":{"confidence_level":0.95,"lower_bound":30260.157678283478,"upper_bound":59362.242268647635},"point_estimate":45576.60511860891,"standard_error":7461.59871225226}}