{"mean":{"confidence_interval":{"confidence_level":0.95,"lower_bound":72774.80138896078,"upper_bound":77094.98724254442},"point_estimate":74624.90495137867,"standard_error":1119.570491919658},"median":{"confidence_interval":{"confidence_level":0.95,"lower_bound":71211.04333333333,"upper_bound":72032.74683765398},"point_estimate":71599.91985620915,"standard_error":213.83184835315038},"median_abs_dev":{"confidence_interval":{"confidence_level":0.95,"lower_bound":953.7410108240039,"upper_bound":1933.2868563652444},"point_estimate":1259.3505710543866,"standard_error":265.65635437733266},"slope":{"confidence_interval":{"confidence_level":0.95,"lower_bound":70990.32965230066,"upper_bound":73298.73406580903},"point_estimate":71827.43571469386,"standard_error":636.1113014923209},"std_dev":{"confidence_interval":{"confidence_level":0.95,"lower_bound":4304.4665364158145,"upper_bound":17422.162413119},"point_estimate":11224.234572036357,"standard_error":3702.7230395050624}}