{"mean":{"confidence_interval":{"confidence_level":0.95,"lower_bound":76287.63098596668,"upper_bound":78368.32443211305},"point_estimate":77257.96824729124,"standard_error":535.6842732178729},"median":{"confidence_interval":{"confidence_level":0.95,"lower_bound":75100.24157390228,"upper_bound":76380.08775510204},"point_estimate":75692.84854391194,"standard_error":308.2914388760053},"median_abs_dev":{"confidence_interval":{"confidence_level":0.95,"lower_bound":2191.3007629590784,"upper_bound":4040.2648677414327},"point_estimate":2855.0442334114114,"standard_error":476.83845867342023},"slope":{"confidence_interval":{"confidence_level":0.95,"lower_bound":75078.23757912497,"upper_bound":76672.0530187847},"point_estimate":75838.26912685511,"standard_error":406.8177884928283},"std_dev":{"confidence_interval":{"confidence_level":0.95,"lower_bound":3532.2797181032643,"upper_bound":7347.9209311722225},"point_estimate":5394.464590531458,"standard_error":1021.0628129171677}}