{"mean":{"confidence_interval":{"confidence_level":0.95,"lower_bound":1690008.620899552,"upper_bound":1774661.1041133867},"point_estimate":1727655.52297292,"standard_error":21796.06909623595},"median":{"confidence_interval":{"confidence_level":0.95,"lower_bound":1660331.4444444445,"upper_bound":1708812.7659574468},"point_estimate":1680779.1761363638,"standard_error":14285.986179283324},"median_abs_dev":{"confidence_interval":{"confidence_level":0.95,"lower_bound":72757.54062623656,"upper_bound":122808.94824244539},"point_estimate":98420.85019389691,"standard_error":12899.49601558063},"slope":{"confidence_interval":{"confidence_level":0.95,"lower_bound":1653398.4374381204,"upper_bound":1693864.085973432},"point_estimate":1672853.934668243,"standard_error":10338.689326964104},"std_dev":{"confidence_interval":{"confidence_level":0.95,"lower_bound":96710.60357530089,"upper_bound":322971.7474240204},"point_estimate":218933.35852354002,"standard_error":59495.843896357306}}