{"mean":{"confidence_interval":{"confidence_level":0.95,"lower_bound":916437.4115600031,"upper_bound":932742.3445366897},"point_estimate":923846.2357690543,"standard_error":4169.856178047257},"median":{"confidence_interval":{"confidence_level":0.95,"lower_bound":909749.4126082251,"upper_bound":922318.89375},"point_estimate":915989.6480914473,"standard_error":3373.108619937435},"median_abs_dev":{"confidence_interval":{"confidence_level":0.95,"lower_bound":16671.75631628989,"upper_bound":28305.218472668334},"point_estimate":22944.45015102899,"standard_error":2963.813030048101},"slope":{"confidence_interval":{"confidence_level":0.95,"lower_bound":917358.8651458487,"upper_bound":929627.4414432143},"point_estimate":923282.3833234817,"standard_error":3139.8224414623237},"std_dev":{"confidence_interval":{"confidence_level":0.95,"lower_bound":22653.775713286603,"upper_bound":58776.45807954361},"point_estimate":41920.68763262234,"standard_error":9469.453185740093}}