{"mean":{"confidence_interval":{"confidence_level":0.95,"lower_bound":42860.728946527684,"upper_bound":43026.27304348882},"point_estimate":42935.03930290685,"standard_error":42.45408164413227},"median":{"confidence_interval":{"confidence_level":0.95,"lower_bound":42790.70921985816,"upper_bound":42838.98880597015},"point_estimate":42804.61603887522,"standard_error":14.199177423340611},"median_abs_dev":{"confidence_interval":{"confidence_level":0.95,"lower_bound":60.3051088136755,"upper_bound":120.14830756641538},"point_estimate":79.17821058925523,"standard_error":16.82490775966699},"slope":{"confidence_interval":{"confidence_level":0.95,"lower_bound":42793.71668379642,"upper_bound":43065.188783005666},"point_estimate":42896.977552337325,"standard_error":73.65877318919797},"std_dev":{"confidence_interval":{"confidence_level":0.95,"lower_bound":199.74954913965797,"upper_bound":597.3380609537131},"point_estimate":425.5376236723364,"standard_error":100.71186889907365}}