{"mean":{"confidence_interval":{"confidence_level":0.95,"lower_bound":3836704.5046730763,"upper_bound":3848329.193230769},"point_estimate":3842349.8730769237,"standard_error":2957.362343707332},"median":{"confidence_interval":{"confidence_level":0.95,"lower_bound":3823750.846153846,"upper_bound":3835485.461538462},"point_estimate":3829150.423076923,"standard_error":3359.521334543116},"median_abs_dev":{"confidence_interval":{"confidence_level":0.95,"lower_bound":11467.511634872484,"upper_bound":27422.62814892067},"point_estimate":18714.574352365355,"standard_error":4651.8825824277465},"slope":null,"std_dev":{"confidence_interval":{"confidence_level":0.95,"lower_bound":24650.109018114745,"upper_bound":34170.747115705344},"point_estimate":29820.208369727414,"standard_error":2431.9093481844034}}