{"mean":{"confidence_interval":{"confidence_level":0.95,"lower_bound":602020.8300282935,"upper_bound":644017.7937819827},"point_estimate":621472.6471849828,"standard_error":10718.954580563784},"median":{"confidence_interval":{"confidence_level":0.95,"lower_bound":578177.3683621935,"upper_bound":601061.4270833334},"point_estimate":588850.6686046512,"standard_error":5314.522419529588},"median_abs_dev":{"confidence_interval":{"confidence_level":0.95,"lower_bound":30395.442131994998,"upper_bound":54476.5556224311},"point_estimate":42676.96738881122,"standard_error":6379.5597257756035},"slope":{"confidence_interval":{"confidence_level":0.95,"lower_bound":584660.121100787,"upper_bound":627799.4938702512},"point_estimate":604671.1645441111,"standard_error":11042.718523733109},"std_dev":{"confidence_interval":{"confidence_level":0.95,"lower_bound":68634.6040007517,"upper_bound":141940.6182354781},"point_estimate":107602.15911321493,"standard_error":18804.64854170055}}