{"mean":{"confidence_interval":{"confidence_level":0.95,"lower_bound":145019.38004715764,"upper_bound":153724.0013501372},"point_estimate":148859.97069811975,"standard_error":2240.4202395789152},"median":{"confidence_interval":{"confidence_level":0.95,"lower_bound":143140.10227272726,"upper_bound":146450.94565217392},"point_estimate":144625.792019774,"standard_error":750.5880857212856},"median_abs_dev":{"confidence_interval":{"confidence_level":0.95,"lower_bound":6773.433921203207,"upper_bound":12028.215722331428},"point_estimate":9136.717201577601,"standard_error":1327.9581943450332},"slope":{"confidence_interval":{"confidence_level":0.95,"lower_bound":137142.80012454337,"upper_bound":141575.62253003125},"point_estimate":139204.75590808335,"standard_error":1129.6391963654066},"std_dev":{"confidence_interval":{"confidence_level":0.95,"lower_bound":11309.905388403018,"upper_bound":33796.21732448538},"point_estimate":22536.64517524498,"standard_error":6552.609617604568}}