{"mean":{"confidence_interval":{"confidence_level":0.95,"lower_bound":299079.7912237115,"upper_bound":305223.2842546505},"point_estimate":302162.799193016,"standard_error":1559.0566400176237},"median":{"confidence_interval":{"confidence_level":0.95,"lower_bound":297347.1935483871,"upper_bound":305656.57898550725},"point_estimate":302655.3847054886,"standard_error":1979.41955483722},"median_abs_dev":{"confidence_interval":{"confidence_level":0.95,"lower_bound":11894.019572437403,"upper_bound":19842.432731320136},"point_estimate":14964.71885493054,"standard_error":2109.758700714104},"slope":{"confidence_interval":{"confidence_level":0.95,"lower_bound":305897.1891432037,"upper_bound":313765.1819314506},"point_estimate":309934.36537978426,"standard_error":2008.919736429876},"std_dev":{"confidence_interval":{"confidence_level":0.95,"lower_bound":13430.541490466238,"upper_bound":17695.688224936337},"point_estimate":15658.308682586341,"standard_error":1092.6878335764045}}