{"mean":{"confidence_interval":{"confidence_level":0.95,"lower_bound":114117781.0565,"upper_bound":115595502.63475},"point_estimate":114830330.57,"standard_error":376945.80666754505},"median":{"confidence_interval":{"confidence_level":0.95,"lower_bound":113635547.0,"upper_bound":115488809.0},"point_estimate":114348503.0,"standard_error":449587.63079662307},"median_abs_dev":{"confidence_interval":{"confidence_level":0.95,"lower_bound":2416172.5874968623,"upper_bound":3789503.293722868},"point_estimate":2966150.2939403057,"standard_error":331255.4459421061},"slope":null,"std_dev":{"confidence_interval":{"confidence_level":0.95,"lower_bound":2832355.2671893393,"upper_bound":4867905.229746313},"point_estimate":3779521.828111353,"standard_error":544598.6901846764}}