{"mean":{"confidence_interval":{"confidence_level":0.95,"lower_bound":2931783.011800001,"upper_bound":3036690.8583166655},"point_estimate":2981871.9520000005,"standard_error":26624.002233844472},"median":{"confidence_interval":{"confidence_level":0.95,"lower_bound":2877898.066666667,"upper_bound":2972482.2666666666},"point_estimate":2916619.7333333334,"standard_error":21545.19920765211},"median_abs_dev":{"confidence_interval":{"confidence_level":0.95,"lower_bound":137839.83997285392,"upper_bound":275831.79470300674},"point_estimate":206991.7127251625,"standard_error":36164.46849263928},"slope":null,"std_dev":{"confidence_interval":{"confidence_level":0.95,"lower_bound":200976.8198747027,"upper_bound":338775.56765006407},"point_estimate":266621.8908677235,"standard_error":36306.36871238525}}