{"mean":{"confidence_interval":{"confidence_level":0.95,"lower_bound":1082766.8329750246,"upper_bound":1154823.24283287},"point_estimate":1116037.2530171252,"standard_error":18463.31344861476},"median":{"confidence_interval":{"confidence_level":0.95,"lower_bound":1054904.426477713,"upper_bound":1078497.0955882352},"point_estimate":1068004.957070707,"standard_error":6079.219156541714},"median_abs_dev":{"confidence_interval":{"confidence_level":0.95,"lower_bound":58242.20979486635,"upper_bound":87067.77883014672},"point_estimate":74698.82262181651,"standard_error":7307.010045959096},"slope":{"confidence_interval":{"confidence_level":0.95,"lower_bound":1054929.1128664939,"upper_bound":1126027.1664655453},"point_estimate":1087343.8409812325,"standard_error":18273.057207873127},"std_dev":{"confidence_interval":{"confidence_level":0.95,"lower_bound":114009.21035395726,"upper_bound":248725.11675826463},"point_estimate":185939.3375831179,"standard_error":34588.68863607018}}