{"mean":{"confidence_interval":{"confidence_level":0.95,"lower_bound":1272697.8423868355,"upper_bound":1398905.222341618},"point_estimate":1334789.3165173251,"standard_error":32158.580280108265},"median":{"confidence_interval":{"confidence_level":0.95,"lower_bound":1177238.3266267125,"upper_bound":1406425.6506443748},"point_estimate":1294848.7444444445,"standard_error":55248.46687137774},"median_abs_dev":{"confidence_interval":{"confidence_level":0.95,"lower_bound":307798.74436766596,"upper_bound":474043.6229025215},"point_estimate":403489.4510499638,"standard_error":41491.314057017094},"slope":{"confidence_interval":{"confidence_level":0.95,"lower_bound":1200656.6940504976,"upper_bound":1350198.1958599577},"point_estimate":1275700.9239071966,"standard_error":38297.608088225556},"std_dev":{"confidence_interval":{"confidence_level":0.95,"lower_bound":278465.6253388244,"upper_bound":373482.1658945515},"point_estimate":323514.1246436806,"standard_error":24656.722916593157}}