{"mean":{"confidence_interval":{"confidence_level":0.95,"lower_bound":85369.29361765532,"upper_bound":88774.797752458},"point_estimate":87011.38435323432,"standard_error":870.8905557644013},"median":{"confidence_interval":{"confidence_level":0.95,"lower_bound":83033.83333333333,"upper_bound":87107.98377643034},"point_estimate":84856.31995506535,"standard_error":1135.9537321044188},"median_abs_dev":{"confidence_interval":{"confidence_level":0.95,"lower_bound":4807.54411476864,"upper_bound":7938.258633738792},"point_estimate":6021.847609603769,"standard_error":783.4719369007088},"slope":{"confidence_interval":{"confidence_level":0.95,"lower_bound":89328.91841144435,"upper_bound":94545.73297994793},"point_estimate":91941.10329638934,"standard_error":1332.1873683165088},"std_dev":{"confidence_interval":{"confidence_level":0.95,"lower_bound":6770.989683055478,"upper_bound":10423.011679810577},"point_estimate":8705.18061188473,"standard_error":934.3214025319944}}