{"mean":{"confidence_interval":{"confidence_level":0.95,"lower_bound":93507.48066632422,"upper_bound":95527.30261200547},"point_estimate":94471.78397733773,"standard_error":515.9076202219566},"median":{"confidence_interval":{"confidence_level":0.95,"lower_bound":92623.31414141414,"upper_bound":95023.56603773584},"point_estimate":93604.53857493858,"standard_error":572.1184516418585},"median_abs_dev":{"confidence_interval":{"confidence_level":0.95,"lower_bound":2944.8268238317337,"upper_bound":4814.349334246403},"point_estimate":3657.903633897229,"standard_error":481.3112509359669},"slope":{"confidence_interval":{"confidence_level":0.95,"lower_bound":94265.89394994399,"upper_bound":96180.24961136046},"point_estimate":95172.84647312493,"standard_error":487.7946112906337},"std_dev":{"confidence_interval":{"confidence_level":0.95,"lower_bound":3871.691383520283,"upper_bound":6471.167939145098},"point_estimate":5181.226764826232,"standard_error":669.2848298917392}}