{"mean":{"confidence_interval":{"confidence_level":0.95,"lower_bound":1278675.767384232,"upper_bound":1357138.7688853354},"point_estimate":1315299.2481987362,"standard_error":20109.587583450502},"median":{"confidence_interval":{"confidence_level":0.95,"lower_bound":1236886.6767857145,"upper_bound":1301731.08},"point_estimate":1250367.4178240742,"standard_error":15698.374549683393},"median_abs_dev":{"confidence_interval":{"confidence_level":0.95,"lower_bound":79292.60211277883,"upper_bound":132951.0598531403},"point_estimate":95573.26845153367,"standard_error":13997.730138369072},"slope":{"confidence_interval":{"confidence_level":0.95,"lower_bound":1232725.733445013,"upper_bound":1288985.3269411214},"point_estimate":1258109.7429909857,"standard_error":14442.155152073876},"std_dev":{"confidence_interval":{"confidence_level":0.95,"lower_bound":137906.957446536,"upper_bound":261063.99040174953},"point_estimate":203303.39693476225,"standard_error":31589.58924970231}}