{"mean":{"confidence_interval":{"confidence_level":0.95,"lower_bound":140390.55494650814,"upper_bound":143095.80141408654},"point_estimate":141726.28236186027,"standard_error":688.7886020664931},"median":{"confidence_interval":{"confidence_level":0.95,"lower_bound":141320.27717391305,"upper_bound":142980.09694366934},"point_estimate":142491.44246277917,"standard_error":468.5952262656386},"median_abs_dev":{"confidence_interval":{"confidence_level":0.95,"lower_bound":2728.0848270649612,"upper_bound":4562.342467998383},"point_estimate":3272.406851729365,"standard_error":458.3876834269627},"slope":{"confidence_interval":{"confidence_level":0.95,"lower_bound":139276.28421629829,"upper_bound":142553.3512035866},"point_estimate":140964.4189496823,"standard_error":835.2345191185673},"std_dev":{"confidence_interval":{"confidence_level":0.95,"lower_bound":5105.873750936864,"upper_bound":8664.275556324763},"point_estimate":6937.410834320337,"standard_error":909.2352242478444}}