{"mean":{"confidence_interval":{"confidence_level":0.95,"lower_bound":144837.16153026462,"upper_bound":151924.21629597337},"point_estimate":148021.31040363968,"standard_error":1819.2265576637742},"median":{"confidence_interval":{"confidence_level":0.95,"lower_bound":140695.88554720132,"upper_bound":145701.88051948053},"point_estimate":142971.85902060583,"standard_error":1058.7835105792246},"median_abs_dev":{"confidence_interval":{"confidence_level":0.95,"lower_bound":6312.725582443994,"upper_bound":12274.666096176928},"point_estimate":9130.291307312835,"standard_error":1538.8878598333558},"slope":{"confidence_interval":{"confidence_level":0.95,"lower_bound":144592.0054609695,"upper_bound":151482.23702253253},"point_estimate":147937.82386117504,"standard_error":1758.4458768099332},"std_dev":{"confidence_interval":{"confidence_level":0.95,"lower_bound":10403.268214990436,"upper_bound":26879.07030282313},"point_estimate":18444.607622031293,"standard_error":4766.060655549331}}