{"mean":{"confidence_interval":{"confidence_level":0.95,"lower_bound":246642.81280128637,"upper_bound":246850.6957237015},"point_estimate":246736.32232824396,"standard_error":53.21384544208556},"median":{"confidence_interval":{"confidence_level":0.95,"lower_bound":246502.64102564103,"upper_bound":246615.83715077606},"point_estimate":246577.6018181818,"standard_error":33.01505269921109},"median_abs_dev":{"confidence_interval":{"confidence_level":0.95,"lower_bound":155.02840776800778,"upper_bound":310.756519090824},"point_estimate":216.68346875309652,"standard_error":41.48688374882537},"slope":{"confidence_interval":{"confidence_level":0.95,"lower_bound":246571.027573355,"upper_bound":246740.97018848703},"point_estimate":246648.69657573517,"standard_error":43.36480085472541},"std_dev":{"confidence_interval":{"confidence_level":0.95,"lower_bound":316.4970556038083,"upper_bound":764.3521942964292},"point_estimate":535.2006556856354,"standard_error":125.77245479738123}}