{"mean":{"confidence_interval":{"confidence_level":0.95,"lower_bound":443441.09110099473,"upper_bound":472761.3187144146},"point_estimate":457046.3795821797,"standard_error":7479.548730843963},"median":{"confidence_interval":{"confidence_level":0.95,"lower_bound":423159.1398860399,"upper_bound":445302.2291666667},"point_estimate":430700.8945536446,"standard_error":5107.481605644363},"median_abs_dev":{"confidence_interval":{"confidence_level":0.95,"lower_bound":24597.64795458431,"upper_bound":52201.6639435997},"point_estimate":32092.36140971091,"standard_error":6840.537492207068},"slope":{"confidence_interval":{"confidence_level":0.95,"lower_bound":439209.4163772426,"upper_bound":472475.3775150183},"point_estimate":454923.17243879614,"standard_error":8483.93681329666},"std_dev":{"confidence_interval":{"confidence_level":0.95,"lower_bound":48169.3085518085,"upper_bound":103177.01243569609},"point_estimate":75401.66278509903,"standard_error":14683.188647677076}}