{"mean":{"confidence_interval":{"confidence_level":0.95,"lower_bound":3460740.23140625,"upper_bound":3519533.239546875},"point_estimate":3488420.404375,"standard_error":14941.770364120872},"median":{"confidence_interval":{"confidence_level":0.95,"lower_bound":3446489.5625,"upper_bound":3470674.9375},"point_estimate":3460896.53125,"standard_error":5212.559779143733},"median_abs_dev":{"confidence_interval":{"confidence_level":0.95,"lower_bound":42016.00296031684,"upper_bound":84369.90319572848},"point_estimate":62166.20452757925,"standard_error":10233.687781443508},"slope":null,"std_dev":{"confidence_interval":{"confidence_level":0.95,"lower_bound":104213.6374406351,"upper_bound":194927.71001782533},"point_estimate":149491.98868399044,"standard_error":23498.6927582052}}