{"mean":{"confidence_interval":{"confidence_level":0.95,"lower_bound":106580209.73125,"upper_bound":109191910.208},"point_estimate":107864179.77,"standard_error":666823.0181292712},"median":{"confidence_interval":{"confidence_level":0.95,"lower_bound":105171355.0,"upper_bound":108782126.0},"point_estimate":106978092.0,"standard_error":1081550.2113660707},"median_abs_dev":{"confidence_interval":{"confidence_level":0.95,"lower_bound":5391124.169388413,"upper_bound":9071580.752447248},"point_estimate":7009889.089849591,"standard_error":964586.7230552874},"slope":null,"std_dev":{"confidence_interval":{"confidence_level":0.95,"lower_bound":5786547.643274091,"upper_bound":7490456.03943883},"point_estimate":6685882.889529499,"standard_error":435096.8944702169}}