{"mean":{"confidence_interval":{"confidence_level":0.95,"lower_bound":1808624.2917733435,"upper_bound":1834925.2487199404},"point_estimate":1821150.0963593614,"standard_error":6732.736435911826},"median":{"confidence_interval":{"confidence_level":0.95,"lower_bound":1792260.1387738194,"upper_bound":1817978.589041096},"point_estimate":1808884.6025641025,"standard_error":6221.458287227601},"median_abs_dev":{"confidence_interval":{"confidence_level":0.95,"lower_bound":34956.813962045366,"upper_bound":57010.101735368335},"point_estimate":47244.75040568254,"standard_error":5344.4775209238705},"slope":{"confidence_interval":{"confidence_level":0.95,"lower_bound":1801905.4877012232,"upper_bound":1826041.3787380443},"point_estimate":1813665.0223703266,"standard_error":6153.7499657073},"std_dev":{"confidence_interval":{"confidence_level":0.95,"lower_bound":47501.50817438803,"upper_bound":85317.95666497761},"point_estimate":67454.33868821828,"standard_error":9648.180671532673}}