{"mean":{"confidence_interval":{"confidence_level":0.95,"lower_bound":228527.14231027785,"upper_bound":240998.5900291542},"point_estimate":234330.06595631366,"standard_error":3182.9997747024454},"median":{"confidence_interval":{"confidence_level":0.95,"lower_bound":224105.82,"upper_bound":231113.88732718895},"point_estimate":226198.40416666667,"standard_error":1687.6226216805373},"median_abs_dev":{"confidence_interval":{"confidence_level":0.95,"lower_bound":11952.264127360448,"upper_bound":23224.916378028243},"point_estimate":16244.109453802996,"standard_error":2894.7617761799547},"slope":{"confidence_interval":{"confidence_level":0.95,"lower_bound":218910.48046999663,"upper_bound":226107.39261018528},"point_estimate":222354.27697709473,"standard_error":1832.7031547408055},"std_dev":{"confidence_interval":{"confidence_level":0.95,"lower_bound":20055.004726431187,"upper_bound":43605.81039003265},"point_estimate":31984.360128282853,"standard_error":6147.375616904811}}