{"mean":{"confidence_interval":{"confidence_level":0.95,"lower_bound":1824535.618041179,"upper_bound":1941316.7277229752},"point_estimate":1876749.4825373332,"standard_error":29897.333256488582},"median":{"confidence_interval":{"confidence_level":0.95,"lower_bound":1765613.1739130435,"upper_bound":1839464.0625},"point_estimate":1797878.9705882352,"standard_error":18248.88930280451},"median_abs_dev":{"confidence_interval":{"confidence_level":0.95,"lower_bound":112694.01265989809,"upper_bound":228447.72390039873},"point_estimate":160990.81337775005,"standard_error":28856.125551840676},"slope":{"confidence_interval":{"confidence_level":0.95,"lower_bound":1781504.6894666643,"upper_bound":1863281.604001776},"point_estimate":1819775.51937343,"standard_error":20878.500904250093},"std_dev":{"confidence_interval":{"confidence_level":0.95,"lower_bound":174735.35482740105,"upper_bound":442135.76459002314},"point_estimate":301734.9235655504,"standard_error":81264.50350095601}}