{"mean":{"confidence_interval":{"confidence_level":0.95,"lower_bound":210098.26814453548,"upper_bound":219001.44182848398},"point_estimate":214088.50566657685,"standard_error":2271.3981659135093},"median":{"confidence_interval":{"confidence_level":0.95,"lower_bound":211350.72,"upper_bound":215618.45726744185},"point_estimate":213303.03273809524,"standard_error":1151.4785556683414},"median_abs_dev":{"confidence_interval":{"confidence_level":0.95,"lower_bound":8632.748344919899,"upper_bound":17428.5488312691},"point_estimate":13543.120092098548,"standard_error":2189.926537073217},"slope":{"confidence_interval":{"confidence_level":0.95,"lower_bound":211208.47597773012,"upper_bound":221219.0274925778},"point_estimate":216304.7505234225,"standard_error":2558.282287674683},"std_dev":{"confidence_interval":{"confidence_level":0.95,"lower_bound":13328.217089434416,"upper_bound":33619.13013912754},"point_estimate":22838.09497816493,"standard_error":6180.260744246489}}