{"mean":{"confidence_interval":{"confidence_level":0.95,"lower_bound":104222.04703059803,"upper_bound":108094.8379601221},"point_estimate":105920.4022690316,"standard_error":994.5823435053559},"median":{"confidence_interval":{"confidence_level":0.95,"lower_bound":102834.38770736882,"upper_bound":103787.06439393939},"point_estimate":103349.36081560283,"standard_error":191.11217094106183},"median_abs_dev":{"confidence_interval":{"confidence_level":0.95,"lower_bound":1881.5019712631624,"upper_bound":3387.4242147158493},"point_estimate":2690.3661695369583,"standard_error":383.66897451538136},"slope":{"confidence_interval":{"confidence_level":0.95,"lower_bound":102286.02343154603,"upper_bound":103655.74800229215},"point_estimate":102927.69944325402,"standard_error":349.67340198376604},"std_dev":{"confidence_interval":{"confidence_level":0.95,"lower_bound":5032.264334630029,"upper_bound":14791.841229750773},"point_estimate":9982.478507151825,"standard_error":2731.6976558190468}}