{"mean":{"confidence_interval":{"confidence_level":0.95,"lower_bound":7871241.223464286,"upper_bound":7912000.717857141},"point_estimate":7891475.505714285,"standard_error":10355.713548751895},"median":{"confidence_interval":{"confidence_level":0.95,"lower_bound":7864310.142857143,"upper_bound":7912225.071428572},"point_estimate":7897803.428571429,"standard_error":13314.561372652091},"median_abs_dev":{"confidence_interval":{"confidence_level":0.95,"lower_bound":68465.30188449762,"upper_bound":112013.18141136871},"point_estimate":84964.73339157386,"standard_error":11380.843418470116},"slope":null,"std_dev":{"confidence_interval":{"confidence_level":0.95,"lower_bound":88303.85970669564,"upper_bound":118210.38129176322},"point_estimate":104048.91103656907,"standard_error":7669.634686338497}}