{"mean":{"confidence_interval":{"confidence_level":0.95,"lower_bound":323077.90579878836,"upper_bound":338243.481477893},"point_estimate":330212.5994307835,"standard_error":3870.797130793062},"median":{"confidence_interval":{"confidence_level":0.95,"lower_bound":312973.86425120773,"upper_bound":324802.4666666667},"point_estimate":319909.3361111111,"standard_error":2885.536451051763},"median_abs_dev":{"confidence_interval":{"confidence_level":0.95,"lower_bound":16842.532160201376,"upper_bound":28973.50715635843},"point_estimate":23736.52527534757,"standard_error":3026.9649773820574},"slope":{"confidence_interval":{"confidence_level":0.95,"lower_bound":317903.61264864757,"upper_bound":337198.68613809324},"point_estimate":326686.7999852224,"standard_error":4951.792134943505},"std_dev":{"confidence_interval":{"confidence_level":0.95,"lower_bound":27194.53249550191,"upper_bound":49499.86534766731},"point_estimate":38909.857892305256,"standard_error":5719.5459408397355}}