{"mean":{"confidence_interval":{"confidence_level":0.95,"lower_bound":3171617.5602352945,"upper_bound":3206442.661352942},"point_estimate":3185307.525882353,"standard_error":9235.83796817222},"median":{"confidence_interval":{"confidence_level":0.95,"lower_bound":3159915.705882353,"upper_bound":3180857.411764706},"point_estimate":3169292.0588235296,"standard_error":6059.230183149838},"median_abs_dev":{"confidence_interval":{"confidence_level":0.95,"lower_bound":24166.684812132153,"upper_bound":43153.07810446783},"point_estimate":32983.31440266443,"standard_error":4833.170845646096},"slope":null,"std_dev":{"confidence_interval":{"confidence_level":0.95,"lower_bound":31249.38499865064,"upper_bound":152014.29227833878},"point_estimate":92754.87191218737,"standard_error":40967.10358181916}}