{"mean":{"confidence_interval":{"confidence_level":0.95,"lower_bound":53459.9850262424,"upper_bound":53877.085854985344},"point_estimate":53656.7838116481,"standard_error":106.41410804799388},"median":{"confidence_interval":{"confidence_level":0.95,"lower_bound":53370.28195488722,"upper_bound":53797.73182957393},"point_estimate":53621.097002923976,"standard_error":117.7226812866076},"median_abs_dev":{"confidence_interval":{"confidence_level":0.95,"lower_bound":548.4484465630328,"upper_bound":877.3889132412205},"point_estimate":685.5162310379891,"standard_error":82.05537241806164},"slope":{"confidence_interval":{"confidence_level":0.95,"lower_bound":53484.979317506215,"upper_bound":53759.44401580486},"point_estimate":53624.871791744765,"standard_error":69.8153924487996},"std_dev":{"confidence_interval":{"confidence_level":0.95,"lower_bound":702.041128884902,"upper_bound":1445.3369159041915},"point_estimate":1069.8397939117463,"standard_error":196.11715726049255}}