{"mean":{"confidence_interval":{"confidence_level":0.95,"lower_bound":324229.22470074665,"upper_bound":330915.8723359756},"point_estimate":327129.28275992017,"standard_error":1726.8797522136815},"median":{"confidence_interval":{"confidence_level":0.95,"lower_bound":322616.36126325856,"upper_bound":324315.52592592593},"point_estimate":323321.06582782743,"standard_error":476.6564095614867},"median_abs_dev":{"confidence_interval":{"confidence_level":0.95,"lower_bound":2949.152966190471,"upper_bound":5700.277467721193},"point_estimate":4163.632972900593,"standard_error":690.8486941838399},"slope":{"confidence_interval":{"confidence_level":0.95,"lower_bound":320925.70927683276,"upper_bound":322366.0432818082},"point_estimate":321628.48771686124,"standard_error":366.76024372623067},"std_dev":{"confidence_interval":{"confidence_level":0.95,"lower_bound":7200.565023081011,"upper_bound":26376.688075826383},"point_estimate":17316.69966808416,"standard_error":5237.040341071191}}