{"mean":{"confidence_interval":{"confidence_level":0.95,"lower_bound":9955945.811916666,"upper_bound":10008809.838333335},"point_estimate":9982022.52833333,"standard_error":13498.848338468511},"median":{"confidence_interval":{"confidence_level":0.95,"lower_bound":9916297.833333334,"upper_bound":10020882.75},"point_estimate":9961840.333333332,"standard_error":24942.253716924006},"median_abs_dev":{"confidence_interval":{"confidence_level":0.95,"lower_bound":115520.54831285028,"upper_bound":176023.90577495098},"point_estimate":151276.34701431074,"standard_error":14943.032183494051},"slope":null,"std_dev":{"confidence_interval":{"confidence_level":0.95,"lower_bound":115378.60431773974,"upper_bound":153717.72352142847},"point_estimate":135499.12460414422,"standard_error":9820.348300515408}}