{"mean":{"confidence_interval":{"confidence_level":0.95,"lower_bound":4799747.558045454,"upper_bound":4849385.964931818},"point_estimate":4823265.421818182,"standard_error":12663.416632216095},"median":{"confidence_interval":{"confidence_level":0.95,"lower_bound":4767019.909090909,"upper_bound":4806520.454545454},"point_estimate":4790279.409090908,"standard_error":10905.42405040489},"median_abs_dev":{"confidence_interval":{"confidence_level":0.95,"lower_bound":61582.68771577971,"upper_bound":120058.6562623958},"point_estimate":89819.94985992227,"standard_error":14967.848866939736},"slope":null,"std_dev":{"confidence_interval":{"confidence_level":0.95,"lower_bound":91560.65837676016,"upper_bound":165971.93115829883},"point_estimate":126939.49739809985,"standard_error":19916.9197268124}}