{"mean":{"confidence_interval":{"confidence_level":0.95,"lower_bound":17498710.29599999,"upper_bound":17631897.92316667},"point_estimate":17554669.839999996,"standard_error":34553.0652434262},"median":{"confidence_interval":{"confidence_level":0.95,"lower_bound":17473043.666666664,"upper_bound":17532944.833333336},"point_estimate":17492777.166666664,"standard_error":15511.315243510297},"median_abs_dev":{"confidence_interval":{"confidence_level":0.95,"lower_bound":91725.24807155224,"upper_bound":137015.71206748302},"point_estimate":120411.58076226711,"standard_error":11729.885168666497},"slope":null,"std_dev":{"confidence_interval":{"confidence_level":0.95,"lower_bound":118910.47651426047,"upper_bound":546208.0231935657},"point_estimate":346290.591424928,"standard_error":121622.10582240278}}