{"mean":{"confidence_interval":{"confidence_level":0.95,"lower_bound":6671574.97215625,"upper_bound":6806510.03625},"point_estimate":6737196.06375,"standard_error":34445.518800408005},"median":{"confidence_interval":{"confidence_level":0.95,"lower_bound":6570048.75,"upper_bound":6725674.75},"point_estimate":6631436.6875,"standard_error":34836.79719661376},"median_abs_dev":{"confidence_interval":{"confidence_level":0.95,"lower_bound":208973.94888997078,"upper_bound":382642.225696742},"point_estimate":279222.0375303179,"standard_error":41425.38730814132},"slope":null,"std_dev":{"confidence_interval":{"confidence_level":0.95,"lower_bound":286169.81778814556,"upper_bound":401509.60671837995},"point_estimate":345778.4916889703,"standard_error":29383.676192058534}}