{"mean":{"confidence_interval":{"confidence_level":0.95,"lower_bound":307313.98721384833,"upper_bound":324900.73810431047},"point_estimate":314935.53124199214,"standard_error":4541.37801749357},"median":{"confidence_interval":{"confidence_level":0.95,"lower_bound":302531.60576923075,"upper_bound":309028.41015625},"point_estimate":305961.5862716604,"standard_error":1378.2910380948679},"median_abs_dev":{"confidence_interval":{"confidence_level":0.95,"lower_bound":7821.788854836408,"upper_bound":14554.929318127739},"point_estimate":11340.398408044208,"standard_error":1684.796887293127},"slope":{"confidence_interval":{"confidence_level":0.95,"lower_bound":304849.9374769806,"upper_bound":313092.693997858},"point_estimate":308226.23170385696,"standard_error":2142.7170585068757},"std_dev":{"confidence_interval":{"confidence_level":0.95,"lower_bound":19017.554306486418,"upper_bound":69517.98043250103},"point_estimate":45582.150044119495,"standard_error":13781.44920489992}}