{"mean":{"confidence_interval":{"confidence_level":0.95,"lower_bound":1628306.8882569738,"upper_bound":1712440.8695106306},"point_estimate":1668815.1130658737,"standard_error":21508.014020923503},"median":{"confidence_interval":{"confidence_level":0.95,"lower_bound":1608024.3162189056,"upper_bound":1710346.3469387756},"point_estimate":1652114.6589743588,"standard_error":22549.278543233955},"median_abs_dev":{"confidence_interval":{"confidence_level":0.95,"lower_bound":154008.96869352387,"upper_bound":231916.63327517358},"point_estimate":207601.9191305862,"standard_error":21967.853352370134},"slope":{"confidence_interval":{"confidence_level":0.95,"lower_bound":1649833.1283451351,"upper_bound":1724464.9804397547},"point_estimate":1688281.1289759125,"standard_error":19054.717559576293},"std_dev":{"confidence_interval":{"confidence_level":0.95,"lower_bound":165576.17284870197,"upper_bound":275772.4777351979},"point_estimate":216768.79248802786,"standard_error":29450.58938616356}}