{"mean":{"confidence_interval":{"confidence_level":0.95,"lower_bound":48338.434804573706,"upper_bound":50201.306749356714},"point_estimate":49251.90943335895,"standard_error":475.8628134400628},"median":{"confidence_interval":{"confidence_level":0.95,"lower_bound":47168.5270979021,"upper_bound":49421.63233201581},"point_estimate":48068.631687312445,"standard_error":547.5178905473911},"median_abs_dev":{"confidence_interval":{"confidence_level":0.95,"lower_bound":2735.3441645367593,"upper_bound":5002.407081195065},"point_estimate":3719.4409912686992,"standard_error":575.5330786508905},"slope":{"confidence_interval":{"confidence_level":0.95,"lower_bound":45761.47161652757,"upper_bound":46984.44208642778},"point_estimate":46360.09185458844,"standard_error":312.6484622636399},"std_dev":{"confidence_interval":{"confidence_level":0.95,"lower_bound":3945.44873628674,"upper_bound":5513.0212665933705},"point_estimate":4758.962278770812,"standard_error":400.5371127657757}}