{"mean":{"confidence_interval":{"confidence_level":0.95,"lower_bound":25705896.526375,"upper_bound":25846703.9155},"point_estimate":25768276.82,"standard_error":36125.33578557281},"median":{"confidence_interval":{"confidence_level":0.95,"lower_bound":25637420.5,"upper_bound":25754364.749999996},"point_estimate":25689396.5,"standard_error":32542.15227834866},"median_abs_dev":{"confidence_interval":{"confidence_level":0.95,"lower_bound":153303.0611783266,"upper_bound":262202.7905874697},"point_estimate":196854.43540513515,"standard_error":29232.3355167281},"slope":null,"std_dev":{"confidence_interval":{"confidence_level":0.95,"lower_bound":196396.0390292949,"upper_bound":540597.6205813523},"point_estimate":362526.78101759934,"standard_error":104280.00342997172}}