{"mean":{"confidence_interval":{"confidence_level":0.95,"lower_bound":13579.89086352163,"upper_bound":13903.595604333135},"point_estimate":13740.103847200864,"standard_error":82.63788278093342},"median":{"confidence_interval":{"confidence_level":0.95,"lower_bound":13488.217346182357,"upper_bound":13927.228822208614},"point_estimate":13667.100704475699,"standard_error":112.57008628986554},"median_abs_dev":{"confidence_interval":{"confidence_level":0.95,"lower_bound":616.1751057987725,"upper_bound":959.1329933782032},"point_estimate":759.7298493875587,"standard_error":89.75794470013639},"slope":{"confidence_interval":{"confidence_level":0.95,"lower_bound":13673.785768294396,"upper_bound":14079.836711519727},"point_estimate":13869.397018921569,"standard_error":103.61992636280114},"std_dev":{"confidence_interval":{"confidence_level":0.95,"lower_bound":711.1406610166167,"upper_bound":938.2269145702376},"point_estimate":830.9568497550875,"standard_error":58.30191689149408}}