{"mean":{"confidence_interval":{"confidence_level":0.95,"lower_bound":3817.600296585939,"upper_bound":3826.419115553252},"point_estimate":3822.0205636301275,"standard_error":2.240785217247792},"median":{"confidence_interval":{"confidence_level":0.95,"lower_bound":3815.5430166191036,"upper_bound":3826.990019669265},"point_estimate":3822.2553241211135,"standard_error":2.7638297068718827},"median_abs_dev":{"confidence_interval":{"confidence_level":0.95,"lower_bound":16.624955355953748,"upper_bound":27.518704832391304},"point_estimate":22.96823756794095,"standard_error":2.8577666798268058},"slope":{"confidence_interval":{"confidence_level":0.95,"lower_bound":3813.201949156584,"upper_bound":3821.282730047018},"point_estimate":3817.241801360566,"standard_error":2.065169850555235},"std_dev":{"confidence_interval":{"confidence_level":0.95,"lower_bound":19.393346673844565,"upper_bound":25.185790179035944},"point_estimate":22.45579126795082,"standard_error":1.4775834313637362}}