{"mean":{"confidence_interval":{"confidence_level":0.95,"lower_bound":1201697.948300838,"upper_bound":1284640.0809867084},"point_estimate":1240637.316772169,"standard_error":21184.06747708312},"median":{"confidence_interval":{"confidence_level":0.95,"lower_bound":1160801.825,"upper_bound":1232580.3459893048},"point_estimate":1194136.3305618544,"standard_error":17730.875010719425},"median_abs_dev":{"confidence_interval":{"confidence_level":0.95,"lower_bound":105528.41199892109,"upper_bound":163948.47707528406},"point_estimate":130909.39766608499,"standard_error":15169.735794002601},"slope":{"confidence_interval":{"confidence_level":0.95,"lower_bound":1145616.525573161,"upper_bound":1203132.237146976},"point_estimate":1173502.2809457663,"standard_error":14704.144907954096},"std_dev":{"confidence_interval":{"confidence_level":0.95,"lower_bound":143599.11775314764,"upper_bound":273188.0005410127},"point_estimate":212906.0662454304,"standard_error":33277.28591042308}}