{"mean":{"confidence_interval":{"confidence_level":0.95,"lower_bound":279339.84412897256,"upper_bound":296617.50189602154},"point_estimate":287412.7389156666,"standard_error":4428.077333418675},"median":{"confidence_interval":{"confidence_level":0.95,"lower_bound":268484.4736842105,"upper_bound":280542.56634615385},"point_estimate":272773.1580882353,"standard_error":3255.1541619221434},"median_abs_dev":{"confidence_interval":{"confidence_level":0.95,"lower_bound":17874.105749496306,"upper_bound":31205.885038172342},"point_estimate":24766.245726829075,"standard_error":3522.3225975798778},"slope":{"confidence_interval":{"confidence_level":0.95,"lower_bound":270341.1095831366,"upper_bound":289333.71075362386},"point_estimate":279159.917988769,"standard_error":4857.8251658903655},"std_dev":{"confidence_interval":{"confidence_level":0.95,"lower_bound":29550.288882134697,"upper_bound":58069.70462063365},"point_estimate":44551.696556140305,"standard_error":7377.094911784202}}