{"mean":{"confidence_interval":{"confidence_level":0.95,"lower_bound":1088803.8921284457,"upper_bound":1112383.8723526215},"point_estimate":1098861.366865477,"standard_error":6089.981626379886},"median":{"confidence_interval":{"confidence_level":0.95,"lower_bound":1080290.06779661,"upper_bound":1088073.8604651163},"point_estimate":1082593.4170713937,"standard_error":2004.7616942348775},"median_abs_dev":{"confidence_interval":{"confidence_level":0.95,"lower_bound":10533.946693220776,"upper_bound":18376.591928750287},"point_estimate":13924.775200409984,"standard_error":1995.4928973614742},"slope":{"confidence_interval":{"confidence_level":0.95,"lower_bound":1075962.6177460174,"upper_bound":1080706.8377473026},"point_estimate":1078199.2247820303,"standard_error":1208.9831593484494},"std_dev":{"confidence_interval":{"confidence_level":0.95,"lower_bound":23613.212050096587,"upper_bound":94910.1827939256},"point_estimate":61206.72252765734,"standard_error":20062.60463366076}}