{"mean":{"confidence_interval":{"confidence_level":0.95,"lower_bound":671922.5726997622,"upper_bound":686807.0726709559},"point_estimate":678981.8540234811,"standard_error":3802.914921398922},"median":{"confidence_interval":{"confidence_level":0.95,"lower_bound":662957.0913978495,"upper_bound":676856.6978021978},"point_estimate":668358.869375,"standard_error":3554.249163580775},"median_abs_dev":{"confidence_interval":{"confidence_level":0.95,"lower_bound":18286.808982971368,"upper_bound":34324.927503459476},"point_estimate":24994.133668765426,"standard_error":4248.292009721622},"slope":{"confidence_interval":{"confidence_level":0.95,"lower_bound":670293.8808374736,"upper_bound":695349.3337583794},"point_estimate":681846.3857780405,"standard_error":6416.207897336043},"std_dev":{"confidence_interval":{"confidence_level":0.95,"lower_bound":28019.0615667869,"upper_bound":48484.371207238946},"point_estimate":38226.92220082645,"standard_error":5304.673271271931}}