{"mean":{"confidence_interval":{"confidence_level":0.95,"lower_bound":9730080.930708326,"upper_bound":9871520.4515},"point_estimate":9798669.64833333,"standard_error":36223.91698664104},"median":{"confidence_interval":{"confidence_level":0.95,"lower_bound":9629910.083333332,"upper_bound":9822722.0},"point_estimate":9726329.0,"standard_error":54369.78324280827},"median_abs_dev":{"confidence_interval":{"confidence_level":0.95,"lower_bound":244522.8662088504,"upper_bound":399616.784605382},"point_estimate":346366.3649007669,"standard_error":37809.18948407775},"slope":null,"std_dev":{"confidence_interval":{"confidence_level":0.95,"lower_bound":297304.94402333436,"upper_bound":424585.49922617385},"point_estimate":364841.05075018306,"standard_error":32666.890600851308}}