{"mean":{"confidence_interval":{"confidence_level":0.95,"lower_bound":6786.776291189187,"upper_bound":6813.483763538157},"point_estimate":6799.544362358617,"standard_error":6.834692776272809},"median":{"confidence_interval":{"confidence_level":0.95,"lower_bound":6780.893197278911,"upper_bound":6798.276967930029},"point_estimate":6788.978663304402,"standard_error":5.167401335835},"median_abs_dev":{"confidence_interval":{"confidence_level":0.95,"lower_bound":36.96515077230853,"upper_bound":59.06002895687984},"point_estimate":47.048824055781026,"standard_error":5.599662845271387},"slope":{"confidence_interval":{"confidence_level":0.95,"lower_bound":6784.585182755056,"upper_bound":6808.57256237401},"point_estimate":6796.740938025572,"standard_error":6.115543066332921},"std_dev":{"confidence_interval":{"confidence_level":0.95,"lower_bound":47.669651985728656,"upper_bound":88.33441347892271},"point_estimate":68.81261931811721,"standard_error":10.427064422459468}}