{"mean":{"confidence_interval":{"confidence_level":0.95,"lower_bound":583353.4803505745,"upper_bound":585952.9098483892},"point_estimate":584657.7097245187,"standard_error":662.0557235939963},"median":{"confidence_interval":{"confidence_level":0.95,"lower_bound":581145.0834116542,"upper_bound":587992.2290892834},"point_estimate":584226.6408783784,"standard_error":1826.9163558937046},"median_abs_dev":{"confidence_interval":{"confidence_level":0.95,"lower_bound":6294.76870186137,"upper_bound":10076.569625645763},"point_estimate":9228.517666161044,"standard_error":969.0107871475421},"slope":{"confidence_interval":{"confidence_level":0.95,"lower_bound":584416.0968314493,"upper_bound":587187.684782909},"point_estimate":585860.8710876311,"standard_error":708.6994811625694},"std_dev":{"confidence_interval":{"confidence_level":0.95,"lower_bound":6080.111374670285,"upper_bound":7192.640904180026},"point_estimate":6668.937174768925,"standard_error":283.81007072587624}}