{"mean":{"confidence_interval":{"confidence_level":0.95,"lower_bound":294106.5676940483,"upper_bound":311939.460561274},"point_estimate":302168.63224721974,"standard_error":4572.850629518822},"median":{"confidence_interval":{"confidence_level":0.95,"lower_bound":283296.67965686275,"upper_bound":293344.9375},"point_estimate":287763.025,"standard_error":2427.635367212515},"median_abs_dev":{"confidence_interval":{"confidence_level":0.95,"lower_bound":12357.486368093018,"upper_bound":24158.403115986523},"point_estimate":17935.484372416413,"standard_error":2922.351059112065},"slope":{"confidence_interval":{"confidence_level":0.95,"lower_bound":285141.1460874165,"upper_bound":301086.0378006167},"point_estimate":292061.59063174226,"standard_error":4110.052325882667},"std_dev":{"confidence_interval":{"confidence_level":0.95,"lower_bound":25744.843467257277,"upper_bound":64401.61438156302},"point_estimate":45912.135990609815,"standard_error":10117.039532528584}}