{"mean":{"confidence_interval":{"confidence_level":0.95,"lower_bound":100197.68574640912,"upper_bound":100774.26608627845},"point_estimate":100458.66058034469,"standard_error":147.43420411942773},"median":{"confidence_interval":{"confidence_level":0.95,"lower_bound":100042.09210526316,"upper_bound":100503.0017836758},"point_estimate":100314.50812971342,"standard_error":124.56816016397075},"median_abs_dev":{"confidence_interval":{"confidence_level":0.95,"lower_bound":713.9512525819637,"upper_bound":1276.465992510608},"point_estimate":1009.6511468343376,"standard_error":145.47457881056505},"slope":{"confidence_interval":{"confidence_level":0.95,"lower_bound":99965.82004292632,"upper_bound":100423.2581841999},"point_estimate":100199.11311925521,"standard_error":116.29816512805759},"std_dev":{"confidence_interval":{"confidence_level":0.95,"lower_bound":884.7035967782471,"upper_bound":2179.544014630901},"point_estimate":1490.190558723292,"standard_error":392.86190204839795}}