{"mean":{"confidence_interval":{"confidence_level":0.95,"lower_bound":201926.5492404103,"upper_bound":217495.79342313242},"point_estimate":208904.77464514688,"standard_error":3995.6613338809457},"median":{"confidence_interval":{"confidence_level":0.95,"lower_bound":196240.39210526316,"upper_bound":203603.5964285714},"point_estimate":200041.3656346749,"standard_error":1971.956654542099},"median_abs_dev":{"confidence_interval":{"confidence_level":0.95,"lower_bound":10923.504187978302,"upper_bound":24294.59666285584},"point_estimate":16643.53081118493,"standard_error":3467.3328685956676},"slope":{"confidence_interval":{"confidence_level":0.95,"lower_bound":194842.7682916492,"upper_bound":201543.8172609529},"point_estimate":198142.52324338703,"standard_error":1714.3665265112222},"std_dev":{"confidence_interval":{"confidence_level":0.95,"lower_bound":21744.87166473526,"upper_bound":58431.895629426144},"point_estimate":40165.33943953423,"standard_error":10109.47498947929}}