{"mean":{"confidence_interval":{"confidence_level":0.95,"lower_bound":49724.005828766625,"upper_bound":50944.68155150969},"point_estimate":50285.83796020455,"standard_error":312.54967976173685},"median":{"confidence_interval":{"confidence_level":0.95,"lower_bound":49198.72053914734,"upper_bound":49670.56794425087},"point_estimate":49487.76658163265,"standard_error":125.59035349925965},"median_abs_dev":{"confidence_interval":{"confidence_level":0.95,"lower_bound":871.7164724757471,"upper_bound":1591.0347348189277},"point_estimate":1280.255563634555,"standard_error":177.30209335959293},"slope":{"confidence_interval":{"confidence_level":0.95,"lower_bound":49485.44716169104,"upper_bound":50375.76591465216},"point_estimate":49901.48652226843,"standard_error":226.86690783810235},"std_dev":{"confidence_interval":{"confidence_level":0.95,"lower_bound":1923.3746842504945,"upper_bound":4202.330418339659},"point_estimate":3138.187131619594,"standard_error":585.3769511940314}}