{"mean":{"confidence_interval":{"confidence_level":0.95,"lower_bound":137724.92391395482,"upper_bound":140044.9772357917},"point_estimate":138778.97211963154,"standard_error":594.9390136163059},"median":{"confidence_interval":{"confidence_level":0.95,"lower_bound":136625.6032789855,"upper_bound":138500.5397727273},"point_estimate":137239.38063186815,"standard_error":431.0850295220458},"median_abs_dev":{"confidence_interval":{"confidence_level":0.95,"lower_bound":2291.8924334950543,"upper_bound":3745.8246811155122},"point_estimate":3086.2276321036584,"standard_error":378.1336072833908},"slope":{"confidence_interval":{"confidence_level":0.95,"lower_bound":137306.54549234954,"upper_bound":139359.27846065786},"point_estimate":138293.99462760455,"standard_error":523.3310032129243},"std_dev":{"confidence_interval":{"confidence_level":0.95,"lower_bound":3559.5497822717725,"upper_bound":8517.244151814633},"point_estimate":5967.658299111029,"standard_error":1379.3658346210484}}