{"mean":{"confidence_interval":{"confidence_level":0.95,"lower_bound":746621.4008962378,"upper_bound":779242.0558688741},"point_estimate":761628.9336619094,"standard_error":8365.15489413181},"median":{"confidence_interval":{"confidence_level":0.95,"lower_bound":728152.8953349283,"upper_bound":753545.9632352941},"point_estimate":740390.5239130436,"standard_error":5964.425007942194},"median_abs_dev":{"confidence_interval":{"confidence_level":0.95,"lower_bound":39784.52512936953,"upper_bound":67138.82593496563},"point_estimate":54899.24583808547,"standard_error":7162.949734622126},"slope":{"confidence_interval":{"confidence_level":0.95,"lower_bound":727936.9561788655,"upper_bound":755246.2083138843},"point_estimate":740833.9339825624,"standard_error":6962.992766826189},"std_dev":{"confidence_interval":{"confidence_level":0.95,"lower_bound":53440.20442306591,"upper_bound":116281.51591736828},"point_estimate":83846.44895306064,"standard_error":17205.005823543805}}