{"mean":{"confidence_interval":{"confidence_level":0.95,"lower_bound":3441.4465608215733,"upper_bound":3450.0703800340375},"point_estimate":3445.7778423592904,"standard_error":2.206307725296226},"median":{"confidence_interval":{"confidence_level":0.95,"lower_bound":3444.3050461361017,"upper_bound":3452.2410213578332},"point_estimate":3448.913132311748,"standard_error":2.3964577354989833},"median_abs_dev":{"confidence_interval":{"confidence_level":0.95,"lower_bound":13.823266085480299,"upper_bound":25.85210444666455},"point_estimate":20.713922915606766,"standard_error":3.054045959067154},"slope":{"confidence_interval":{"confidence_level":0.95,"lower_bound":3443.005074501783,"upper_bound":3454.055120936997},"point_estimate":3448.567391559793,"standard_error":2.8167316628390715},"std_dev":{"confidence_interval":{"confidence_level":0.95,"lower_bound":18.666918798250734,"upper_bound":25.185691172466484},"point_estimate":22.065414637587594,"standard_error":1.6670296867876955}}