{"mean":{"confidence_interval":{"confidence_level":0.95,"lower_bound":29495353.896125,"upper_bound":29761321.459375},"point_estimate":29627208.84,"standard_error":67611.21418848599},"median":{"confidence_interval":{"confidence_level":0.95,"lower_bound":29350669.0,"upper_bound":29794770.5},"point_estimate":29571581.75,"standard_error":103137.75217415308},"median_abs_dev":{"confidence_interval":{"confidence_level":0.95,"lower_bound":585956.1267971992,"upper_bound":883637.7386122942},"point_estimate":728023.3040750027,"standard_error":75562.56958366302},"slope":null,"std_dev":{"confidence_interval":{"confidence_level":0.95,"lower_bound":591478.7524148836,"upper_bound":758135.9481034853},"point_estimate":679694.7721899203,"standard_error":42780.681400281515}}