{"mean":{"confidence_interval":{"confidence_level":0.95,"lower_bound":600024.3864110655,"upper_bound":615800.7045516343},"point_estimate":606872.5627450547,"standard_error":4067.033789011471},"median":{"confidence_interval":{"confidence_level":0.95,"lower_bound":595959.2211538461,"upper_bound":601390.4761904762},"point_estimate":598033.9219600726,"standard_error":1525.7353570300736},"median_abs_dev":{"confidence_interval":{"confidence_level":0.95,"lower_bound":9761.182151241142,"upper_bound":16366.74190391269},"point_estimate":13456.302928878866,"standard_error":1697.280344899835},"slope":{"confidence_interval":{"confidence_level":0.95,"lower_bound":597235.8931622341,"upper_bound":603065.3814210739},"point_estimate":600088.2324072706,"standard_error":1489.0157653280799},"std_dev":{"confidence_interval":{"confidence_level":0.95,"lower_bound":14873.003619933526,"upper_bound":62366.48719738751},"point_estimate":40781.261622849146,"standard_error":12395.787190521542}}