{"mean":{"confidence_interval":{"confidence_level":0.95,"lower_bound":1468344.9861991382,"upper_bound":1563590.0632288305},"point_estimate":1509352.1710803476,"standard_error":24478.6834949863},"median":{"confidence_interval":{"confidence_level":0.95,"lower_bound":1441689.08,"upper_bound":1477925.5714285714},"point_estimate":1456980.27,"standard_error":9727.021540960965},"median_abs_dev":{"confidence_interval":{"confidence_level":0.95,"lower_bound":61058.65006973564,"upper_bound":102836.33381210099},"point_estimate":79895.83970728393,"standard_error":10529.742879115714},"slope":{"confidence_interval":{"confidence_level":0.95,"lower_bound":1458963.844708413,"upper_bound":1491175.6508187312},"point_estimate":1474981.5618678883,"standard_error":8228.599902827818},"std_dev":{"confidence_interval":{"confidence_level":0.95,"lower_bound":101106.43999909885,"upper_bound":378068.01424775313},"point_estimate":245349.80573123498,"standard_error":77031.25705513122}}