{"mean":{"confidence_interval":{"confidence_level":0.95,"lower_bound":713270.4196077292,"upper_bound":735754.3753568273},"point_estimate":724521.3792610695,"standard_error":5732.435983619857},"median":{"confidence_interval":{"confidence_level":0.95,"lower_bound":710112.2536764706,"upper_bound":766633.7631578947},"point_estimate":735866.5029761905,"standard_error":18838.045966955473},"median_abs_dev":{"confidence_interval":{"confidence_level":0.95,"lower_bound":28388.3756187,"upper_bound":86363.70325423783},"point_estimate":61829.477686473925,"standard_error":16845.65458312612},"slope":{"confidence_interval":{"confidence_level":0.95,"lower_bound":694023.6884627129,"upper_bound":723173.6045387185},"point_estimate":708298.8034343136,"standard_error":7445.8240449330515},"std_dev":{"confidence_interval":{"confidence_level":0.95,"lower_bound":52074.425335067084,"upper_bound":62401.68912758549},"point_estimate":57322.78918757325,"standard_error":2639.7122915417217}}