{"mean":{"confidence_interval":{"confidence_level":0.95,"lower_bound":247180.15138374906,"upper_bound":253322.13374573528},"point_estimate":249708.884212738,"standard_error":1594.2601667728263},"median":{"confidence_interval":{"confidence_level":0.95,"lower_bound":245125.07272727272,"upper_bound":247272.91835839598},"point_estimate":245994.74468965517,"standard_error":544.4323828486757},"median_abs_dev":{"confidence_interval":{"confidence_level":0.95,"lower_bound":2952.2577320869445,"upper_bound":5049.853242265358},"point_estimate":3793.8132471463396,"standard_error":525.9846388198447},"slope":{"confidence_interval":{"confidence_level":0.95,"lower_bound":244646.8652650166,"upper_bound":246748.73744333524},"point_estimate":245636.0478203044,"standard_error":534.6505880215365},"std_dev":{"confidence_interval":{"confidence_level":0.95,"lower_bound":5911.5586826116605,"upper_bound":25554.39564169219},"point_estimate":16051.501368116884,"standard_error":6060.145465172609}}