{"mean":{"confidence_interval":{"confidence_level":0.95,"lower_bound":1373088.691278519,"upper_bound":1489144.2477697323},"point_estimate":1425630.3151054964,"standard_error":29522.07723746174},"median":{"confidence_interval":{"confidence_level":0.95,"lower_bound":1311131.8317932067,"upper_bound":1367478.8823529412},"point_estimate":1333099.5555555555,"standard_error":14875.945307605369},"median_abs_dev":{"confidence_interval":{"confidence_level":0.95,"lower_bound":85740.58478020411,"upper_bound":162152.32977122068},"point_estimate":115466.60941540709,"standard_error":18529.897898900337},"slope":{"confidence_interval":{"confidence_level":0.95,"lower_bound":1305040.2184304935,"upper_bound":1375800.7096807421},"point_estimate":1337790.6753982562,"standard_error":17987.851013918815},"std_dev":{"confidence_interval":{"confidence_level":0.95,"lower_bound":178266.97894767934,"upper_bound":415535.7585152403},"point_estimate":295872.26570340106,"standard_error":63665.065141116625}}