{"mean":{"confidence_interval":{"confidence_level":0.95,"lower_bound":224880.76730397533,"upper_bound":235709.84897728433},"point_estimate":229669.95580131697,"standard_error":2784.930662072895},"median":{"confidence_interval":{"confidence_level":0.95,"lower_bound":221083.11428571428,"upper_bound":226735.36877828054},"point_estimate":223403.5311111111,"standard_error":1149.320912301612},"median_abs_dev":{"confidence_interval":{"confidence_level":0.95,"lower_bound":9281.72028795846,"upper_bound":18068.005929592673},"point_estimate":13826.383061865956,"standard_error":2209.1140323322784},"slope":{"confidence_interval":{"confidence_level":0.95,"lower_bound":228152.77476495368,"upper_bound":238548.76564518944},"point_estimate":233164.3999568494,"standard_error":2650.737044267389},"std_dev":{"confidence_interval":{"confidence_level":0.95,"lower_bound":14954.722359160682,"upper_bound":41499.12049646999},"point_estimate":27934.342127293967,"standard_error":7789.848472671917}}