{"mean":{"confidence_interval":{"confidence_level":0.95,"lower_bound":212173.228426344,"upper_bound":221435.9355973408},"point_estimate":216352.3604527036,"standard_error":2370.2447711986124},"median":{"confidence_interval":{"confidence_level":0.95,"lower_bound":207459.32444444444,"upper_bound":211104.85077399382},"point_estimate":209747.05111111113,"standard_error":926.4417510741082},"median_abs_dev":{"confidence_interval":{"confidence_level":0.95,"lower_bound":6172.159137147612,"upper_bound":12641.21840120989},"point_estimate":8717.839647879735,"standard_error":1695.4192926834992},"slope":{"confidence_interval":{"confidence_level":0.95,"lower_bound":210484.16965035297,"upper_bound":217715.26978296763},"point_estimate":213889.65675424857,"standard_error":1852.630802707073},"std_dev":{"confidence_interval":{"confidence_level":0.95,"lower_bound":13914.655043984207,"upper_bound":34120.41106935924},"point_estimate":23877.321399343306,"standard_error":5709.349592828761}}