{"mean":{"confidence_interval":{"confidence_level":0.95,"lower_bound":32622.399851063674,"upper_bound":33151.07769782319},"point_estimate":32883.813097836486,"standard_error":134.97219924016656},"median":{"confidence_interval":{"confidence_level":0.95,"lower_bound":32640.971264367818,"upper_bound":33323.94499178982},"point_estimate":32937.26216392059,"standard_error":153.6468835592772},"median_abs_dev":{"confidence_interval":{"confidence_level":0.95,"lower_bound":845.7169664589899,"upper_bound":1432.8621325815716},"point_estimate":1092.0626673359352,"standard_error":145.71287495889604},"slope":{"confidence_interval":{"confidence_level":0.95,"lower_bound":33227.26993209637,"upper_bound":33630.22640718394},"point_estimate":33426.150962327316,"standard_error":102.77856120031032},"std_dev":{"confidence_interval":{"confidence_level":0.95,"lower_bound":1128.4542062309774,"upper_bound":1573.629305541451},"point_estimate":1361.065044007592,"standard_error":114.03817624386564}}