{"mean":{"confidence_interval":{"confidence_level":0.95,"lower_bound":137671.50538289204,"upper_bound":144401.72422309514},"point_estimate":140682.67608589426,"standard_error":1721.8428194235005},"median":{"confidence_interval":{"confidence_level":0.95,"lower_bound":134931.7857142857,"upper_bound":138107.8978843737},"point_estimate":136714.9882653061,"standard_error":770.4701427955329},"median_abs_dev":{"confidence_interval":{"confidence_level":0.95,"lower_bound":4968.805056797172,"upper_bound":8071.017991020606},"point_estimate":6366.466523222637,"standard_error":757.1214986163042},"slope":{"confidence_interval":{"confidence_level":0.95,"lower_bound":135186.90099990802,"upper_bound":138166.95117407563},"point_estimate":136628.8750777935,"standard_error":756.8406819293439},"std_dev":{"confidence_interval":{"confidence_level":0.95,"lower_bound":9107.353728925797,"upper_bound":25378.89995884626},"point_estimate":17416.184653237415,"standard_error":4413.860157960866}}