{"mean":{"confidence_interval":{"confidence_level":0.95,"lower_bound":536635.7934116183,"upper_bound":559429.363296662},"point_estimate":547238.128876062,"standard_error":5812.82183758863},"median":{"confidence_interval":{"confidence_level":0.95,"lower_bound":526423.9353448276,"upper_bound":536482.005144817},"point_estimate":531738.3851938504,"standard_error":2528.7564419902965},"median_abs_dev":{"confidence_interval":{"confidence_level":0.95,"lower_bound":16704.34546941867,"upper_bound":30219.857122336478},"point_estimate":22521.960053301464,"standard_error":3465.5881687127694},"slope":{"confidence_interval":{"confidence_level":0.95,"lower_bound":526514.4043366045,"upper_bound":539756.0950796377},"point_estimate":532682.845350968,"standard_error":3381.276163655472},"std_dev":{"confidence_interval":{"confidence_level":0.95,"lower_bound":37233.377079893166,"upper_bound":76755.37368968202},"point_estimate":58382.68832275704,"standard_error":10147.217575737255}}