{"mean":{"confidence_interval":{"confidence_level":0.95,"lower_bound":6283572.88511111,"upper_bound":6410512.30836111},"point_estimate":6343398.112222222,"standard_error":32565.182649918162},"median":{"confidence_interval":{"confidence_level":0.95,"lower_bound":6227136.722222222,"upper_bound":6278704.666666667},"point_estimate":6246403.833333333,"standard_error":12051.593369253504},"median_abs_dev":{"confidence_interval":{"confidence_level":0.95,"lower_bound":124088.51106365514,"upper_bound":195279.5847664273},"point_estimate":154490.7884905734,"standard_error":19700.640773433504},"slope":null,"std_dev":{"confidence_interval":{"confidence_level":0.95,"lower_bound":232536.134240962,"upper_bound":403719.87798263936},"point_estimate":326486.150660104,"standard_error":43801.998330983326}}