{"mean":{"confidence_interval":{"confidence_level":0.95,"lower_bound":220065.4103813011,"upper_bound":246550.8789143231},"point_estimate":231319.3020685085,"standard_error":6858.890235650774},"median":{"confidence_interval":{"confidence_level":0.95,"lower_bound":208676.2064516129,"upper_bound":223163.43606557377},"point_estimate":214028.39431888546,"standard_error":3325.4953702856023},"median_abs_dev":{"confidence_interval":{"confidence_level":0.95,"lower_bound":15851.62786977697,"upper_bound":25634.31763217628},"point_estimate":21520.96395979832,"standard_error":2376.8793935355798},"slope":{"confidence_interval":{"confidence_level":0.95,"lower_bound":216529.2927021323,"upper_bound":234453.95084406078},"point_estimate":224774.4196335156,"standard_error":4590.736152930914},"std_dev":{"confidence_interval":{"confidence_level":0.95,"lower_bound":28041.69399713796,"upper_bound":107081.88958288367},"point_estimate":68799.3133921731,"standard_error":23180.910204346495}}