{"mean":{"confidence_interval":{"confidence_level":0.95,"lower_bound":4871.080099803678,"upper_bound":4949.01091410031},"point_estimate":4907.975655295505,"standard_error":20.05332873702344},"median":{"confidence_interval":{"confidence_level":0.95,"lower_bound":4820.601168738669,"upper_bound":4888.51615847886},"point_estimate":4841.098668256808,"standard_error":18.92928894459506},"median_abs_dev":{"confidence_interval":{"confidence_level":0.95,"lower_bound":91.78562350408276,"upper_bound":164.62367144844072},"point_estimate":128.24629633223526,"standard_error":19.03348963150566},"slope":{"confidence_interval":{"confidence_level":0.95,"lower_bound":4868.433067820652,"upper_bound":4921.3410195498},"point_estimate":4894.6344108854055,"standard_error":13.531128640932662},"std_dev":{"confidence_interval":{"confidence_level":0.95,"lower_bound":138.6630880178746,"upper_bound":258.7635890943387},"point_estimate":202.66154180312378,"standard_error":30.684712216381534}}