{"mean":{"confidence_interval":{"confidence_level":0.95,"lower_bound":333016.3561824431,"upper_bound":340506.5344999823},"point_estimate":336283.2201596588,"standard_error":1929.578783937302},"median":{"confidence_interval":{"confidence_level":0.95,"lower_bound":331504.556122449,"upper_bound":333670.79054054053},"point_estimate":332405.1298992674,"standard_error":475.2193653670838},"median_abs_dev":{"confidence_interval":{"confidence_level":0.95,"lower_bound":3295.056962191653,"upper_bound":4771.801073144727},"point_estimate":3962.997217521516,"standard_error":375.9743282147327},"slope":{"confidence_interval":{"confidence_level":0.95,"lower_bound":331079.6560135681,"upper_bound":332753.5772126176},"point_estimate":331910.91495418944,"standard_error":427.11635141565},"std_dev":{"confidence_interval":{"confidence_level":0.95,"lower_bound":5774.383520775157,"upper_bound":28786.718461908215},"point_estimate":19370.235886889845,"standard_error":5726.644048787735}}