{"mean":{"confidence_interval":{"confidence_level":0.95,"lower_bound":113326.07009353467,"upper_bound":121811.39354658927},"point_estimate":116945.6313328917,"standard_error":2196.29140511846},"median":{"confidence_interval":{"confidence_level":0.95,"lower_bound":108370.63378684808,"upper_bound":116326.90313390314},"point_estimate":111706.30687830687,"standard_error":2103.3683956968684},"median_abs_dev":{"confidence_interval":{"confidence_level":0.95,"lower_bound":5892.877361832138,"upper_bound":12081.212730115078},"point_estimate":8954.231152586952,"standard_error":1543.2976107854677},"slope":{"confidence_interval":{"confidence_level":0.95,"lower_bound":111516.8524872987,"upper_bound":117403.47633893549},"point_estimate":114336.51056335484,"standard_error":1505.5032300874398},"std_dev":{"confidence_interval":{"confidence_level":0.95,"lower_bound":9532.197411773011,"upper_bound":34406.18684642151},"point_estimate":22181.326645807294,"standard_error":7509.669035887571}}