{"mean":{"confidence_interval":{"confidence_level":0.95,"lower_bound":29071971.487625,"upper_bound":29840124.882},"point_estimate":29435184.035,"standard_error":196171.96575720073},"median":{"confidence_interval":{"confidence_level":0.95,"lower_bound":28624621.5,"upper_bound":28891127.0},"point_estimate":28734702.5,"standard_error":68578.07499516719},"median_abs_dev":{"confidence_interval":{"confidence_level":0.95,"lower_bound":550329.4903521986,"upper_bound":1032556.0103684664},"point_estimate":743088.3730575442,"standard_error":130060.56425614432},"slope":null,"std_dev":{"confidence_interval":{"confidence_level":0.95,"lower_bound":1371613.2315826253,"upper_bound":2498375.168968852},"point_estimate":1964698.8264418447,"standard_error":287805.4594742568}}