{"mean":{"confidence_interval":{"confidence_level":0.95,"lower_bound":784561.054970581,"upper_bound":852796.0761783709},"point_estimate":815881.2477395579,"standard_error":17474.82496824908},"median":{"confidence_interval":{"confidence_level":0.95,"lower_bound":747346.3571428572,"upper_bound":790630.197368421},"point_estimate":764176.017857143,"standard_error":11383.678412446645},"median_abs_dev":{"confidence_interval":{"confidence_level":0.95,"lower_bound":52056.392412177935,"upper_bound":85532.8435177092},"point_estimate":65803.72324879574,"standard_error":8577.257924175485},"slope":{"confidence_interval":{"confidence_level":0.95,"lower_bound":746765.2448521873,"upper_bound":772410.3443178979},"point_estimate":759080.0787852815,"standard_error":6513.398359342997},"std_dev":{"confidence_interval":{"confidence_level":0.95,"lower_bound":102073.44410726287,"upper_bound":245299.63461453054},"point_estimate":176774.81703380716,"standard_error":37230.826645563415}}