{"mean":{"confidence_interval":{"confidence_level":0.95,"lower_bound":3077971.6537500005,"upper_bound":3162447.2520875004},"point_estimate":3119530.310999999,"standard_error":21431.844472054683},"median":{"confidence_interval":{"confidence_level":0.95,"lower_bound":2983976.8,"upper_bound":3197621.95},"point_estimate":3107530.575,"standard_error":62587.95457901131},"median_abs_dev":{"confidence_interval":{"confidence_level":0.95,"lower_bound":171949.20213729164,"upper_bound":303450.40831267834},"point_estimate":258317.09991395473,"standard_error":34514.60753064084},"slope":null,"std_dev":{"confidence_interval":{"confidence_level":0.95,"lower_bound":183633.68860087157,"upper_bound":252269.77263354743},"point_estimate":215999.20052215218,"standard_error":17923.05195805844}}