{"mean":{"confidence_interval":{"confidence_level":0.95,"lower_bound":2142783.088318182,"upper_bound":2196075.223318182},"point_estimate":2169949.87909091,"standard_error":13607.669443589846},"median":{"confidence_interval":{"confidence_level":0.95,"lower_bound":2155384.9318181816,"upper_bound":2199921.9545454546},"point_estimate":2176598.8863636362,"standard_error":12762.336283554814},"median_abs_dev":{"confidence_interval":{"confidence_level":0.95,"lower_bound":102317.66111986228,"upper_bound":156611.92106049196},"point_estimate":130278.58684618353,"standard_error":13854.297662510307},"slope":null,"std_dev":{"confidence_interval":{"confidence_level":0.95,"lower_bound":112334.1544820533,"upper_bound":160229.89801292206},"point_estimate":136613.46210998684,"standard_error":12275.58314152838}}