{"mean":{"confidence_interval":{"confidence_level":0.95,"lower_bound":205849.1858541821,"upper_bound":211855.55452659566},"point_estimate":208430.3073453585,"standard_error":1552.6529472516854},"median":{"confidence_interval":{"confidence_level":0.95,"lower_bound":203803.06896551725,"upper_bound":205435.70384615383},"point_estimate":204426.3908320493,"standard_error":374.1642394889576},"median_abs_dev":{"confidence_interval":{"confidence_level":0.95,"lower_bound":2349.930324935552,"upper_bound":4323.277638463868},"point_estimate":3192.3460071001755,"standard_error":491.8296017305847},"slope":{"confidence_interval":{"confidence_level":0.95,"lower_bound":203306.60512162212,"upper_bound":204537.09112400023},"point_estimate":203879.21482606768,"standard_error":313.97493576809535},"std_dev":{"confidence_interval":{"confidence_level":0.95,"lower_bound":5726.83587138772,"upper_bound":24096.46070669472},"point_estimate":15600.611288644046,"standard_error":5020.6668971341705}}