{"mean":{"confidence_interval":{"confidence_level":0.95,"lower_bound":539942.4643184902,"upper_bound":565107.451373651},"point_estimate":551000.0455705257,"standard_error":6473.948701815617},"median":{"confidence_interval":{"confidence_level":0.95,"lower_bound":535395.7045454546,"upper_bound":544607.4059334738},"point_estimate":542674.6673295455,"standard_error":2590.5871354910646},"median_abs_dev":{"confidence_interval":{"confidence_level":0.95,"lower_bound":26076.15132027728,"upper_bound":36377.34410174558},"point_estimate":31974.528202525373,"standard_error":2496.468901919215},"slope":{"confidence_interval":{"confidence_level":0.95,"lower_bound":520815.156098874,"upper_bound":531466.3608225846},"point_estimate":525694.2765730752,"standard_error":2718.1949027255973},"std_dev":{"confidence_interval":{"confidence_level":0.95,"lower_bound":31266.64096008661,"upper_bound":98431.18946060413},"point_estimate":65309.10132060988,"standard_error":19190.431908260758}}