{"mean":{"confidence_interval":{"confidence_level":0.95,"lower_bound":187631.59527714382,"upper_bound":206845.14590211934},"point_estimate":196212.3613742219,"standard_error":4926.759053689998},"median":{"confidence_interval":{"confidence_level":0.95,"lower_bound":179491.36666666667,"upper_bound":185559.74305555556},"point_estimate":181937.67783882783,"standard_error":1494.9320732447284},"median_abs_dev":{"confidence_interval":{"confidence_level":0.95,"lower_bound":8416.956938826417,"upper_bound":16491.59826774478},"point_estimate":11824.088773398144,"standard_error":2067.3841768278353},"slope":{"confidence_interval":{"confidence_level":0.95,"lower_bound":177606.79650633526,"upper_bound":182897.723425627},"point_estimate":180042.04715383478,"standard_error":1350.6155365761192},"std_dev":{"confidence_interval":{"confidence_level":0.95,"lower_bound":24213.47629392091,"upper_bound":70544.23552679463},"point_estimate":49566.488700724585,"standard_error":11861.455587598728}}