{"mean":{"confidence_interval":{"confidence_level":0.95,"lower_bound":14936861.9575,"upper_bound":15274272.909625},"point_estimate":15096048.56,"standard_error":86272.3725350253},"median":{"confidence_interval":{"confidence_level":0.95,"lower_bound":14705423.5,"upper_bound":14983320.5},"point_estimate":14821301.25,"standard_error":75799.2685529696},"median_abs_dev":{"confidence_interval":{"confidence_level":0.95,"lower_bound":349461.7865458131,"upper_bound":644475.4597082734},"point_estimate":475027.4407915771,"standard_error":77702.66883929701},"slope":null,"std_dev":{"confidence_interval":{"confidence_level":0.95,"lower_bound":578709.5217655434,"upper_bound":1114349.152002595},"point_estimate":864899.4922855449,"standard_error":136674.60276061387}}