{"mean":{"confidence_interval":{"confidence_level":0.95,"lower_bound":59885.575980137124,"upper_bound":60668.13235955882},"point_estimate":60216.0546112334,"standard_error":202.39098168127268},"median":{"confidence_interval":{"confidence_level":0.95,"lower_bound":59718.11483009493,"upper_bound":60149.842215833705},"point_estimate":59885.34248829555,"standard_error":113.21568431648235},"median_abs_dev":{"confidence_interval":{"confidence_level":0.95,"lower_bound":568.456480899566,"upper_bound":973.2212976921257},"point_estimate":750.7164576956721,"standard_error":106.5225005181298},"slope":{"confidence_interval":{"confidence_level":0.95,"lower_bound":59882.061417307516,"upper_bound":61242.03150647753},"point_estimate":60380.78240857449,"standard_error":371.89045240264863},"std_dev":{"confidence_interval":{"confidence_level":0.95,"lower_bound":785.9263594627928,"upper_bound":3182.414793085596},"point_estimate":2029.8873949788147,"standard_error":698.2875014702909}}