{"mean":{"confidence_interval":{"confidence_level":0.95,"lower_bound":739071.7828826819,"upper_bound":783155.9549858641},"point_estimate":759428.2549028747,"standard_error":11284.489053484756},"median":{"confidence_interval":{"confidence_level":0.95,"lower_bound":716782.4883720931,"upper_bound":742736.2333333333},"point_estimate":730124.2913645352,"standard_error":6071.013182455984},"median_abs_dev":{"confidence_interval":{"confidence_level":0.95,"lower_bound":42916.62954531939,"upper_bound":81876.14617940786},"point_estimate":63940.159722704055,"standard_error":10296.342820472719},"slope":{"confidence_interval":{"confidence_level":0.95,"lower_bound":723316.6583531015,"upper_bound":761119.8349405533},"point_estimate":740961.9634756908,"standard_error":9652.637796978433},"std_dev":{"confidence_interval":{"confidence_level":0.95,"lower_bound":71489.64754894921,"upper_bound":152521.50942861981},"point_estimate":113570.28345451997,"standard_error":21014.07876790165}}