{"mean":{"confidence_interval":{"confidence_level":0.95,"lower_bound":1167647.0775687213,"upper_bound":1242900.4911120136},"point_estimate":1202144.163290747,"standard_error":19227.849271823416},"median":{"confidence_interval":{"confidence_level":0.95,"lower_bound":1133072.875,"upper_bound":1163548.4558441557},"point_estimate":1150309.0174329502,"standard_error":7950.671679461714},"median_abs_dev":{"confidence_interval":{"confidence_level":0.95,"lower_bound":52515.878358331895,"upper_bound":97376.39314956487},"point_estimate":80032.3500636953,"standard_error":11523.200494877301},"slope":{"confidence_interval":{"confidence_level":0.95,"lower_bound":1162459.5300189734,"upper_bound":1252822.1047064473},"point_estimate":1203035.4733559922,"standard_error":23198.66677533858},"std_dev":{"confidence_interval":{"confidence_level":0.95,"lower_bound":113379.16990291601,"upper_bound":272885.67065237684},"point_estimate":193420.77894334283,"standard_error":42714.472866907745}}