{"mean":{"confidence_interval":{"confidence_level":0.95,"lower_bound":70938071.75225,"upper_bound":72112903.69},"point_estimate":71512908.33,"standard_error":298441.18115749076},"median":{"confidence_interval":{"confidence_level":0.95,"lower_bound":70568624.0,"upper_bound":71820133.0},"point_estimate":71271446.0,"standard_error":375251.59336602426},"median_abs_dev":{"confidence_interval":{"confidence_level":0.95,"lower_bound":1852537.5778108835,"upper_bound":3176222.8494107723},"point_estimate":2664116.5099024773,"standard_error":329414.3934505425},"slope":null,"std_dev":{"confidence_interval":{"confidence_level":0.95,"lower_bound":2359989.5995709575,"upper_bound":3698406.95108636},"point_estimate":3011290.6594409524,"standard_error":346349.1165807012}}