{"mean":{"confidence_interval":{"confidence_level":0.95,"lower_bound":189084.1111796805,"upper_bound":200116.52266246683},"point_estimate":193756.58396735802,"standard_error":2862.557242029467},"median":{"confidence_interval":{"confidence_level":0.95,"lower_bound":185820.42361111112,"upper_bound":190039.5162601626},"point_estimate":188120.39991045263,"standard_error":1157.8843285821638},"median_abs_dev":{"confidence_interval":{"confidence_level":0.95,"lower_bound":6713.173584269881,"upper_bound":10972.432356867037},"point_estimate":8694.80965999683,"standard_error":1057.5617619975449},"slope":{"confidence_interval":{"confidence_level":0.95,"lower_bound":185773.02183007193,"upper_bound":193261.3081535901},"point_estimate":189133.51804295354,"standard_error":1920.2449636173644},"std_dev":{"confidence_interval":{"confidence_level":0.95,"lower_bound":11337.870757729244,"upper_bound":44841.80073929323},"point_estimate":28709.857066915825,"standard_error":9786.51850863312}}