{"mean":{"confidence_interval":{"confidence_level":0.95,"lower_bound":719646.1677534159,"upper_bound":740310.9091299752},"point_estimate":728583.252609626,"standard_error":5327.958185333997},"median":{"confidence_interval":{"confidence_level":0.95,"lower_bound":714942.5202702703,"upper_bound":723846.9034090909},"point_estimate":718792.5046992481,"standard_error":1872.6247769005117},"median_abs_dev":{"confidence_interval":{"confidence_level":0.95,"lower_bound":14127.144715472155,"upper_bound":25842.700722860845},"point_estimate":19148.939970923493,"standard_error":3225.731835526628},"slope":{"confidence_interval":{"confidence_level":0.95,"lower_bound":718425.3780438987,"upper_bound":732123.6142098755},"point_estimate":724877.4755031771,"standard_error":3503.569761873157},"std_dev":{"confidence_interval":{"confidence_level":0.95,"lower_bound":22211.25444990116,"upper_bound":81897.4864953428},"point_estimate":53454.87308344263,"standard_error":16612.70417879104}}