{"mean":{"confidence_interval":{"confidence_level":0.95,"lower_bound":180043.23382434555,"upper_bound":187092.8557313557},"point_estimate":183146.91148488756,"standard_error":1814.3651669255448},"median":{"confidence_interval":{"confidence_level":0.95,"lower_bound":176188.4456928839,"upper_bound":180305.94444444444},"point_estimate":177940.00120665878,"standard_error":1190.1547212573043},"median_abs_dev":{"confidence_interval":{"confidence_level":0.95,"lower_bound":5014.532688829709,"upper_bound":9632.691242815308},"point_estimate":7375.666822109465,"standard_error":1218.9882602832415},"slope":{"confidence_interval":{"confidence_level":0.95,"lower_bound":179065.4668449413,"upper_bound":188501.6391321836},"point_estimate":182846.7062258017,"standard_error":2483.6237169341343},"std_dev":{"confidence_interval":{"confidence_level":0.95,"lower_bound":8285.557122266735,"upper_bound":27015.263224970873},"point_estimate":18201.160848621515,"standard_error":5035.915214440204}}