{"mean":{"confidence_interval":{"confidence_level":0.95,"lower_bound":1189850.665315972,"upper_bound":1221656.5599562847},"point_estimate":1205189.2278222097,"standard_error":8103.086182162676},"median":{"confidence_interval":{"confidence_level":0.95,"lower_bound":1170688.2650000001,"upper_bound":1207429.281573499},"point_estimate":1191420.392022792,"standard_error":9769.295392806142},"median_abs_dev":{"confidence_interval":{"confidence_level":0.95,"lower_bound":51117.54926803448,"upper_bound":83530.3904896861},"point_estimate":67428.9304399058,"standard_error":8332.940347560203},"slope":{"confidence_interval":{"confidence_level":0.95,"lower_bound":1182753.3418082187,"upper_bound":1223736.2779324558},"point_estimate":1202191.0364533768,"standard_error":10496.520327003414},"std_dev":{"confidence_interval":{"confidence_level":0.95,"lower_bound":62817.89011207934,"upper_bound":98852.01509065255},"point_estimate":81257.46567581993,"standard_error":9233.875828652675}}