{"mean":{"confidence_interval":{"confidence_level":0.95,"lower_bound":96210223.71,"upper_bound":97063200.5785},"point_estimate":96604598.1,"standard_error":218929.45216075997},"median":{"confidence_interval":{"confidence_level":0.95,"lower_bound":95669216.0,"upper_bound":95839585.0},"point_estimate":95770102.0,"standard_error":40122.676051729846},"median_abs_dev":{"confidence_interval":{"confidence_level":0.95,"lower_bound":276222.45979607105,"upper_bound":536809.4202697277},"point_estimate":417606.15848600864,"standard_error":65738.74865185516},"slope":null,"std_dev":{"confidence_interval":{"confidence_level":0.95,"lower_bound":1360585.4053107002,"upper_bound":2918439.6320693856},"point_estimate":2203477.831465309,"standard_error":397473.5055049096}}