{"mean":{"confidence_interval":{"confidence_level":0.95,"lower_bound":57096.5122616564,"upper_bound":58190.91141356095},"point_estimate":57595.58500312538,"standard_error":280.1711140819232},"median":{"confidence_interval":{"confidence_level":0.95,"lower_bound":56761.51851851852,"upper_bound":57346.858207070705},"point_estimate":57069.35832348306,"standard_error":125.37229961635884},"median_abs_dev":{"confidence_interval":{"confidence_level":0.95,"lower_bound":823.5580169963155,"upper_bound":1399.3269483051315},"point_estimate":1036.5620001491843,"standard_error":149.69093954115792},"slope":{"confidence_interval":{"confidence_level":0.95,"lower_bound":57144.242347782434,"upper_bound":57784.29886544583},"point_estimate":57435.474448549336,"standard_error":163.67254381117993},"std_dev":{"confidence_interval":{"confidence_level":0.95,"lower_bound":1588.0107363555583,"upper_bound":3884.878095143038},"point_estimate":2803.7803687271635,"standard_error":594.9840014488597}}