{"mean":{"confidence_interval":{"confidence_level":0.95,"lower_bound":148942.7775816001,"upper_bound":155088.9365436185},"point_estimate":151736.2193315255,"standard_error":1572.3798570635988},"median":{"confidence_interval":{"confidence_level":0.95,"lower_bound":147177.64817290552,"upper_bound":149235.68636363634},"point_estimate":147989.2204266322,"standard_error":593.3879257440584},"median_abs_dev":{"confidence_interval":{"confidence_level":0.95,"lower_bound":4618.783032285929,"upper_bound":8489.664278086731},"point_estimate":6519.9088576787435,"standard_error":978.0615439832235},"slope":{"confidence_interval":{"confidence_level":0.95,"lower_bound":146533.56869614753,"upper_bound":149547.60751416735},"point_estimate":148043.48772023898,"standard_error":767.0806105555743},"std_dev":{"confidence_interval":{"confidence_level":0.95,"lower_bound":8755.290793431592,"upper_bound":22337.705454990682},"point_estimate":15789.260336747127,"standard_error":3564.9029808368923}}