{"mean":{"confidence_interval":{"confidence_level":0.95,"lower_bound":86989.44089127837,"upper_bound":88334.25252423364},"point_estimate":87650.74905141661,"standard_error":343.5450381649839},"median":{"confidence_interval":{"confidence_level":0.95,"lower_bound":86159.82363636364,"upper_bound":88178.69696969698},"point_estimate":87226.93432875264,"standard_error":513.0238510624833},"median_abs_dev":{"confidence_interval":{"confidence_level":0.95,"lower_bound":2478.197164642538,"upper_bound":4050.5672952431437},"point_estimate":3067.162391001529,"standard_error":396.92040355672384},"slope":{"confidence_interval":{"confidence_level":0.95,"lower_bound":86751.06851076944,"upper_bound":88169.90847013202},"point_estimate":87438.41197092844,"standard_error":363.6666241077765},"std_dev":{"confidence_interval":{"confidence_level":0.95,"lower_bound":2827.003749719774,"upper_bound":4073.179641610111},"point_estimate":3446.194608781101,"standard_error":321.0539892911819}}