{"mean":{"confidence_interval":{"confidence_level":0.95,"lower_bound":245972.68878849968,"upper_bound":254039.92230759587},"point_estimate":249797.89164105032,"standard_error":2060.12921691189},"median":{"confidence_interval":{"confidence_level":0.95,"lower_bound":243482.76842105263,"upper_bound":248729.52465753426},"point_estimate":245989.43974358973,"standard_error":1613.6346685745436},"median_abs_dev":{"confidence_interval":{"confidence_level":0.95,"lower_bound":9459.351904169409,"upper_bound":16289.439201483789},"point_estimate":12370.528429767675,"standard_error":1821.4286375262438},"slope":{"confidence_interval":{"confidence_level":0.95,"lower_bound":238416.46561696002,"upper_bound":248324.71345041035},"point_estimate":242971.35803280625,"standard_error":2533.5668485015854},"std_dev":{"confidence_interval":{"confidence_level":0.95,"lower_bound":14795.197581053668,"upper_bound":26066.96795338408},"point_estimate":20655.49066104069,"standard_error":2895.852170547906}}