{"mean":{"confidence_interval":{"confidence_level":0.95,"lower_bound":40674.79179260194,"upper_bound":43211.55596182674},"point_estimate":41801.32934910172,"standard_error":653.7590811423626},"median":{"confidence_interval":{"confidence_level":0.95,"lower_bound":39764.25637335527,"upper_bound":40502.49851565483},"point_estimate":40018.231782106785,"standard_error":211.12306942630667},"median_abs_dev":{"confidence_interval":{"confidence_level":0.95,"lower_bound":1248.6008978303348,"upper_bound":2832.1315416485663},"point_estimate":2032.3032002167572,"standard_error":404.1858723160429},"slope":{"confidence_interval":{"confidence_level":0.95,"lower_bound":40520.60427193124,"upper_bound":42052.93608009755},"point_estimate":41188.598361533914,"standard_error":391.42345928867707},"std_dev":{"confidence_interval":{"confidence_level":0.95,"lower_bound":3410.4730384982245,"upper_bound":9730.195676365325},"point_estimate":6587.638272778998,"standard_error":1789.7777745699968}}