{"mean":{"confidence_interval":{"confidence_level":0.95,"lower_bound":5932985.242027782,"upper_bound":6121698.978666669},"point_estimate":6023151.945555556,"standard_error":48159.86309238223},"median":{"confidence_interval":{"confidence_level":0.95,"lower_bound":5825055.444444444,"upper_bound":5962380.333333333},"point_estimate":5890165.055555556,"standard_error":34675.31028539507},"median_abs_dev":{"confidence_interval":{"confidence_level":0.95,"lower_bound":242377.5852302718,"upper_bound":386402.6181399822},"point_estimate":310185.85999310017,"standard_error":35934.43547271759},"slope":null,"std_dev":{"confidence_interval":{"confidence_level":0.95,"lower_bound":368679.45001190127,"upper_bound":579019.9788474839},"point_estimate":483926.05776429124,"standard_error":53568.286246324664}}