{"mean":{"confidence_interval":{"confidence_level":0.95,"lower_bound":171119.35153537506,"upper_bound":177983.3779199334},"point_estimate":174192.62822525785,"standard_error":1760.9214087409616},"median":{"confidence_interval":{"confidence_level":0.95,"lower_bound":168167.73846153845,"upper_bound":171364.08446519525},"point_estimate":169539.00404725992,"standard_error":895.6238389602303},"median_abs_dev":{"confidence_interval":{"confidence_level":0.95,"lower_bound":4804.3291365855675,"upper_bound":9069.402565985916},"point_estimate":6438.879062538916,"standard_error":1066.2620747444303},"slope":{"confidence_interval":{"confidence_level":0.95,"lower_bound":167825.93193410995,"upper_bound":170947.070328202},"point_estimate":169283.39601103394,"standard_error":796.2644534121789},"std_dev":{"confidence_interval":{"confidence_level":0.95,"lower_bound":8949.558987300627,"upper_bound":25983.68880574512},"point_estimate":17750.63477915172,"standard_error":4519.149890993027}}