{"mean":{"confidence_interval":{"confidence_level":0.95,"lower_bound":414767.417441772,"upper_bound":425436.41960046225},"point_estimate":419799.80883768597,"standard_error":2721.5636902244846},"median":{"confidence_interval":{"confidence_level":0.95,"lower_bound":408231.150055371,"upper_bound":422746.44545264915},"point_estimate":415013.43074074073,"standard_error":3924.5403100587123},"median_abs_dev":{"confidence_interval":{"confidence_level":0.95,"lower_bound":15545.042516651874,"upper_bound":29448.467183507004},"point_estimate":19907.070615328877,"standard_error":3475.9235950219936},"slope":{"confidence_interval":{"confidence_level":0.95,"lower_bound":407149.41986152483,"upper_bound":418532.50259217434},"point_estimate":412399.50458105514,"standard_error":2911.5599803914974},"std_dev":{"confidence_interval":{"confidence_level":0.95,"lower_bound":19928.48536410282,"upper_bound":35769.43064507621},"point_estimate":27322.234286837098,"standard_error":4336.129972590009}}