{"mean":{"confidence_interval":{"confidence_level":0.95,"lower_bound":248510.08282591647,"upper_bound":251883.5942465323},"point_estimate":250069.54300043208,"standard_error":860.5206650917795},"median":{"confidence_interval":{"confidence_level":0.95,"lower_bound":246983.86231884058,"upper_bound":249826.7015036232},"point_estimate":248664.70970987758,"standard_error":729.715558958461},"median_abs_dev":{"confidence_interval":{"confidence_level":0.95,"lower_bound":4383.17321427869,"upper_bound":7229.164146710996},"point_estimate":5725.354274098177,"standard_error":719.2279485987546},"slope":{"confidence_interval":{"confidence_level":0.95,"lower_bound":247721.40710899173,"upper_bound":250065.31471924673},"point_estimate":248890.9136500665,"standard_error":596.3577454896719},"std_dev":{"confidence_interval":{"confidence_level":0.95,"lower_bound":5662.576891358083,"upper_bound":12073.97883498673},"point_estimate":8669.114932731758,"standard_error":1838.6658829156343}}