{"mean":{"confidence_interval":{"confidence_level":0.95,"lower_bound":4381256.883374999,"upper_bound":4544413.567520832},"point_estimate":4458552.485833333,"standard_error":41722.21826176572},"median":{"confidence_interval":{"confidence_level":0.95,"lower_bound":4295570.541666667,"upper_bound":4434974.25},"point_estimate":4362401.083333334,"standard_error":39946.50726418684},"median_abs_dev":{"confidence_interval":{"confidence_level":0.95,"lower_bound":178556.92782998085,"upper_bound":311207.1860499673},"point_estimate":234580.79788535787,"standard_error":35199.04045669507},"slope":null,"std_dev":{"confidence_interval":{"confidence_level":0.95,"lower_bound":285615.58716718585,"upper_bound":541510.4200233975},"point_estimate":419728.5737559962,"standard_error":65798.36353671296}}