{"mean":{"confidence_interval":{"confidence_level":0.95,"lower_bound":28928895.614125,"upper_bound":29669286.029499996},"point_estimate":29284122.045,"standard_error":190066.83965154915},"median":{"confidence_interval":{"confidence_level":0.95,"lower_bound":28319683.5,"upper_bound":29236089.25},"point_estimate":28881587.0,"standard_error":198999.42074489375},"median_abs_dev":{"confidence_interval":{"confidence_level":0.95,"lower_bound":1031080.8233946562,"upper_bound":1805818.2580903172},"point_estimate":1430051.0708615184,"standard_error":196304.00778261022},"slope":null,"std_dev":{"confidence_interval":{"confidence_level":0.95,"lower_bound":1459466.3780638292,"upper_bound":2334114.3382651666},"point_estimate":1903194.974483107,"standard_error":224127.90023217045}}