{"mean":{"confidence_interval":{"confidence_level":0.95,"lower_bound":422325.16404427594,"upper_bound":423943.36390249},"point_estimate":423009.2757387826,"standard_error":420.29036474097444},"median":{"confidence_interval":{"confidence_level":0.95,"lower_bound":421712.6752136752,"upper_bound":422547.5172413793},"point_estimate":422063.1117216117,"standard_error":187.762605729501},"median_abs_dev":{"confidence_interval":{"confidence_level":0.95,"lower_bound":1136.6913093589146,"upper_bound":1940.0390762110126},"point_estimate":1538.1170671374252,"standard_error":205.8388881936248},"slope":{"confidence_interval":{"confidence_level":0.95,"lower_bound":421478.01802929735,"upper_bound":422164.3454112527},"point_estimate":421796.27039850253,"standard_error":175.41426829276182},"std_dev":{"confidence_interval":{"confidence_level":0.95,"lower_bound":1640.2376989288564,"upper_bound":6611.957293515155},"point_estimate":4217.395594494815,"standard_error":1467.2915372685084}}