{"mean":{"confidence_interval":{"confidence_level":0.95,"lower_bound":214854.49521114634,"upper_bound":222361.3784727368},"point_estimate":218375.89652103026,"standard_error":1918.470484602389},"median":{"confidence_interval":{"confidence_level":0.95,"lower_bound":209530.525,"upper_bound":215947.9657633243},"point_estimate":212126.49583333335,"standard_error":1412.1513398074808},"median_abs_dev":{"confidence_interval":{"confidence_level":0.95,"lower_bound":6485.584164857854,"upper_bound":11433.648052740251},"point_estimate":9497.971315777315,"standard_error":1224.0941034104046},"slope":{"confidence_interval":{"confidence_level":0.95,"lower_bound":211929.15893733187,"upper_bound":216765.7539386176},"point_estimate":214173.51587527708,"standard_error":1231.0079061276006},"std_dev":{"confidence_interval":{"confidence_level":0.95,"lower_bound":12871.328683679607,"upper_bound":24858.721346767685},"point_estimate":19168.664683357718,"standard_error":3079.7724764565846}}