{"mean":{"confidence_interval":{"confidence_level":0.95,"lower_bound":1053658.0144254959,"upper_bound":1138827.4928481318},"point_estimate":1094038.7818786798,"standard_error":21626.418937521947},"median":{"confidence_interval":{"confidence_level":0.95,"lower_bound":992963.643928036,"upper_bound":1075697.0994208495},"point_estimate":1040680.3854166667,"standard_error":21811.88510230908},"median_abs_dev":{"confidence_interval":{"confidence_level":0.95,"lower_bound":114682.388730864,"upper_bound":204851.35159446578},"point_estimate":160914.11720809335,"standard_error":22942.99198643246},"slope":{"confidence_interval":{"confidence_level":0.95,"lower_bound":1052706.5296213827,"upper_bound":1132362.6289830275},"point_estimate":1092272.2370297029,"standard_error":20337.946389044435},"std_dev":{"confidence_interval":{"confidence_level":0.95,"lower_bound":157238.7808698912,"upper_bound":277131.30428292864},"point_estimate":217208.05329615585,"standard_error":30976.62040475402}}