{"mean":{"confidence_interval":{"confidence_level":0.95,"lower_bound":100517.4592013522,"upper_bound":100937.64805355437},"point_estimate":100722.00161970106,"standard_error":107.14786169485086},"median":{"confidence_interval":{"confidence_level":0.95,"lower_bound":100328.43623188406,"upper_bound":100765.47804166668},"point_estimate":100526.95845011678,"standard_error":103.344411390082},"median_abs_dev":{"confidence_interval":{"confidence_level":0.95,"lower_bound":626.6733876243349,"upper_bound":1048.6692086404487},"point_estimate":799.2298552809091,"standard_error":110.10849514950233},"slope":{"confidence_interval":{"confidence_level":0.95,"lower_bound":100223.4786005493,"upper_bound":100545.99411948671},"point_estimate":100381.2827140535,"standard_error":82.23979620818736},"std_dev":{"confidence_interval":{"confidence_level":0.95,"lower_bound":865.6597855181052,"upper_bound":1272.8318115845027},"point_estimate":1076.1229796734133,"standard_error":104.49632975423339}}