{"mean":{"confidence_interval":{"confidence_level":0.95,"lower_bound":1378754.7619684418,"upper_bound":1417352.7802755092},"point_estimate":1397041.4549140525,"standard_error":9860.751947342378},"median":{"confidence_interval":{"confidence_level":0.95,"lower_bound":1365084.2592592593,"upper_bound":1386933.9222222222},"point_estimate":1380852.5875,"standard_error":5036.371579531853},"median_abs_dev":{"confidence_interval":{"confidence_level":0.95,"lower_bound":36337.7812693443,"upper_bound":70118.74947307432},"point_estimate":53449.124239463184,"standard_error":9078.908952780395},"slope":{"confidence_interval":{"confidence_level":0.95,"lower_bound":1363489.6052863481,"upper_bound":1398444.275528984},"point_estimate":1380120.3519787202,"standard_error":8922.942357644173},"std_dev":{"confidence_interval":{"confidence_level":0.95,"lower_bound":68858.37119051484,"upper_bound":124606.10235842546},"point_estimate":98751.44473366324,"standard_error":14273.560792654358}}