{"mean":{"confidence_interval":{"confidence_level":0.95,"lower_bound":150784.17988067475,"upper_bound":164941.61836148138},"point_estimate":156978.81286073575,"standard_error":3637.6794109501566},"median":{"confidence_interval":{"confidence_level":0.95,"lower_bound":146712.44409282698,"upper_bound":153785.78556871117},"point_estimate":150539.77645502647,"standard_error":1544.714976568025},"median_abs_dev":{"confidence_interval":{"confidence_level":0.95,"lower_bound":10302.280737965508,"upper_bound":21984.461559962245},"point_estimate":17083.27847371917,"standard_error":3044.946972757912},"slope":{"confidence_interval":{"confidence_level":0.95,"lower_bound":144784.88251985033,"upper_bound":153297.31007751703},"point_estimate":148734.41322890497,"standard_error":2166.0711968149053},"std_dev":{"confidence_interval":{"confidence_level":0.95,"lower_bound":16895.208540428514,"upper_bound":54966.77221199691},"point_estimate":36551.24356194145,"standard_error":10266.600853297095}}