{"mean":{"confidence_interval":{"confidence_level":0.95,"lower_bound":46123.55489820271,"upper_bound":46555.23174692677},"point_estimate":46328.79470597175,"standard_error":109.94656496833761},"median":{"confidence_interval":{"confidence_level":0.95,"lower_bound":46060.851317287365,"upper_bound":46375.70373376623},"point_estimate":46181.525926971575,"standard_error":82.50284622239468},"median_abs_dev":{"confidence_interval":{"confidence_level":0.95,"lower_bound":535.6022227225702,"upper_bound":923.2098287436078},"point_estimate":684.668496221881,"standard_error":97.48873046802633},"slope":{"confidence_interval":{"confidence_level":0.95,"lower_bound":46322.3336693472,"upper_bound":46748.63262580514},"point_estimate":46522.95366148555,"standard_error":108.91516480148506},"std_dev":{"confidence_interval":{"confidence_level":0.95,"lower_bound":763.2063848269622,"upper_bound":1425.6265444344594},"point_estimate":1102.1769951462516,"standard_error":171.17916552567203}}