{"mean":{"confidence_interval":{"confidence_level":0.95,"lower_bound":13739798.760125,"upper_bound":13833112.69525},"point_estimate":13784903.035,"standard_error":23797.42541247045},"median":{"confidence_interval":{"confidence_level":0.95,"lower_bound":13719043.25,"upper_bound":13781344.5},"point_estimate":13744930.875,"standard_error":16844.77425490214},"median_abs_dev":{"confidence_interval":{"confidence_level":0.95,"lower_bound":158141.15554243326,"upper_bound":242909.55033749342},"point_estimate":207214.65869620442,"standard_error":20586.080952738037},"slope":null,"std_dev":{"confidence_interval":{"confidence_level":0.95,"lower_bound":186890.1888004352,"upper_bound":289474.8728481275},"point_estimate":239013.41151685506,"standard_error":26457.7832367933}}