{"mean":{"confidence_interval":{"confidence_level":0.95,"lower_bound":3355732.234933333,"upper_bound":3362670.2389000016},"point_estimate":3359143.911333333,"standard_error":1769.786094441419},"median":{"confidence_interval":{"confidence_level":0.95,"lower_bound":3353955.2666666666,"upper_bound":3361338.666666667},"point_estimate":3359005.3,"standard_error":1730.0751086541595},"median_abs_dev":{"confidence_interval":{"confidence_level":0.95,"lower_bound":11658.375473021955,"upper_bound":20390.9881579881},"point_estimate":15740.516820549505,"standard_error":2188.393503232793},"slope":null,"std_dev":{"confidence_interval":{"confidence_level":0.95,"lower_bound":14755.720776243887,"upper_bound":20409.88613062846},"point_estimate":17757.522508244252,"standard_error":1441.3658405069345}}