{"mean":{"confidence_interval":{"confidence_level":0.95,"lower_bound":308203.9753617884,"upper_bound":313123.0692145008},"point_estimate":310591.8584644713,"standard_error":1253.2701510880956},"median":{"confidence_interval":{"confidence_level":0.95,"lower_bound":305413.0606060606,"upper_bound":309797.9236111111},"point_estimate":307415.81956521736,"standard_error":1091.3933968027366},"median_abs_dev":{"confidence_interval":{"confidence_level":0.95,"lower_bound":6445.458632130302,"upper_bound":11192.232643343656},"point_estimate":8516.198861908442,"standard_error":1201.4162587506669},"slope":{"confidence_interval":{"confidence_level":0.95,"lower_bound":305163.9321338822,"upper_bound":311819.5433123662},"point_estimate":308321.1633013152,"standard_error":1704.1380304234158},"std_dev":{"confidence_interval":{"confidence_level":0.95,"lower_bound":10139.77508465908,"upper_bound":14719.725372025197},"point_estimate":12587.066785010134,"standard_error":1169.3348642717344}}