{"mean":{"confidence_interval":{"confidence_level":0.95,"lower_bound":96722052.8215,"upper_bound":98855093.4355},"point_estimate":97789669.08,"standard_error":544991.6565091092},"median":{"confidence_interval":{"confidence_level":0.95,"lower_bound":93612284.0,"upper_bound":101821631.0},"point_estimate":101461623.0,"standard_error":1927862.3365365686},"median_abs_dev":{"confidence_interval":{"confidence_level":0.95,"lower_bound":1140729.4696480036,"upper_bound":9172712.603151798},"point_estimate":2235430.8818131685,"standard_error":2284323.685341743},"slope":null,"std_dev":{"confidence_interval":{"confidence_level":0.95,"lower_bound":5119645.03948417,"upper_bound":5731663.25029632},"point_estimate":5462603.232181004,"standard_error":153763.66086210642}}