{"mean":{"confidence_interval":{"confidence_level":0.95,"lower_bound":318616.6137134896,"upper_bound":348820.9998050595},"point_estimate":331058.1153705885,"standard_error":7887.347568703223},"median":{"confidence_interval":{"confidence_level":0.95,"lower_bound":307135.3625,"upper_bound":320498.6283627087},"point_estimate":314343.74422268907,"standard_error":3568.8342342977467},"median_abs_dev":{"confidence_interval":{"confidence_level":0.95,"lower_bound":18482.27223233604,"upper_bound":30359.982567609943},"point_estimate":27049.424322393123,"standard_error":3268.542026915976},"slope":{"confidence_interval":{"confidence_level":0.95,"lower_bound":309792.43418694084,"upper_bound":321948.7085142051},"point_estimate":315576.880073888,"standard_error":3112.474371689268},"std_dev":{"confidence_interval":{"confidence_level":0.95,"lower_bound":28314.98943469921,"upper_bound":125452.8018247613},"point_estimate":78881.11961048104,"standard_error":29277.433392194933}}