{"mean":{"confidence_interval":{"confidence_level":0.95,"lower_bound":17618.618119723826,"upper_bound":17657.19760574082},"point_estimate":17637.998918151592,"standard_error":9.81545744289087},"median":{"confidence_interval":{"confidence_level":0.95,"lower_bound":17615.717171717173,"upper_bound":17651.373553719008},"point_estimate":17633.54189409956,"standard_error":8.987515461329876},"median_abs_dev":{"confidence_interval":{"confidence_level":0.95,"lower_bound":61.18358686671582,"upper_bound":114.552603317473},"point_estimate":92.67802756412335,"standard_error":13.600396364773557},"slope":{"confidence_interval":{"confidence_level":0.95,"lower_bound":17653.418270534174,"upper_bound":17693.733662140457},"point_estimate":17674.111741096498,"standard_error":10.317668845991854},"std_dev":{"confidence_interval":{"confidence_level":0.95,"lower_bound":81.40458208260085,"upper_bound":115.3549957029924},"point_estimate":98.90411434270209,"standard_error":8.682717381372191}}