{"mean":{"confidence_interval":{"confidence_level":0.95,"lower_bound":2849819.5675416663,"upper_bound":2910370.4668749995},"point_estimate":2879097.819444444,"standard_error":15408.445128390198},"median":{"confidence_interval":{"confidence_level":0.95,"lower_bound":2808656.916666667,"upper_bound":2902693.722222222},"point_estimate":2842432.388888889,"standard_error":25013.759734282758},"median_abs_dev":{"confidence_interval":{"confidence_level":0.95,"lower_bound":110497.18763828266,"upper_bound":175449.48168139896},"point_estimate":143665.2964994309,"standard_error":16541.565753581093},"slope":null,"std_dev":{"confidence_interval":{"confidence_level":0.95,"lower_bound":119885.18495796181,"upper_bound":190013.36915430194},"point_estimate":154301.90200729863,"standard_error":18216.699076796052}}