{"mean":{"confidence_interval":{"confidence_level":0.95,"lower_bound":2048025.92233,"upper_bound":2111491.76968},"point_estimate":2078101.6448000001,"standard_error":16186.420406846722},"median":{"confidence_interval":{"confidence_level":0.95,"lower_bound":2035265.68,"upper_bound":2085474.3},"point_estimate":2054597.52,"standard_error":13020.246001139254},"median_abs_dev":{"confidence_interval":{"confidence_level":0.95,"lower_bound":73421.93858850021,"upper_bound":145910.432233572},"point_estimate":120020.35228121297,"standard_error":18398.71579802499},"slope":null,"std_dev":{"confidence_interval":{"confidence_level":0.95,"lower_bound":116245.46630693483,"upper_bound":211696.93511405544},"point_estimate":162142.39300249354,"standard_error":25258.437755990748}}