{"mean":{"confidence_interval":{"confidence_level":0.95,"lower_bound":40426488.214999996,"upper_bound":41160354.172625005},"point_estimate":40783467.32,"standard_error":187083.9362761897},"median":{"confidence_interval":{"confidence_level":0.95,"lower_bound":40127117.5,"upper_bound":40887815.0},"point_estimate":40615508.25,"standard_error":189580.87752500002},"median_abs_dev":{"confidence_interval":{"confidence_level":0.95,"lower_bound":1164680.1309227943,"upper_bound":1881019.064605236},"point_estimate":1504036.5160480142,"standard_error":184439.42138490494},"slope":null,"std_dev":{"confidence_interval":{"confidence_level":0.95,"lower_bound":1483928.983867176,"upper_bound":2259341.451624736},"point_estimate":1880736.3472118643,"standard_error":199060.51980848}}