{"mean":{"confidence_interval":{"confidence_level":0.95,"lower_bound":2712865.1325500007,"upper_bound":2766404.1273125005},"point_estimate":2739764.1465000017,"standard_error":13645.002518864601},"median":{"confidence_interval":{"confidence_level":0.95,"lower_bound":2719888.075,"upper_bound":2775481.65},"point_estimate":2746355.925,"standard_error":14415.649478534144},"median_abs_dev":{"confidence_interval":{"confidence_level":0.95,"lower_bound":100028.57393413795,"upper_bound":171361.76266922057},"point_estimate":143855.3040410581,"standard_error":18046.34281564874},"slope":null,"std_dev":{"confidence_interval":{"confidence_level":0.95,"lower_bound":116238.87061665367,"upper_bound":157220.9896916572},"point_estimate":137237.31667855065,"standard_error":10469.004220014855}}