{"mean":{"confidence_interval":{"confidence_level":0.95,"lower_bound":305477.78514565807,"upper_bound":316669.1905291335},"point_estimate":310482.2867499015,"standard_error":2864.260397384694},"median":{"confidence_interval":{"confidence_level":0.95,"lower_bound":299878.645,"upper_bound":307233.82746478874},"point_estimate":303342.6265198511,"standard_error":2096.044582924204},"median_abs_dev":{"confidence_interval":{"confidence_level":0.95,"lower_bound":10654.871241085842,"upper_bound":21404.321706664006},"point_estimate":15723.137232435462,"standard_error":2617.456120325274},"slope":{"confidence_interval":{"confidence_level":0.95,"lower_bound":300719.80657964153,"upper_bound":307654.4386557188},"point_estimate":303988.95153908676,"standard_error":1775.8932373174891},"std_dev":{"confidence_interval":{"confidence_level":0.95,"lower_bound":16302.74999181219,"upper_bound":42240.90788697729},"point_estimate":28703.034265078648,"standard_error":7858.011179948151}}