{"mean":{"confidence_interval":{"confidence_level":0.95,"lower_bound":160723.55559472163,"upper_bound":164033.34903332824},"point_estimate":162173.5884226845,"standard_error":850.4949973636565},"median":{"confidence_interval":{"confidence_level":0.95,"lower_bound":160603.0,"upper_bound":162158.7380952381},"point_estimate":161127.28013784462,"standard_error":411.92853036258936},"median_abs_dev":{"confidence_interval":{"confidence_level":0.95,"lower_bound":3334.8531570445175,"upper_bound":5517.191915093734},"point_estimate":4607.44053234478,"standard_error":561.2630510756205},"slope":{"confidence_interval":{"confidence_level":0.95,"lower_bound":161667.76197021353,"upper_bound":164094.7047701502},"point_estimate":162889.6574185649,"standard_error":619.6581439286139},"std_dev":{"confidence_interval":{"confidence_level":0.95,"lower_bound":4465.461698788902,"upper_bound":12986.617370952936},"point_estimate":8539.05581962234,"standard_error":2642.8647316518804}}