{"mean":{"confidence_interval":{"confidence_level":0.95,"lower_bound":2619324.1168250013,"upper_bound":2686847.1044375007},"point_estimate":2651471.1920000007,"standard_error":17216.511316884986},"median":{"confidence_interval":{"confidence_level":0.95,"lower_bound":2570957.4,"upper_bound":2613525.0},"point_estimate":2594901.4,"standard_error":11727.77517992975},"median_abs_dev":{"confidence_interval":{"confidence_level":0.95,"lower_bound":62184.02352601262,"upper_bound":120454.02018651366},"point_estimate":88683.57067555189,"standard_error":14536.303168828272},"slope":null,"std_dev":{"confidence_interval":{"confidence_level":0.95,"lower_bound":132594.35392358282,"upper_bound":206008.9111125672},"point_estimate":172782.47094613285,"standard_error":18790.858093236675}}