{"mean":{"confidence_interval":{"confidence_level":0.95,"lower_bound":313956.1098662043,"upper_bound":331669.8238854187},"point_estimate":321578.3657194176,"standard_error":4571.801782392873},"median":{"confidence_interval":{"confidence_level":0.95,"lower_bound":309104.35714285716,"upper_bound":316864.98148148146},"point_estimate":311917.9522321429,"standard_error":1934.2366599587413},"median_abs_dev":{"confidence_interval":{"confidence_level":0.95,"lower_bound":10281.89182506864,"upper_bound":15704.628700482624},"point_estimate":12456.385460417387,"standard_error":1377.1506998617408},"slope":{"confidence_interval":{"confidence_level":0.95,"lower_bound":314065.15419149154,"upper_bound":320883.5769134586},"point_estimate":317300.9507669573,"standard_error":1745.8882018952763},"std_dev":{"confidence_interval":{"confidence_level":0.95,"lower_bound":17926.365754171005,"upper_bound":71275.26844298397},"point_estimate":46139.9163524456,"standard_error":15000.015115624432}}