{"mean":{"confidence_interval":{"confidence_level":0.95,"lower_bound":314081.18504448474,"upper_bound":316910.9972106627},"point_estimate":315433.22657622374,"standard_error":716.8153194292132},"median":{"confidence_interval":{"confidence_level":0.95,"lower_bound":313753.975,"upper_bound":316544.8521126761},"point_estimate":315210.7788541666,"standard_error":695.3946644627306},"median_abs_dev":{"confidence_interval":{"confidence_level":0.95,"lower_bound":4242.9074456626495,"upper_bound":7028.811153895473},"point_estimate":6356.2395316509765,"standard_error":715.6640021266095},"slope":{"confidence_interval":{"confidence_level":0.95,"lower_bound":313191.0749781879,"upper_bound":315612.0082576416},"point_estimate":314351.2201063987,"standard_error":619.5732222985597},"std_dev":{"confidence_interval":{"confidence_level":0.95,"lower_bound":5209.00190167756,"upper_bound":9401.049198982037},"point_estimate":7212.363519579232,"standard_error":1111.5318828578359}}