{"mean":{"confidence_interval":{"confidence_level":0.95,"lower_bound":155062.79126143138,"upper_bound":165977.7129913189},"point_estimate":159535.21039314533,"standard_error":2842.4736469200566},"median":{"confidence_interval":{"confidence_level":0.95,"lower_bound":150296.70476190475,"upper_bound":154058.51547619049},"point_estimate":152016.91000454238,"standard_error":960.520536011288},"median_abs_dev":{"confidence_interval":{"confidence_level":0.95,"lower_bound":4305.807758989117,"upper_bound":9457.009517315264},"point_estimate":6400.873765542886,"standard_error":1366.906073587267},"slope":{"confidence_interval":{"confidence_level":0.95,"lower_bound":152634.53325134763,"upper_bound":157392.46132048644},"point_estimate":154869.72546939983,"standard_error":1214.932066119741},"std_dev":{"confidence_interval":{"confidence_level":0.95,"lower_bound":9656.788346462263,"upper_bound":46162.43368716014},"point_estimate":28776.670709504666,"standard_error":11161.413857168161}}