{"mean":{"confidence_interval":{"confidence_level":0.95,"lower_bound":608712.7610949494,"upper_bound":641095.4813353284},"point_estimate":623241.3388967193,"standard_error":8292.811885357463},"median":{"confidence_interval":{"confidence_level":0.95,"lower_bound":596494.5396103896,"upper_bound":612922.3880341881},"point_estimate":602413.4906462585,"standard_error":5094.068883843253},"median_abs_dev":{"confidence_interval":{"confidence_level":0.95,"lower_bound":24438.14662953672,"upper_bound":41931.435193068224},"point_estimate":31490.362696753604,"standard_error":4346.916762416807},"slope":{"confidence_interval":{"confidence_level":0.95,"lower_bound":596519.5424899982,"upper_bound":618262.4619135511},"point_estimate":606717.1615102704,"standard_error":5576.994690146302},"std_dev":{"confidence_interval":{"confidence_level":0.95,"lower_bound":40573.21869888144,"upper_bound":118965.77369038711},"point_estimate":83376.26653220346,"standard_error":20129.924524715647}}