{"mean":{"confidence_interval":{"confidence_level":0.95,"lower_bound":86103.61889793215,"upper_bound":87840.12132171802},"point_estimate":86913.12419412861,"standard_error":442.6915238552691},"median":{"confidence_interval":{"confidence_level":0.95,"lower_bound":85145.87121212122,"upper_bound":86191.40579710146},"point_estimate":85519.29160161332,"standard_error":263.0282412830965},"median_abs_dev":{"confidence_interval":{"confidence_level":0.95,"lower_bound":1457.7176357424137,"upper_bound":2836.502968960188},"point_estimate":1871.1497255945562,"standard_error":338.83349653753015},"slope":{"confidence_interval":{"confidence_level":0.95,"lower_bound":85130.67929349655,"upper_bound":86545.05569843418},"point_estimate":85794.94835968672,"standard_error":361.6633440664188},"std_dev":{"confidence_interval":{"confidence_level":0.95,"lower_bound":2881.92154724173,"upper_bound":5802.359922937345},"point_estimate":4466.013143804291,"standard_error":747.4102315511153}}