{"mean":{"confidence_interval":{"confidence_level":0.95,"lower_bound":104874.37236108237,"upper_bound":106243.93312866021},"point_estimate":105481.18326390588,"standard_error":351.0208722775158},"median":{"confidence_interval":{"confidence_level":0.95,"lower_bound":104400.89624999999,"upper_bound":105012.18631355933},"point_estimate":104710.35250822836,"standard_error":141.27460250185024},"median_abs_dev":{"confidence_interval":{"confidence_level":0.95,"lower_bound":822.3401759536905,"upper_bound":1443.8489540218784},"point_estimate":1046.0073540559863,"standard_error":148.92535424474576},"slope":{"confidence_interval":{"confidence_level":0.95,"lower_bound":104622.80792114238,"upper_bound":105567.75787215664},"point_estimate":105053.29090970889,"standard_error":242.75041496471414},"std_dev":{"confidence_interval":{"confidence_level":0.95,"lower_bound":1537.4785896050964,"upper_bound":5137.237594900573},"point_estimate":3521.3371687855447,"standard_error":934.6010191859986}}