{"mean":{"confidence_interval":{"confidence_level":0.95,"lower_bound":31032.25507185127,"upper_bound":31438.47371302659},"point_estimate":31240.775922547626,"standard_error":103.17342748818241},"median":{"confidence_interval":{"confidence_level":0.95,"lower_bound":31423.01345003095,"upper_bound":31766.128657164292},"point_estimate":31613.24124176205,"standard_error":96.46866650833938},"median_abs_dev":{"confidence_interval":{"confidence_level":0.95,"lower_bound":505.07694587179896,"upper_bound":958.8938169270656},"point_estimate":715.1321208283478,"standard_error":123.76339454953884},"slope":{"confidence_interval":{"confidence_level":0.95,"lower_bound":31671.92219308831,"upper_bound":31879.627357197816},"point_estimate":31778.848502934066,"standard_error":52.95281124041197},"std_dev":{"confidence_interval":{"confidence_level":0.95,"lower_bound":884.0570450985715,"upper_bound":1143.5505818298393},"point_estimate":1028.676586268728,"standard_error":66.11070147904587}}