{"mean":{"confidence_interval":{"confidence_level":0.95,"lower_bound":84691.34120897454,"upper_bound":87324.02140239689},"point_estimate":85915.32239886212,"standard_error":676.1092358078286},"median":{"confidence_interval":{"confidence_level":0.95,"lower_bound":82714.47881313131,"upper_bound":84528.0041982753},"point_estimate":83619.44313725492,"standard_error":443.7690941349758},"median_abs_dev":{"confidence_interval":{"confidence_level":0.95,"lower_bound":2155.385843397037,"upper_bound":4253.840730236277},"point_estimate":3359.8117731803086,"standard_error":544.6628941520578},"slope":{"confidence_interval":{"confidence_level":0.95,"lower_bound":83849.05823961145,"upper_bound":86551.07692666541},"point_estimate":85106.16836609034,"standard_error":690.4188541312035},"std_dev":{"confidence_interval":{"confidence_level":0.95,"lower_bound":4402.135391535344,"upper_bound":9104.12673950964},"point_estimate":6779.259402649723,"standard_error":1221.273285211854}}