{"mean":{"confidence_interval":{"confidence_level":0.95,"lower_bound":134933.85381596274,"upper_bound":138288.52233567875},"point_estimate":136525.1762908255,"standard_error":856.8509270462697},"median":{"confidence_interval":{"confidence_level":0.95,"lower_bound":133906.2999720436,"upper_bound":136285.76623376625},"point_estimate":134842.41398456617,"standard_error":634.2321066908164},"median_abs_dev":{"confidence_interval":{"confidence_level":0.95,"lower_bound":3833.583531155981,"upper_bound":6984.761578853261},"point_estimate":5087.774880186762,"standard_error":835.474381626058},"slope":{"confidence_interval":{"confidence_level":0.95,"lower_bound":135226.58624988134,"upper_bound":139941.50604547607},"point_estimate":137431.8360624037,"standard_error":1202.5126550753982},"std_dev":{"confidence_interval":{"confidence_level":0.95,"lower_bound":6257.770493602016,"upper_bound":10632.00714181977},"point_estimate":8589.759690405544,"standard_error":1120.378183926533}}