{"mean":{"confidence_interval":{"confidence_level":0.95,"lower_bound":236020.07523688523,"upper_bound":244686.65636467712},"point_estimate":240233.63413278185,"standard_error":2211.2084461824916},"median":{"confidence_interval":{"confidence_level":0.95,"lower_bound":229743.0061111111,"upper_bound":237761.56},"point_estimate":233008.0693939394,"standard_error":1949.6460460907567},"median_abs_dev":{"confidence_interval":{"confidence_level":0.95,"lower_bound":11339.743735179312,"upper_bound":21914.1002058622},"point_estimate":15795.777910568899,"standard_error":2764.982165096328},"slope":{"confidence_interval":{"confidence_level":0.95,"lower_bound":233732.62794721653,"upper_bound":244950.74064410894},"point_estimate":239136.4403824442,"standard_error":2870.657713593488},"std_dev":{"confidence_interval":{"confidence_level":0.95,"lower_bound":18179.17301932403,"upper_bound":25794.51180466953},"point_estimate":22216.35329586107,"standard_error":1955.0330732502152}}