{"mean":{"confidence_interval":{"confidence_level":0.95,"lower_bound":1738916.3058257021,"upper_bound":1802702.5298207093},"point_estimate":1768413.0380680582,"standard_error":16323.799134904268},"median":{"confidence_interval":{"confidence_level":0.95,"lower_bound":1697180.932653061,"upper_bound":1745861.01010101},"point_estimate":1716386.9278787877,"standard_error":15449.3211442344},"median_abs_dev":{"confidence_interval":{"confidence_level":0.95,"lower_bound":65123.7205822512,"upper_bound":130131.66971232317},"point_estimate":89055.49353806661,"standard_error":17892.188559505237},"slope":{"confidence_interval":{"confidence_level":0.95,"lower_bound":1713068.6944197596,"upper_bound":1771887.4756108252},"point_estimate":1741235.8782148662,"standard_error":15041.430240061236},"std_dev":{"confidence_interval":{"confidence_level":0.95,"lower_bound":103873.60805696978,"upper_bound":221498.74667538077},"point_estimate":162803.30098583852,"standard_error":31308.937085029476}}