{"mean":{"confidence_interval":{"confidence_level":0.95,"lower_bound":6838.416137708612,"upper_bound":6855.33079917805},"point_estimate":6846.88820435599,"standard_error":4.298354052099873},"median":{"confidence_interval":{"confidence_level":0.95,"lower_bound":6837.734975369458,"upper_bound":6853.659550876269},"point_estimate":6845.484885803851,"standard_error":4.28349774066672},"median_abs_dev":{"confidence_interval":{"confidence_level":0.95,"lower_bound":27.549690326845983,"upper_bound":47.64184076069837},"point_estimate":40.46954734186702,"standard_error":5.312019599017876},"slope":{"confidence_interval":{"confidence_level":0.95,"lower_bound":6841.226451292092,"upper_bound":6860.5672716094505},"point_estimate":6850.705005100819,"standard_error":4.940566541818011},"std_dev":{"confidence_interval":{"confidence_level":0.95,"lower_bound":34.51432281113159,"upper_bound":51.24869660219123},"point_estimate":43.04860876336352,"standard_error":4.29337438576646}}