{"mean":{"confidence_interval":{"confidence_level":0.95,"lower_bound":202410.64494765797,"upper_bound":212458.29030866307},"point_estimate":207062.8555905002,"standard_error":2568.121035485831},"median":{"confidence_interval":{"confidence_level":0.95,"lower_bound":198227.80428741028,"upper_bound":211216.75},"point_estimate":206971.97949735448,"standard_error":3530.4948870019084},"median_abs_dev":{"confidence_interval":{"confidence_level":0.95,"lower_bound":18827.044720455622,"upper_bound":28700.91794445687},"point_estimate":24519.52749014892,"standard_error":2530.467304372901},"slope":{"confidence_interval":{"confidence_level":0.95,"lower_bound":192106.42809651478,"upper_bound":198503.37554109187},"point_estimate":195135.90776710506,"standard_error":1630.7244250206643},"std_dev":{"confidence_interval":{"confidence_level":0.95,"lower_bound":17402.70299864643,"upper_bound":35848.59400182338},"point_estimate":25726.315738149617,"standard_error":5494.626594870491}}