{"mean":{"confidence_interval":{"confidence_level":0.95,"lower_bound":1011348.123105842,"upper_bound":1077679.1810954192},"point_estimate":1043553.5633828713,"standard_error":16928.604487106077},"median":{"confidence_interval":{"confidence_level":0.95,"lower_bound":956739.1428571428,"upper_bound":1028850.7578037905},"point_estimate":994249.5008403361,"standard_error":17918.393318386436},"median_abs_dev":{"confidence_interval":{"confidence_level":0.95,"lower_bound":91591.55929404932,"upper_bound":176897.95317443355},"point_estimate":126747.35425930332,"standard_error":21391.20963993582},"slope":{"confidence_interval":{"confidence_level":0.95,"lower_bound":1087340.3111625768,"upper_bound":1175492.9370950717},"point_estimate":1131204.947755283,"standard_error":22525.69109104268},"std_dev":{"confidence_interval":{"confidence_level":0.95,"lower_bound":141362.55218141165,"upper_bound":194324.9057851867},"point_estimate":170097.27355312344,"standard_error":13521.631076328815}}