{"mean":{"confidence_interval":{"confidence_level":0.95,"lower_bound":12969.079732299982,"upper_bound":13297.096758820666},"point_estimate":13123.982630512628,"standard_error":83.88346084127917},"median":{"confidence_interval":{"confidence_level":0.95,"lower_bound":12836.013706140351,"upper_bound":13094.979128856625},"point_estimate":12949.880717418546,"standard_error":68.09512266127618},"median_abs_dev":{"confidence_interval":{"confidence_level":0.95,"lower_bound":405.42336229966736,"upper_bound":661.3031465067025},"point_estimate":497.765569847104,"standard_error":66.37562375876429},"slope":{"confidence_interval":{"confidence_level":0.95,"lower_bound":12914.186904191894,"upper_bound":13162.689601160837},"point_estimate":13030.7215435978,"standard_error":63.57332778201384},"std_dev":{"confidence_interval":{"confidence_level":0.95,"lower_bound":593.9959225395459,"upper_bound":1066.4391122893915},"point_estimate":843.1288704346543,"standard_error":120.68872717091169}}