{"mean":{"confidence_interval":{"confidence_level":0.95,"lower_bound":283123.7495027201,"upper_bound":302527.743667079},"point_estimate":291590.81407529814,"standard_error":5008.92602364382},"median":{"confidence_interval":{"confidence_level":0.95,"lower_bound":273283.23234463274,"upper_bound":284765.81470588234},"point_estimate":279361.9683441558,"standard_error":2973.3919215958304},"median_abs_dev":{"confidence_interval":{"confidence_level":0.95,"lower_bound":14613.495760832837,"upper_bound":24681.434634788653},"point_estimate":20506.89785200937,"standard_error":2452.378666127314},"slope":{"confidence_interval":{"confidence_level":0.95,"lower_bound":283231.327457909,"upper_bound":295252.31091617834},"point_estimate":289194.79042781144,"standard_error":3067.4536520207735},"std_dev":{"confidence_interval":{"confidence_level":0.95,"lower_bound":22927.26634088459,"upper_bound":76667.42772915612},"point_estimate":50404.397563340266,"standard_error":15348.003602078554}}