{"mean":{"confidence_interval":{"confidence_level":0.95,"lower_bound":581061.588711516,"upper_bound":615279.0054632174},"point_estimate":595681.4021739714,"standard_error":8842.392118030515},"median":{"confidence_interval":{"confidence_level":0.95,"lower_bound":568016.6216216217,"upper_bound":584328.9166666666},"point_estimate":571398.7079305407,"standard_error":3942.400796482716},"median_abs_dev":{"confidence_interval":{"confidence_level":0.95,"lower_bound":15178.948190208797,"upper_bound":34042.78923869794},"point_estimate":21627.474635266357,"standard_error":4871.024888089827},"slope":{"confidence_interval":{"confidence_level":0.95,"lower_bound":561605.3352845304,"upper_bound":571583.7218120828},"point_estimate":566239.7854706665,"standard_error":2541.5196519125043},"std_dev":{"confidence_interval":{"confidence_level":0.95,"lower_bound":36843.59454339093,"upper_bound":137410.2944999544},"point_estimate":89037.7697743893,"standard_error":28762.308614780577}}