{"mean":{"confidence_interval":{"confidence_level":0.95,"lower_bound":636413.7766138364,"upper_bound":663539.7638340013},"point_estimate":649278.7038497927,"standard_error":6910.820843241599},"median":{"confidence_interval":{"confidence_level":0.95,"lower_bound":621906.5306122449,"upper_bound":651073.1272727273},"point_estimate":637921.0568379791,"standard_error":7892.032003282263},"median_abs_dev":{"confidence_interval":{"confidence_level":0.95,"lower_bound":40239.632678896436,"upper_bound":68476.73076256795},"point_estimate":56313.52727822287,"standard_error":7331.029759951861},"slope":{"confidence_interval":{"confidence_level":0.95,"lower_bound":635790.0803299424,"upper_bound":664374.4584630809},"point_estimate":649817.3011304862,"standard_error":7319.740091772651},"std_dev":{"confidence_interval":{"confidence_level":0.95,"lower_bound":49123.415756330396,"upper_bound":91741.66645533511},"point_estimate":68911.04470479433,"standard_error":11933.960280907819}}