{"mean":{"confidence_interval":{"confidence_level":0.95,"lower_bound":395683.1277336088,"upper_bound":403632.4195642157},"point_estimate":399526.4087892276,"standard_error":2032.1578393017037},"median":{"confidence_interval":{"confidence_level":0.95,"lower_bound":389984.4851043866,"upper_bound":397354.3641439206},"point_estimate":394454.67371273716,"standard_error":2091.8909941506536},"median_abs_dev":{"confidence_interval":{"confidence_level":0.95,"lower_bound":10269.865469231096,"upper_bound":17951.727607959776},"point_estimate":13740.681346513076,"standard_error":2087.443587162265},"slope":{"confidence_interval":{"confidence_level":0.95,"lower_bound":389783.48783322005,"upper_bound":397305.8370585405},"point_estimate":393318.6758139993,"standard_error":1918.6598484803212},"std_dev":{"confidence_interval":{"confidence_level":0.95,"lower_bound":16213.157539337517,"upper_bound":24164.621878943577},"point_estimate":20369.263071556277,"standard_error":2038.6274813324737}}