{"mean":{"confidence_interval":{"confidence_level":0.95,"lower_bound":103172.16458358895,"upper_bound":108150.4457888395},"point_estimate":105366.33497903102,"standard_error":1274.1893711880978},"median":{"confidence_interval":{"confidence_level":0.95,"lower_bound":100803.9125,"upper_bound":102206.13904157857},"point_estimate":101457.41846590908,"standard_error":357.0343727748036},"median_abs_dev":{"confidence_interval":{"confidence_level":0.95,"lower_bound":1177.3706387194654,"upper_bound":2737.8318509080254},"point_estimate":1904.02032512465,"standard_error":400.4644115601934},"slope":{"confidence_interval":{"confidence_level":0.95,"lower_bound":100822.9008304404,"upper_bound":102369.45157742515},"point_estimate":101515.35389094133,"standard_error":396.2877540511608},"std_dev":{"confidence_interval":{"confidence_level":0.95,"lower_bound":5701.11669786218,"upper_bound":18707.695077447755},"point_estimate":12791.892141179746,"standard_error":3378.9835025819384}}