{"mean":{"confidence_interval":{"confidence_level":0.95,"lower_bound":176301.06304966702,"upper_bound":177616.03139064944},"point_estimate":176903.63192932692,"standard_error":335.4937784007884},"median":{"confidence_interval":{"confidence_level":0.95,"lower_bound":176095.33166666667,"upper_bound":176722.8538524105},"point_estimate":176492.30471419694,"standard_error":170.34407195450265},"median_abs_dev":{"confidence_interval":{"confidence_level":0.95,"lower_bound":994.6695005613724,"upper_bound":1913.5655012739223},"point_estimate":1441.9715916055131,"standard_error":234.92361380351798},"slope":{"confidence_interval":{"confidence_level":0.95,"lower_bound":176351.3670413905,"upper_bound":177035.10972061113},"point_estimate":176675.76678143934,"standard_error":174.69953703746103},"std_dev":{"confidence_interval":{"confidence_level":0.95,"lower_bound":1830.0835790821893,"upper_bound":4707.612522341969},"point_estimate":3379.455945513419,"standard_error":755.6968079587457}}