{"mean":{"confidence_interval":{"confidence_level":0.95,"lower_bound":348534.4722674476,"upper_bound":356547.340979439},"point_estimate":352398.41278398724,"standard_error":2043.2350172999563},"median":{"confidence_interval":{"confidence_level":0.95,"lower_bound":343330.73333333334,"upper_bound":348388.2272727273},"point_estimate":344824.5492146063,"standard_error":1400.7014077939232},"median_abs_dev":{"confidence_interval":{"confidence_level":0.95,"lower_bound":8326.98008454415,"upper_bound":17262.737706070653},"point_estimate":11545.518249490246,"standard_error":2226.803547563445},"slope":{"confidence_interval":{"confidence_level":0.95,"lower_bound":346440.3359178647,"upper_bound":357320.6053219409},"point_estimate":351581.5040165509,"standard_error":2783.4794824613805},"std_dev":{"confidence_interval":{"confidence_level":0.95,"lower_bound":16098.815672730641,"upper_bound":24530.390523456586},"point_estimate":20546.26537932795,"standard_error":2157.674785876311}}