{"mean":{"confidence_interval":{"confidence_level":0.95,"lower_bound":60552.143045576224,"upper_bound":60902.707648870346},"point_estimate":60727.39181639158,"standard_error":89.38726917686698},"median":{"confidence_interval":{"confidence_level":0.95,"lower_bound":60501.001225490196,"upper_bound":60929.25074272133},"point_estimate":60693.39569017594,"standard_error":130.50304932919687},"median_abs_dev":{"confidence_interval":{"confidence_level":0.95,"lower_bound":661.1850809086791,"upper_bound":1018.8918616176308},"point_estimate":853.6847317023556,"standard_error":93.46719944368252},"slope":{"confidence_interval":{"confidence_level":0.95,"lower_bound":60667.19137225743,"upper_bound":60982.804386818374},"point_estimate":60829.98910230443,"standard_error":80.56586156008294},"std_dev":{"confidence_interval":{"confidence_level":0.95,"lower_bound":741.8782525721896,"upper_bound":1053.0292779971346},"point_estimate":899.5441082779049,"standard_error":79.74123545765734}}