{"mean":{"confidence_interval":{"confidence_level":0.95,"lower_bound":2731232.7870263164,"upper_bound":2767195.3370921044},"point_estimate":2748198.2163157905,"standard_error":9200.110214893934},"median":{"confidence_interval":{"confidence_level":0.95,"lower_bound":2715185.789473684,"upper_bound":2743364.947368421},"point_estimate":2731585.921052632,"standard_error":7401.417643667446},"median_abs_dev":{"confidence_interval":{"confidence_level":0.95,"lower_bound":36827.31515671074,"upper_bound":58005.16333862366},"point_estimate":49035.31645050098,"standard_error":5309.066489033406},"slope":null,"std_dev":{"confidence_interval":{"confidence_level":0.95,"lower_bound":62417.709231331355,"upper_bound":119713.48997947737},"point_estimate":92701.52913286396,"standard_error":14715.089427523802}}