{"mean":{"confidence_interval":{"confidence_level":0.95,"lower_bound":60145.15763530789,"upper_bound":60759.020318619725},"point_estimate":60433.73276214131,"standard_error":156.622666950409},"median":{"confidence_interval":{"confidence_level":0.95,"lower_bound":59994.704152249134,"upper_bound":60505.274159663866},"point_estimate":60273.54936663323,"standard_error":125.22253231697167},"median_abs_dev":{"confidence_interval":{"confidence_level":0.95,"lower_bound":804.877206525285,"upper_bound":1427.8643065968522},"point_estimate":1199.5789084949238,"standard_error":150.57333404024456},"slope":{"confidence_interval":{"confidence_level":0.95,"lower_bound":60185.38898491712,"upper_bound":60608.71280364657},"point_estimate":60398.37183476908,"standard_error":107.99336913996801},"std_dev":{"confidence_interval":{"confidence_level":0.95,"lower_bound":1063.606462117568,"upper_bound":2096.285782440289},"point_estimate":1571.0461378915672,"standard_error":272.6878228054307}}