{"mean":{"confidence_interval":{"confidence_level":0.95,"lower_bound":1391609.8460395937,"upper_bound":1487825.6318115282},"point_estimate":1436191.4496375015,"standard_error":24569.253519670354},"median":{"confidence_interval":{"confidence_level":0.95,"lower_bound":1356273.3454545455,"upper_bound":1399789.2656110616},"point_estimate":1377761.5098081953,"standard_error":11724.038360237219},"median_abs_dev":{"confidence_interval":{"confidence_level":0.95,"lower_bound":82157.30878876186,"upper_bound":150350.80919423795},"point_estimate":112869.75776301516,"standard_error":17746.786350914128},"slope":{"confidence_interval":{"confidence_level":0.95,"lower_bound":1347851.5272310642,"upper_bound":1390799.1871267103},"point_estimate":1369169.1266676518,"standard_error":10976.380875808898},"std_dev":{"confidence_interval":{"confidence_level":0.95,"lower_bound":161643.4688826952,"upper_bound":322426.4193119773},"point_estimate":246514.04542134766,"standard_error":41220.02279485034}}