{"mean":{"confidence_interval":{"confidence_level":0.95,"lower_bound":137608.99042056547,"upper_bound":144243.4402000907},"point_estimate":140806.25793370686,"standard_error":1691.137095423711},"median":{"confidence_interval":{"confidence_level":0.95,"lower_bound":136518.02319587627,"upper_bound":142512.63407784744},"point_estimate":140118.14624183008,"standard_error":1591.8215621490274},"median_abs_dev":{"confidence_interval":{"confidence_level":0.95,"lower_bound":10348.86678910742,"upper_bound":16259.65480512741},"point_estimate":13798.45001134434,"standard_error":1520.5991881324794},"slope":{"confidence_interval":{"confidence_level":0.95,"lower_bound":135715.36506538754,"upper_bound":142084.57490592374},"point_estimate":138855.15873836263,"standard_error":1619.9942211453488},"std_dev":{"confidence_interval":{"confidence_level":0.95,"lower_bound":12610.831356098737,"upper_bound":21200.231616486035},"point_estimate":16933.371988890503,"standard_error":2238.30575921207}}