{"mean":{"confidence_interval":{"confidence_level":0.95,"lower_bound":393314.16258643556,"upper_bound":410948.6036258678},"point_estimate":401522.64966706245,"standard_error":4530.238945056574},"median":{"confidence_interval":{"confidence_level":0.95,"lower_bound":391877.97076023393,"upper_bound":401554.5090909091},"point_estimate":395191.5488235294,"standard_error":2012.2547621948406},"median_abs_dev":{"confidence_interval":{"confidence_level":0.95,"lower_bound":16823.405705077104,"upper_bound":36854.75485164873},"point_estimate":27643.84323387567,"standard_error":5527.708562017715},"slope":{"confidence_interval":{"confidence_level":0.95,"lower_bound":405726.55601029785,"upper_bound":430031.2377557377},"point_estimate":416231.78159795085,"standard_error":6302.3456862999865},"std_dev":{"confidence_interval":{"confidence_level":0.95,"lower_bound":29337.835702209104,"upper_bound":59341.10862458133},"point_estimate":45620.974406321184,"standard_error":7585.660172904732}}