{"mean":{"confidence_interval":{"confidence_level":0.95,"lower_bound":594227.3003084172,"upper_bound":616229.8737243209},"point_estimate":604398.7280870512,"standard_error":5633.6903040117895},"median":{"confidence_interval":{"confidence_level":0.95,"lower_bound":583071.0833333334,"upper_bound":597545.3539325843},"point_estimate":590533.7060713349,"standard_error":3256.6806129951515},"median_abs_dev":{"confidence_interval":{"confidence_level":0.95,"lower_bound":20992.549040442096,"upper_bound":36453.510547982114},"point_estimate":26475.572007575774,"standard_error":3868.3175381099327},"slope":{"confidence_interval":{"confidence_level":0.95,"lower_bound":589710.9548117843,"upper_bound":608616.3811698635},"point_estimate":598380.1966513965,"standard_error":4818.2079952697},"std_dev":{"confidence_interval":{"confidence_level":0.95,"lower_bound":34566.61626275187,"upper_bound":76076.06174151956},"point_estimate":56719.97762349101,"standard_error":10667.527154290547}}