{"mean":{"confidence_interval":{"confidence_level":0.95,"lower_bound":1834882.4337377767,"upper_bound":1890121.2008261892},"point_estimate":1861355.6450364906,"standard_error":14138.153560101095},"median":{"confidence_interval":{"confidence_level":0.95,"lower_bound":1810005.6304347827,"upper_bound":1854172.2432432433},"point_estimate":1823945.2435270427,"standard_error":10491.53974631264},"median_abs_dev":{"confidence_interval":{"confidence_level":0.95,"lower_bound":83854.57220041411,"upper_bound":126222.91832958827},"point_estimate":104707.28339837918,"standard_error":10818.387395438},"slope":{"confidence_interval":{"confidence_level":0.95,"lower_bound":1803298.955133703,"upper_bound":1852975.7087838799},"point_estimate":1826520.9387113936,"standard_error":12681.227676635386},"std_dev":{"confidence_interval":{"confidence_level":0.95,"lower_bound":106819.966223539,"upper_bound":172270.92015042345},"point_estimate":141675.74340934693,"standard_error":16795.181524709216}}