{"mean":{"confidence_interval":{"confidence_level":0.95,"lower_bound":329202.0461610961,"upper_bound":330054.9791141695},"point_estimate":329603.29393455567,"standard_error":219.17722107990755},"median":{"confidence_interval":{"confidence_level":0.95,"lower_bound":328723.05844155845,"upper_bound":329155.605972087},"point_estimate":328951.08763586957,"standard_error":93.8505085212866},"median_abs_dev":{"confidence_interval":{"confidence_level":0.95,"lower_bound":729.632183779376,"upper_bound":1172.0552758206604},"point_estimate":986.9185675702267,"standard_error":107.55696138480191},"slope":{"confidence_interval":{"confidence_level":0.95,"lower_bound":328649.1499696266,"upper_bound":329336.1309265904},"point_estimate":328953.35175336193,"standard_error":175.75987541079823},"std_dev":{"confidence_interval":{"confidence_level":0.95,"lower_bound":1493.9279073042562,"upper_bound":2842.8757084062618},"point_estimate":2206.7061987860284,"standard_error":346.8165396135223}}