{"mean":{"confidence_interval":{"confidence_level":0.95,"lower_bound":4483815.095062501,"upper_bound":4485579.877249999},"point_estimate":4484684.81,"standard_error":448.1864611056576},"median":{"confidence_interval":{"confidence_level":0.95,"lower_bound":4482989.833333333,"upper_bound":4485206.583333333},"point_estimate":4483839.333333334,"standard_error":603.9755349706732},"median_abs_dev":{"confidence_interval":{"confidence_level":0.95,"lower_bound":3314.661116153232,"upper_bound":5745.198448001878},"point_estimate":4861.692413687476,"standard_error":624.0559432715219},"slope":null,"std_dev":{"confidence_interval":{"confidence_level":0.95,"lower_bound":3826.8040895171644,"upper_bound":5136.98864169676},"point_estimate":4493.2159725953625,"standard_error":335.9455312222335}}