{"mean":{"confidence_interval":{"confidence_level":0.95,"lower_bound":1285279.5673070427,"upper_bound":1440667.1260438482},"point_estimate":1353984.1727848328,"standard_error":39928.83233328073},"median":{"confidence_interval":{"confidence_level":0.95,"lower_bound":1222532.4210526317,"upper_bound":1297490.8181818181},"point_estimate":1254567.219047619,"standard_error":18527.213541267785},"median_abs_dev":{"confidence_interval":{"confidence_level":0.95,"lower_bound":131648.5928271423,"upper_bound":255269.49279617812},"point_estimate":219801.49089589162,"standard_error":31166.647554109335},"slope":{"confidence_interval":{"confidence_level":0.95,"lower_bound":1196818.9487150656,"upper_bound":1260151.1568055316},"point_estimate":1227936.6644983005,"standard_error":16168.927086129825},"std_dev":{"confidence_interval":{"confidence_level":0.95,"lower_bound":204557.06318590496,"upper_bound":596118.9720874291},"point_estimate":400426.3152198302,"standard_error":111327.01574879339}}