{"mean":{"confidence_interval":{"confidence_level":0.95,"lower_bound":1424481.2461067827,"upper_bound":1490673.1227352924},"point_estimate":1453393.7367063598,"standard_error":17010.360197762635},"median":{"confidence_interval":{"confidence_level":0.95,"lower_bound":1398242.21875,"upper_bound":1435067.1333333333},"point_estimate":1409107.9123641304,"standard_error":10292.87778780386},"median_abs_dev":{"confidence_interval":{"confidence_level":0.95,"lower_bound":50039.27486737562,"upper_bound":89283.46528827949},"point_estimate":63800.37372518019,"standard_error":10260.026929292777},"slope":{"confidence_interval":{"confidence_level":0.95,"lower_bound":1398509.4287749066,"upper_bound":1430810.8331572872},"point_estimate":1414471.2972691,"standard_error":8262.867423122418},"std_dev":{"confidence_interval":{"confidence_level":0.95,"lower_bound":84292.16758338075,"upper_bound":257011.60887231532},"point_estimate":170850.91455428855,"standard_error":50002.80055715527}}