{"mean":{"confidence_interval":{"confidence_level":0.95,"lower_bound":50251.56287381904,"upper_bound":51412.11423090537},"point_estimate":50800.57623405763,"standard_error":295.74786032111507},"median":{"confidence_interval":{"confidence_level":0.95,"lower_bound":50046.117757627646,"upper_bound":50757.50802469136},"point_estimate":50391.64936186186,"standard_error":197.32244333663192},"median_abs_dev":{"confidence_interval":{"confidence_level":0.95,"lower_bound":1120.0105316093254,"upper_bound":2140.3316686387616},"point_estimate":1441.0654188724968,"standard_error":257.7373269665411},"slope":{"confidence_interval":{"confidence_level":0.95,"lower_bound":50955.12214950226,"upper_bound":52459.08260712419},"point_estimate":51632.26373474213,"standard_error":386.56057380628664},"std_dev":{"confidence_interval":{"confidence_level":0.95,"lower_bound":2083.369961797525,"upper_bound":3853.536789739622},"point_estimate":2973.355510779885,"standard_error":460.71605741419626}}