{"mean":{"confidence_interval":{"confidence_level":0.95,"lower_bound":113567.33550858038,"upper_bound":119289.29817644159},"point_estimate":116296.1219573854,"standard_error":1457.9925666008826},"median":{"confidence_interval":{"confidence_level":0.95,"lower_bound":108997.21709401709,"upper_bound":117983.23391812865},"point_estimate":111057.48341049382,"standard_error":2199.7452700153485},"median_abs_dev":{"confidence_interval":{"confidence_level":0.95,"lower_bound":8482.38064861162,"upper_bound":15341.648236427587},"point_estimate":11331.568328471625,"standard_error":1509.3037290980803},"slope":{"confidence_interval":{"confidence_level":0.95,"lower_bound":113104.50334957606,"upper_bound":118592.36889562516},"point_estimate":115794.32626373085,"standard_error":1402.1752186060305},"std_dev":{"confidence_interval":{"confidence_level":0.95,"lower_bound":10961.598791474458,"upper_bound":18333.100154789583},"point_estimate":14652.871760619715,"standard_error":1906.9883658852755}}