{"mean":{"confidence_interval":{"confidence_level":0.95,"lower_bound":66980.04936584093,"upper_bound":67968.76992134811},"point_estimate":67415.14859362664,"standard_error":253.35383495444884},"median":{"confidence_interval":{"confidence_level":0.95,"lower_bound":66747.77719298245,"upper_bound":67054.2246929541},"point_estimate":66938.68378136201,"standard_error":77.17159706801867},"median_abs_dev":{"confidence_interval":{"confidence_level":0.95,"lower_bound":603.3435916256674,"upper_bound":1231.3837682335486},"point_estimate":878.5809412441735,"standard_error":149.28198292706705},"slope":{"confidence_interval":{"confidence_level":0.95,"lower_bound":66891.16697891102,"upper_bound":67496.2201738566},"point_estimate":67178.1777400128,"standard_error":154.4680197332385},"std_dev":{"confidence_interval":{"confidence_level":0.95,"lower_bound":1238.136591897564,"upper_bound":3789.70733870818},"point_estimate":2545.2699281065366,"standard_error":695.9863176558994}}