{"mean":{"confidence_interval":{"confidence_level":0.95,"lower_bound":73322.31131681571,"upper_bound":75230.80214960346},"point_estimate":74261.10667064163,"standard_error":488.7687256243241},"median":{"confidence_interval":{"confidence_level":0.95,"lower_bound":72742.48125,"upper_bound":74777.7652955153},"point_estimate":73642.90072463767,"standard_error":561.0096331490607},"median_abs_dev":{"confidence_interval":{"confidence_level":0.95,"lower_bound":3402.446950581018,"upper_bound":5724.599412052251},"point_estimate":4361.152808078328,"standard_error":599.6583301327229},"slope":{"confidence_interval":{"confidence_level":0.95,"lower_bound":72819.05977505399,"upper_bound":74840.53445246183},"point_estimate":73825.75422727944,"standard_error":514.4560965550232},"std_dev":{"confidence_interval":{"confidence_level":0.95,"lower_bound":4087.0337899556253,"upper_bound":5631.99796618513},"point_estimate":4893.186180275719,"standard_error":395.2385922601873}}