{"mean":{"confidence_interval":{"confidence_level":0.95,"lower_bound":238679.5520218144,"upper_bound":255000.70846202786},"point_estimate":246558.57532441764,"standard_error":4172.686909247045},"median":{"confidence_interval":{"confidence_level":0.95,"lower_bound":228249.60333333333,"upper_bound":246252.11139240506},"point_estimate":236439.90214285714,"standard_error":5011.365307007029},"median_abs_dev":{"confidence_interval":{"confidence_level":0.95,"lower_bound":24506.461745707024,"upper_bound":40774.58424130835},"point_estimate":32374.85638755697,"standard_error":3959.808127435132},"slope":{"confidence_interval":{"confidence_level":0.95,"lower_bound":227705.3273439604,"upper_bound":242057.01656627958},"point_estimate":234495.81320348752,"standard_error":3659.5328883254924},"std_dev":{"confidence_interval":{"confidence_level":0.95,"lower_bound":32086.255185859693,"upper_bound":50931.219224411834},"point_estimate":41994.732044278826,"standard_error":4831.915215799561}}