{"mean":{"confidence_interval":{"confidence_level":0.95,"lower_bound":47431.37667777029,"upper_bound":47773.61742044755},"point_estimate":47556.45747245906,"standard_error":96.20616513565612},"median":{"confidence_interval":{"confidence_level":0.95,"lower_bound":47404.472790619344,"upper_bound":47457.89947089947},"point_estimate":47426.50948187494,"standard_error":15.133842664181975},"median_abs_dev":{"confidence_interval":{"confidence_level":0.95,"lower_bound":82.36445063223636,"upper_bound":143.53474950404237},"point_estimate":105.50524520392453,"standard_error":15.875692436554221},"slope":{"confidence_interval":{"confidence_level":0.95,"lower_bound":47448.95524360353,"upper_bound":47510.14421756224},"point_estimate":47479.4026380122,"standard_error":15.666759439386572},"std_dev":{"confidence_interval":{"confidence_level":0.95,"lower_bound":147.03571759241945,"upper_bound":1623.9536903142057},"point_estimate":960.6891382929865,"standard_error":501.88567301166046}}