{"mean":{"confidence_interval":{"confidence_level":0.95,"lower_bound":2132.7432017333113,"upper_bound":2151.9328386684474},"point_estimate":2142.065109541876,"standard_error":4.896506757526311},"median":{"confidence_interval":{"confidence_level":0.95,"lower_bound":2122.1869889682025,"upper_bound":2145.9718308814345},"point_estimate":2136.227043815302,"standard_error":5.890912575752102},"median_abs_dev":{"confidence_interval":{"confidence_level":0.95,"lower_bound":31.219600883478158,"upper_bound":52.03682382632965},"point_estimate":40.58299672030716,"standard_error":5.326131898906184},"slope":{"confidence_interval":{"confidence_level":0.95,"lower_bound":2118.636783116871,"upper_bound":2133.0464095732723},"point_estimate":2125.656007151072,"standard_error":3.690416133636886},"std_dev":{"confidence_interval":{"confidence_level":0.95,"lower_bound":39.770161019847244,"upper_bound":58.92160726317139},"point_estimate":49.66465208788805,"standard_error":4.898620217945027}}