{"mean":{"confidence_interval":{"confidence_level":0.95,"lower_bound":120921.2109550331,"upper_bound":128321.46851535974},"point_estimate":124562.53268747515,"standard_error":1885.1314741213037},"median":{"confidence_interval":{"confidence_level":0.95,"lower_bound":118785.75562169313,"upper_bound":124691.83957382038},"point_estimate":121561.98243933589,"standard_error":1767.3153994854276},"median_abs_dev":{"confidence_interval":{"confidence_level":0.95,"lower_bound":15620.302152108354,"upper_bound":24832.575660074068},"point_estimate":21038.44099895678,"standard_error":2129.4207641781404},"slope":{"confidence_interval":{"confidence_level":0.95,"lower_bound":123813.80770372142,"upper_bound":133339.50421840034},"point_estimate":128717.37239479172,"standard_error":2429.1507815684745},"std_dev":{"confidence_interval":{"confidence_level":0.95,"lower_bound":16162.636903488105,"upper_bound":21750.994976696267},"point_estimate":18967.561186423805,"standard_error":1427.7555826575751}}