{"mean":{"confidence_interval":{"confidence_level":0.95,"lower_bound":30452985.52625,"upper_bound":32600844.26825},"point_estimate":31492221.425,"standard_error":546572.8553094852},"median":{"confidence_interval":{"confidence_level":0.95,"lower_bound":28960455.5,"upper_bound":31851330.5},"point_estimate":29866969.5,"standard_error":737211.8154354547},"median_abs_dev":{"confidence_interval":{"confidence_level":0.95,"lower_bound":3302246.1174046635,"upper_bound":5557426.2964859605},"point_estimate":4437238.620123267,"standard_error":551387.5379684494},"slope":null,"std_dev":{"confidence_interval":{"confidence_level":0.95,"lower_bound":4430538.092748456,"upper_bound":6376319.796008077},"point_estimate":5478519.953924315,"standard_error":497853.28494318214}}