{"mean":{"confidence_interval":{"confidence_level":0.95,"lower_bound":3457644.7210166645,"upper_bound":3531316.7546666665},"point_estimate":3492710.752,"standard_error":18868.94111261088},"median":{"confidence_interval":{"confidence_level":0.95,"lower_bound":3408133.2333333334,"upper_bound":3487326.066666667},"point_estimate":3427964.9,"standard_error":19188.733561424608},"median_abs_dev":{"confidence_interval":{"confidence_level":0.95,"lower_bound":99489.50429020825,"upper_bound":167778.77196133145},"point_estimate":127582.719154954,"standard_error":16364.175986422231},"slope":null,"std_dev":{"confidence_interval":{"confidence_level":0.95,"lower_bound":141060.88356529636,"upper_bound":232801.84140029008},"point_estimate":189057.95353597048,"standard_error":23619.52747851681}}