{"mean":{"confidence_interval":{"confidence_level":0.95,"lower_bound":163087.41409201926,"upper_bound":168452.6633812934},"point_estimate":165357.07032478997,"standard_error":1389.2333368281309},"median":{"confidence_interval":{"confidence_level":0.95,"lower_bound":161465.96460746462,"upper_bound":162702.80661927693},"point_estimate":162136.10613636364,"standard_error":338.47648872512946},"median_abs_dev":{"confidence_interval":{"confidence_level":0.95,"lower_bound":2085.410115274288,"upper_bound":3944.8722825735153},"point_estimate":2984.180782152629,"standard_error":482.30462421726713},"slope":{"confidence_interval":{"confidence_level":0.95,"lower_bound":160947.62746293287,"upper_bound":162175.19345586936},"point_estimate":161511.48026430787,"standard_error":313.93552267848406},"std_dev":{"confidence_interval":{"confidence_level":0.95,"lower_bound":4878.872806817176,"upper_bound":21883.593126392665},"point_estimate":13935.410083298932,"standard_error":4779.350016866324}}