{"mean":{"confidence_interval":{"confidence_level":0.95,"lower_bound":4639451.783590908,"upper_bound":4761523.7337727295},"point_estimate":4697085.246363636,"standard_error":31154.90294582842},"median":{"confidence_interval":{"confidence_level":0.95,"lower_bound":4608559.090909091,"upper_bound":4728633.181818182},"point_estimate":4656341.545454545,"standard_error":29677.745765532738},"median_abs_dev":{"confidence_interval":{"confidence_level":0.95,"lower_bound":205511.03507713176,"upper_bound":297123.682488637},"point_estimate":264297.0995168788,"standard_error":22591.63359959324},"slope":null,"std_dev":{"confidence_interval":{"confidence_level":0.95,"lower_bound":222199.16892204856,"upper_bound":403948.4220885116},"point_estimate":313432.66202049586,"standard_error":47146.5266239229}}