{"mean":{"confidence_interval":{"confidence_level":0.95,"lower_bound":1310130.9178450746,"upper_bound":1372439.1612571094},"point_estimate":1337844.8495648908,"standard_error":16031.10230785728},"median":{"confidence_interval":{"confidence_level":0.95,"lower_bound":1293070.2307692308,"upper_bound":1320920.519893899},"point_estimate":1311270.8920883422,"standard_error":8317.788853551798},"median_abs_dev":{"confidence_interval":{"confidence_level":0.95,"lower_bound":53944.53272160335,"upper_bound":86638.75806503286},"point_estimate":67918.79271759167,"standard_error":8035.248692445705},"slope":{"confidence_interval":{"confidence_level":0.95,"lower_bound":1278040.3064019426,"upper_bound":1311009.0021568513},"point_estimate":1293992.7740505394,"standard_error":8400.52519365477},"std_dev":{"confidence_interval":{"confidence_level":0.95,"lower_bound":71455.74764701875,"upper_bound":233539.12056374972},"point_estimate":160988.66880058285,"standard_error":41486.2708932039}}