{"mean":{"confidence_interval":{"confidence_level":0.95,"lower_bound":966072.9688287883,"upper_bound":975445.0054264537},"point_estimate":970354.2215442843,"standard_error":2393.4321276871738},"median":{"confidence_interval":{"confidence_level":0.95,"lower_bound":962823.9752552467,"upper_bound":969352.5892857143},"point_estimate":967963.0125747268,"standard_error":1994.6512942506906},"median_abs_dev":{"confidence_interval":{"confidence_level":0.95,"lower_bound":11723.462543940426,"upper_bound":18680.697611729967},"point_estimate":16292.06265404804,"standard_error":1883.031680295121},"slope":{"confidence_interval":{"confidence_level":0.95,"lower_bound":961680.4631971942,"upper_bound":967353.4142144434},"point_estimate":964525.2587926703,"standard_error":1452.7904944798927},"std_dev":{"confidence_interval":{"confidence_level":0.95,"lower_bound":13796.482398690476,"upper_bound":34552.73945053341},"point_estimate":24156.47974717674,"standard_error":5519.049316501732}}