{"mean":{"confidence_interval":{"confidence_level":0.95,"lower_bound":421358.5648524232,"upper_bound":432425.96852739155},"point_estimate":426447.5590098069,"standard_error":2826.101370153553},"median":{"confidence_interval":{"confidence_level":0.95,"lower_bound":411844.0,"upper_bound":429808.873015873},"point_estimate":426080.2916920268,"standard_error":4865.882276459246},"median_abs_dev":{"confidence_interval":{"confidence_level":0.95,"lower_bound":16076.264165871282,"upper_bound":26903.593835118754},"point_estimate":23456.176168184993,"standard_error":2906.7728163791726},"slope":{"confidence_interval":{"confidence_level":0.95,"lower_bound":418601.0519612806,"upper_bound":427156.77547181415},"point_estimate":422933.88588246884,"standard_error":2190.607099675237},"std_dev":{"confidence_interval":{"confidence_level":0.95,"lower_bound":16853.419926575003,"upper_bound":39648.57143830069},"point_estimate":28494.01693253162,"standard_error":6044.31586653741}}