{"mean":{"confidence_interval":{"confidence_level":0.95,"lower_bound":6160.03421758085,"upper_bound":6184.499926468596},"point_estimate":6171.673902522691,"standard_error":6.262880417638369},"median":{"confidence_interval":{"confidence_level":0.95,"lower_bound":6152.124461769727,"upper_bound":6170.545512788055},"point_estimate":6159.340425901852,"standard_error":4.917752754892874},"median_abs_dev":{"confidence_interval":{"confidence_level":0.95,"lower_bound":32.67307980021216,"upper_bound":53.921567884655865},"point_estimate":42.35791766667076,"standard_error":5.481058046177692},"slope":{"confidence_interval":{"confidence_level":0.95,"lower_bound":6161.162999867967,"upper_bound":6193.825639953066},"point_estimate":6176.468978335675,"standard_error":8.360680145673685},"std_dev":{"confidence_interval":{"confidence_level":0.95,"lower_bound":44.02152993405866,"upper_bound":82.2033382908963},"point_estimate":62.94788959860566,"standard_error":10.030723678857907}}