{"mean":{"confidence_interval":{"confidence_level":0.95,"lower_bound":2400957.4822954554,"upper_bound":2492885.345761363},"point_estimate":2445844.3213636354,"standard_error":23534.566440934937},"median":{"confidence_interval":{"confidence_level":0.95,"lower_bound":2348730.3636363638,"upper_bound":2455085.0},"point_estimate":2391671.3181818184,"standard_error":27903.984971778744},"median_abs_dev":{"confidence_interval":{"confidence_level":0.95,"lower_bound":143637.1495635673,"upper_bound":250822.52335155554},"point_estimate":192758.44971876245,"standard_error":27441.905700353578},"slope":null,"std_dev":{"confidence_interval":{"confidence_level":0.95,"lower_bound":189692.35084767622,"upper_bound":280953.13583194226},"point_estimate":236690.1746591294,"standard_error":23455.640801132147}}