{"mean":{"confidence_interval":{"confidence_level":0.95,"lower_bound":153558.08216289568,"upper_bound":166661.99535158585},"point_estimate":159199.71616483343,"standard_error":3381.8908846705817},"median":{"confidence_interval":{"confidence_level":0.95,"lower_bound":148501.4649859944,"upper_bound":151808.3831168831},"point_estimate":150371.6987920168,"standard_error":884.6780465024135},"median_abs_dev":{"confidence_interval":{"confidence_level":0.95,"lower_bound":4789.072670196978,"upper_bound":8918.890067568853},"point_estimate":6684.250783352895,"standard_error":1079.5305557449071},"slope":{"confidence_interval":{"confidence_level":0.95,"lower_bound":146845.22700890797,"upper_bound":148954.71137731767},"point_estimate":147817.0446304545,"standard_error":540.4393203837105},"std_dev":{"confidence_interval":{"confidence_level":0.95,"lower_bound":13486.713887534279,"upper_bound":52424.80672542869},"point_estimate":34057.64751002048,"standard_error":10845.14937335726}}