{"mean":{"confidence_interval":{"confidence_level":0.95,"lower_bound":355358.91219128045,"upper_bound":359477.19849303656},"point_estimate":357292.57094390155,"standard_error":1054.2367736932852},"median":{"confidence_interval":{"confidence_level":0.95,"lower_bound":353969.37638493197,"upper_bound":356728.83797909407},"point_estimate":354997.9477351917,"standard_error":757.191959285488},"median_abs_dev":{"confidence_interval":{"confidence_level":0.95,"lower_bound":3695.917368294983,"upper_bound":7390.349050901824},"point_estimate":5367.49820325437,"standard_error":903.6874576897428},"slope":{"confidence_interval":{"confidence_level":0.95,"lower_bound":355955.2509799303,"upper_bound":358882.5996955672},"point_estimate":357363.9390315748,"standard_error":750.1085182542743},"std_dev":{"confidence_interval":{"confidence_level":0.95,"lower_bound":6880.523349341659,"upper_bound":14033.216731167997},"point_estimate":10595.468443463407,"standard_error":1850.544661126353}}