{"mean":{"confidence_interval":{"confidence_level":0.95,"lower_bound":3362.535875275415,"upper_bound":3458.5953138821087},"point_estimate":3409.2790313303035,"standard_error":24.416439597202668},"median":{"confidence_interval":{"confidence_level":0.95,"lower_bound":3347.3123432910666,"upper_bound":3433.701909445331},"point_estimate":3373.174303490093,"standard_error":22.431926688018198},"median_abs_dev":{"confidence_interval":{"confidence_level":0.95,"lower_bound":133.15761211590095,"upper_bound":216.1997569796707},"point_estimate":176.20824171484676,"standard_error":22.077111881290314},"slope":{"confidence_interval":{"confidence_level":0.95,"lower_bound":3258.344415197412,"upper_bound":3344.1916653287435},"point_estimate":3300.666787046864,"standard_error":21.88628938077382},"std_dev":{"confidence_interval":{"confidence_level":0.95,"lower_bound":189.46397499074803,"upper_bound":300.1712461460957},"point_estimate":245.04720480382286,"standard_error":28.60509759175432}}