{"mean":{"confidence_interval":{"confidence_level":0.95,"lower_bound":715666.1360933367,"upper_bound":756462.3126504316},"point_estimate":734731.5475890477,"standard_error":10425.078468734679},"median":{"confidence_interval":{"confidence_level":0.95,"lower_bound":703114.4165609807,"upper_bound":734381.9195402298},"point_estimate":716273.28828125,"standard_error":8369.694937720622},"median_abs_dev":{"confidence_interval":{"confidence_level":0.95,"lower_bound":50937.39319296315,"upper_bound":79143.71558223327},"point_estimate":64981.33001941562,"standard_error":7040.642590691666},"slope":{"confidence_interval":{"confidence_level":0.95,"lower_bound":692873.64758426,"upper_bound":720208.4184634225},"point_estimate":705978.2516521354,"standard_error":7004.864490565571},"std_dev":{"confidence_interval":{"confidence_level":0.95,"lower_bound":66877.41745704526,"upper_bound":141399.65676436847},"point_estimate":105261.47054734566,"standard_error":19289.115267443605}}