{"mean":{"confidence_interval":{"confidence_level":0.95,"lower_bound":152648.99390875344,"upper_bound":157352.12950907866},"point_estimate":154905.73884152464,"standard_error":1197.0993542307422},"median":{"confidence_interval":{"confidence_level":0.95,"lower_bound":150262.22653061224,"upper_bound":153053.52216748768},"point_estimate":151211.9065141208,"standard_error":730.3826609640646},"median_abs_dev":{"confidence_interval":{"confidence_level":0.95,"lower_bound":6076.150397439008,"upper_bound":10244.251859901244},"point_estimate":7429.9204809289895,"standard_error":1074.1684970464255},"slope":{"confidence_interval":{"confidence_level":0.95,"lower_bound":151055.37838422382,"upper_bound":156172.2436266759},"point_estimate":153411.23487681817,"standard_error":1312.1767921757466},"std_dev":{"confidence_interval":{"confidence_level":0.95,"lower_bound":9094.111038130028,"upper_bound":14761.126869353378},"point_estimate":12094.240166963606,"standard_error":1449.3872333522345}}