{"mean":{"confidence_interval":{"confidence_level":0.95,"lower_bound":7578.522418992535,"upper_bound":7928.978317186943},"point_estimate":7722.034075411227,"standard_error":91.58066902075028},"median":{"confidence_interval":{"confidence_level":0.95,"lower_bound":7521.462019230769,"upper_bound":7638.907659151194},"point_estimate":7589.602546267153,"standard_error":34.62894035539233},"median_abs_dev":{"confidence_interval":{"confidence_level":0.95,"lower_bound":166.59467880459007,"upper_bound":257.0236253592368},"point_estimate":204.2201885399785,"standard_error":22.548215651659067},"slope":{"confidence_interval":{"confidence_level":0.95,"lower_bound":7480.415438930491,"upper_bound":7587.811575056438},"point_estimate":7533.215462913915,"standard_error":27.51469363987073},"std_dev":{"confidence_interval":{"confidence_level":0.95,"lower_bound":274.1250796940857,"upper_bound":1479.8248906774454},"point_estimate":919.5849698667222,"standard_error":354.9017965790673}}