{"mean":{"confidence_interval":{"confidence_level":0.95,"lower_bound":127576.95016588316,"upper_bound":131762.42818407138},"point_estimate":129499.14460313806,"standard_error":1069.7642491570284},"median":{"confidence_interval":{"confidence_level":0.95,"lower_bound":126373.69886363637,"upper_bound":127953.53289473684},"point_estimate":127394.98945234189,"standard_error":371.5005925215751},"median_abs_dev":{"confidence_interval":{"confidence_level":0.95,"lower_bound":2215.320687549573,"upper_bound":4910.017147655932},"point_estimate":3163.5067705987817,"standard_error":739.0087159136187},"slope":{"confidence_interval":{"confidence_level":0.95,"lower_bound":124783.18801924649,"upper_bound":129138.59435712115},"point_estimate":126765.10378084824,"standard_error":1112.152369404295},"std_dev":{"confidence_interval":{"confidence_level":0.95,"lower_bound":6332.881538496704,"upper_bound":14474.885110197103},"point_estimate":10757.783088441189,"standard_error":2072.6698301289393}}