{"mean":{"confidence_interval":{"confidence_level":0.95,"lower_bound":61296.99648241528,"upper_bound":63212.4425410178},"point_estimate":62237.29827249452,"standard_error":489.4888990603869},"median":{"confidence_interval":{"confidence_level":0.95,"lower_bound":60399.14183006536,"upper_bound":62694.19659746251},"point_estimate":61660.34107327141,"standard_error":562.2814945611034},"median_abs_dev":{"confidence_interval":{"confidence_level":0.95,"lower_bound":3538.5419100236036,"upper_bound":5570.651211960901},"point_estimate":4406.163203482037,"standard_error":514.8508169081754},"slope":{"confidence_interval":{"confidence_level":0.95,"lower_bound":59452.41281101781,"upper_bound":61523.99451655236},"point_estimate":60473.39062839559,"standard_error":527.5253500096246},"std_dev":{"confidence_interval":{"confidence_level":0.95,"lower_bound":4072.799464272876,"upper_bound":5705.968213805204},"point_estimate":4914.924292276654,"standard_error":418.56457284886875}}