{"mean":{"confidence_interval":{"confidence_level":0.95,"lower_bound":209929.80780767062,"upper_bound":224114.0110770725},"point_estimate":216428.10619593394,"standard_error":3614.036026958584},"median":{"confidence_interval":{"confidence_level":0.95,"lower_bound":200981.1945945946,"upper_bound":209494.0793142054},"point_estimate":204430.2294088425,"standard_error":2599.235659046284},"median_abs_dev":{"confidence_interval":{"confidence_level":0.95,"lower_bound":11153.939288072064,"upper_bound":21605.013956693587},"point_estimate":14791.838616480753,"standard_error":2985.488313936667},"slope":{"confidence_interval":{"confidence_level":0.95,"lower_bound":205115.23897483468,"upper_bound":214161.9113711013},"point_estimate":209612.69036205113,"standard_error":2312.4013880713273},"std_dev":{"confidence_interval":{"confidence_level":0.95,"lower_bound":22985.767617303565,"upper_bound":49866.51451366128},"point_estimate":36525.26337327524,"standard_error":7033.650299622769}}