{"mean":{"confidence_interval":{"confidence_level":0.95,"lower_bound":934663.0869243862,"upper_bound":963148.4973348946},"point_estimate":948470.1446968508,"standard_error":7264.957716780164},"median":{"confidence_interval":{"confidence_level":0.95,"lower_bound":915488.4923076923,"upper_bound":951459.8802083333},"point_estimate":935713.2624223602,"standard_error":8919.954163599727},"median_abs_dev":{"confidence_interval":{"confidence_level":0.95,"lower_bound":47736.48980897184,"upper_bound":76570.6166577662},"point_estimate":57425.64401858076,"standard_error":7491.617175326886},"slope":{"confidence_interval":{"confidence_level":0.95,"lower_bound":937612.7206130167,"upper_bound":979248.8484977889},"point_estimate":957696.9906132703,"standard_error":10649.68578924857},"std_dev":{"confidence_interval":{"confidence_level":0.95,"lower_bound":57250.558726520016,"upper_bound":87125.84686096535},"point_estimate":73064.53594162267,"standard_error":7614.576351372601}}