{"mean":{"confidence_interval":{"confidence_level":0.95,"lower_bound":228243.23690118876,"upper_bound":238580.49304151605},"point_estimate":232992.32516232264,"standard_error":2649.710868205017},"median":{"confidence_interval":{"confidence_level":0.95,"lower_bound":223407.24444444446,"upper_bound":228194.075},"point_estimate":224530.40444444446,"standard_error":1323.6228448924173},"median_abs_dev":{"confidence_interval":{"confidence_level":0.95,"lower_bound":9090.289928615091,"upper_bound":15318.08688923151},"point_estimate":12126.663000420434,"standard_error":1632.7820705467718},"slope":{"confidence_interval":{"confidence_level":0.95,"lower_bound":219974.08502670805,"upper_bound":224094.05404601234},"point_estimate":221979.87873030885,"standard_error":1053.2550279459151},"std_dev":{"confidence_interval":{"confidence_level":0.95,"lower_bound":16275.09955537981,"upper_bound":35599.77554889291},"point_estimate":26629.263988827446,"standard_error":4939.47698276353}}