{"mean":{"confidence_interval":{"confidence_level":0.95,"lower_bound":1683540.2970916152,"upper_bound":1809284.3780116301},"point_estimate":1740978.7243267938,"standard_error":32098.345642219057},"median":{"confidence_interval":{"confidence_level":0.95,"lower_bound":1649214.1898734176,"upper_bound":1763797.6081081082},"point_estimate":1718413.7280892448,"standard_error":32393.003972550738},"median_abs_dev":{"confidence_interval":{"confidence_level":0.95,"lower_bound":156303.02483660518,"upper_bound":266097.14503038273},"point_estimate":216491.1513407417,"standard_error":28244.92307638634},"slope":{"confidence_interval":{"confidence_level":0.95,"lower_bound":1635733.1992596595,"upper_bound":1730770.1617221497},"point_estimate":1683181.0041554603,"standard_error":24266.21760094912},"std_dev":{"confidence_interval":{"confidence_level":0.95,"lower_bound":198185.8963893561,"upper_bound":461261.81300305354},"point_estimate":322906.1978892254,"standard_error":75463.88919362934}}