{"mean":{"confidence_interval":{"confidence_level":0.95,"lower_bound":326901.86775639415,"upper_bound":328024.6733076526},"point_estimate":327397.06787086226,"standard_error":288.2371842622245},"median":{"confidence_interval":{"confidence_level":0.95,"lower_bound":326400.0053030303,"upper_bound":326810.7361111111},"point_estimate":326570.994005994,"standard_error":99.43205992673872},"median_abs_dev":{"confidence_interval":{"confidence_level":0.95,"lower_bound":661.657569954614,"upper_bound":1207.4489527704113},"point_estimate":875.6336456189667,"standard_error":143.6932283644904},"slope":{"confidence_interval":{"confidence_level":0.95,"lower_bound":326402.4635045708,"upper_bound":327312.4351017185},"point_estimate":326818.30063913105,"standard_error":232.14436500814404},"std_dev":{"confidence_interval":{"confidence_level":0.95,"lower_bound":1491.0171901695226,"upper_bound":4304.650044511973},"point_estimate":2901.3487843077955,"standard_error":797.4254661823473}}