{"mean":{"confidence_interval":{"confidence_level":0.95,"lower_bound":20430313.94783333,"upper_bound":20620193.032999996},"point_estimate":20511604.490000002,"standard_error":49087.58633886349},"median":{"confidence_interval":{"confidence_level":0.95,"lower_bound":20402851.666666664,"upper_bound":20482600.5},"point_estimate":20447650.666666668,"standard_error":19633.75735455613},"median_abs_dev":{"confidence_interval":{"confidence_level":0.95,"lower_bound":130342.52958595568,"upper_bound":201879.70801591873},"point_estimate":173538.57401907627,"standard_error":17739.556554894294},"slope":null,"std_dev":{"confidence_interval":{"confidence_level":0.95,"lower_bound":181076.51625187512,"upper_bound":756481.7647694785},"point_estimate":490004.8571066894,"standard_error":154357.7218152854}}