{"mean":{"confidence_interval":{"confidence_level":0.95,"lower_bound":192179.75763266216,"upper_bound":195764.41016469168},"point_estimate":193876.7774101186,"standard_error":912.9822649337736},"median":{"confidence_interval":{"confidence_level":0.95,"lower_bound":191669.1182795699,"upper_bound":193727.4300925926},"point_estimate":192636.3921957672,"standard_error":456.19497340992206},"median_abs_dev":{"confidence_interval":{"confidence_level":0.95,"lower_bound":3903.3984464921027,"upper_bound":7479.808968115933},"point_estimate":5347.471135911359,"standard_error":1005.8158068153234},"slope":{"confidence_interval":{"confidence_level":0.95,"lower_bound":188999.47953549316,"upper_bound":192073.21309143203},"point_estimate":190473.57439732034,"standard_error":784.9600063591658},"std_dev":{"confidence_interval":{"confidence_level":0.95,"lower_bound":6534.815902185226,"upper_bound":11795.494515121942},"point_estimate":9186.135293593232,"standard_error":1366.328959148939}}