{"mean":{"confidence_interval":{"confidence_level":0.95,"lower_bound":3118.5427445481705,"upper_bound":3176.719039953423},"point_estimate":3147.1040716815505,"standard_error":14.826169597466398},"median":{"confidence_interval":{"confidence_level":0.95,"lower_bound":3087.4191001899335,"upper_bound":3160.8134801468136},"point_estimate":3135.3351822174736,"standard_error":17.63309064306743},"median_abs_dev":{"confidence_interval":{"confidence_level":0.95,"lower_bound":115.8356652279669,"upper_bound":193.13833545977906},"point_estimate":159.7842146410542,"standard_error":19.52329071245051},"slope":{"confidence_interval":{"confidence_level":0.95,"lower_bound":3073.3408068177705,"upper_bound":3144.2992496057905},"point_estimate":3106.3686602739876,"standard_error":18.050732795289065},"std_dev":{"confidence_interval":{"confidence_level":0.95,"lower_bound":127.43909620403039,"upper_bound":168.49858584247892},"point_estimate":149.0306579556002,"standard_error":10.42982925463975}}