{"mean":{"confidence_interval":{"confidence_level":0.95,"lower_bound":1097493.4304787582,"upper_bound":1117009.2095402363},"point_estimate":1106252.5134446295,"standard_error":5019.475018007312},"median":{"confidence_interval":{"confidence_level":0.95,"lower_bound":1089588.5476190476,"upper_bound":1097454.8666666667},"point_estimate":1093964.8229166665,"standard_error":1937.8687528278033},"median_abs_dev":{"confidence_interval":{"confidence_level":0.95,"lower_bound":12713.03627248337,"upper_bound":24376.72599843349},"point_estimate":17677.572498868674,"standard_error":3115.1302178539363},"slope":{"confidence_interval":{"confidence_level":0.95,"lower_bound":1091039.0630754924,"upper_bound":1101082.0843769694},"point_estimate":1095861.3919284765,"standard_error":2563.104132630262},"std_dev":{"confidence_interval":{"confidence_level":0.95,"lower_bound":24518.710504195078,"upper_bound":72414.86343807216},"point_estimate":50566.69760643685,"standard_error":12419.824338218634}}