{"mean":{"confidence_interval":{"confidence_level":0.95,"lower_bound":4618445.222124999,"upper_bound":4686392.069020833},"point_estimate":4649176.661666668,"standard_error":17454.482548324624},"median":{"confidence_interval":{"confidence_level":0.95,"lower_bound":4595639.583333333,"upper_bound":4614923.0},"point_estimate":4604931.041666666,"standard_error":4392.120146594713},"median_abs_dev":{"confidence_interval":{"confidence_level":0.95,"lower_bound":28194.35659945034,"upper_bound":43354.381477180854},"point_estimate":36317.3983052366,"standard_error":3822.3269922336654},"slope":null,"std_dev":{"confidence_interval":{"confidence_level":0.95,"lower_bound":95594.54523422473,"upper_bound":237493.57862003267},"point_estimate":175421.17780268865,"standard_error":37781.36942153954}}