{"mean":{"confidence_interval":{"confidence_level":0.95,"lower_bound":141582.87964993995,"upper_bound":147570.50895086146},"point_estimate":144179.68930799665,"standard_error":1543.3150089674064},"median":{"confidence_interval":{"confidence_level":0.95,"lower_bound":139807.2857142857,"upper_bound":143141.38133172668},"point_estimate":141567.1120671781,"standard_error":860.5917055103936},"median_abs_dev":{"confidence_interval":{"confidence_level":0.95,"lower_bound":4616.81525356804,"upper_bound":9017.099860270386},"point_estimate":6272.915050014728,"standard_error":1161.9869079050018},"slope":{"confidence_interval":{"confidence_level":0.95,"lower_bound":143035.60662382736,"upper_bound":147373.17693725807},"point_estimate":144965.87615360256,"standard_error":1108.8450292080174},"std_dev":{"confidence_interval":{"confidence_level":0.95,"lower_bound":6889.517533335911,"upper_bound":23748.467684679505},"point_estimate":15513.103622734101,"standard_error":4751.136633105091}}