{"mean":{"confidence_interval":{"confidence_level":0.95,"lower_bound":365134.37961933366,"upper_bound":381993.0204209411},"point_estimate":372923.88201332494,"standard_error":4316.134210237617},"median":{"confidence_interval":{"confidence_level":0.95,"lower_bound":357429.8707482993,"upper_bound":365706.43241360085},"point_estimate":359463.87665112666,"standard_error":1900.3331566345196},"median_abs_dev":{"confidence_interval":{"confidence_level":0.95,"lower_bound":14976.364045857015,"upper_bound":26199.8549638451},"point_estimate":18195.574571679677,"standard_error":2786.0174088061776},"slope":{"confidence_interval":{"confidence_level":0.95,"lower_bound":362344.1208177845,"upper_bound":381120.7569010096},"point_estimate":370979.58616816904,"standard_error":4803.919968862261},"std_dev":{"confidence_interval":{"confidence_level":0.95,"lower_bound":26830.528410497118,"upper_bound":58908.66748528502},"point_estimate":43286.802075640604,"standard_error":8359.81643748743}}