{"mean":{"confidence_interval":{"confidence_level":0.95,"lower_bound":553248.5678613512,"upper_bound":575617.9471778866},"point_estimate":563113.8593212445,"standard_error":5733.5776168652255},"median":{"confidence_interval":{"confidence_level":0.95,"lower_bound":543309.6424343798,"upper_bound":556733.2598892405},"point_estimate":548599.0550579557,"standard_error":4022.474470375851},"median_abs_dev":{"confidence_interval":{"confidence_level":0.95,"lower_bound":18452.12010157609,"upper_bound":32221.209667278898},"point_estimate":24749.27966429429,"standard_error":3903.709349974313},"slope":{"confidence_interval":{"confidence_level":0.95,"lower_bound":551606.1927572879,"upper_bound":574102.9893878282},"point_estimate":561817.7923259938,"standard_error":5774.993796991142},"std_dev":{"confidence_interval":{"confidence_level":0.95,"lower_bound":29169.1303714418,"upper_bound":85440.6226557052},"point_estimate":57528.191673916976,"standard_error":15858.628901800166}}