{"mean":{"confidence_interval":{"confidence_level":0.95,"lower_bound":170703.84408554676,"upper_bound":181149.6932809376},"point_estimate":175225.1679587757,"standard_error":2695.535727012473},"median":{"confidence_interval":{"confidence_level":0.95,"lower_bound":165644.52380952382,"upper_bound":171082.1607142857},"point_estimate":167176.85968256544,"standard_error":1178.7397976565526},"median_abs_dev":{"confidence_interval":{"confidence_level":0.95,"lower_bound":7500.730447600228,"upper_bound":14448.163350967585},"point_estimate":10275.332964766065,"standard_error":1833.9305418352392},"slope":{"confidence_interval":{"confidence_level":0.95,"lower_bound":168875.32658505547,"upper_bound":174837.60628054608},"point_estimate":171802.28229299048,"standard_error":1521.680057282404},"std_dev":{"confidence_interval":{"confidence_level":0.95,"lower_bound":13677.991430158283,"upper_bound":41125.86084556347},"point_estimate":27078.17344273636,"standard_error":8484.089926488203}}