{"mean":{"confidence_interval":{"confidence_level":0.95,"lower_bound":96126180.83,"upper_bound":96426971.9},"point_estimate":96265308.78,"standard_error":77018.18187463579},"median":{"confidence_interval":{"confidence_level":0.95,"lower_bound":96004950.0,"upper_bound":96162101.0},"point_estimate":96107050.5,"standard_error":42831.124621405535},"median_abs_dev":{"confidence_interval":{"confidence_level":0.95,"lower_bound":248186.90200880184,"upper_bound":437961.51482462883},"point_estimate":331215.05801975727,"standard_error":48332.80809903252},"slope":null,"std_dev":{"confidence_interval":{"confidence_level":0.95,"lower_bound":469748.79938233696,"upper_bound":1025448.7432552024},"point_estimate":771570.8143479554,"standard_error":141842.5845022316}}