{"mean":{"confidence_interval":{"confidence_level":0.95,"lower_bound":775405.6960930878,"upper_bound":825646.20131792},"point_estimate":796707.3580736793,"standard_error":13036.62052895024},"median":{"confidence_interval":{"confidence_level":0.95,"lower_bound":756635.9202898551,"upper_bound":769810.8695652174},"point_estimate":763941.3403679654,"standard_error":3119.2345579396824},"median_abs_dev":{"confidence_interval":{"confidence_level":0.95,"lower_bound":18093.419601868496,"upper_bound":31955.90577544778},"point_estimate":25829.42489108726,"standard_error":3385.10136914522},"slope":{"confidence_interval":{"confidence_level":0.95,"lower_bound":762678.40826599,"upper_bound":780243.5425509382},"point_estimate":770776.4519018767,"standard_error":4472.5642745411715},"std_dev":{"confidence_interval":{"confidence_level":0.95,"lower_bound":48393.537156487866,"upper_bound":204810.8235748312},"point_estimate":131355.88320750507,"standard_error":44468.99986586564}}