{"mean":{"confidence_interval":{"confidence_level":0.95,"lower_bound":545801.5738889843,"upper_bound":548384.4385999353},"point_estimate":547045.1909713387,"standard_error":660.1337814223052},"median":{"confidence_interval":{"confidence_level":0.95,"lower_bound":546570.3735632184,"upper_bound":548915.7625},"point_estimate":547613.5901601831,"standard_error":602.0067379021468},"median_abs_dev":{"confidence_interval":{"confidence_level":0.95,"lower_bound":3141.848259377276,"upper_bound":5566.737435277666},"point_estimate":4043.8540327424375,"standard_error":637.9268349843836},"slope":{"confidence_interval":{"confidence_level":0.95,"lower_bound":545849.8607241089,"upper_bound":548888.6754303816},"point_estimate":547184.6873444658,"standard_error":778.9691343671241},"std_dev":{"confidence_interval":{"confidence_level":0.95,"lower_bound":4725.047292477835,"upper_bound":8642.493985595811},"point_estimate":6624.668486950847,"standard_error":1028.8140682913372}}