{"mean":{"confidence_interval":{"confidence_level":0.95,"lower_bound":429240.62524559296,"upper_bound":440831.2557583783},"point_estimate":434129.5856082716,"standard_error":2998.9661301202805},"median":{"confidence_interval":{"confidence_level":0.95,"lower_bound":425328.90650406503,"upper_bound":428571.0172608942},"point_estimate":426391.42664851784,"standard_error":797.3708650253584},"median_abs_dev":{"confidence_interval":{"confidence_level":0.95,"lower_bound":4134.405772169858,"upper_bound":7730.252126352592},"point_estimate":5533.116329455416,"standard_error":946.3193784928285},"slope":{"confidence_interval":{"confidence_level":0.95,"lower_bound":423957.2274549369,"upper_bound":425838.1546149742},"point_estimate":424818.73905521893,"standard_error":480.19537009375966},"std_dev":{"confidence_interval":{"confidence_level":0.95,"lower_bound":10312.274215190751,"upper_bound":47206.413856788924},"point_estimate":30127.312749321674,"standard_error":10235.64036696013}}