{"mean":{"confidence_interval":{"confidence_level":0.95,"lower_bound":284212.654116585,"upper_bound":290785.25217703334},"point_estimate":287316.07790126116,"standard_error":1678.4522176335802},"median":{"confidence_interval":{"confidence_level":0.95,"lower_bound":279370.712962963,"upper_bound":285239.74242424243},"point_estimate":282842.8242424242,"standard_error":1450.0608533694462},"median_abs_dev":{"confidence_interval":{"confidence_level":0.95,"lower_bound":7743.56427511445,"upper_bound":14925.205029722923},"point_estimate":11798.747964214548,"standard_error":1855.7889786634187},"slope":{"confidence_interval":{"confidence_level":0.95,"lower_bound":283929.5576053442,"upper_bound":293337.70138022274},"point_estimate":288260.6138902024,"standard_error":2406.0826016564747},"std_dev":{"confidence_interval":{"confidence_level":0.95,"lower_bound":11267.025885634253,"upper_bound":22388.034501423263},"point_estimate":16954.38404378725,"standard_error":2875.939208022786}}