{"mean":{"confidence_interval":{"confidence_level":0.95,"lower_bound":123651.22510284728,"upper_bound":127944.1629141656},"point_estimate":125648.95347311825,"standard_error":1096.3762661729827},"median":{"confidence_interval":{"confidence_level":0.95,"lower_bound":124340.72574576424,"upper_bound":126036.1516064257},"point_estimate":125102.00290854978,"standard_error":421.3631437486841},"median_abs_dev":{"confidence_interval":{"confidence_level":0.95,"lower_bound":4043.88462694802,"upper_bound":9968.735155342802},"point_estimate":7362.172176925068,"standard_error":1617.8984266526572},"slope":{"confidence_interval":{"confidence_level":0.95,"lower_bound":122649.7165742558,"upper_bound":127396.33739288097},"point_estimate":124953.85577360721,"standard_error":1209.3833101998591},"std_dev":{"confidence_interval":{"confidence_level":0.95,"lower_bound":7349.408503358363,"upper_bound":15114.521647842837},"point_estimate":10963.400037330586,"standard_error":2198.943035730371}}