{"mean":{"confidence_interval":{"confidence_level":0.95,"lower_bound":1237895.2510560513,"upper_bound":1253586.6842065537},"point_estimate":1245620.8676772155,"standard_error":4009.7440138982674},"median":{"confidence_interval":{"confidence_level":0.95,"lower_bound":1225215.4705882352,"upper_bound":1247923.9903846155},"point_estimate":1239606.8588709678,"standard_error":5778.171828525691},"median_abs_dev":{"confidence_interval":{"confidence_level":0.95,"lower_bound":28488.303779879872,"upper_bound":47423.69001751465},"point_estimate":36370.954822468295,"standard_error":4843.312722999815},"slope":{"confidence_interval":{"confidence_level":0.95,"lower_bound":1236836.943910586,"upper_bound":1256521.8378831877},"point_estimate":1246535.486401655,"standard_error":5031.809173917857},"std_dev":{"confidence_interval":{"confidence_level":0.95,"lower_bound":33500.84962550744,"upper_bound":46396.87146528466},"point_estimate":40370.86084889154,"standard_error":3281.493180682639}}