{"mean":{"confidence_interval":{"confidence_level":0.95,"lower_bound":220854.03119200605,"upper_bound":231820.06777795608},"point_estimate":225592.83546122565,"standard_error":2827.2138073826773},"median":{"confidence_interval":{"confidence_level":0.95,"lower_bound":218261.14769230768,"upper_bound":223657.76304347825},"point_estimate":220177.5987794246,"standard_error":1584.624890896247},"median_abs_dev":{"confidence_interval":{"confidence_level":0.95,"lower_bound":7979.079726677711,"upper_bound":14694.960351896314},"point_estimate":10871.118014490838,"standard_error":1798.3620021670804},"slope":{"confidence_interval":{"confidence_level":0.95,"lower_bound":223324.4101268485,"upper_bound":231423.9795033757},"point_estimate":227177.45820127087,"standard_error":2066.1782631207993},"std_dev":{"confidence_interval":{"confidence_level":0.95,"lower_bound":12219.931307938012,"upper_bound":43491.98691779921},"point_estimate":28402.441118964736,"standard_error":8776.962680175986}}