{"mean":{"confidence_interval":{"confidence_level":0.95,"lower_bound":107428.17714163367,"upper_bound":108394.7771198401},"point_estimate":107861.75628943823,"standard_error":247.94959798512517},"median":{"confidence_interval":{"confidence_level":0.95,"lower_bound":107080.1125,"upper_bound":107767.0},"point_estimate":107432.19588461539,"standard_error":200.41937593674635},"median_abs_dev":{"confidence_interval":{"confidence_level":0.95,"lower_bound":850.3603047696085,"upper_bound":1453.2484076307437},"point_estimate":1105.3161935949893,"standard_error":153.03565117341134},"slope":{"confidence_interval":{"confidence_level":0.95,"lower_bound":107203.91395043586,"upper_bound":108115.07183941912},"point_estimate":107605.00046608542,"standard_error":234.0171312980744},"std_dev":{"confidence_interval":{"confidence_level":0.95,"lower_bound":1313.91313124939,"upper_bound":3652.379874225194},"point_estimate":2493.6393176707484,"standard_error":649.1141595919183}}