{"mean":{"confidence_interval":{"confidence_level":0.95,"lower_bound":477356.2503870557,"upper_bound":495955.40500113653},"point_estimate":486089.64079411194,"standard_error":4750.86144253945},"median":{"confidence_interval":{"confidence_level":0.95,"lower_bound":467362.40476190473,"upper_bound":485766.9743589744},"point_estimate":479470.6109464207,"standard_error":5467.989469951664},"median_abs_dev":{"confidence_interval":{"confidence_level":0.95,"lower_bound":25195.344066329555,"upper_bound":41667.50926115843},"point_estimate":32906.09456516073,"standard_error":4208.5635188581455},"slope":{"confidence_interval":{"confidence_level":0.95,"lower_bound":479365.0331473366,"upper_bound":496767.9280124693},"point_estimate":487940.69539333036,"standard_error":4438.38439002033},"std_dev":{"confidence_interval":{"confidence_level":0.95,"lower_bound":31624.171246910435,"upper_bound":62974.39508949992},"point_estimate":47527.09555458109,"standard_error":8212.221892247795}}