{"mean":{"confidence_interval":{"confidence_level":0.95,"lower_bound":39644.01941234549,"upper_bound":40109.40608255562},"point_estimate":39860.64534185114,"standard_error":118.88076591599986},"median":{"confidence_interval":{"confidence_level":0.95,"lower_bound":39495.91777777778,"upper_bound":39855.86469135802},"point_estimate":39648.732210526316,"standard_error":96.30979024445828},"median_abs_dev":{"confidence_interval":{"confidence_level":0.95,"lower_bound":561.5221161585399,"upper_bound":1031.940644925049},"point_estimate":834.8299748277043,"standard_error":120.86688464012333},"slope":{"confidence_interval":{"confidence_level":0.95,"lower_bound":39622.96305543903,"upper_bound":40071.16834511283},"point_estimate":39835.467073030886,"standard_error":114.58204151085357},"std_dev":{"confidence_interval":{"confidence_level":0.95,"lower_bound":789.2065310582416,"upper_bound":1638.1820529526337},"point_estimate":1194.1349238969588,"standard_error":233.95532967930185}}