{"mean":{"confidence_interval":{"confidence_level":0.95,"lower_bound":382064.4766496432,"upper_bound":394476.267774157},"point_estimate":388176.6370697923,"standard_error":3167.506172623345},"median":{"confidence_interval":{"confidence_level":0.95,"lower_bound":379929.58874975157,"upper_bound":388993.2554166667},"point_estimate":383946.96155540866,"standard_error":2607.6998135309304},"median_abs_dev":{"confidence_interval":{"confidence_level":0.95,"lower_bound":17309.037303260382,"upper_bound":33256.33428097646},"point_estimate":23724.14181078541,"standard_error":4055.985079384681},"slope":{"confidence_interval":{"confidence_level":0.95,"lower_bound":394290.1024886662,"upper_bound":411142.01507226605},"point_estimate":402378.1251652628,"standard_error":4318.582055691391},"std_dev":{"confidence_interval":{"confidence_level":0.95,"lower_bound":26495.03130753328,"upper_bound":36869.12761513915},"point_estimate":31893.257232283457,"standard_error":2648.6884533685293}}