{"mean":{"confidence_interval":{"confidence_level":0.95,"lower_bound":202523.89796686295,"upper_bound":215729.8650458069},"point_estimate":208471.95618090048,"standard_error":3403.0796445396472},"median":{"confidence_interval":{"confidence_level":0.95,"lower_bound":196894.38222222222,"upper_bound":204052.47619047618},"point_estimate":200783.15555555554,"standard_error":1564.323887126527},"median_abs_dev":{"confidence_interval":{"confidence_level":0.95,"lower_bound":10003.127241893533,"upper_bound":16499.880475724578},"point_estimate":13469.424015910019,"standard_error":1745.6585144635121},"slope":{"confidence_interval":{"confidence_level":0.95,"lower_bound":198000.00366772356,"upper_bound":205397.78011300365},"point_estimate":201528.18001379241,"standard_error":1891.5545259636856},"std_dev":{"confidence_interval":{"confidence_level":0.95,"lower_bound":16720.706396970356,"upper_bound":48284.197947959976},"point_estimate":34095.50141448892,"standard_error":8306.877719257483}}