{"mean":{"confidence_interval":{"confidence_level":0.95,"lower_bound":446538.8761833526,"upper_bound":458094.71896622184},"point_estimate":451601.44792251155,"standard_error":2972.382830973115},"median":{"confidence_interval":{"confidence_level":0.95,"lower_bound":443310.01687875576,"upper_bound":445634.64197530865},"point_estimate":444185.9927055703,"standard_error":601.1231779038269},"median_abs_dev":{"confidence_interval":{"confidence_level":0.95,"lower_bound":4110.820888754738,"upper_bound":6393.167719707914},"point_estimate":5062.274860350653,"standard_error":573.9866785250395},"slope":{"confidence_interval":{"confidence_level":0.95,"lower_bound":443119.77690687845,"upper_bound":446299.2278202448},"point_estimate":444580.4190640855,"standard_error":812.876786765594},"std_dev":{"confidence_interval":{"confidence_level":0.95,"lower_bound":10927.321902015536,"upper_bound":44101.46242827826},"point_estimate":29890.152259268103,"standard_error":8482.556931990975}}