{"mean":{"confidence_interval":{"confidence_level":0.95,"lower_bound":3315646.7338999994,"upper_bound":3399515.770983334},"point_estimate":3356348.6140000005,"standard_error":21445.196954234718},"median":{"confidence_interval":{"confidence_level":0.95,"lower_bound":3248523.6666666665,"upper_bound":3336363.1333333333},"point_estimate":3283953.4333333336,"standard_error":22205.020416883814},"median_abs_dev":{"confidence_interval":{"confidence_level":0.95,"lower_bound":126929.70552554727,"upper_bound":233839.59550301725},"point_estimate":189213.41166079039,"standard_error":28409.670227170238},"slope":null,"std_dev":{"confidence_interval":{"confidence_level":0.95,"lower_bound":176583.47537131901,"upper_bound":256456.22413147404},"point_estimate":215869.65337454344,"standard_error":20659.452444038216}}