{"mean":{"confidence_interval":{"confidence_level":0.95,"lower_bound":801489.1086792491,"upper_bound":803824.9242254831},"point_estimate":802565.6630470945,"standard_error":594.8199430125127},"median":{"confidence_interval":{"confidence_level":0.95,"lower_bound":800094.6267605633,"upper_bound":801239.755952381},"point_estimate":800595.6783972125,"standard_error":295.2545267654512},"median_abs_dev":{"confidence_interval":{"confidence_level":0.95,"lower_bound":1689.798051558637,"upper_bound":3328.09473247589},"point_estimate":2318.187404528496,"standard_error":418.7225476654543},"slope":{"confidence_interval":{"confidence_level":0.95,"lower_bound":800088.5925327007,"upper_bound":801670.442403093},"point_estimate":800826.4714925373,"standard_error":403.0679323424328},"std_dev":{"confidence_interval":{"confidence_level":0.95,"lower_bound":3868.26502021124,"upper_bound":8060.533234531343},"point_estimate":5981.524715741131,"standard_error":1100.4385992418986}}