{"mean":{"confidence_interval":{"confidence_level":0.95,"lower_bound":48330623.850999996,"upper_bound":49955997.797},"point_estimate":49092030.06,"standard_error":415153.0206379057},"median":{"confidence_interval":{"confidence_level":0.95,"lower_bound":47377890.0,"upper_bound":48134052.0},"point_estimate":47810003.0,"standard_error":222999.26702355177},"median_abs_dev":{"confidence_interval":{"confidence_level":0.95,"lower_bound":1261582.865202427,"upper_bound":2391109.068149328},"point_estimate":1803142.5357878208,"standard_error":296594.99278390413},"slope":null,"std_dev":{"confidence_interval":{"confidence_level":0.95,"lower_bound":2832214.7440129854,"upper_bound":5304057.021540353},"point_estimate":4167662.642461555,"standard_error":630446.0784984949}}