{"mean":{"confidence_interval":{"confidence_level":0.95,"lower_bound":107786.71850409769,"upper_bound":110274.05438611915},"point_estimate":108880.74777245207,"standard_error":638.137416957882},"median":{"confidence_interval":{"confidence_level":0.95,"lower_bound":107036.953125,"upper_bound":107564.88873626373},"point_estimate":107201.78333333333,"standard_error":144.27872359009046},"median_abs_dev":{"confidence_interval":{"confidence_level":0.95,"lower_bound":795.0536436875674,"upper_bound":1410.7490052483095},"point_estimate":998.51349712707,"standard_error":161.89045507205017},"slope":{"confidence_interval":{"confidence_level":0.95,"lower_bound":106913.09791569533,"upper_bound":107362.8360122503},"point_estimate":107117.55705186937,"standard_error":115.11544065151983},"std_dev":{"confidence_interval":{"confidence_level":0.95,"lower_bound":2785.9418708499493,"upper_bound":9336.824932451987},"point_estimate":6409.5780036640435,"standard_error":1685.848791959571}}