{"mean":{"confidence_interval":{"confidence_level":0.95,"lower_bound":6476.2430041331845,"upper_bound":6497.1825759747935},"point_estimate":6486.3273726295165,"standard_error":5.359036939326541},"median":{"confidence_interval":{"confidence_level":0.95,"lower_bound":6470.3245898838,"upper_bound":6486.7850455002745},"point_estimate":6480.140938606848,"standard_error":4.320835798454737},"median_abs_dev":{"confidence_interval":{"confidence_level":0.95,"lower_bound":27.477971226595123,"upper_bound":48.6525251587793},"point_estimate":38.133286105318504,"standard_error":5.285567448739866},"slope":{"confidence_interval":{"confidence_level":0.95,"lower_bound":6455.405313659614,"upper_bound":6475.016965462086},"point_estimate":6465.299781349137,"standard_error":5.029854443906337},"std_dev":{"confidence_interval":{"confidence_level":0.95,"lower_bound":39.34602399773109,"upper_bound":69.20058134949338},"point_estimate":53.8670505651238,"standard_error":7.871755997286135}}