{"mean":{"confidence_interval":{"confidence_level":0.95,"lower_bound":90366.22856739722,"upper_bound":91436.49387873558},"point_estimate":90858.50005701058,"standard_error":275.8804048656767},"median":{"confidence_interval":{"confidence_level":0.95,"lower_bound":89730.39696969697,"upper_bound":90321.37169159955},"point_estimate":89910.05446355446,"standard_error":146.108332431267},"median_abs_dev":{"confidence_interval":{"confidence_level":0.95,"lower_bound":676.4106300196559,"upper_bound":1302.0606853079291},"point_estimate":832.3557006197686,"standard_error":155.14722303742792},"slope":{"confidence_interval":{"confidence_level":0.95,"lower_bound":90578.70439470216,"upper_bound":91876.65927953592},"point_estimate":91154.98380832114,"standard_error":333.0436958806476},"std_dev":{"confidence_interval":{"confidence_level":0.95,"lower_bound":1659.1803335844627,"upper_bound":3826.987678891132},"point_estimate":2782.0447399363406,"standard_error":566.248754499496}}