{"mean":{"confidence_interval":{"confidence_level":0.95,"lower_bound":156719.38262093527,"upper_bound":161159.27472276404},"point_estimate":158629.9734223949,"standard_error":1145.5184057389101},"median":{"confidence_interval":{"confidence_level":0.95,"lower_bound":155760.32467532466,"upper_bound":157015.25509085212},"point_estimate":156579.80778164926,"standard_error":261.2114843697322},"median_abs_dev":{"confidence_interval":{"confidence_level":0.95,"lower_bound":1995.6163535040955,"upper_bound":3556.7681198787027},"point_estimate":2715.2385986707977,"standard_error":407.52165795704605},"slope":{"confidence_interval":{"confidence_level":0.95,"lower_bound":154298.2196654016,"upper_bound":155709.367183085},"point_estimate":154994.38015157593,"standard_error":361.00440296986915},"std_dev":{"confidence_interval":{"confidence_level":0.95,"lower_bound":4393.4599150402355,"upper_bound":17826.68421190313},"point_estimate":11517.046446739274,"standard_error":3701.1703256337355}}