{"mean":{"confidence_interval":{"confidence_level":0.95,"lower_bound":6478.060154087906,"upper_bound":6495.19966036915},"point_estimate":6486.567976972449,"standard_error":4.3821711685318405},"median":{"confidence_interval":{"confidence_level":0.95,"lower_bound":6478.696869491061,"upper_bound":6492.191993464052},"point_estimate":6483.736296296296,"standard_error":3.7983017282992284},"median_abs_dev":{"confidence_interval":{"confidence_level":0.95,"lower_bound":28.53906028581459,"upper_bound":49.684399993262254},"point_estimate":37.32686472428432,"standard_error":5.395633668148826},"slope":{"confidence_interval":{"confidence_level":0.95,"lower_bound":6465.023069911808,"upper_bound":6484.9815018034},"point_estimate":6474.932002982563,"standard_error":5.1176262883759245},"std_dev":{"confidence_interval":{"confidence_level":0.95,"lower_bound":37.64389960388727,"upper_bound":49.6164634147213},"point_estimate":44.04344380636353,"standard_error":3.048963146152621}}