{"mean":{"confidence_interval":{"confidence_level":0.95,"lower_bound":1818169.8465154772,"upper_bound":1890530.634162543},"point_estimate":1851203.4169315102,"standard_error":18580.600940088487},"median":{"confidence_interval":{"confidence_level":0.95,"lower_bound":1794081.4409141582,"upper_bound":1825292.8993506492},"point_estimate":1808738.856324011,"standard_error":8456.29039986534},"median_abs_dev":{"confidence_interval":{"confidence_level":0.95,"lower_bound":53260.40736590226,"upper_bound":92919.33873939839},"point_estimate":75749.01975749768,"standard_error":10200.030899163852},"slope":{"confidence_interval":{"confidence_level":0.95,"lower_bound":1800961.6763254567,"upper_bound":1847309.568004586},"point_estimate":1822658.7208837003,"standard_error":11807.025376592124},"std_dev":{"confidence_interval":{"confidence_level":0.95,"lower_bound":97374.07293896156,"upper_bound":255737.55664268942},"point_estimate":187322.9343776999,"standard_error":39653.19978135309}}