{"mean":{"confidence_interval":{"confidence_level":0.95,"lower_bound":9763184.048916668,"upper_bound":9896382.015333336},"point_estimate":9824181.973333335,"standard_error":34007.416815468925},"median":{"confidence_interval":{"confidence_level":0.95,"lower_bound":9710281.0,"upper_bound":9804167.666666668},"point_estimate":9752499.25,"standard_error":24787.558078768867},"median_abs_dev":{"confidence_interval":{"confidence_level":0.95,"lower_bound":165829.79545593445,"upper_bound":272505.4581120615},"point_estimate":216722.01635241508,"standard_error":26951.747108712047},"slope":null,"std_dev":{"confidence_interval":{"confidence_level":0.95,"lower_bound":199658.62782770378,"upper_bound":484249.7080181873},"point_estimate":340493.5378916557,"standard_error":77310.75763927637}}