{"mean":{"confidence_interval":{"confidence_level":0.95,"lower_bound":118947.527797312,"upper_bound":123861.16236362794},"point_estimate":121202.40544190472,"standard_error":1259.0021725834993},"median":{"confidence_interval":{"confidence_level":0.95,"lower_bound":116237.51111111112,"upper_bound":118827.09977324263},"point_estimate":117484.88145342312,"standard_error":646.2980739913843},"median_abs_dev":{"confidence_interval":{"confidence_level":0.95,"lower_bound":3281.41572169491,"upper_bound":6430.731069503196},"point_estimate":4830.650961248606,"standard_error":865.029337436044},"slope":{"confidence_interval":{"confidence_level":0.95,"lower_bound":117805.22577847289,"upper_bound":120909.14847029562},"point_estimate":119273.09048486938,"standard_error":791.2835500922056},"std_dev":{"confidence_interval":{"confidence_level":0.95,"lower_bound":7235.862359924129,"upper_bound":17672.3878619916},"point_estimate":12715.44017876411,"standard_error":2728.82519358433}}