{"mean":{"confidence_interval":{"confidence_level":0.95,"lower_bound":187546.33367091898,"upper_bound":194833.28519113027},"point_estimate":190884.6713051795,"standard_error":1863.8411036833081},"median":{"confidence_interval":{"confidence_level":0.95,"lower_bound":184110.46444444446,"upper_bound":187746.40410628018},"point_estimate":185500.14312617702,"standard_error":814.2791684362205},"median_abs_dev":{"confidence_interval":{"confidence_level":0.95,"lower_bound":5753.676643795732,"upper_bound":10435.733019019475},"point_estimate":7237.41205035756,"standard_error":1203.6138401653177},"slope":{"confidence_interval":{"confidence_level":0.95,"lower_bound":184849.31867304564,"upper_bound":188394.67253172575},"point_estimate":186574.24582976208,"standard_error":899.1931977807163},"std_dev":{"confidence_interval":{"confidence_level":0.95,"lower_bound":11666.332800165897,"upper_bound":25912.808980958896},"point_estimate":18718.45642090521,"standard_error":3831.039861400854}}