{"mean":{"confidence_interval":{"confidence_level":0.95,"lower_bound":2465958.60775,"upper_bound":2519208.8646874996},"point_estimate":2492717.1004999997,"standard_error":13571.42077457919},"median":{"confidence_interval":{"confidence_level":0.95,"lower_bound":2491646.8,"upper_bound":2543583.1},"point_estimate":2518067.425,"standard_error":13846.667795660249},"median_abs_dev":{"confidence_interval":{"confidence_level":0.95,"lower_bound":79343.26497137519,"upper_bound":142718.63170623765},"point_estimate":111320.05533367408,"standard_error":16041.517245164127},"slope":null,"std_dev":{"confidence_interval":{"confidence_level":0.95,"lower_bound":106833.6793353644,"upper_bound":166996.69418666785},"point_estimate":136309.65721750015,"standard_error":15551.401374485858}}