{"mean":{"confidence_interval":{"confidence_level":0.95,"lower_bound":3484.953370959083,"upper_bound":3498.361515175246},"point_estimate":3491.6623371069845,"standard_error":3.4081021953489667},"median":{"confidence_interval":{"confidence_level":0.95,"lower_bound":3485.6327888687233,"upper_bound":3503.3180555555555},"point_estimate":3496.898495852033,"standard_error":3.8096933716370844},"median_abs_dev":{"confidence_interval":{"confidence_level":0.95,"lower_bound":22.626599791280032,"upper_bound":39.231750461392025},"point_estimate":30.930369227747164,"standard_error":4.289734921555899},"slope":{"confidence_interval":{"confidence_level":0.95,"lower_bound":3480.5550478093473,"upper_bound":3497.471289055296},"point_estimate":3489.176483263723,"standard_error":4.321824472943082},"std_dev":{"confidence_interval":{"confidence_level":0.95,"lower_bound":29.137699794998376,"upper_bound":38.77608846854438},"point_estimate":34.248198342974895,"standard_error":2.462142942246075}}