{"mean":{"confidence_interval":{"confidence_level":0.95,"lower_bound":72030.62109282402,"upper_bound":73584.24721585221},"point_estimate":72789.2901157842,"standard_error":396.1793643255503},"median":{"confidence_interval":{"confidence_level":0.95,"lower_bound":71405.9816288437,"upper_bound":73110.74519230769},"point_estimate":72357.67193917194,"standard_error":423.7933555066799},"median_abs_dev":{"confidence_interval":{"confidence_level":0.95,"lower_bound":2640.8794862911973,"upper_bound":4265.452404156768},"point_estimate":3434.137395321247,"standard_error":398.3950199066014},"slope":{"confidence_interval":{"confidence_level":0.95,"lower_bound":72081.01519675396,"upper_bound":73709.47516089705},"point_estimate":72879.46949676597,"standard_error":413.1109926245287},"std_dev":{"confidence_interval":{"confidence_level":0.95,"lower_bound":3302.3755115542654,"upper_bound":4561.720489215457},"point_estimate":3974.6428749470037,"standard_error":320.94227762227985}}