{"mean":{"confidence_interval":{"confidence_level":0.95,"lower_bound":3715046.4699821435,"upper_bound":3716047.2897499986},"point_estimate":3715496.629285714,"standard_error":256.7945732197598},"median":{"confidence_interval":{"confidence_level":0.95,"lower_bound":3714740.3928571427,"upper_bound":3715351.6428571427},"point_estimate":3714944.5,"standard_error":150.79306124288436},"median_abs_dev":{"confidence_interval":{"confidence_level":0.95,"lower_bound":1027.9712817500588,"upper_bound":1641.4499708578953},"point_estimate":1324.597176483798,"standard_error":163.41755894011487},"slope":null,"std_dev":{"confidence_interval":{"confidence_level":0.95,"lower_bound":1379.7684728060053,"upper_bound":3759.4307186122924},"point_estimate":2582.3023434885686,"standard_error":646.6160209839005}}