{"mean":{"confidence_interval":{"confidence_level":0.95,"lower_bound":1567629.8410826027,"upper_bound":1655457.3450926812},"point_estimate":1608729.1244713021,"standard_error":22441.178629744736},"median":{"confidence_interval":{"confidence_level":0.95,"lower_bound":1533861.361111111,"upper_bound":1608769.4078947369},"point_estimate":1570298.0267399268,"standard_error":19165.139144566998},"median_abs_dev":{"confidence_interval":{"confidence_level":0.95,"lower_bound":109891.74322903158,"upper_bound":176236.02561057894},"point_estimate":136774.3819487149,"standard_error":17424.26099685594},"slope":{"confidence_interval":{"confidence_level":0.95,"lower_bound":1546649.1643086553,"upper_bound":1605042.4112696035},"point_estimate":1575956.0209250776,"standard_error":14849.13836927371},"std_dev":{"confidence_interval":{"confidence_level":0.95,"lower_bound":147710.98336290172,"upper_bound":295343.35821103514},"point_estimate":225092.47290650714,"standard_error":38025.76485324038}}