{"mean":{"confidence_interval":{"confidence_level":0.95,"lower_bound":1279814.9057388608,"upper_bound":1294912.1488882245},"point_estimate":1286498.879721689,"standard_error":3872.754871045817},"median":{"confidence_interval":{"confidence_level":0.95,"lower_bound":1272243.5487804879,"upper_bound":1279578.5844748858},"point_estimate":1276088.5991161615,"standard_error":1812.402533305708},"median_abs_dev":{"confidence_interval":{"confidence_level":0.95,"lower_bound":10791.650136772314,"upper_bound":19947.02896760856},"point_estimate":14804.22813047127,"standard_error":2266.3943805483864},"slope":{"confidence_interval":{"confidence_level":0.95,"lower_bound":1270978.535964521,"upper_bound":1280506.168894223},"point_estimate":1275278.2993586522,"standard_error":2439.4535974828354},"std_dev":{"confidence_interval":{"confidence_level":0.95,"lower_bound":19123.358966467524,"upper_bound":57352.29329388897},"point_estimate":38980.00882382666,"standard_error":10114.529528284731}}