{"mean":{"confidence_interval":{"confidence_level":0.95,"lower_bound":378364.099500608,"upper_bound":389185.20008443826},"point_estimate":383258.1185415127,"standard_error":2776.3568135459072},"median":{"confidence_interval":{"confidence_level":0.95,"lower_bound":376382.6683006536,"upper_bound":382737.5668290043},"point_estimate":379674.6107128634,"standard_error":1664.0670267237863},"median_abs_dev":{"confidence_interval":{"confidence_level":0.95,"lower_bound":9296.744135581934,"upper_bound":16664.9512594175},"point_estimate":11490.437004989468,"standard_error":1967.0242210675844},"slope":{"confidence_interval":{"confidence_level":0.95,"lower_bound":376904.57279578585,"upper_bound":381926.193014199},"point_estimate":379459.4089000542,"standard_error":1277.406993478261},"std_dev":{"confidence_interval":{"confidence_level":0.95,"lower_bound":15385.74020988046,"upper_bound":40747.12899349662},"point_estimate":27982.652112995926,"standard_error":7044.653698226965}}