{"mean":{"confidence_interval":{"confidence_level":0.95,"lower_bound":309691.44356642745,"upper_bound":324305.773448476},"point_estimate":316379.4174406942,"standard_error":3733.954462007885},"median":{"confidence_interval":{"confidence_level":0.95,"lower_bound":305749.1717694257,"upper_bound":315984.7816898632},"point_estimate":311449.495625,"standard_error":2846.8858619849734},"median_abs_dev":{"confidence_interval":{"confidence_level":0.95,"lower_bound":16246.985748772628,"upper_bound":27823.563026271288},"point_estimate":24158.129365419954,"standard_error":2935.0404038551555},"slope":{"confidence_interval":{"confidence_level":0.95,"lower_bound":305173.9174528442,"upper_bound":315244.8718245592},"point_estimate":310131.3015265258,"standard_error":2566.8757243756604},"std_dev":{"confidence_interval":{"confidence_level":0.95,"lower_bound":22087.67641269912,"upper_bound":51878.67772180336},"point_estimate":37734.250958169454,"standard_error":7689.949507445698}}