{"mean":{"confidence_interval":{"confidence_level":0.95,"lower_bound":292606.4731444897,"upper_bound":295494.5830428102},"point_estimate":294033.4390126348,"standard_error":736.6260506554474},"median":{"confidence_interval":{"confidence_level":0.95,"lower_bound":292081.8028846154,"upper_bound":295195.90476190473},"point_estimate":293634.1186664321,"standard_error":731.5404175323214},"median_abs_dev":{"confidence_interval":{"confidence_level":0.95,"lower_bound":6261.553070200956,"upper_bound":9407.010357056799},"point_estimate":8220.561108755386,"standard_error":807.6388674832792},"slope":{"confidence_interval":{"confidence_level":0.95,"lower_bound":294469.19560328306,"upper_bound":297504.41798986244},"point_estimate":295993.9421634402,"standard_error":774.9452804728828},"std_dev":{"confidence_interval":{"confidence_level":0.95,"lower_bound":6191.6944699038595,"upper_bound":8770.309023676677},"point_estimate":7411.452619660614,"standard_error":668.3464903074204}}