{"mean":{"confidence_interval":{"confidence_level":0.95,"lower_bound":5109.178927914496,"upper_bound":6000.706890473377},"point_estimate":5449.526316154386,"standard_error":238.78606149092184},"median":{"confidence_interval":{"confidence_level":0.95,"lower_bound":4897.281019604945,"upper_bound":5066.393167211636},"point_estimate":4964.850065772165,"standard_error":43.731726766435536},"median_abs_dev":{"confidence_interval":{"confidence_level":0.95,"lower_bound":198.3639336501461,"upper_bound":411.7566521428415},"point_estimate":281.88458602821026,"standard_error":52.078061054391455},"slope":{"confidence_interval":{"confidence_level":0.95,"lower_bound":4924.412426436926,"upper_bound":5037.538547953129},"point_estimate":4976.163235999859,"standard_error":28.93762890372417},"std_dev":{"confidence_interval":{"confidence_level":0.95,"lower_bound":439.72164478441886,"upper_bound":3993.6530093283022},"point_estimate":2402.0880301961183,"standard_error":1115.5478686729787}}