{"mean":{"confidence_interval":{"confidence_level":0.95,"lower_bound":2504237.0966785722,"upper_bound":2584008.3808452385},"point_estimate":2543180.483809524,"standard_error":20300.46562090718},"median":{"confidence_interval":{"confidence_level":0.95,"lower_bound":2455554.9523809524,"upper_bound":2538223.6190476194},"point_estimate":2505971.380952381,"standard_error":19795.772143366255},"median_abs_dev":{"confidence_interval":{"confidence_level":0.95,"lower_bound":143251.03335678577,"upper_bound":231941.80964470908},"point_estimate":191820.05539451347,"standard_error":23491.533931023536},"slope":null,"std_dev":{"confidence_interval":{"confidence_level":0.95,"lower_bound":167783.72378113214,"upper_bound":241149.33883522445},"point_estimate":204180.4202220282,"standard_error":18945.67627181994}}