{"mean":{"confidence_interval":{"confidence_level":0.95,"lower_bound":871501.5338089751,"upper_bound":910256.7894559553},"point_estimate":889756.3962952171,"standard_error":9902.676372449434},"median":{"confidence_interval":{"confidence_level":0.95,"lower_bound":843624.4722222222,"upper_bound":871461.5148590687},"point_estimate":856888.8908730159,"standard_error":6869.485596613879},"median_abs_dev":{"confidence_interval":{"confidence_level":0.95,"lower_bound":38333.855774227755,"upper_bound":68525.8099296135},"point_estimate":54776.86227751623,"standard_error":7702.958512787423},"slope":{"confidence_interval":{"confidence_level":0.95,"lower_bound":858326.622889366,"upper_bound":894853.7452553443},"point_estimate":875586.7211423082,"standard_error":9306.538559938701},"std_dev":{"confidence_interval":{"confidence_level":0.95,"lower_bound":70489.81257086735,"upper_bound":126012.4020050153},"point_estimate":99571.19403648873,"standard_error":14212.2404995514}}