{"mean":{"confidence_interval":{"confidence_level":0.95,"lower_bound":796685.2738292847,"upper_bound":814971.1772325663},"point_estimate":805363.4744928606,"standard_error":4677.198884159781},"median":{"confidence_interval":{"confidence_level":0.95,"lower_bound":794668.922077922,"upper_bound":812999.7125},"point_estimate":803762.2907387124,"standard_error":3962.8761680575285},"median_abs_dev":{"confidence_interval":{"confidence_level":0.95,"lower_bound":27317.679164561396,"upper_bound":45418.25286818179},"point_estimate":36231.778501288856,"standard_error":4365.7135900435815},"slope":{"confidence_interval":{"confidence_level":0.95,"lower_bound":808002.0742626061,"upper_bound":820298.306288746},"point_estimate":813997.5658090734,"standard_error":3130.9999643871},"std_dev":{"confidence_interval":{"confidence_level":0.95,"lower_bound":33232.69517113981,"upper_bound":63667.915193478766},"point_estimate":47116.2887124572,"standard_error":8714.225835664112}}