{"mean":{"confidence_interval":{"confidence_level":0.95,"lower_bound":6584793.38,"upper_bound":6586555.2764375005},"point_estimate":6585614.7675,"standard_error":450.248993988559},"median":{"confidence_interval":{"confidence_level":0.95,"lower_bound":6583961.625,"upper_bound":6585580.375},"point_estimate":6584730.375,"standard_error":400.4439087934734},"median_abs_dev":{"confidence_interval":{"confidence_level":0.95,"lower_bound":2520.419955253601,"upper_bound":4040.2702532708645},"point_estimate":3511.9086876511574,"standard_error":378.61593714183584},"slope":null,"std_dev":{"confidence_interval":{"confidence_level":0.95,"lower_bound":3026.928311443643,"upper_bound":6044.896357613639},"point_estimate":4527.775521557735,"standard_error":793.3126660699895}}