{"mean":{"confidence_interval":{"confidence_level":0.95,"lower_bound":2570637.381105264,"upper_bound":2611779.5255526314},"point_estimate":2590759.578947369,"standard_error":10524.962801872343},"median":{"confidence_interval":{"confidence_level":0.95,"lower_bound":2554624.7894736845,"upper_bound":2601423.052631579},"point_estimate":2574442.1052631577,"standard_error":12602.279954506388},"median_abs_dev":{"confidence_interval":{"confidence_level":0.95,"lower_bound":68169.40056869875,"upper_bound":109214.92626196856},"point_estimate":90238.60346110257,"standard_error":10403.490521491674},"slope":null,"std_dev":{"confidence_interval":{"confidence_level":0.95,"lower_bound":87728.40197791914,"upper_bound":122981.21333336449},"point_estimate":106550.7819754837,"standard_error":8980.09752867371}}