{"mean":{"confidence_interval":{"confidence_level":0.95,"lower_bound":296283.30432849145,"upper_bound":310497.78995557793},"point_estimate":303003.35615148116,"standard_error":3648.192439606976},"median":{"confidence_interval":{"confidence_level":0.95,"lower_bound":285384.72222222225,"upper_bound":300014.5416666667},"point_estimate":294522.3385180995,"standard_error":3267.919413471018},"median_abs_dev":{"confidence_interval":{"confidence_level":0.95,"lower_bound":17901.464071764905,"upper_bound":31258.026420431168},"point_estimate":26022.87329742922,"standard_error":3650.383577504781},"slope":{"confidence_interval":{"confidence_level":0.95,"lower_bound":292566.24889964913,"upper_bound":304427.8972516442},"point_estimate":298347.4287306044,"standard_error":3036.3701939413763},"std_dev":{"confidence_interval":{"confidence_level":0.95,"lower_bound":26810.92897883253,"upper_bound":45797.139201622274},"point_estimate":36846.73425161759,"standard_error":4858.104818126137}}