{"mean":{"confidence_interval":{"confidence_level":0.95,"lower_bound":181386.33159137174,"upper_bound":185078.8142425897},"point_estimate":183001.926343968,"standard_error":949.302252047005},"median":{"confidence_interval":{"confidence_level":0.95,"lower_bound":180391.48005952383,"upper_bound":181362.3744949495},"point_estimate":180736.19897959183,"standard_error":263.2447939857901},"median_abs_dev":{"confidence_interval":{"confidence_level":0.95,"lower_bound":1166.4334600845734,"upper_bound":2452.6368062159167},"point_estimate":1702.3475126344222,"standard_error":318.75328799032025},"slope":{"confidence_interval":{"confidence_level":0.95,"lower_bound":179393.2760221743,"upper_bound":181205.68815580622},"point_estimate":180269.93060292598,"standard_error":461.8661172913699},"std_dev":{"confidence_interval":{"confidence_level":0.95,"lower_bound":4435.898876956541,"upper_bound":14484.69041369694},"point_estimate":9573.258106605708,"standard_error":2836.763647092178}}