{"mean":{"confidence_interval":{"confidence_level":0.95,"lower_bound":5934688.388888891,"upper_bound":6032665.76241667},"point_estimate":5982764.909999999,"standard_error":25055.77305328225},"median":{"confidence_interval":{"confidence_level":0.95,"lower_bound":5900695.277777778,"upper_bound":6012650.444444444},"point_estimate":5977872.5,"standard_error":27877.80289316403},"median_abs_dev":{"confidence_interval":{"confidence_level":0.95,"lower_bound":183200.92514753295,"upper_bound":318777.609207232},"point_estimate":247554.7419716916,"standard_error":36511.167715930096},"slope":null,"std_dev":{"confidence_interval":{"confidence_level":0.95,"lower_bound":210056.188271511,"upper_bound":288600.2693988236},"point_estimate":250589.4071124289,"standard_error":20105.723992218864}}