{"mean":{"confidence_interval":{"confidence_level":0.95,"lower_bound":20058030.55158334,"upper_bound":20647049.577250004},"point_estimate":20307015.360000003,"standard_error":152315.35713071757},"median":{"confidence_interval":{"confidence_level":0.95,"lower_bound":19898674.0,"upper_bound":20126645.333333332},"point_estimate":19999871.333333332,"standard_error":55951.75763245742},"median_abs_dev":{"confidence_interval":{"confidence_level":0.95,"lower_bound":439118.9312040852,"upper_bound":717641.6448593158},"point_estimate":616336.3299578391,"standard_error":71506.05794797999},"slope":null,"std_dev":{"confidence_interval":{"confidence_level":0.95,"lower_bound":623771.994984323,"upper_bound":2386943.8684138698},"point_estimate":1528030.69843199,"standard_error":523006.09871553385}}