{"mean":{"confidence_interval":{"confidence_level":0.95,"lower_bound":5551049.110749999,"upper_bound":5625731.578499995},"point_estimate":5588175.564000002,"standard_error":18990.395434675007},"median":{"confidence_interval":{"confidence_level":0.95,"lower_bound":5553334.65,"upper_bound":5612749.4},"point_estimate":5582217.75,"standard_error":15433.266922568393},"median_abs_dev":{"confidence_interval":{"confidence_level":0.95,"lower_bound":131863.70186895147,"upper_bound":220138.74212175581},"point_estimate":170072.89774060264,"standard_error":23182.17476433003},"slope":null,"std_dev":{"confidence_interval":{"confidence_level":0.95,"lower_bound":161272.37503017113,"upper_bound":215295.53657964434},"point_estimate":189898.8867089842,"standard_error":13813.284685306931}}