{"mean":{"confidence_interval":{"confidence_level":0.95,"lower_bound":4684804.248166665,"upper_bound":4715426.460229166},"point_estimate":4698672.385000002,"standard_error":7840.3780279995635},"median":{"confidence_interval":{"confidence_level":0.95,"lower_bound":4672230.166666667,"upper_bound":4687930.416666667},"point_estimate":4678546.916666666,"standard_error":3564.432725023606},"median_abs_dev":{"confidence_interval":{"confidence_level":0.95,"lower_bound":26044.83373761177,"upper_bound":49112.17430308415},"point_estimate":34118.887869268656,"standard_error":5949.502462585564},"slope":null,"std_dev":{"confidence_interval":{"confidence_level":0.95,"lower_bound":46532.3538945487,"upper_bound":113578.13129003785},"point_estimate":79046.18818846242,"standard_error":19050.72411683026}}