{"mean":{"confidence_interval":{"confidence_level":0.95,"lower_bound":376867.0432169048,"upper_bound":389549.55606776866},"point_estimate":382838.5240804346,"standard_error":3232.2868972270458},"median":{"confidence_interval":{"confidence_level":0.95,"lower_bound":372859.85714285716,"upper_bound":386462.57781429053},"point_estimate":380293.441436531,"standard_error":3592.7305488499887},"median_abs_dev":{"confidence_interval":{"confidence_level":0.95,"lower_bound":15916.68732315888,"upper_bound":28519.34337380123},"point_estimate":19812.804680600617,"standard_error":3222.650440319514},"slope":{"confidence_interval":{"confidence_level":0.95,"lower_bound":388271.2716321484,"upper_bound":404574.6747118005},"point_estimate":395392.4550071425,"standard_error":4210.521271755378},"std_dev":{"confidence_interval":{"confidence_level":0.95,"lower_bound":22555.886021194867,"upper_bound":43441.13917591605},"point_estimate":32460.676535278817,"standard_error":5645.066043343844}}