{"mean":{"confidence_interval":{"confidence_level":0.95,"lower_bound":61141.403854323224,"upper_bound":62168.261222928755},"point_estimate":61565.13941561208,"standard_error":268.1713252701225},"median":{"confidence_interval":{"confidence_level":0.95,"lower_bound":61301.263563368055,"upper_bound":61781.22410714286},"point_estimate":61579.02247596154,"standard_error":123.03370542008916},"median_abs_dev":{"confidence_interval":{"confidence_level":0.95,"lower_bound":618.8290225674862,"upper_bound":1060.2193248433841},"point_estimate":938.2922406413278,"standard_error":113.00326113882178},"slope":{"confidence_interval":{"confidence_level":0.95,"lower_bound":61816.24473612043,"upper_bound":62160.81105981859},"point_estimate":61981.8128173489,"standard_error":87.90850230095332},"std_dev":{"confidence_interval":{"confidence_level":0.95,"lower_bound":986.2995282903756,"upper_bound":4329.4663403253835},"point_estimate":2683.1861463927053,"standard_error":1066.7359488548116}}