{"mean":{"confidence_interval":{"confidence_level":0.95,"lower_bound":20123.65209520427,"upper_bound":20669.917690953254},"point_estimate":20390.72743773379,"standard_error":139.88632648245633},"median":{"confidence_interval":{"confidence_level":0.95,"lower_bound":19927.318262411347,"upper_bound":20610.514413177763},"point_estimate":20210.324331696673,"standard_error":157.85518043246367},"median_abs_dev":{"confidence_interval":{"confidence_level":0.95,"lower_bound":937.520497593086,"upper_bound":1579.3059898275744},"point_estimate":1242.4226460535415,"standard_error":162.0818527241849},"slope":{"confidence_interval":{"confidence_level":0.95,"lower_bound":20477.85217659687,"upper_bound":21111.78307683534},"point_estimate":20791.820951299957,"standard_error":161.99787834413092},"std_dev":{"confidence_interval":{"confidence_level":0.95,"lower_bound":1113.4588197217154,"upper_bound":1686.8215646194901},"point_estimate":1407.5550745974854,"standard_error":146.96839133640796}}