{"mean":{"confidence_interval":{"confidence_level":0.95,"lower_bound":115836.14902297739,"upper_bound":117514.40669474601},"point_estimate":116614.0100197949,"standard_error":430.226881467256},"median":{"confidence_interval":{"confidence_level":0.95,"lower_bound":115053.08132695929,"upper_bound":116278.37103174604},"point_estimate":115498.37133474079,"standard_error":329.366317153887},"median_abs_dev":{"confidence_interval":{"confidence_level":0.95,"lower_bound":2251.602313872218,"upper_bound":3689.0021489667915},"point_estimate":3216.629606880366,"standard_error":366.6547306862866},"slope":{"confidence_interval":{"confidence_level":0.95,"lower_bound":114171.83181907126,"upper_bound":115207.26795456816},"point_estimate":114652.7396003481,"standard_error":265.31235822057295},"std_dev":{"confidence_interval":{"confidence_level":0.95,"lower_bound":2736.523414352668,"upper_bound":6030.710887931022},"point_estimate":4332.049756114854,"standard_error":892.1003685020418}}