{"mean":{"confidence_interval":{"confidence_level":0.95,"lower_bound":2517489.6686052647,"upper_bound":2554609.9499605275},"point_estimate":2534273.1594736855,"standard_error":9486.112770511481},"median":{"confidence_interval":{"confidence_level":0.95,"lower_bound":2504544.736842105,"upper_bound":2523488.9736842103},"point_estimate":2514447.8684210526,"standard_error":5326.468695238182},"median_abs_dev":{"confidence_interval":{"confidence_level":0.95,"lower_bound":33820.83650482292,"upper_bound":57887.17959334968},"point_estimate":47151.71219973175,"standard_error":6294.417801631064},"slope":null,"std_dev":{"confidence_interval":{"confidence_level":0.95,"lower_bound":52482.33289193157,"upper_bound":134044.05141372522},"point_estimate":95794.85978457241,"standard_error":20906.27518707784}}