{"mean":{"confidence_interval":{"confidence_level":0.95,"lower_bound":1881207.1130307778,"upper_bound":1906005.5308152484},"point_estimate":1893119.8716199852,"standard_error":6348.410680162141},"median":{"confidence_interval":{"confidence_level":0.95,"lower_bound":1869093.8076400678,"upper_bound":1881307.0870714267},"point_estimate":1875613.8694444445,"standard_error":3226.33427579234},"median_abs_dev":{"confidence_interval":{"confidence_level":0.95,"lower_bound":20509.31999264642,"upper_bound":48600.180982001904},"point_estimate":31179.556995027575,"standard_error":7540.294808417177},"slope":{"confidence_interval":{"confidence_level":0.95,"lower_bound":1865965.3262452176,"upper_bound":1889764.2312672094},"point_estimate":1877352.7089345353,"standard_error":6049.968519026746},"std_dev":{"confidence_interval":{"confidence_level":0.95,"lower_bound":47337.6217462254,"upper_bound":78605.97263797998},"point_estimate":63892.7808160057,"standard_error":8000.898037545609}}