{"mean":{"confidence_interval":{"confidence_level":0.95,"lower_bound":61882.385000520095,"upper_bound":63172.630210721545},"point_estimate":62516.1177181844,"standard_error":327.327146506911},"median":{"confidence_interval":{"confidence_level":0.95,"lower_bound":61496.99722593583,"upper_bound":62967.36511156186},"point_estimate":62447.98968705548,"standard_error":364.0658361691391},"median_abs_dev":{"confidence_interval":{"confidence_level":0.95,"lower_bound":2420.8965494032495,"upper_bound":3933.5450805857818},"point_estimate":3425.5460117762696,"standard_error":395.0069370097738},"slope":{"confidence_interval":{"confidence_level":0.95,"lower_bound":61608.31831973008,"upper_bound":62922.94970738063},"point_estimate":62267.3238564313,"standard_error":334.41921501028185},"std_dev":{"confidence_interval":{"confidence_level":0.95,"lower_bound":2663.750042691866,"upper_bound":3963.0514932896463},"point_estimate":3306.837088399409,"standard_error":337.3014346397645}}