{"mean":{"confidence_interval":{"confidence_level":0.95,"lower_bound":288853.1332511638,"upper_bound":306277.9537505987},"point_estimate":297186.6315634657,"standard_error":4454.242210265688},"median":{"confidence_interval":{"confidence_level":0.95,"lower_bound":274872.97598684207,"upper_bound":289231.2057291667},"point_estimate":282326.6275,"standard_error":4088.9957711319844},"median_abs_dev":{"confidence_interval":{"confidence_level":0.95,"lower_bound":17035.818155823472,"upper_bound":32777.18983302821},"point_estimate":25825.769042231706,"standard_error":4521.690762688125},"slope":{"confidence_interval":{"confidence_level":0.95,"lower_bound":283216.7174821445,"upper_bound":301167.38910486776},"point_estimate":291817.9261925521,"standard_error":4573.9626788175565},"std_dev":{"confidence_interval":{"confidence_level":0.95,"lower_bound":33318.46805558535,"upper_bound":54395.597338476975},"point_estimate":44696.362143691695,"standard_error":5376.559870797778}}