{"mean":{"confidence_interval":{"confidence_level":0.95,"lower_bound":21664749.12683333,"upper_bound":22056826.419999998},"point_estimate":21856957.846666664,"standard_error":100236.31939244339},"median":{"confidence_interval":{"confidence_level":0.95,"lower_bound":21540637.666666664,"upper_bound":21995460.0},"point_estimate":21699505.833333336,"standard_error":116729.6355448388},"median_abs_dev":{"confidence_interval":{"confidence_level":0.95,"lower_bound":654960.6908871244,"upper_bound":1027512.6500379983},"point_estimate":857919.8181688786,"standard_error":95682.5605996097},"slope":null,"std_dev":{"confidence_interval":{"confidence_level":0.95,"lower_bound":815030.7115393966,"upper_bound":1178120.6379797773},"point_estimate":1006881.5967316563,"standard_error":93189.63690336657}}