{"mean":{"confidence_interval":{"confidence_level":0.95,"lower_bound":745802.5548856034,"upper_bound":762486.8228026798},"point_estimate":753030.934576653,"standard_error":4297.804919075635},"median":{"confidence_interval":{"confidence_level":0.95,"lower_bound":741029.4425694838,"upper_bound":751685.3833333333},"point_estimate":744672.69768898,"standard_error":2686.0398416709922},"median_abs_dev":{"confidence_interval":{"confidence_level":0.95,"lower_bound":14714.172535794623,"upper_bound":26356.325110343732},"point_estimate":18631.578377715494,"standard_error":3196.455233526853},"slope":{"confidence_interval":{"confidence_level":0.95,"lower_bound":743045.0683722906,"upper_bound":752916.9359101487},"point_estimate":747728.3485503177,"standard_error":2513.650280111666},"std_dev":{"confidence_interval":{"confidence_level":0.95,"lower_bound":21303.94676516708,"upper_bound":66164.8102944904},"point_estimate":43144.186009030345,"standard_error":13993.181966306693}}