{"mean":{"confidence_interval":{"confidence_level":0.95,"lower_bound":314816.9493298318,"upper_bound":331684.3745541568},"point_estimate":322970.3392685754,"standard_error":4305.003359737524},"median":{"confidence_interval":{"confidence_level":0.95,"lower_bound":301140.9,"upper_bound":323059.6724137931},"point_estimate":308303.625,"standard_error":5718.644245231462},"median_abs_dev":{"confidence_interval":{"confidence_level":0.95,"lower_bound":22619.315960349915,"upper_bound":43571.889526332365},"point_estimate":31497.226355825325,"standard_error":5226.076837811459},"slope":{"confidence_interval":{"confidence_level":0.95,"lower_bound":309517.3605339064,"upper_bound":331310.3704440048},"point_estimate":319722.0075572632,"standard_error":5570.141354380523},"std_dev":{"confidence_interval":{"confidence_level":0.95,"lower_bound":34405.24707832833,"upper_bound":51420.00371537092},"point_estimate":43335.601018681176,"standard_error":4362.929297335132}}