{"mean":{"confidence_interval":{"confidence_level":0.95,"lower_bound":86835.71219782482,"upper_bound":90312.48122670954},"point_estimate":88456.47242980415,"standard_error":889.960822755382},"median":{"confidence_interval":{"confidence_level":0.95,"lower_bound":84753.82335550628,"upper_bound":86421.08346624135},"point_estimate":85858.21688605513,"standard_error":438.79415014708803},"median_abs_dev":{"confidence_interval":{"confidence_level":0.95,"lower_bound":2556.995636437006,"upper_bound":4421.7464883217235},"point_estimate":3694.9180704863734,"standard_error":502.9720929571918},"slope":{"confidence_interval":{"confidence_level":0.95,"lower_bound":85666.18376650492,"upper_bound":88009.4912265964},"point_estimate":86788.32841275173,"standard_error":598.2159612237275},"std_dev":{"confidence_interval":{"confidence_level":0.95,"lower_bound":5862.566459971326,"upper_bound":11667.750717899762},"point_estimate":8924.605710268985,"standard_error":1495.0370293275012}}