{"mean":{"confidence_interval":{"confidence_level":0.95,"lower_bound":74194.82565098592,"upper_bound":78443.5462490402},"point_estimate":75968.56429879066,"standard_error":1100.8042164978217},"median":{"confidence_interval":{"confidence_level":0.95,"lower_bound":72717.36129568107,"upper_bound":73518.5625},"point_estimate":73048.27380952382,"standard_error":225.22559575337868},"median_abs_dev":{"confidence_interval":{"confidence_level":0.95,"lower_bound":1161.1063704160272,"upper_bound":2272.645884762831},"point_estimate":1556.4359255809109,"standard_error":304.02169541193587},"slope":{"confidence_interval":{"confidence_level":0.95,"lower_bound":72471.47380674431,"upper_bound":72971.22823934747},"point_estimate":72701.63623530157,"standard_error":127.11654184531336},"std_dev":{"confidence_interval":{"confidence_level":0.95,"lower_bound":3753.3095273076233,"upper_bound":17459.522836506847},"point_estimate":11080.725051446896,"standard_error":3921.2535435652844}}