{"mean":{"confidence_interval":{"confidence_level":0.95,"lower_bound":1553120.2947847997,"upper_bound":1628562.2756730188},"point_estimate":1586749.0167819986,"standard_error":19371.433829623093},"median":{"confidence_interval":{"confidence_level":0.95,"lower_bound":1524200.3220338982,"upper_bound":1568506.8},"point_estimate":1541000.0804673722,"standard_error":11072.121656075504},"median_abs_dev":{"confidence_interval":{"confidence_level":0.95,"lower_bound":57417.874548221655,"upper_bound":101168.18691936004},"point_estimate":78781.53111022878,"standard_error":11091.16005679995},"slope":{"confidence_interval":{"confidence_level":0.95,"lower_bound":1518909.0958007157,"upper_bound":1561477.7165222983},"point_estimate":1538770.7191783655,"standard_error":10890.895464548095},"std_dev":{"confidence_interval":{"confidence_level":0.95,"lower_bound":105479.84844326408,"upper_bound":284853.8164266652},"point_estimate":195564.77744903511,"standard_error":50454.442785498955}}