{"mean":{"confidence_interval":{"confidence_level":0.95,"lower_bound":791323.3269183468,"upper_bound":834614.3240581931},"point_estimate":811380.9217837378,"standard_error":11101.651750210038},"median":{"confidence_interval":{"confidence_level":0.95,"lower_bound":778522.7752873563,"upper_bound":811654.8548387097},"point_estimate":791627.0367647059,"standard_error":8411.171835807769},"median_abs_dev":{"confidence_interval":{"confidence_level":0.95,"lower_bound":49332.28856937794,"upper_bound":86092.59692399914},"point_estimate":67559.26919704514,"standard_error":9408.079263964155},"slope":{"confidence_interval":{"confidence_level":0.95,"lower_bound":768375.5461819432,"upper_bound":798298.0683409772},"point_estimate":783166.9269838925,"standard_error":7604.192995297838},"std_dev":{"confidence_interval":{"confidence_level":0.95,"lower_bound":68625.83659916252,"upper_bound":154492.7713772967},"point_estimate":111650.98004731855,"standard_error":22972.211861996147}}