{"mean":{"confidence_interval":{"confidence_level":0.95,"lower_bound":14259.49024517891,"upper_bound":14547.868052284972},"point_estimate":14397.046964241908,"standard_error":73.7246233123124},"median":{"confidence_interval":{"confidence_level":0.95,"lower_bound":14186.57092486872,"upper_bound":14425.599332306112},"point_estimate":14314.846153846152,"standard_error":64.45656424223651},"median_abs_dev":{"confidence_interval":{"confidence_level":0.95,"lower_bound":434.65454222824246,"upper_bound":710.2278020659205},"point_estimate":566.7924060790201,"standard_error":70.9077621416983},"slope":{"confidence_interval":{"confidence_level":0.95,"lower_bound":14467.406529125023,"upper_bound":14853.189307045377},"point_estimate":14644.849986207577,"standard_error":98.93897010962596},"std_dev":{"confidence_interval":{"confidence_level":0.95,"lower_bound":526.5688079993838,"upper_bound":934.7454519016358},"point_estimate":740.4078149545558,"standard_error":104.64566086890977}}