{"mean":{"confidence_interval":{"confidence_level":0.95,"lower_bound":532847.007479359,"upper_bound":545325.523672575},"point_estimate":538312.9410251463,"standard_error":3218.290994154373},"median":{"confidence_interval":{"confidence_level":0.95,"lower_bound":529007.5153508772,"upper_bound":530896.7244642857},"point_estimate":529625.1097515759,"standard_error":481.54263753838245},"median_abs_dev":{"confidence_interval":{"confidence_level":0.95,"lower_bound":2787.850544255796,"upper_bound":4863.463323559428},"point_estimate":3591.213765416077,"standard_error":519.0242126122479},"slope":{"confidence_interval":{"confidence_level":0.95,"lower_bound":529476.2673176185,"upper_bound":532346.2988572811},"point_estimate":530770.7817422787,"standard_error":733.7997872161203},"std_dev":{"confidence_interval":{"confidence_level":0.95,"lower_bound":14459.607590843865,"upper_bound":47845.323095648},"point_estimate":32402.005258439112,"standard_error":8756.97055722343}}