{"mean":{"confidence_interval":{"confidence_level":0.95,"lower_bound":13599501.8861875,"upper_bound":13925932.7975625},"point_estimate":13758593.685,"standard_error":83075.01770397693},"median":{"confidence_interval":{"confidence_level":0.95,"lower_bound":13315452.0,"upper_bound":13649489.0},"point_estimate":13434207.125,"standard_error":81955.01198590979},"median_abs_dev":{"confidence_interval":{"confidence_level":0.95,"lower_bound":415434.7796295584,"upper_bound":894812.9332095191},"point_estimate":620418.0512353778,"standard_error":120398.99129189884},"slope":null,"std_dev":{"confidence_interval":{"confidence_level":0.95,"lower_bound":697008.889886554,"upper_bound":953627.0893293488},"point_estimate":832800.4390445453,"standard_error":65560.68409140027}}