{"mean":{"confidence_interval":{"confidence_level":0.95,"lower_bound":1582004.9038362696,"upper_bound":1620003.8450931252},"point_estimate":1600216.1242548958,"standard_error":9718.373759450937},"median":{"confidence_interval":{"confidence_level":0.95,"lower_bound":1564621.5795454546,"upper_bound":1595395.2833333334},"point_estimate":1576613.3353846152,"standard_error":8886.191288740923},"median_abs_dev":{"confidence_interval":{"confidence_level":0.95,"lower_bound":58284.80561356081,"upper_bound":93576.37818023545},"point_estimate":75871.06525301939,"standard_error":8857.953771322947},"slope":{"confidence_interval":{"confidence_level":0.95,"lower_bound":1581090.6283650605,"upper_bound":1619185.0457001552},"point_estimate":1599523.3362346683,"standard_error":9654.74383609656},"std_dev":{"confidence_interval":{"confidence_level":0.95,"lower_bound":74017.0445043579,"upper_bound":121298.60052827979},"point_estimate":97701.77214555426,"standard_error":12221.990949991681}}