{"mean":{"confidence_interval":{"confidence_level":0.95,"lower_bound":1037004.5741647278,"upper_bound":1100385.5056467045},"point_estimate":1066283.6584499476,"standard_error":16231.84863758558},"median":{"confidence_interval":{"confidence_level":0.95,"lower_bound":1009468.7204184704,"upper_bound":1051472.9512048191},"point_estimate":1035744.3537677957,"standard_error":12200.882676150373},"median_abs_dev":{"confidence_interval":{"confidence_level":0.95,"lower_bound":68492.9373486783,"upper_bound":128380.13692357473},"point_estimate":104134.11778551256,"standard_error":15986.76097600284},"slope":{"confidence_interval":{"confidence_level":0.95,"lower_bound":1003029.0900576279,"upper_bound":1044999.1413259282},"point_estimate":1023362.4176799173,"standard_error":10769.902952083843},"std_dev":{"confidence_interval":{"confidence_level":0.95,"lower_bound":102488.80667545297,"upper_bound":231218.8046753713},"point_estimate":164140.17933919647,"standard_error":36478.3794921521}}