{"mean":{"confidence_interval":{"confidence_level":0.95,"lower_bound":181359.05091717228,"upper_bound":186621.51087048725},"point_estimate":183897.26861831435,"standard_error":1339.3619144768932},"median":{"confidence_interval":{"confidence_level":0.95,"lower_bound":177923.7323943662,"upper_bound":181370.6595932803},"point_estimate":180076.04503367003,"standard_error":902.4316513265867},"median_abs_dev":{"confidence_interval":{"confidence_level":0.95,"lower_bound":5140.340980224625,"upper_bound":10531.684821645922},"point_estimate":7063.245700479706,"standard_error":1341.9559418806646},"slope":{"confidence_interval":{"confidence_level":0.95,"lower_bound":179060.2648776933,"upper_bound":184029.9261204765},"point_estimate":181345.29923550563,"standard_error":1273.1452220411036},"std_dev":{"confidence_interval":{"confidence_level":0.95,"lower_bound":10706.019017197015,"upper_bound":15813.913310490912},"point_estimate":13460.25294319448,"standard_error":1306.8756237345617}}