{"mean":{"confidence_interval":{"confidence_level":0.95,"lower_bound":3187.737802503128,"upper_bound":3254.18183478515},"point_estimate":3219.22947846875,"standard_error":16.964526604912333},"median":{"confidence_interval":{"confidence_level":0.95,"lower_bound":3166.774868421053,"upper_bound":3217.6115950644685},"point_estimate":3181.6810124269005,"standard_error":14.153636159259626},"median_abs_dev":{"confidence_interval":{"confidence_level":0.95,"lower_bound":79.07007377212109,"upper_bound":128.0561246205935},"point_estimate":109.5329076083945,"standard_error":12.123837304379304},"slope":{"confidence_interval":{"confidence_level":0.95,"lower_bound":3200.6721752403764,"upper_bound":3276.617968835027},"point_estimate":3236.4529501333873,"standard_error":19.47860687433315},"std_dev":{"confidence_interval":{"confidence_level":0.95,"lower_bound":120.06433937961071,"upper_bound":215.06843811162315},"point_estimate":170.63603045686037,"standard_error":24.244878240935286}}