{"mean":{"confidence_interval":{"confidence_level":0.95,"lower_bound":5282191.761613635,"upper_bound":5397003.171522727},"point_estimate":5336871.033636362,"standard_error":29360.295949874475},"median":{"confidence_interval":{"confidence_level":0.95,"lower_bound":5195900.545454545,"upper_bound":5264006.454545454},"point_estimate":5213596.318181818,"standard_error":18860.166649264425},"median_abs_dev":{"confidence_interval":{"confidence_level":0.95,"lower_bound":96977.53818739619,"upper_bound":195707.0378073236},"point_estimate":133584.88587384907,"standard_error":27012.5336238236},"slope":null,"std_dev":{"confidence_interval":{"confidence_level":0.95,"lower_bound":218903.6699955815,"upper_bound":361539.309516627},"point_estimate":297014.1058527562,"standard_error":36485.59384431834}}