{"mean":{"confidence_interval":{"confidence_level":0.95,"lower_bound":78123.85107205054,"upper_bound":78279.15972198722},"point_estimate":78194.95589763601,"standard_error":39.76896970335381},"median":{"confidence_interval":{"confidence_level":0.95,"lower_bound":78065.49936130294,"upper_bound":78136.70320838748},"point_estimate":78096.2872960373,"standard_error":18.51588067809918},"median_abs_dev":{"confidence_interval":{"confidence_level":0.95,"lower_bound":101.60146292165304,"upper_bound":200.56045752714107},"point_estimate":141.92890580556156,"standard_error":27.47799051936283},"slope":{"confidence_interval":{"confidence_level":0.95,"lower_bound":78089.55020855856,"upper_bound":78203.05814895326},"point_estimate":78140.40365097589,"standard_error":29.06207167199932},"std_dev":{"confidence_interval":{"confidence_level":0.95,"lower_bound":223.41173303397255,"upper_bound":547.8051557982137},"point_estimate":401.6136123599306,"standard_error":82.41944156512047}}