{"mean":{"confidence_interval":{"confidence_level":0.95,"lower_bound":40229551.043249995,"upper_bound":42377556.145375},"point_estimate":41277322.82,"standard_error":550215.061348261},"median":{"confidence_interval":{"confidence_level":0.95,"lower_bound":39286954.5,"upper_bound":41587430.75},"point_estimate":40472604.0,"standard_error":596398.607755032},"median_abs_dev":{"confidence_interval":{"confidence_level":0.95,"lower_bound":3749297.406336665,"upper_bound":6115782.342173159},"point_estimate":5024209.957252443,"standard_error":604261.1518691169},"slope":null,"std_dev":{"confidence_interval":{"confidence_level":0.95,"lower_bound":4574687.586665822,"upper_bound":6450292.388235102},"point_estimate":5550090.256903486,"standard_error":480043.46789215336}}