{"mean":{"confidence_interval":{"confidence_level":0.95,"lower_bound":12907469.7881875,"upper_bound":13189472.3664375},"point_estimate":13041151.5175,"standard_error":71907.66532692389},"median":{"confidence_interval":{"confidence_level":0.95,"lower_bound":12787013.0,"upper_bound":13114164.0},"point_estimate":12928637.875,"standard_error":84847.65665848837},"median_abs_dev":{"confidence_interval":{"confidence_level":0.95,"lower_bound":382161.0432421604,"upper_bound":643424.8523019254},"point_estimate":493077.5394961238,"standard_error":69914.98676419735},"slope":null,"std_dev":{"confidence_interval":{"confidence_level":0.95,"lower_bound":527832.6350445554,"upper_bound":902728.7826634238},"point_estimate":722843.4808840734,"standard_error":95934.64924915177}}