{"mean":{"confidence_interval":{"confidence_level":0.95,"lower_bound":1308999.539835047,"upper_bound":1372604.3940663268},"point_estimate":1335263.9695647762,"standard_error":16594.36430569844},"median":{"confidence_interval":{"confidence_level":0.95,"lower_bound":1290306.475,"upper_bound":1318078.4838709678},"point_estimate":1301669.3533333335,"standard_error":6633.498876274229},"median_abs_dev":{"confidence_interval":{"confidence_level":0.95,"lower_bound":36075.563743896295,"upper_bound":60158.59552995123},"point_estimate":48773.637723319014,"standard_error":5948.456361856237},"slope":{"confidence_interval":{"confidence_level":0.95,"lower_bound":1302500.5787600838,"upper_bound":1379402.8343847143},"point_estimate":1333954.0131697946,"standard_error":20031.18824164044},"std_dev":{"confidence_interval":{"confidence_level":0.95,"lower_bound":62732.51623933782,"upper_bound":266180.0149802838},"point_estimate":167014.55248520614,"standard_error":64210.1022628812}}