{"mean":{"confidence_interval":{"confidence_level":0.95,"lower_bound":75635948.24,"upper_bound":82760479.48},"point_estimate":78340157.2,"standard_error":1929171.5156630685},"median":{"confidence_interval":{"confidence_level":0.95,"lower_bound":74428897.0,"upper_bound":77151062.0},"point_estimate":75879085.0,"standard_error":583818.417355764},"median_abs_dev":{"confidence_interval":{"confidence_level":0.95,"lower_bound":3389179.061830044,"upper_bound":5842022.851583362},"point_estimate":4299608.123266697,"standard_error":614416.2207918301},"slope":null,"std_dev":{"confidence_interval":{"confidence_level":0.95,"lower_bound":4205764.37827701,"upper_bound":32458846.654759828},"point_estimate":19446504.19345412,"standard_error":9306263.085461717}}