{"mean":{"confidence_interval":{"confidence_level":0.95,"lower_bound":336958.1504365765,"upper_bound":354026.73251919914},"point_estimate":345245.01626610546,"standard_error":4358.832437769143},"median":{"confidence_interval":{"confidence_level":0.95,"lower_bound":326247.5628188775,"upper_bound":342096.98660714284},"point_estimate":334289.61701127817,"standard_error":4464.578622470569},"median_abs_dev":{"confidence_interval":{"confidence_level":0.95,"lower_bound":24014.091973717303,"upper_bound":44119.75967381994},"point_estimate":34631.716491313855,"standard_error":5085.349613990238},"slope":{"confidence_interval":{"confidence_level":0.95,"lower_bound":328474.76778086583,"upper_bound":346549.63346730947},"point_estimate":337026.8593520024,"standard_error":4629.969903408275},"std_dev":{"confidence_interval":{"confidence_level":0.95,"lower_bound":35357.328198295305,"upper_bound":51228.3278890188},"point_estimate":43739.9259685975,"standard_error":4054.2582076472636}}