{"mean":{"confidence_interval":{"confidence_level":0.95,"lower_bound":2363723.9251931813,"upper_bound":2397076.5133636356},"point_estimate":2379134.8768181815,"standard_error":8510.488043299858},"median":{"confidence_interval":{"confidence_level":0.95,"lower_bound":2349275.9545454546,"upper_bound":2369226.1363636362},"point_estimate":2355712.409090909,"standard_error":5134.684291548712},"median_abs_dev":{"confidence_interval":{"confidence_level":0.95,"lower_bound":31148.313497006893,"upper_bound":56972.96344841425},"point_estimate":41624.331215565886,"standard_error":6285.921351820288},"slope":null,"std_dev":{"confidence_interval":{"confidence_level":0.95,"lower_bound":53795.03873616526,"upper_bound":118895.7620073409},"point_estimate":85665.1953741919,"standard_error":17462.22941070154}}