{"mean":{"confidence_interval":{"confidence_level":0.95,"lower_bound":185160.08738616607,"upper_bound":195063.5317574384},"point_estimate":189669.43972508947,"standard_error":2547.1213500005415},"median":{"confidence_interval":{"confidence_level":0.95,"lower_bound":180589.72115384616,"upper_bound":184059.28935185185},"point_estimate":182241.60846846848,"standard_error":1044.3754434214643},"median_abs_dev":{"confidence_interval":{"confidence_level":0.95,"lower_bound":7383.775541988713,"upper_bound":13190.020882134637},"point_estimate":9979.034016987098,"standard_error":1488.7067920770573},"slope":{"confidence_interval":{"confidence_level":0.95,"lower_bound":182822.03628730742,"upper_bound":189262.74086443294},"point_estimate":185877.66910447762,"standard_error":1642.4765453484838},"std_dev":{"confidence_interval":{"confidence_level":0.95,"lower_bound":14094.864712269304,"upper_bound":35412.96199454978},"point_estimate":25692.008486199014,"standard_error":5436.621454277634}}