{"mean":{"confidence_interval":{"confidence_level":0.95,"lower_bound":1665642.0796229744,"upper_bound":1696879.8739645851},"point_estimate":1680167.5434944895,"standard_error":7959.834683851662},"median":{"confidence_interval":{"confidence_level":0.95,"lower_bound":1639684.3414634147,"upper_bound":1679439.1549555385},"point_estimate":1651160.09057971,"standard_error":9537.418124669202},"median_abs_dev":{"confidence_interval":{"confidence_level":0.95,"lower_bound":34270.82406740449,"upper_bound":73478.0590409582},"point_estimate":52045.73657967006,"standard_error":10257.709581489851},"slope":{"confidence_interval":{"confidence_level":0.95,"lower_bound":1655727.2608521362,"upper_bound":1682841.7920384752},"point_estimate":1669154.0815043594,"standard_error":6922.037149894148},"std_dev":{"confidence_interval":{"confidence_level":0.95,"lower_bound":53483.44352385882,"upper_bound":108598.96063792915},"point_estimate":79800.2796882406,"standard_error":15118.690243433142}}