{"mean":{"confidence_interval":{"confidence_level":0.95,"lower_bound":304381.1823202102,"upper_bound":323735.98188419145},"point_estimate":312832.93550612696,"standard_error":5003.044634217888},"median":{"confidence_interval":{"confidence_level":0.95,"lower_bound":296295.2317176871,"upper_bound":302989.1732026144},"point_estimate":299857.0291666667,"standard_error":1688.6075406081072},"median_abs_dev":{"confidence_interval":{"confidence_level":0.95,"lower_bound":10963.4781789641,"upper_bound":21206.667261157596},"point_estimate":16639.328121849307,"standard_error":2597.8368838601455},"slope":{"confidence_interval":{"confidence_level":0.95,"lower_bound":299001.4053226078,"upper_bound":308935.6986648353},"point_estimate":303680.04477390274,"standard_error":2533.0089407488863},"std_dev":{"confidence_interval":{"confidence_level":0.95,"lower_bound":23281.267972412785,"upper_bound":76485.36896660831},"point_estimate":50350.33679515679,"standard_error":15462.759215843813}}