{"mean":{"confidence_interval":{"confidence_level":0.95,"lower_bound":34605879.38,"upper_bound":35122400.428875},"point_estimate":34848352.785,"standard_error":131862.30178546236},"median":{"confidence_interval":{"confidence_level":0.95,"lower_bound":34240983.5,"upper_bound":34699077.0},"point_estimate":34443810.75,"standard_error":117905.4160449881},"median_abs_dev":{"confidence_interval":{"confidence_level":0.95,"lower_bound":515666.43269509077,"upper_bound":992814.4918265175},"point_estimate":730002.5750398636,"standard_error":122321.35375588614},"slope":null,"std_dev":{"confidence_interval":{"confidence_level":0.95,"lower_bound":947015.3063249441,"upper_bound":1670608.0259356352},"point_estimate":1313183.7684184741,"standard_error":187221.6750280335}}