{"mean":{"confidence_interval":{"confidence_level":0.95,"lower_bound":59157.97478307132,"upper_bound":59274.793313199836},"point_estimate":59216.4915030136,"standard_error":29.775157059813242},"median":{"confidence_interval":{"confidence_level":0.95,"lower_bound":59161.24926470588,"upper_bound":59260.98871409029},"point_estimate":59203.4756336681,"standard_error":21.030235324635623},"median_abs_dev":{"confidence_interval":{"confidence_level":0.95,"lower_bound":150.7806393124952,"upper_bound":241.1508853462028},"point_estimate":201.67138922702878,"standard_error":22.133828175181804},"slope":{"confidence_interval":{"confidence_level":0.95,"lower_bound":59050.3749280349,"upper_bound":59182.80610993175},"point_estimate":59120.603596171735,"standard_error":33.66136446981336},"std_dev":{"confidence_interval":{"confidence_level":0.95,"lower_bound":193.0657756510688,"upper_bound":393.5595416499285},"point_estimate":299.2981335806701,"standard_error":50.55216766524818}}