{"mean":{"confidence_interval":{"confidence_level":0.95,"lower_bound":157195.89137093798,"upper_bound":162999.72829557376},"point_estimate":159744.637260899,"standard_error":1493.8836643386494},"median":{"confidence_interval":{"confidence_level":0.95,"lower_bound":156325.83219954648,"upper_bound":158094.75},"point_estimate":157353.5191815857,"standard_error":545.4497034208639},"median_abs_dev":{"confidence_interval":{"confidence_level":0.95,"lower_bound":2817.2189489876764,"upper_bound":5381.690567967122},"point_estimate":4204.631535400391,"standard_error":681.3368226922073},"slope":{"confidence_interval":{"confidence_level":0.95,"lower_bound":156272.50495963855,"upper_bound":158287.32420656204},"point_estimate":157264.0151445038,"standard_error":512.1841444521737},"std_dev":{"confidence_interval":{"confidence_level":0.95,"lower_bound":6397.66344125175,"upper_bound":22654.537141318924},"point_estimate":15067.55125715999,"standard_error":4320.372938555387}}