{"mean":{"confidence_interval":{"confidence_level":0.95,"lower_bound":13334864.166,"upper_bound":13452012.848},"point_estimate":13387973.685,"standard_error":30030.002741633576},"median":{"confidence_interval":{"confidence_level":0.95,"lower_bound":13273334.75,"upper_bound":13340369.0},"point_estimate":13320189.5,"standard_error":16425.536026411344},"median_abs_dev":{"confidence_interval":{"confidence_level":0.95,"lower_bound":96936.83407902718,"upper_bound":149630.66104352474},"point_estimate":123760.21812781692,"standard_error":12691.378111130629},"slope":null,"std_dev":{"confidence_interval":{"confidence_level":0.95,"lower_bound":159412.7803951252,"upper_bound":425149.4888218137},"point_estimate":301657.6253360686,"standard_error":68642.72256026274}}