{"mean":{"confidence_interval":{"confidence_level":0.95,"lower_bound":2563041.5930250008,"upper_bound":2620716.0315625016},"point_estimate":2592004.8315,"standard_error":14741.833887850225},"median":{"confidence_interval":{"confidence_level":0.95,"lower_bound":2566912.25,"upper_bound":2627136.275},"point_estimate":2607339.575,"standard_error":17727.22788571183},"median_abs_dev":{"confidence_interval":{"confidence_level":0.95,"lower_bound":105266.97029113783,"upper_bound":172126.5210941434},"point_estimate":138229.4301809372,"standard_error":16698.854696540093},"slope":null,"std_dev":{"confidence_interval":{"confidence_level":0.95,"lower_bound":128415.33349056012,"upper_bound":165353.39703947186},"point_estimate":148186.88897593482,"standard_error":9476.25665524343}}