{"mean":{"confidence_interval":{"confidence_level":0.95,"lower_bound":171529.56771263035,"upper_bound":173552.7586388813},"point_estimate":172458.03238530687,"standard_error":517.1752621201152},"median":{"confidence_interval":{"confidence_level":0.95,"lower_bound":171164.82585333672,"upper_bound":171988.34444444443},"point_estimate":171613.34285714285,"standard_error":219.3337583220524},"median_abs_dev":{"confidence_interval":{"confidence_level":0.95,"lower_bound":1762.0174942498547,"upper_bound":3005.7614029107485},"point_estimate":2297.479884747642,"standard_error":327.88887555114144},"slope":{"confidence_interval":{"confidence_level":0.95,"lower_bound":170561.32428064925,"upper_bound":172330.87209634643},"point_estimate":171435.05798384317,"standard_error":450.0049948457834},"std_dev":{"confidence_interval":{"confidence_level":0.95,"lower_bound":3072.748111858335,"upper_bound":7221.561006825407},"point_estimate":5186.831046877074,"standard_error":1090.64468230956}}