{"mean":{"confidence_interval":{"confidence_level":0.95,"lower_bound":5049728.271386365,"upper_bound":5072739.467795453},"point_estimate":5060613.33818182,"standard_error":5878.268875357705},"median":{"confidence_interval":{"confidence_level":0.95,"lower_bound":5037608.454545454,"upper_bound":5043408.363636363},"point_estimate":5039676.590909091,"standard_error":1670.5732799139987},"median_abs_dev":{"confidence_interval":{"confidence_level":0.95,"lower_bound":16909.93383592474,"upper_bound":32294.06338712092},"point_estimate":25824.6676415205,"standard_error":4098.435383187875},"slope":null,"std_dev":{"confidence_interval":{"confidence_level":0.95,"lower_bound":44495.91313386809,"upper_bound":72269.88065458539},"point_estimate":58835.85609758851,"standard_error":7129.14129947215}}