{"mean":{"confidence_interval":{"confidence_level":0.95,"lower_bound":4275.513382031185,"upper_bound":4292.511896527366},"point_estimate":4283.923140212414,"standard_error":4.329673112927564},"median":{"confidence_interval":{"confidence_level":0.95,"lower_bound":4283.265558271316,"upper_bound":4293.919750945257},"point_estimate":4288.787012987013,"standard_error":2.6234734593981615},"median_abs_dev":{"confidence_interval":{"confidence_level":0.95,"lower_bound":22.556556556242693,"upper_bound":45.02510170782711},"point_estimate":33.1496561636117,"standard_error":5.261866646810135},"slope":{"confidence_interval":{"confidence_level":0.95,"lower_bound":4268.078793492794,"upper_bound":4289.032326634132},"point_estimate":4278.506046903198,"standard_error":5.340061886723574},"std_dev":{"confidence_interval":{"confidence_level":0.95,"lower_bound":33.860923921421985,"upper_bound":54.318728471663334},"point_estimate":43.72626783626851,"standard_error":5.330666513932408}}