{"mean":{"confidence_interval":{"confidence_level":0.95,"lower_bound":3708.5863482124396,"upper_bound":3795.5599663662283},"point_estimate":3750.056778061564,"standard_error":22.225676183970407},"median":{"confidence_interval":{"confidence_level":0.95,"lower_bound":3641.256716866693,"upper_bound":3755.690227776504},"point_estimate":3679.4304438530785,"standard_error":30.42642664635633},"median_abs_dev":{"confidence_interval":{"confidence_level":0.95,"lower_bound":126.5774288763968,"upper_bound":235.47655123040514},"point_estimate":170.64119637582812,"standard_error":28.197227881451443},"slope":{"confidence_interval":{"confidence_level":0.95,"lower_bound":3740.7340372877975,"upper_bound":3837.4776381319916},"point_estimate":3789.4680285633794,"standard_error":24.699164389250768},"std_dev":{"confidence_interval":{"confidence_level":0.95,"lower_bound":164.17768171160742,"upper_bound":281.6223762122176},"point_estimate":222.63034212895982,"standard_error":30.598058735647015}}