{"mean":{"confidence_interval":{"confidence_level":0.95,"lower_bound":11175.92579621129,"upper_bound":11344.523148979262},"point_estimate":11257.86015338532,"standard_error":43.07287687513367},"median":{"confidence_interval":{"confidence_level":0.95,"lower_bound":11036.860983981693,"upper_bound":11118.851487414187},"point_estimate":11069.151591614907,"standard_error":17.30410023968837},"median_abs_dev":{"confidence_interval":{"confidence_level":0.95,"lower_bound":130.2626910814352,"upper_bound":240.9720686498032},"point_estimate":178.92193511227916,"standard_error":26.907510235641396},"slope":{"confidence_interval":{"confidence_level":0.95,"lower_bound":11176.17492513591,"upper_bound":11438.779816327602},"point_estimate":11304.65791099389,"standard_error":66.86605209160993},"std_dev":{"confidence_interval":{"confidence_level":0.95,"lower_bound":365.11350747741426,"upper_bound":485.0301941080251},"point_estimate":434.2742402128333,"standard_error":30.59136241946099}}