{"mean":{"confidence_interval":{"confidence_level":0.95,"lower_bound":4826461.699727272,"upper_bound":4900915.367431818},"point_estimate":4856121.517272727,"standard_error":19551.85603017639},"median":{"confidence_interval":{"confidence_level":0.95,"lower_bound":4813919.2272727275,"upper_bound":4832955.681818182},"point_estimate":4821264.727272727,"standard_error":5427.569473350282},"median_abs_dev":{"confidence_interval":{"confidence_level":0.95,"lower_bound":29847.567888281,"upper_bound":48656.50506344658},"point_estimate":36768.68151995319,"standard_error":4799.23052179403},"slope":null,"std_dev":{"confidence_interval":{"confidence_level":0.95,"lower_bound":51296.68179488529,"upper_bound":321399.90300106467},"point_estimate":196859.95890286315,"standard_error":82360.36442661422}}