{"mean":{"confidence_interval":{"confidence_level":0.95,"lower_bound":136209.5123757557,"upper_bound":140133.59791913116},"point_estimate":137943.9584688665,"standard_error":1007.942085496376},"median":{"confidence_interval":{"confidence_level":0.95,"lower_bound":134260.51,"upper_bound":136617.58771585557},"point_estimate":135060.39909722222,"standard_error":662.9929271589718},"median_abs_dev":{"confidence_interval":{"confidence_level":0.95,"lower_bound":3448.292071153793,"upper_bound":6480.2368243973915},"point_estimate":4752.042658426047,"standard_error":814.3467394560219},"slope":{"confidence_interval":{"confidence_level":0.95,"lower_bound":133672.30930312094,"upper_bound":135150.91066356524},"point_estimate":134370.08288237033,"standard_error":378.6519894090344},"std_dev":{"confidence_interval":{"confidence_level":0.95,"lower_bound":5598.904546698614,"upper_bound":14872.493392623568},"point_estimate":10084.592757204715,"standard_error":2790.041383312823}}