{"mean":{"confidence_interval":{"confidence_level":0.95,"lower_bound":139632.79900298832,"upper_bound":145126.35157496922},"point_estimate":142021.56972928302,"standard_error":1415.8046928974964},"median":{"confidence_interval":{"confidence_level":0.95,"lower_bound":137666.74603174604,"upper_bound":138888.26373626373},"point_estimate":138066.34992962703,"standard_error":336.17631620001504},"median_abs_dev":{"confidence_interval":{"confidence_level":0.95,"lower_bound":2081.1919608708063,"upper_bound":3997.242458180173},"point_estimate":3230.8202964049115,"standard_error":466.72121027285107},"slope":{"confidence_interval":{"confidence_level":0.95,"lower_bound":138108.9381804321,"upper_bound":140613.64360815194},"point_estimate":139266.01039245076,"standard_error":644.7224027389565},"std_dev":{"confidence_interval":{"confidence_level":0.95,"lower_bound":5890.824644960413,"upper_bound":21501.513336799955},"point_estimate":14170.047577467796,"standard_error":4142.177265264188}}