{"mean":{"confidence_interval":{"confidence_level":0.95,"lower_bound":383081.6773236333,"upper_bound":415433.0921659676},"point_estimate":397605.52539640456,"standard_error":8285.701377087864},"median":{"confidence_interval":{"confidence_level":0.95,"lower_bound":368210.3190563166,"upper_bound":379873.86666666664},"point_estimate":375120.14626413013,"standard_error":3396.2742204039946},"median_abs_dev":{"confidence_interval":{"confidence_level":0.95,"lower_bound":20278.10462465857,"upper_bound":39579.40578922357},"point_estimate":30179.478794210812,"standard_error":5283.279698861807},"slope":{"confidence_interval":{"confidence_level":0.95,"lower_bound":374818.1557835668,"upper_bound":394947.9109762264},"point_estimate":384133.93082705286,"standard_error":5131.521670490621},"std_dev":{"confidence_interval":{"confidence_level":0.95,"lower_bound":43738.18426951765,"upper_bound":119974.90273367982},"point_estimate":83066.04574707225,"standard_error":20289.88718987288}}