{"mean":{"confidence_interval":{"confidence_level":0.95,"lower_bound":2105333.5798302894,"upper_bound":2183233.0248299013},"point_estimate":2143613.7735270564,"standard_error":19902.66162754934},"median":{"confidence_interval":{"confidence_level":0.95,"lower_bound":2076843.0,"upper_bound":2186328.5},"point_estimate":2137526.0075346595,"standard_error":31561.91819203294},"median_abs_dev":{"confidence_interval":{"confidence_level":0.95,"lower_bound":146471.28991961497,"upper_bound":223623.98989654714},"point_estimate":189377.6725669881,"standard_error":19595.52728289117},"slope":{"confidence_interval":{"confidence_level":0.95,"lower_bound":2106488.193021479,"upper_bound":2173716.334503823},"point_estimate":2140381.758894636,"standard_error":17118.517863966903},"std_dev":{"confidence_interval":{"confidence_level":0.95,"lower_bound":165163.57123266393,"upper_bound":230978.8610979401},"point_estimate":200091.19863125662,"standard_error":16864.909662184393}}