{"mean":{"confidence_interval":{"confidence_level":0.95,"lower_bound":9078156.934249997,"upper_bound":9308073.319958331},"point_estimate":9186951.158333333,"standard_error":58584.305323284905},"median":{"confidence_interval":{"confidence_level":0.95,"lower_bound":8963410.75,"upper_bound":9163120.333333332},"point_estimate":9040761.166666668,"standard_error":55949.85004732731},"median_abs_dev":{"confidence_interval":{"confidence_level":0.95,"lower_bound":305355.9199288515,"upper_bound":518270.6195488572},"point_estimate":410868.35935562756,"standard_error":55303.15323869882},"slope":null,"std_dev":{"confidence_interval":{"confidence_level":0.95,"lower_bound":414100.356898998,"upper_bound":747796.8604984045},"point_estimate":589314.7434144488,"standard_error":85420.75312989426}}