{"mean":{"confidence_interval":{"confidence_level":0.95,"lower_bound":7330.49151010425,"upper_bound":7350.298169108081},"point_estimate":7340.421771049702,"standard_error":5.06364400993044},"median":{"confidence_interval":{"confidence_level":0.95,"lower_bound":7323.0823659480375,"upper_bound":7354.220239756665},"point_estimate":7345.019554905783,"standard_error":7.672692327215101},"median_abs_dev":{"confidence_interval":{"confidence_level":0.95,"lower_bound":44.002572738823254,"upper_bound":66.74924634320114},"point_estimate":56.26653881907725,"standard_error":5.864490926433003},"slope":{"confidence_interval":{"confidence_level":0.95,"lower_bound":7329.22246585228,"upper_bound":7357.552321482257},"point_estimate":7343.924901827496,"standard_error":7.238922649914368},"std_dev":{"confidence_interval":{"confidence_level":0.95,"lower_bound":43.68812774155736,"upper_bound":58.137167457765116},"point_estimate":50.9055099485065,"standard_error":3.7027214870971}}