{"mean":{"confidence_interval":{"confidence_level":0.95,"lower_bound":3319061.926875,"upper_bound":3372202.8506406248},"point_estimate":3344370.4625,"standard_error":13541.257228387012},"median":{"confidence_interval":{"confidence_level":0.95,"lower_bound":3281348.25,"upper_bound":3342787.3125},"point_estimate":3310673.96875,"standard_error":14409.317135528481},"median_abs_dev":{"confidence_interval":{"confidence_level":0.95,"lower_bound":79205.2627125755,"upper_bound":125852.81532816589},"point_estimate":101342.93587580323,"standard_error":12601.158453369668},"slope":null,"std_dev":{"confidence_interval":{"confidence_level":0.95,"lower_bound":98694.6745327361,"upper_bound":176708.27622662747},"point_estimate":136084.22155956874,"standard_error":20582.304421389817}}