{"mean":{"confidence_interval":{"confidence_level":0.95,"lower_bound":162052.30765295416,"upper_bound":169395.41752878268},"point_estimate":165295.91121185882,"standard_error":1889.1518535224266},"median":{"confidence_interval":{"confidence_level":0.95,"lower_bound":160375.11596638654,"upper_bound":163671.68783068782},"point_estimate":162207.86425983437,"standard_error":734.4076932129664},"median_abs_dev":{"confidence_interval":{"confidence_level":0.95,"lower_bound":4107.955755705557,"upper_bound":7126.658092672954},"point_estimate":5936.089592267929,"standard_error":802.5148122012088},"slope":{"confidence_interval":{"confidence_level":0.95,"lower_bound":156959.38804198935,"upper_bound":161525.18038166757},"point_estimate":159375.19820768858,"standard_error":1165.4487346539884},"std_dev":{"confidence_interval":{"confidence_level":0.95,"lower_bound":8530.626078167183,"upper_bound":28537.489468858083},"point_estimate":18964.01848085093,"standard_error":5332.945230400823}}