{"mean":{"confidence_interval":{"confidence_level":0.95,"lower_bound":3445.829885702383,"upper_bound":3458.9069840292163},"point_estimate":3452.3522936761537,"standard_error":3.3236829616313424},"median":{"confidence_interval":{"confidence_level":0.95,"lower_bound":3441.043116213099,"upper_bound":3460.7134948096887},"point_estimate":3447.136287301298,"standard_error":6.123128640251188},"median_abs_dev":{"confidence_interval":{"confidence_level":0.95,"lower_bound":27.297395877003698,"upper_bound":43.685494412584234},"point_estimate":35.39382919233247,"standard_error":4.371341232256852},"slope":{"confidence_interval":{"confidence_level":0.95,"lower_bound":3438.816382301299,"upper_bound":3455.387281988708},"point_estimate":3447.101816805861,"standard_error":4.228231183680039},"std_dev":{"confidence_interval":{"confidence_level":0.95,"lower_bound":28.998678777479313,"upper_bound":37.50962838651153},"point_estimate":33.386601145398274,"standard_error":2.1644845365517047}}