{"mean":{"confidence_interval":{"confidence_level":0.95,"lower_bound":10625.75718380631,"upper_bound":10722.222476242501},"point_estimate":10674.120514987724,"standard_error":24.742210318164165},"median":{"confidence_interval":{"confidence_level":0.95,"lower_bound":10622.249721913236,"upper_bound":10752.833082437275},"point_estimate":10696.196670017776,"standard_error":34.2145038779088},"median_abs_dev":{"confidence_interval":{"confidence_level":0.95,"lower_bound":208.90163854931896,"upper_bound":333.6226827048485},"point_estimate":273.6504294377629,"standard_error":32.407593442837914},"slope":{"confidence_interval":{"confidence_level":0.95,"lower_bound":10453.08777544335,"upper_bound":10554.888943187072},"point_estimate":10502.153744595451,"standard_error":26.018347475013304},"std_dev":{"confidence_interval":{"confidence_level":0.95,"lower_bound":215.44284199890387,"upper_bound":282.2946158273013},"point_estimate":249.45634588050095,"standard_error":17.15152174269167}}