{"mean":{"confidence_interval":{"confidence_level":0.95,"lower_bound":8947.186450136138,"upper_bound":8979.536360605889},"point_estimate":8960.648942438951,"standard_error":8.3821988806297},"median":{"confidence_interval":{"confidence_level":0.95,"lower_bound":8943.748339133186,"upper_bound":8962.63644540385},"point_estimate":8954.18198239524,"standard_error":3.6920261447265337},"median_abs_dev":{"confidence_interval":{"confidence_level":0.95,"lower_bound":26.910350368495294,"upper_bound":51.808074787003086},"point_estimate":41.46432342726347,"standard_error":6.679184536241614},"slope":{"confidence_interval":{"confidence_level":0.95,"lower_bound":8944.19782061857,"upper_bound":8961.621956946676},"point_estimate":8952.717546945985,"standard_error":4.451632679811845},"std_dev":{"confidence_interval":{"confidence_level":0.95,"lower_bound":35.21369131894848,"upper_bound":133.29844766215868},"point_estimate":84.31731512298006,"standard_error":31.04351381889337}}