{"mean":{"confidence_interval":{"confidence_level":0.95,"lower_bound":1563328.481788446,"upper_bound":1665276.8140197126},"point_estimate":1609462.592028475,"standard_error":26154.20704704996},"median":{"confidence_interval":{"confidence_level":0.95,"lower_bound":1502034.1818181816,"upper_bound":1583345.21661055},"point_estimate":1554638.1756250001,"standard_error":22670.727089350126},"median_abs_dev":{"confidence_interval":{"confidence_level":0.95,"lower_bound":97479.60154191988,"upper_bound":165514.13694815585},"point_estimate":135654.01088034536,"standard_error":18600.718110529408},"slope":{"confidence_interval":{"confidence_level":0.95,"lower_bound":1532392.1272656284,"upper_bound":1594194.55853648},"point_estimate":1562261.198081868,"standard_error":15724.481376557093},"std_dev":{"confidence_interval":{"confidence_level":0.95,"lower_bound":156036.79920372192,"upper_bound":374341.0769472263},"point_estimate":262034.63534120037,"standard_error":62096.227276488455}}