{"mean":{"confidence_interval":{"confidence_level":0.95,"lower_bound":717573.3321312006,"upper_bound":732786.6793917988},"point_estimate":724934.7564266124,"standard_error":3885.748635190518},"median":{"confidence_interval":{"confidence_level":0.95,"lower_bound":702952.9646464647,"upper_bound":717186.1153846154},"point_estimate":709012.8939125296,"standard_error":3794.0532018936087},"median_abs_dev":{"confidence_interval":{"confidence_level":0.95,"lower_bound":15456.578735060475,"upper_bound":33792.76515928926},"point_estimate":22104.898187120398,"standard_error":4477.5354199559715},"slope":{"confidence_interval":{"confidence_level":0.95,"lower_bound":710309.3819822953,"upper_bound":727756.2974689873},"point_estimate":718550.056076548,"standard_error":4459.6236023871215},"std_dev":{"confidence_interval":{"confidence_level":0.95,"lower_bound":31595.044125073182,"upper_bound":45775.49778840056},"point_estimate":39163.68543729052,"standard_error":3615.9676807515357}}