{"mean":{"confidence_interval":{"confidence_level":0.95,"lower_bound":177940.67344634855,"upper_bound":182420.52253398663},"point_estimate":179868.05557742566,"standard_error":1153.5169713605985},"median":{"confidence_interval":{"confidence_level":0.95,"lower_bound":176888.36378787877,"upper_bound":180302.41666666666},"point_estimate":178108.88220551377,"standard_error":822.0100204125387},"median_abs_dev":{"confidence_interval":{"confidence_level":0.95,"lower_bound":5357.633757424783,"upper_bound":8174.289399335986},"point_estimate":7077.618496569381,"standard_error":723.6405459342076},"slope":{"confidence_interval":{"confidence_level":0.95,"lower_bound":174291.20686270375,"upper_bound":176704.8362290379},"point_estimate":175435.88834687945,"standard_error":613.2705212024903},"std_dev":{"confidence_interval":{"confidence_level":0.95,"lower_bound":5729.17101223797,"upper_bound":18019.328778433137},"point_estimate":11661.503600969547,"standard_error":3927.823504180443}}