{"mean":{"confidence_interval":{"confidence_level":0.95,"lower_bound":440924.01097837015,"upper_bound":460419.2149168672},"point_estimate":450037.5223231902,"standard_error":4986.667626599654},"median":{"confidence_interval":{"confidence_level":0.95,"lower_bound":432308.7638888889,"upper_bound":450949.1259259259},"point_estimate":442233.1501362721,"standard_error":4891.3671627390795},"median_abs_dev":{"confidence_interval":{"confidence_level":0.95,"lower_bound":24962.93183149056,"upper_bound":41356.26286930901},"point_estimate":32474.24007146696,"standard_error":4279.534417348796},"slope":{"confidence_interval":{"confidence_level":0.95,"lower_bound":427489.7602424663,"upper_bound":440488.7419097841},"point_estimate":433921.6154514556,"standard_error":3317.8862576944066},"std_dev":{"confidence_interval":{"confidence_level":0.95,"lower_bound":31689.03153025832,"upper_bound":66437.6069901211},"point_estimate":50109.80343896821,"standard_error":8937.035603818491}}