{"mean":{"confidence_interval":{"confidence_level":0.95,"lower_bound":243901.02085389092,"upper_bound":250621.21285924537},"point_estimate":246992.20842885866,"standard_error":1710.78383776259},"median":{"confidence_interval":{"confidence_level":0.95,"lower_bound":239426.65074626866,"upper_bound":243061.69892473117},"point_estimate":240953.21133333334,"standard_error":929.9291277788855},"median_abs_dev":{"confidence_interval":{"confidence_level":0.95,"lower_bound":4997.59706345087,"upper_bound":9664.503400883772},"point_estimate":7365.9450930879775,"standard_error":1172.03686797834},"slope":{"confidence_interval":{"confidence_level":0.95,"lower_bound":244319.91960122477,"upper_bound":253326.8122537709},"point_estimate":248546.74582000886,"standard_error":2310.9741767316436},"std_dev":{"confidence_interval":{"confidence_level":0.95,"lower_bound":10928.959217563566,"upper_bound":23485.838596804362},"point_estimate":17162.980373939106,"standard_error":3326.2960913197066}}