{"mean":{"confidence_interval":{"confidence_level":0.95,"lower_bound":154932.42380397546,"upper_bound":156639.03709820678},"point_estimate":155685.33236376682,"standard_error":437.88042819515397},"median":{"confidence_interval":{"confidence_level":0.95,"lower_bound":154787.1622276029,"upper_bound":156031.64661654134},"point_estimate":155277.42460317462,"standard_error":382.18549796176404},"median_abs_dev":{"confidence_interval":{"confidence_level":0.95,"lower_bound":1565.7547702022932,"upper_bound":2732.7712198169274},"point_estimate":2132.3550084845742,"standard_error":313.1252223266404},"slope":{"confidence_interval":{"confidence_level":0.95,"lower_bound":155109.2571353543,"upper_bound":155870.8446998058},"point_estimate":155501.017827271,"standard_error":193.91876956430067},"std_dev":{"confidence_interval":{"confidence_level":0.95,"lower_bound":2292.749861389091,"upper_bound":6669.401319770414},"point_estimate":4413.836432801146,"standard_error":1333.3012789841252}}