{"mean":{"confidence_interval":{"confidence_level":0.95,"lower_bound":2807541.278473684,"upper_bound":2829015.0821184204},"point_estimate":2817860.6647368413,"standard_error":5493.406450047598},"median":{"confidence_interval":{"confidence_level":0.95,"lower_bound":2793255.578947368,"upper_bound":2803708.263157895},"point_estimate":2798371.3684210526,"standard_error":2496.254309638874},"median_abs_dev":{"confidence_interval":{"confidence_level":0.95,"lower_bound":15633.704596130217,"upper_bound":36698.48502215595},"point_estimate":22769.770395755422,"standard_error":5574.206214267617},"slope":null,"std_dev":{"confidence_interval":{"confidence_level":0.95,"lower_bound":43072.440211039895,"upper_bound":66409.550227876},"point_estimate":55101.5056309854,"standard_error":5981.302353476386}}