{"mean":{"confidence_interval":{"confidence_level":0.95,"lower_bound":3468057.5274374997,"upper_bound":3616135.6494374997},"point_estimate":3542773.36875,"standard_error":37839.3625443949},"median":{"confidence_interval":{"confidence_level":0.95,"lower_bound":3481979.9375,"upper_bound":3631756.25},"point_estimate":3559868.03125,"standard_error":34851.51582029385},"median_abs_dev":{"confidence_interval":{"confidence_level":0.95,"lower_bound":274096.5504275635,"upper_bound":513314.63184637466},"point_estimate":403159.10203624517,"standard_error":63891.26307336109},"slope":null,"std_dev":{"confidence_interval":{"confidence_level":0.95,"lower_bound":328332.968139282,"upper_bound":427847.23714026884},"point_estimate":380282.38228187466,"standard_error":25562.004067274287}}