{"mean":{"confidence_interval":{"confidence_level":0.95,"lower_bound":111671.54504688398,"upper_bound":113150.63457975026},"point_estimate":112341.45919242494,"standard_error":377.3896423398},"median":{"confidence_interval":{"confidence_level":0.95,"lower_bound":110851.96612466125,"upper_bound":111930.3311546841},"point_estimate":111336.09918020788,"standard_error":256.8086882298732},"median_abs_dev":{"confidence_interval":{"confidence_level":0.95,"lower_bound":1187.8653786707061,"upper_bound":2138.9624395818696},"point_estimate":1650.236096002557,"standard_error":247.51004017591072},"slope":{"confidence_interval":{"confidence_level":0.95,"lower_bound":110978.78854105121,"upper_bound":111950.39787953382},"point_estimate":111439.35699981939,"standard_error":248.63048789736752},"std_dev":{"confidence_interval":{"confidence_level":0.95,"lower_bound":1993.5237201844004,"upper_bound":5335.217834315848},"point_estimate":3798.310183185149,"standard_error":860.5202371983079}}