{"mean":{"confidence_interval":{"confidence_level":0.95,"lower_bound":137188.15037673977,"upper_bound":140000.39343656675},"point_estimate":138519.17966073295,"standard_error":717.1787490190382},"median":{"confidence_interval":{"confidence_level":0.95,"lower_bound":135556.37911242084,"upper_bound":139163.2987561425},"point_estimate":137055.51910537298,"standard_error":969.9820010074843},"median_abs_dev":{"confidence_interval":{"confidence_level":0.95,"lower_bound":4516.38706709752,"upper_bound":7499.832954408298},"point_estimate":5886.034011187109,"standard_error":761.8813505433629},"slope":{"confidence_interval":{"confidence_level":0.95,"lower_bound":134461.7617940258,"upper_bound":136565.7027259516},"point_estimate":135476.71149475395,"standard_error":536.5330127809337},"std_dev":{"confidence_interval":{"confidence_level":0.95,"lower_bound":5191.9642068259745,"upper_bound":9563.925594022043},"point_estimate":7210.844733680744,"standard_error":1211.8416010931548}}