{"mean":{"confidence_interval":{"confidence_level":0.95,"lower_bound":170562.30843113642,"upper_bound":181387.93410964523},"point_estimate":175607.68296580293,"standard_error":2775.3429094528983},"median":{"confidence_interval":{"confidence_level":0.95,"lower_bound":165283.42372881356,"upper_bound":169235.51864518982},"point_estimate":167024.92590311987,"standard_error":1006.4124677035738},"median_abs_dev":{"confidence_interval":{"confidence_level":0.95,"lower_bound":7500.626981474496,"upper_bound":14063.474108790006},"point_estimate":11331.927040252309,"standard_error":1697.2687411885308},"slope":{"confidence_interval":{"confidence_level":0.95,"lower_bound":165051.34004629822,"upper_bound":174793.94873730312},"point_estimate":169265.08592581647,"standard_error":2514.937161914051},"std_dev":{"confidence_interval":{"confidence_level":0.95,"lower_bound":17080.92437366603,"upper_bound":37658.43774161546},"point_estimate":28109.240136760585,"standard_error":5272.955660707262}}