{"mean":{"confidence_interval":{"confidence_level":0.95,"lower_bound":312419.77026842,"upper_bound":320676.45159748325},"point_estimate":315943.1212928506,"standard_error":2139.515410556535},"median":{"confidence_interval":{"confidence_level":0.95,"lower_bound":309677.5172413793,"upper_bound":311506.08878968254},"point_estimate":310331.49711115187,"standard_error":408.44511508095206},"median_abs_dev":{"confidence_interval":{"confidence_level":0.95,"lower_bound":2773.187716170508,"upper_bound":5325.46798696267},"point_estimate":3461.0569220496877,"standard_error":647.798472904545},"slope":{"confidence_interval":{"confidence_level":0.95,"lower_bound":308654.507285191,"upper_bound":310376.73161020805},"point_estimate":309443.64944066794,"standard_error":440.94138545477085},"std_dev":{"confidence_interval":{"confidence_level":0.95,"lower_bound":7580.917739209622,"upper_bound":33369.35640360693},"point_estimate":21476.633825245903,"standard_error":7099.78369836792}}