{"mean":{"confidence_interval":{"confidence_level":0.95,"lower_bound":318318.8288420592,"upper_bound":341938.67485372943},"point_estimate":328708.3615964243,"standard_error":6078.947631391469},"median":{"confidence_interval":{"confidence_level":0.95,"lower_bound":311709.47865853657,"upper_bound":318294.4066666667},"point_estimate":314461.4703362114,"standard_error":1644.606640972834},"median_abs_dev":{"confidence_interval":{"confidence_level":0.95,"lower_bound":9757.315188799466,"upper_bound":15369.555823710894},"point_estimate":13072.549208186754,"standard_error":1467.3375559569897},"slope":{"confidence_interval":{"confidence_level":0.95,"lower_bound":314729.632885324,"upper_bound":320804.6166138046},"point_estimate":317542.09614674153,"standard_error":1547.2270225299808},"std_dev":{"confidence_interval":{"confidence_level":0.95,"lower_bound":24435.8395190465,"upper_bound":89402.93801527523},"point_estimate":60980.34580568334,"standard_error":16623.14067177989}}