{"mean":{"confidence_interval":{"confidence_level":0.95,"lower_bound":845175.0914020698,"upper_bound":884045.8070861585},"point_estimate":863691.7076196744,"standard_error":9935.613620270102},"median":{"confidence_interval":{"confidence_level":0.95,"lower_bound":820911.775,"upper_bound":862104.9945054945},"point_estimate":840723.2384987894,"standard_error":10509.171790540699},"median_abs_dev":{"confidence_interval":{"confidence_level":0.95,"lower_bound":51399.00954301992,"upper_bound":87704.84856132082},"point_estimate":67015.14056655916,"standard_error":9188.961592854426},"slope":{"confidence_interval":{"confidence_level":0.95,"lower_bound":832817.0232468218,"upper_bound":871636.6775553093},"point_estimate":851432.7628993646,"standard_error":9869.110209422752},"std_dev":{"confidence_interval":{"confidence_level":0.95,"lower_bound":73419.16592162436,"upper_bound":122148.71251433599},"point_estimate":99250.34181491031,"standard_error":12513.961851107826}}