{"mean":{"confidence_interval":{"confidence_level":0.95,"lower_bound":1643658.1799855714,"upper_bound":1958412.2810444885},"point_estimate":1777876.6301365264,"standard_error":81466.33842911127},"median":{"confidence_interval":{"confidence_level":0.95,"lower_bound":1558497.8017806937,"upper_bound":1624726.4064685316},"point_estimate":1584288.4517195767,"standard_error":16618.938769923563},"median_abs_dev":{"confidence_interval":{"confidence_level":0.95,"lower_bound":126068.19562684208,"upper_bound":216595.17045979283},"point_estimate":167759.24472793567,"standard_error":22408.711787223583},"slope":{"confidence_interval":{"confidence_level":0.95,"lower_bound":1501522.5117853712,"upper_bound":1558655.7301291781},"point_estimate":1529720.669575883,"standard_error":14571.52832067157},"std_dev":{"confidence_interval":{"confidence_level":0.95,"lower_bound":307202.9645991225,"upper_bound":1261375.855220909},"point_estimate":815139.0207282316,"standard_error":262063.85123471246}}