{"mean":{"confidence_interval":{"confidence_level":0.95,"lower_bound":176991.02001969912,"upper_bound":181718.97343963358},"point_estimate":179322.9024551792,"standard_error":1203.820576694327},"median":{"confidence_interval":{"confidence_level":0.95,"lower_bound":174163.97286821707,"upper_bound":179404.18556466303},"point_estimate":177051.84026522,"standard_error":1339.4893863268446},"median_abs_dev":{"confidence_interval":{"confidence_level":0.95,"lower_bound":8508.546644757034,"upper_bound":14423.823022058592},"point_estimate":11805.114435877236,"standard_error":1526.6169202520425},"slope":{"confidence_interval":{"confidence_level":0.95,"lower_bound":177480.84995576786,"upper_bound":183221.77383597184},"point_estimate":180278.3239618738,"standard_error":1467.575962795391},"std_dev":{"confidence_interval":{"confidence_level":0.95,"lower_bound":9903.778168894758,"upper_bound":14227.585706230591},"point_estimate":12091.946691256531,"standard_error":1110.4989135330306}}