{"mean":{"confidence_interval":{"confidence_level":0.95,"lower_bound":126283.13636885215,"upper_bound":127356.7158541224},"point_estimate":126784.56923214311,"standard_error":274.82798709183885},"median":{"confidence_interval":{"confidence_level":0.95,"lower_bound":125835.5988363991,"upper_bound":126838.66908482142},"point_estimate":126423.12175756568,"standard_error":274.0569711717208},"median_abs_dev":{"confidence_interval":{"confidence_level":0.95,"lower_bound":1439.3179735052165,"upper_bound":2303.9896516580793},"point_estimate":1794.438933644695,"standard_error":226.36618884776954},"slope":{"confidence_interval":{"confidence_level":0.95,"lower_bound":126042.35409560608,"upper_bound":127250.74296723453},"point_estimate":126583.99425742574,"standard_error":311.76195625063497},"std_dev":{"confidence_interval":{"confidence_level":0.95,"lower_bound":1803.4447788226776,"upper_bound":3612.6732269477525},"point_estimate":2760.2291507155824,"standard_error":463.13430504310105}}