{"mean":{"confidence_interval":{"confidence_level":0.95,"lower_bound":2451538.6892500008,"upper_bound":2487270.7920375005},"point_estimate":2468723.0445000003,"standard_error":9112.632234505058},"median":{"confidence_interval":{"confidence_level":0.95,"lower_bound":2438211.3,"upper_bound":2477381.0},"point_estimate":2456125.05,"standard_error":9472.219394138678},"median_abs_dev":{"confidence_interval":{"confidence_level":0.95,"lower_bound":66511.92836705201,"upper_bound":108123.97750541533},"point_estimate":85920.63442960422,"standard_error":10188.921323229699},"slope":null,"std_dev":{"confidence_interval":{"confidence_level":0.95,"lower_bound":73212.86205235886,"upper_bound":110861.95622687417},"point_estimate":91485.75977410557,"standard_error":9736.983648275269}}