{"mean":{"confidence_interval":{"confidence_level":0.95,"lower_bound":736799.6614872135,"upper_bound":779506.5006575551},"point_estimate":755204.831770197,"standard_error":11032.153397095872},"median":{"confidence_interval":{"confidence_level":0.95,"lower_bound":714983.7972972973,"upper_bound":726218.5476190476},"point_estimate":718904.6641430412,"standard_error":2761.349431203422},"median_abs_dev":{"confidence_interval":{"confidence_level":0.95,"lower_bound":14042.728583254937,"upper_bound":31455.124479795137},"point_estimate":20457.704218511353,"standard_error":4697.146832474661},"slope":{"confidence_interval":{"confidence_level":0.95,"lower_bound":713051.8389230293,"upper_bound":721352.2749777138},"point_estimate":716769.3729806413,"standard_error":2126.7683792869616},"std_dev":{"confidence_interval":{"confidence_level":0.95,"lower_bound":48855.03564167745,"upper_bound":170563.91000314523},"point_estimate":110906.96846332497,"standard_error":35458.63786347824}}