{"mean":{"confidence_interval":{"confidence_level":0.95,"lower_bound":318656.9874390734,"upper_bound":379568.06587319105},"point_estimate":343078.88326915115,"standard_error":16069.894233897236},"median":{"confidence_interval":{"confidence_level":0.95,"lower_bound":296111.64925373136,"upper_bound":321783.5633802817},"point_estimate":308142.43727272726,"standard_error":7628.577792368099},"median_abs_dev":{"confidence_interval":{"confidence_level":0.95,"lower_bound":26116.67574913567,"upper_bound":51154.34778261843},"point_estimate":35495.01056010531,"standard_error":6871.416106352501},"slope":{"confidence_interval":{"confidence_level":0.95,"lower_bound":291312.09889649344,"upper_bound":300419.5718306994},"point_estimate":295489.75100413774,"standard_error":2334.3266131580435},"std_dev":{"confidence_interval":{"confidence_level":0.95,"lower_bound":48332.81928748511,"upper_bound":264338.9177603378},"point_estimate":162411.31492600957,"standard_error":68387.21414452895}}