{"mean":{"confidence_interval":{"confidence_level":0.95,"lower_bound":24497728.186500005,"upper_bound":25077526.97858332},"point_estimate":24778149.69999999,"standard_error":148020.3280317568},"median":{"confidence_interval":{"confidence_level":0.95,"lower_bound":24257495.833333336,"upper_bound":24780017.166666668},"point_estimate":24554882.0,"standard_error":153332.79061880347},"median_abs_dev":{"confidence_interval":{"confidence_level":0.95,"lower_bound":847116.1121606772,"upper_bound":1459707.8887850046},"point_estimate":1070373.1820970755,"standard_error":147705.12439449868},"slope":null,"std_dev":{"confidence_interval":{"confidence_level":0.95,"lower_bound":1130587.2553844014,"upper_bound":1826578.679876236},"point_estimate":1488342.592121934,"standard_error":178685.74534611974}}