{"mean":{"confidence_interval":{"confidence_level":0.95,"lower_bound":170014.16630525014,"upper_bound":180074.9973826386},"point_estimate":174281.31912641862,"standard_error":2588.286078539998},"median":{"confidence_interval":{"confidence_level":0.95,"lower_bound":167257.2315270936,"upper_bound":168861.89738430583},"point_estimate":168157.35293164884,"standard_error":449.2118561542866},"median_abs_dev":{"confidence_interval":{"confidence_level":0.95,"lower_bound":2202.885672883217,"upper_bound":4334.562242476106},"point_estimate":3109.084988152722,"standard_error":553.4279290262768},"slope":{"confidence_interval":{"confidence_level":0.95,"lower_bound":166027.82463973068,"upper_bound":167041.26702892565},"point_estimate":166535.55942367372,"standard_error":258.39445265463405},"std_dev":{"confidence_interval":{"confidence_level":0.95,"lower_bound":9690.36809322003,"upper_bound":39987.08925502213},"point_estimate":25880.777311550522,"standard_error":8352.200392243818}}