{"mean":{"confidence_interval":{"confidence_level":0.95,"lower_bound":1274812.4700806998,"upper_bound":1304975.8426621223},"point_estimate":1288546.202034056,"standard_error":7698.978073516418},"median":{"confidence_interval":{"confidence_level":0.95,"lower_bound":1266964.955882353,"upper_bound":1291612.0588235294},"point_estimate":1274759.7047697369,"standard_error":6768.2885682414135},"median_abs_dev":{"confidence_interval":{"confidence_level":0.95,"lower_bound":37324.23878204325,"upper_bound":62210.803856833925},"point_estimate":46190.139549448424,"standard_error":6405.703407224722},"slope":{"confidence_interval":{"confidence_level":0.95,"lower_bound":1265674.804939178,"upper_bound":1286252.7170370547},"point_estimate":1275577.212017142,"standard_error":5235.968140434896},"std_dev":{"confidence_interval":{"confidence_level":0.95,"lower_bound":45124.60507302405,"upper_bound":113328.08499660542},"point_estimate":77757.40694920367,"standard_error":20269.953705692402}}