{"mean":{"confidence_interval":{"confidence_level":0.95,"lower_bound":79539.70984448145,"upper_bound":80330.66851470571},"point_estimate":79928.6575293617,"standard_error":202.5240939803557},"median":{"confidence_interval":{"confidence_level":0.95,"lower_bound":79053.08597285068,"upper_bound":80122.19179487179},"point_estimate":79387.91705852287,"standard_error":257.1219491666047},"median_abs_dev":{"confidence_interval":{"confidence_level":0.95,"lower_bound":1376.5111848737836,"upper_bound":2351.8824871083343},"point_estimate":1765.8400618779028,"standard_error":261.8973122696934},"slope":{"confidence_interval":{"confidence_level":0.95,"lower_bound":78743.3966397327,"upper_bound":79545.6961400295},"point_estimate":79122.23767946255,"standard_error":204.88421319551614},"std_dev":{"confidence_interval":{"confidence_level":0.95,"lower_bound":1705.3885493124374,"upper_bound":2320.85549654273},"point_estimate":2032.608195614263,"standard_error":157.28005855318202}}