{"mean":{"confidence_interval":{"confidence_level":0.95,"lower_bound":129906.4954933137,"upper_bound":133522.2028714551},"point_estimate":131501.14508583955,"standard_error":925.51608250524},"median":{"confidence_interval":{"confidence_level":0.95,"lower_bound":128690.88191173907,"upper_bound":129536.15661698283},"point_estimate":129206.34697420635,"standard_error":235.27222084676166},"median_abs_dev":{"confidence_interval":{"confidence_level":0.95,"lower_bound":1520.1017992215686,"upper_bound":2882.031885058132},"point_estimate":2116.0254768325453,"standard_error":339.84820703550054},"slope":{"confidence_interval":{"confidence_level":0.95,"lower_bound":127520.34665108267,"upper_bound":128689.3581857954},"point_estimate":128108.34442703972,"standard_error":297.6740300868388},"std_dev":{"confidence_interval":{"confidence_level":0.95,"lower_bound":4506.528175733068,"upper_bound":13872.573781595685},"point_estimate":9361.29967040863,"standard_error":2559.154048536749}}