{"mean":{"confidence_interval":{"confidence_level":0.95,"lower_bound":57471.05598679226,"upper_bound":58822.993750814276},"point_estimate":58034.86306374157,"standard_error":351.79231879276136},"median":{"confidence_interval":{"confidence_level":0.95,"lower_bound":57164.3870967742,"upper_bound":57592.880864197534},"point_estimate":57475.342415212144,"standard_error":105.34065200008304},"median_abs_dev":{"confidence_interval":{"confidence_level":0.95,"lower_bound":659.6271802436491,"upper_bound":1123.5619941853427},"point_estimate":925.6709707102434,"standard_error":120.56419164068929},"slope":{"confidence_interval":{"confidence_level":0.95,"lower_bound":57363.73488594902,"upper_bound":57686.80088359922},"point_estimate":57519.962137661525,"standard_error":82.3190986753441},"std_dev":{"confidence_interval":{"confidence_level":0.95,"lower_bound":1250.8231065853975,"upper_bound":5620.98490699846},"point_estimate":3537.6374966869066,"standard_error":1315.9806979066182}}