{"mean":{"confidence_interval":{"confidence_level":0.95,"lower_bound":79796.92651689597,"upper_bound":80940.55277582354},"point_estimate":80327.44911031373,"standard_error":292.8307599746609},"median":{"confidence_interval":{"confidence_level":0.95,"lower_bound":79320.13729395604,"upper_bound":79809.98052580332},"point_estimate":79567.09331375759,"standard_error":142.75386652044241},"median_abs_dev":{"confidence_interval":{"confidence_level":0.95,"lower_bound":767.169260646179,"upper_bound":1521.343179424329},"point_estimate":1008.0565880115954,"standard_error":191.41057249175867},"slope":{"confidence_interval":{"confidence_level":0.95,"lower_bound":79165.85191843976,"upper_bound":79878.3131446605},"point_estimate":79499.23957349581,"standard_error":182.8097284361275},"std_dev":{"confidence_interval":{"confidence_level":0.95,"lower_bound":1860.062242062465,"upper_bound":3860.499242877643},"point_estimate":2958.188890710779,"standard_error":517.4073745183288}}