{"mean":{"confidence_interval":{"confidence_level":0.95,"lower_bound":2385552.727068182,"upper_bound":2443680.5127613638},"point_estimate":2413765.124090909,"standard_error":14845.487167892796},"median":{"confidence_interval":{"confidence_level":0.95,"lower_bound":2350668.3863636362,"upper_bound":2444227.0227272725},"point_estimate":2391416.6363636367,"standard_error":29485.057572091806},"median_abs_dev":{"confidence_interval":{"confidence_level":0.95,"lower_bound":115121.72807754434,"upper_bound":164542.78636060035},"point_estimate":133244.39331171173,"standard_error":12621.652924092516},"slope":null,"std_dev":{"confidence_interval":{"confidence_level":0.95,"lower_bound":117643.33008642987,"upper_bound":180433.98367445587},"point_estimate":149703.8119127681,"standard_error":16175.09911982882}}