{"mean":{"confidence_interval":{"confidence_level":0.95,"lower_bound":31870.850631090874,"upper_bound":32268.333307327044},"point_estimate":32071.981664408653,"standard_error":101.71775029879166},"median":{"confidence_interval":{"confidence_level":0.95,"lower_bound":32116.737386269644,"upper_bound":32483.69082530373},"point_estimate":32339.800495360738,"standard_error":88.9361373063996},"median_abs_dev":{"confidence_interval":{"confidence_level":0.95,"lower_bound":597.1374291347591,"upper_bound":1098.8969851577353},"point_estimate":848.7026078700577,"standard_error":129.05510050210754},"slope":{"confidence_interval":{"confidence_level":0.95,"lower_bound":32470.87533574782,"upper_bound":32705.592923529195},"point_estimate":32589.655483870967,"standard_error":59.92145256355873},"std_dev":{"confidence_interval":{"confidence_level":0.95,"lower_bound":881.2007018932126,"upper_bound":1148.9945443617742},"point_estimate":1025.6162353105751,"standard_error":68.20544354904632}}