{"mean":{"confidence_interval":{"confidence_level":0.95,"lower_bound":111614.65211650103,"upper_bound":115749.90132263004},"point_estimate":113554.26837733203,"standard_error":1058.2465445465034},"median":{"confidence_interval":{"confidence_level":0.95,"lower_bound":109528.62905982907,"upper_bound":114829.62418300654},"point_estimate":111911.3234006734,"standard_error":1160.4266673214963},"median_abs_dev":{"confidence_interval":{"confidence_level":0.95,"lower_bound":6321.115275136843,"upper_bound":9203.278443471869},"point_estimate":7767.042828538395,"standard_error":706.9114547266305},"slope":{"confidence_interval":{"confidence_level":0.95,"lower_bound":113213.56158066128,"upper_bound":117557.66678445332},"point_estimate":115385.8309061951,"standard_error":1104.7092703852168},"std_dev":{"confidence_interval":{"confidence_level":0.95,"lower_bound":6895.611352652591,"upper_bound":14273.6938508065},"point_estimate":10653.468714798246,"standard_error":1934.3790163836472}}