{"mean":{"confidence_interval":{"confidence_level":0.95,"lower_bound":1827669.4942945791,"upper_bound":1868498.9939608898},"point_estimate":1847113.0438474852,"standard_error":10435.929533162513},"median":{"confidence_interval":{"confidence_level":0.95,"lower_bound":1796988.8321428571,"upper_bound":1855759.0},"point_estimate":1823382.7170329671,"standard_error":14854.650921410224},"median_abs_dev":{"confidence_interval":{"confidence_level":0.95,"lower_bound":66502.26250116713,"upper_bound":110004.45279168036},"point_estimate":87888.92818750959,"standard_error":10771.309560938564},"slope":{"confidence_interval":{"confidence_level":0.95,"lower_bound":1818049.0597186296,"upper_bound":1866265.846652907},"point_estimate":1841360.5064784987,"standard_error":12299.817758788735},"std_dev":{"confidence_interval":{"confidence_level":0.95,"lower_bound":76915.10349034939,"upper_bound":130837.45970216488},"point_estimate":104734.4781346444,"standard_error":13835.300117805264}}