{"mean":{"confidence_interval":{"confidence_level":0.95,"lower_bound":567704.2406246527,"upper_bound":603398.2406277859},"point_estimate":582732.600504121,"standard_error":9290.533777578708},"median":{"confidence_interval":{"confidence_level":0.95,"lower_bound":554309.234375,"upper_bound":560558.3712121212},"point_estimate":557260.3158914729,"standard_error":1614.3003977287126},"median_abs_dev":{"confidence_interval":{"confidence_level":0.95,"lower_bound":8344.42154020922,"upper_bound":16639.739294604402},"point_estimate":12873.197911268608,"standard_error":2182.7611438258946},"slope":{"confidence_interval":{"confidence_level":0.95,"lower_bound":551800.1175737643,"upper_bound":555247.1977167053},"point_estimate":553304.1896172602,"standard_error":883.8396294752212},"std_dev":{"confidence_interval":{"confidence_level":0.95,"lower_bound":32984.38565126332,"upper_bound":146792.00142348206},"point_estimate":93231.45678802927,"standard_error":33050.53201396715}}