{"mean":{"confidence_interval":{"confidence_level":0.95,"lower_bound":2018727.1220101472,"upper_bound":2129253.9828912346},"point_estimate":2068781.0531373534,"standard_error":28322.638501581136},"median":{"confidence_interval":{"confidence_level":0.95,"lower_bound":1974282.4444444445,"upper_bound":2063368.7118644067},"point_estimate":2015232.77860781,"standard_error":20417.785345030094},"median_abs_dev":{"confidence_interval":{"confidence_level":0.95,"lower_bound":108493.09405046969,"upper_bound":176815.53769069118},"point_estimate":142033.1077355512,"standard_error":17200.805133767757},"slope":{"confidence_interval":{"confidence_level":0.95,"lower_bound":2009147.4590783487,"upper_bound":2077032.1633254196},"point_estimate":2042342.383954485,"standard_error":17273.165279277262},"std_dev":{"confidence_interval":{"confidence_level":0.95,"lower_bound":149993.04130893404,"upper_bound":398819.7102339653},"point_estimate":285202.7518611022,"standard_error":64698.864246867226}}