{"mean":{"confidence_interval":{"confidence_level":0.95,"lower_bound":10724.903303198982,"upper_bound":10750.972120322618},"point_estimate":10737.860680541531,"standard_error":6.652913351693623},"median":{"confidence_interval":{"confidence_level":0.95,"lower_bound":10716.002688172044,"upper_bound":10754.865665046398},"point_estimate":10738.24421537172,"standard_error":8.808228033345657},"median_abs_dev":{"confidence_interval":{"confidence_level":0.95,"lower_bound":51.3661621157449,"upper_bound":81.69973561047193},"point_estimate":67.4361339187852,"standard_error":7.816292892315927},"slope":{"confidence_interval":{"confidence_level":0.95,"lower_bound":10714.559967560957,"upper_bound":10749.227471409631},"point_estimate":10731.550075111507,"standard_error":8.834590882123571},"std_dev":{"confidence_interval":{"confidence_level":0.95,"lower_bound":57.19614740666424,"upper_bound":75.4209599291364},"point_estimate":66.71279076807019,"standard_error":4.662601637492822}}