{"mean":{"confidence_interval":{"confidence_level":0.95,"lower_bound":67453.85597616518,"upper_bound":69263.43599042854},"point_estimate":68319.79346641387,"standard_error":459.00483958552604},"median":{"confidence_interval":{"confidence_level":0.95,"lower_bound":67150.82407407407,"upper_bound":68641.86363636363},"point_estimate":67862.05569444445,"standard_error":412.6712325688194},"median_abs_dev":{"confidence_interval":{"confidence_level":0.95,"lower_bound":2876.2580689362117,"upper_bound":4672.363232598247},"point_estimate":3930.0745046287607,"standard_error":456.1320497426699},"slope":{"confidence_interval":{"confidence_level":0.95,"lower_bound":67748.36170199375,"upper_bound":69981.6726490783},"point_estimate":68834.96657031673,"standard_error":569.7025589539298},"std_dev":{"confidence_interval":{"confidence_level":0.95,"lower_bound":3419.311671583153,"upper_bound":5709.539037382923},"point_estimate":4622.094066057045,"standard_error":586.161785049004}}