{"mean":{"confidence_interval":{"confidence_level":0.95,"lower_bound":150811.62170587934,"upper_bound":154058.7198090477},"point_estimate":152111.2941394289,"standard_error":851.1153429853356},"median":{"confidence_interval":{"confidence_level":0.95,"lower_bound":150187.27106355905,"upper_bound":151112.1259259259},"point_estimate":150622.1823398741,"standard_error":235.0232851639936},"median_abs_dev":{"confidence_interval":{"confidence_level":0.95,"lower_bound":1382.103731498719,"upper_bound":2465.367841230977},"point_estimate":1869.272594356639,"standard_error":269.36153583378666},"slope":{"confidence_interval":{"confidence_level":0.95,"lower_bound":149808.21007514797,"upper_bound":150864.631843573},"point_estimate":150319.06049694947,"standard_error":268.16042912435574},"std_dev":{"confidence_interval":{"confidence_level":0.95,"lower_bound":2778.615762161172,"upper_bound":13849.466255005891},"point_estimate":8545.266029695773,"standard_error":3499.1178700338755}}