{"mean":{"confidence_interval":{"confidence_level":0.95,"lower_bound":81784.75323096363,"upper_bound":88577.62003505944},"point_estimate":84572.35660882421,"standard_error":1776.1704222110366},"median":{"confidence_interval":{"confidence_level":0.95,"lower_bound":80377.60495283018,"upper_bound":82625.19776119402},"point_estimate":81373.88293650793,"standard_error":626.4441301446051},"median_abs_dev":{"confidence_interval":{"confidence_level":0.95,"lower_bound":4525.1317345678835,"upper_bound":8205.260603288087},"point_estimate":6235.868439291198,"standard_error":975.5168758054222},"slope":{"confidence_interval":{"confidence_level":0.95,"lower_bound":82141.38895969784,"upper_bound":85086.44496377296},"point_estimate":83629.19454263337,"standard_error":752.5339272522463},"std_dev":{"confidence_interval":{"confidence_level":0.95,"lower_bound":6236.73858164406,"upper_bound":28520.48758368263},"point_estimate":17755.368752748247,"standard_error":6897.456595512732}}