{"mean":{"confidence_interval":{"confidence_level":0.95,"lower_bound":449179.7610046528,"upper_bound":464283.1465266943},"point_estimate":456423.43181725347,"standard_error":3860.1627507088365},"median":{"confidence_interval":{"confidence_level":0.95,"lower_bound":439136.0309921962,"upper_bound":449887.75347222225},"point_estimate":445947.8982569155,"standard_error":2695.998550187934},"median_abs_dev":{"confidence_interval":{"confidence_level":0.95,"lower_bound":17388.120214869017,"upper_bound":33128.60636371867},"point_estimate":24397.6377112998,"standard_error":3797.6567201816742},"slope":{"confidence_interval":{"confidence_level":0.95,"lower_bound":448474.07894661656,"upper_bound":464329.6017187406},"point_estimate":456188.8574119501,"standard_error":4057.1106002432416},"std_dev":{"confidence_interval":{"confidence_level":0.95,"lower_bound":29084.19843564936,"upper_bound":49317.697409517146},"point_estimate":38987.50049612389,"standard_error":5282.578695398845}}