{"mean":{"confidence_interval":{"confidence_level":0.95,"lower_bound":2056.115045994356,"upper_bound":2065.1154520552423},"point_estimate":2060.579244336385,"standard_error":2.3018621255666862},"median":{"confidence_interval":{"confidence_level":0.95,"lower_bound":2053.2301041666665,"upper_bound":2069.7224832427537},"point_estimate":2060.4988476119615,"standard_error":4.4015509702154105},"median_abs_dev":{"confidence_interval":{"confidence_level":0.95,"lower_bound":22.904544782164955,"upper_bound":33.203238358002515},"point_estimate":28.565660692172145,"standard_error":2.6022627327603516},"slope":{"confidence_interval":{"confidence_level":0.95,"lower_bound":2061.7168981873397,"upper_bound":2071.9366790522195},"point_estimate":2066.916192915374,"standard_error":2.6036215245101864},"std_dev":{"confidence_interval":{"confidence_level":0.95,"lower_bound":20.712042444298365,"upper_bound":25.2896124669364},"point_estimate":23.140080139480443,"standard_error":1.1696767529413745}}