{"mean":{"confidence_interval":{"confidence_level":0.95,"lower_bound":3979165.9496428566,"upper_bound":4068619.875214285},"point_estimate":4022827.255714284,"standard_error":22802.35784630391},"median":{"confidence_interval":{"confidence_level":0.95,"lower_bound":3943779.3571428573,"upper_bound":4018786.8571428573},"point_estimate":3976231.8571428573,"standard_error":22845.225948093983},"median_abs_dev":{"confidence_interval":{"confidence_level":0.95,"lower_bound":156450.1973224535,"upper_bound":261463.51726184422},"point_estimate":207164.06497210264,"standard_error":28028.95631727394},"slope":null,"std_dev":{"confidence_interval":{"confidence_level":0.95,"lower_bound":187039.06125041778,"upper_bound":266640.5853358935},"point_estimate":229005.03714869206,"standard_error":20360.12835750064}}