{"mean":{"confidence_interval":{"confidence_level":0.95,"lower_bound":1320073.323102688,"upper_bound":1360702.8764445162},"point_estimate":1338094.3352831008,"standard_error":10407.142490602826},"median":{"confidence_interval":{"confidence_level":0.95,"lower_bound":1314208.051097973,"upper_bound":1335155.2765151514},"point_estimate":1326809.8775666044,"standard_error":5804.832261072999},"median_abs_dev":{"confidence_interval":{"confidence_level":0.95,"lower_bound":33048.219290923895,"upper_bound":64644.77735779556},"point_estimate":45368.94844565119,"standard_error":8557.824516813236},"slope":{"confidence_interval":{"confidence_level":0.95,"lower_bound":1286526.9944458061,"upper_bound":1315121.8427039846},"point_estimate":1300593.8045840107,"standard_error":7289.568079353415},"std_dev":{"confidence_interval":{"confidence_level":0.95,"lower_bound":54134.5606020338,"upper_bound":156014.3183076224},"point_estimate":104429.64119985339,"standard_error":28895.651652541786}}