{"mean":{"confidence_interval":{"confidence_level":0.95,"lower_bound":2909924.6054583318,"upper_bound":2972676.0654861117},"point_estimate":2939511.1655555563,"standard_error":16035.585097009369},"median":{"confidence_interval":{"confidence_level":0.95,"lower_bound":2863902.416666667,"upper_bound":2894498.277777778},"point_estimate":2876089.277777778,"standard_error":8278.022373304384},"median_abs_dev":{"confidence_interval":{"confidence_level":0.95,"lower_bound":42156.74699948485,"upper_bound":91249.95122998953},"point_estimate":59830.03365447151,"standard_error":13137.043390290095},"slope":null,"std_dev":{"confidence_interval":{"confidence_level":0.95,"lower_bound":113926.6802391445,"upper_bound":203865.05496503197},"point_estimate":161083.19388187779,"standard_error":23003.07007770612}}