{"mean":{"confidence_interval":{"confidence_level":0.95,"lower_bound":745985.745516661,"upper_bound":836204.9321359512},"point_estimate":784725.9819994844,"standard_error":23429.35537384147},"median":{"confidence_interval":{"confidence_level":0.95,"lower_bound":711950.0684840425,"upper_bound":780327.9711538461},"point_estimate":735721.1885880077,"standard_error":16342.958929588161},"median_abs_dev":{"confidence_interval":{"confidence_level":0.95,"lower_bound":82988.16387461468,"upper_bound":132225.6173725384},"point_estimate":118200.60054381353,"standard_error":12973.315814545933},"slope":{"confidence_interval":{"confidence_level":0.95,"lower_bound":710424.0462874969,"upper_bound":759526.3824073635},"point_estimate":734628.058173489,"standard_error":12554.338729319887},"std_dev":{"confidence_interval":{"confidence_level":0.95,"lower_bound":90268.33953531143,"upper_bound":364435.97762016597},"point_estimate":235835.2857297079,"standard_error":76292.53664996517}}