{"mean":{"confidence_interval":{"confidence_level":0.95,"lower_bound":918389.3109378964,"upper_bound":940568.6774300956},"point_estimate":928924.3074533918,"standard_error":5665.539534565277},"median":{"confidence_interval":{"confidence_level":0.95,"lower_bound":906006.3388532763,"upper_bound":929742.3965517242},"point_estimate":918840.6465316233,"standard_error":6956.122165456049},"median_abs_dev":{"confidence_interval":{"confidence_level":0.95,"lower_bound":30618.287095166732,"upper_bound":51861.270747772985},"point_estimate":42387.794882760354,"standard_error":5360.181645348207},"slope":{"confidence_interval":{"confidence_level":0.95,"lower_bound":911923.4709396873,"upper_bound":932808.3121450561},"point_estimate":921986.4450258608,"standard_error":5333.558279693529},"std_dev":{"confidence_interval":{"confidence_level":0.95,"lower_bound":40835.32515869404,"upper_bound":73953.17759082097},"point_estimate":57051.71773845635,"standard_error":8669.682983774752}}