{"mean":{"confidence_interval":{"confidence_level":0.95,"lower_bound":7719765.451428574,"upper_bound":7809375.017785713},"point_estimate":7764537.141428571,"standard_error":22795.22598301971},"median":{"confidence_interval":{"confidence_level":0.95,"lower_bound":7698731.857142857,"upper_bound":7837332.714285715},"point_estimate":7769197.714285715,"standard_error":36298.806136535786},"median_abs_dev":{"confidence_interval":{"confidence_level":0.95,"lower_bound":210346.0951656103,"upper_bound":319332.9829207068},"point_estimate":266680.76406547043,"standard_error":27974.852913751794},"slope":null,"std_dev":{"confidence_interval":{"confidence_level":0.95,"lower_bound":202724.53541303545,"upper_bound":252561.86353313483},"point_estimate":229107.47685036264,"standard_error":12698.894574170028}}