{"mean":{"confidence_interval":{"confidence_level":0.95,"lower_bound":1924151.2813432873,"upper_bound":1962549.7462180778},"point_estimate":1942926.163263858,"standard_error":9815.261991753176},"median":{"confidence_interval":{"confidence_level":0.95,"lower_bound":1896528.2325084696,"upper_bound":1955059.888888889},"point_estimate":1911449.1759090908,"standard_error":14908.301374240722},"median_abs_dev":{"confidence_interval":{"confidence_level":0.95,"lower_bound":64747.930001209315,"upper_bound":118381.7366649707},"point_estimate":94098.23757942232,"standard_error":13063.981201780605},"slope":{"confidence_interval":{"confidence_level":0.95,"lower_bound":1907766.0578321628,"upper_bound":1945951.3514363687},"point_estimate":1926130.8556258313,"standard_error":9730.38190877351},"std_dev":{"confidence_interval":{"confidence_level":0.95,"lower_bound":84259.73577488169,"upper_bound":111637.86432995675},"point_estimate":98641.31725391856,"standard_error":7008.136682616182}}