{"mean":{"confidence_interval":{"confidence_level":0.95,"lower_bound":520594.428718153,"upper_bound":554586.9650889057},"point_estimate":535460.7902904586,"standard_error":8733.041244377384},"median":{"confidence_interval":{"confidence_level":0.95,"lower_bound":508234.43524667935,"upper_bound":526334.2804878049},"point_estimate":517651.57328947366,"standard_error":5499.487825806482},"median_abs_dev":{"confidence_interval":{"confidence_level":0.95,"lower_bound":25175.98188707542,"upper_bound":44288.8434024768},"point_estimate":33536.12073117736,"standard_error":5270.3534442608025},"slope":{"confidence_interval":{"confidence_level":0.95,"lower_bound":503258.31651310826,"upper_bound":517004.72920132655},"point_estimate":509715.15641199943,"standard_error":3525.247991080193},"std_dev":{"confidence_interval":{"confidence_level":0.95,"lower_bound":38154.79802534138,"upper_bound":130909.48914897135},"point_estimate":87941.23735726369,"standard_error":24563.489995204407}}