{"mean":{"confidence_interval":{"confidence_level":0.95,"lower_bound":463358.8831787287,"upper_bound":480354.0854256477},"point_estimate":470971.4680584562,"standard_error":4353.980998931397},"median":{"confidence_interval":{"confidence_level":0.95,"lower_bound":454455.1111111111,"upper_bound":462534.0243147657},"point_estimate":457545.6798493409,"standard_error":2190.859903969205},"median_abs_dev":{"confidence_interval":{"confidence_level":0.95,"lower_bound":8365.985495768853,"upper_bound":16075.077844524838},"point_estimate":12430.851442061987,"standard_error":2055.4487137993005},"slope":{"confidence_interval":{"confidence_level":0.95,"lower_bound":452933.43633396545,"upper_bound":457430.72256952844},"point_estimate":455038.5894418994,"standard_error":1153.262147031533},"std_dev":{"confidence_interval":{"confidence_level":0.95,"lower_bound":21578.758549739683,"upper_bound":63525.991791564935},"point_estimate":43780.92134597087,"standard_error":10949.983412835163}}