{"mean":{"confidence_interval":{"confidence_level":0.95,"lower_bound":4065372.6533333333,"upper_bound":4156141.8613124997},"point_estimate":4108788.081666668,"standard_error":23161.914591097368},"median":{"confidence_interval":{"confidence_level":0.95,"lower_bound":4023042.791666667,"upper_bound":4096412.5},"point_estimate":4064373.333333333,"standard_error":18744.11094878383},"median_abs_dev":{"confidence_interval":{"confidence_level":0.95,"lower_bound":108508.09444859612,"upper_bound":196255.1561407746},"point_estimate":140208.86176079465,"standard_error":23067.153376562805},"slope":null,"std_dev":{"confidence_interval":{"confidence_level":0.95,"lower_bound":178572.11315158659,"upper_bound":277471.13456685806},"point_estimate":232227.81763452105,"standard_error":25256.713584126257}}