{"mean":{"confidence_interval":{"confidence_level":0.95,"lower_bound":260240.11144231661,"upper_bound":262172.80006850493},"point_estimate":261147.86016826317,"standard_error":493.49781215766575},"median":{"confidence_interval":{"confidence_level":0.95,"lower_bound":259377.66565349544,"upper_bound":260750.15476190476},"point_estimate":260135.91918701443,"standard_error":362.7054274488006},"median_abs_dev":{"confidence_interval":{"confidence_level":0.95,"lower_bound":1893.2997418417463,"upper_bound":3199.6921019947767},"point_estimate":2483.6118069134227,"standard_error":333.97104797713837},"slope":{"confidence_interval":{"confidence_level":0.95,"lower_bound":259043.69987802682,"upper_bound":260670.51049102345},"point_estimate":259789.7788739471,"standard_error":414.6177101047685},"std_dev":{"confidence_interval":{"confidence_level":0.95,"lower_bound":3258.880950133262,"upper_bound":6472.7131783876885},"point_estimate":4958.575533109314,"standard_error":822.6471367650306}}