{"mean":{"confidence_interval":{"confidence_level":0.95,"lower_bound":51733.129841665024,"upper_bound":51896.94229185409},"point_estimate":51807.75828043179,"standard_error":41.992628127690665},"median":{"confidence_interval":{"confidence_level":0.95,"lower_bound":51665.73472222222,"upper_bound":51761.58328737745},"point_estimate":51716.94788961039,"standard_error":24.69964634361323},"median_abs_dev":{"confidence_interval":{"confidence_level":0.95,"lower_bound":148.54026136557135,"upper_bound":228.92632897607177},"point_estimate":192.44623217378575,"standard_error":20.06686427777381},"slope":{"confidence_interval":{"confidence_level":0.95,"lower_bound":51675.40352518771,"upper_bound":51903.72826193811},"point_estimate":51773.39417215901,"standard_error":59.1632421279685},"std_dev":{"confidence_interval":{"confidence_level":0.95,"lower_bound":250.146544229749,"upper_bound":561.245829188824},"point_estimate":421.13603922513033,"standard_error":79.91341051006464}}