{"mean":{"confidence_interval":{"confidence_level":0.95,"lower_bound":31650352.507875003,"upper_bound":34000030.485},"point_estimate":32819631.065,"standard_error":600860.1356378961},"median":{"confidence_interval":{"confidence_level":0.95,"lower_bound":31260024.5,"upper_bound":34609686.0},"point_estimate":32788416.0,"standard_error":825257.8450471949},"median_abs_dev":{"confidence_interval":{"confidence_level":0.95,"lower_bound":4795698.676559329,"upper_bound":8174556.248022616},"point_estimate":7255845.753782988,"standard_error":903285.2925068181},"slope":null,"std_dev":{"confidence_interval":{"confidence_level":0.95,"lower_bound":5272351.34337696,"upper_bound":6797524.167545524},"point_estimate":6066293.402439738,"standard_error":390975.40262693824}}