{"mean":{"confidence_interval":{"confidence_level":0.95,"lower_bound":92056.54000898659,"upper_bound":97744.10288305403},"point_estimate":94272.08483387284,"standard_error":1504.420487270051},"median":{"confidence_interval":{"confidence_level":0.95,"lower_bound":90985.72348484848,"upper_bound":91915.96324951644},"point_estimate":91384.44473560438,"standard_error":212.95488054177244},"median_abs_dev":{"confidence_interval":{"confidence_level":0.95,"lower_bound":1861.9572243629962,"upper_bound":3360.492974877888},"point_estimate":2647.100179980221,"standard_error":401.0652260357804},"slope":{"confidence_interval":{"confidence_level":0.95,"lower_bound":90801.37999271967,"upper_bound":93845.32886935976},"point_estimate":92148.72043499873,"standard_error":778.4050514752608},"std_dev":{"confidence_interval":{"confidence_level":0.95,"lower_bound":4201.153772993131,"upper_bound":24833.821337369765},"point_estimate":15111.690027432807,"standard_error":6676.024686306873}}