{"mean":{"confidence_interval":{"confidence_level":0.95,"lower_bound":727778.2467125956,"upper_bound":751753.1513726665},"point_estimate":738422.8229475726,"standard_error":6175.797410842099},"median":{"confidence_interval":{"confidence_level":0.95,"lower_bound":714889.0153846154,"upper_bound":732428.0763888889},"point_estimate":723833.6101020408,"standard_error":4335.714779758977},"median_abs_dev":{"confidence_interval":{"confidence_level":0.95,"lower_bound":17870.71533954955,"upper_bound":31618.779354596536},"point_estimate":23553.65731485998,"standard_error":3711.7983062791263},"slope":{"confidence_interval":{"confidence_level":0.95,"lower_bound":726111.2693724539,"upper_bound":738553.692056797},"point_estimate":732247.6318885769,"standard_error":3167.310370832308},"std_dev":{"confidence_interval":{"confidence_level":0.95,"lower_bound":27788.121864094126,"upper_bound":90136.2694126913},"point_estimate":61826.76100844107,"standard_error":16373.673684285786}}