{"mean":{"confidence_interval":{"confidence_level":0.95,"lower_bound":191434.83245138387,"upper_bound":203727.0986110997},"point_estimate":196915.247072664,"standard_error":3170.9610082561685},"median":{"confidence_interval":{"confidence_level":0.95,"lower_bound":185413.91666666666,"upper_bound":189036.5870661824},"point_estimate":187261.74647507252,"standard_error":1048.1768320202798},"median_abs_dev":{"confidence_interval":{"confidence_level":0.95,"lower_bound":6150.4212608081925,"upper_bound":10867.947075437707},"point_estimate":8184.319100425888,"standard_error":1148.311443566732},"slope":{"confidence_interval":{"confidence_level":0.95,"lower_bound":184383.93317766956,"upper_bound":191563.77375948435},"point_estimate":187609.41221663958,"standard_error":1852.2285023456388},"std_dev":{"confidence_interval":{"confidence_level":0.95,"lower_bound":15898.345816864208,"upper_bound":47036.34817377954},"point_estimate":31938.893380270853,"standard_error":8496.842196075786}}