{"mean":{"confidence_interval":{"confidence_level":0.95,"lower_bound":646376.5984120169,"upper_bound":670374.1262751917},"point_estimate":656581.4615229444,"standard_error":6197.373090389911},"median":{"confidence_interval":{"confidence_level":0.95,"lower_bound":636924.5128205129,"upper_bound":646795.593220339},"point_estimate":641671.0311290323,"standard_error":2875.573965446572},"median_abs_dev":{"confidence_interval":{"confidence_level":0.95,"lower_bound":12413.067316896662,"upper_bound":22466.071788882695},"point_estimate":16567.042111128656,"standard_error":2627.102322762342},"slope":{"confidence_interval":{"confidence_level":0.95,"lower_bound":640363.8552081066,"upper_bound":653479.3119407579},"point_estimate":646397.2414629821,"standard_error":3357.845228565754},"std_dev":{"confidence_interval":{"confidence_level":0.95,"lower_bound":27995.081280526378,"upper_bound":97257.26406598014},"point_estimate":62376.59477967546,"standard_error":22030.11420516725}}