{"mean":{"confidence_interval":{"confidence_level":0.95,"lower_bound":1511356.0666528223,"upper_bound":1651414.7459727721},"point_estimate":1578625.6859641555,"standard_error":35707.04138038937},"median":{"confidence_interval":{"confidence_level":0.95,"lower_bound":1417477.4411764706,"upper_bound":1556029.3220338982},"point_estimate":1478114.759241166,"standard_error":38112.51638545638},"median_abs_dev":{"confidence_interval":{"confidence_level":0.95,"lower_bound":190566.53006350156,"upper_bound":372554.108336087},"point_estimate":260761.57071612676,"standard_error":44772.0580013025},"slope":{"confidence_interval":{"confidence_level":0.95,"lower_bound":1452254.6044772586,"upper_bound":1543377.84222713},"point_estimate":1496078.5086478498,"standard_error":23253.119693593744},"std_dev":{"confidence_interval":{"confidence_level":0.95,"lower_bound":271927.3211373837,"upper_bound":455833.1832606408},"point_estimate":360231.2127524976,"standard_error":48648.17223091253}}