{"mean":{"confidence_interval":{"confidence_level":0.95,"lower_bound":99855.59550800065,"upper_bound":100861.39710124601},"point_estimate":100304.67325975835,"standard_error":257.72927259128784},"median":{"confidence_interval":{"confidence_level":0.95,"lower_bound":99534.25081967213,"upper_bound":99894.78536585366},"point_estimate":99748.73749310535,"standard_error":96.90451795528597},"median_abs_dev":{"confidence_interval":{"confidence_level":0.95,"lower_bound":833.1138245196294,"upper_bound":1397.3509800200184},"point_estimate":1133.4526218771944,"standard_error":154.1680353199211},"slope":{"confidence_interval":{"confidence_level":0.95,"lower_bound":99479.05663422497,"upper_bound":100051.99240908251},"point_estimate":99746.11705039161,"standard_error":146.1776867835427},"std_dev":{"confidence_interval":{"confidence_level":0.95,"lower_bound":1439.1260099951187,"upper_bound":3768.1748746257235},"point_estimate":2590.23772946805,"standard_error":656.5251381125016}}