{"mean":{"confidence_interval":{"confidence_level":0.95,"lower_bound":201068.95555854877,"upper_bound":209489.59269520213},"point_estimate":204846.89089045065,"standard_error":2154.635732573675},"median":{"confidence_interval":{"confidence_level":0.95,"lower_bound":198401.194092827,"upper_bound":200162.0431547619},"point_estimate":199354.50925925927,"standard_error":590.071428545312},"median_abs_dev":{"confidence_interval":{"confidence_level":0.95,"lower_bound":3766.611950129268,"upper_bound":6931.029909551198},"point_estimate":5443.373747068032,"standard_error":819.8737711097523},"slope":{"confidence_interval":{"confidence_level":0.95,"lower_bound":197754.97534200197,"upper_bound":200130.67428558017},"point_estimate":198898.74197527216,"standard_error":605.9572575612551},"std_dev":{"confidence_interval":{"confidence_level":0.95,"lower_bound":11119.874358370318,"upper_bound":31544.94381088533},"point_estimate":21561.86524216393,"standard_error":5514.396074031236}}