{"mean":{"confidence_interval":{"confidence_level":0.95,"lower_bound":2023567.4842299987,"upper_bound":2039050.8379999993},"point_estimate":2031310.7584000009,"standard_error":3965.182120349123},"median":{"confidence_interval":{"confidence_level":0.95,"lower_bound":2020387.2,"upper_bound":2041483.3},"point_estimate":2028983.26,"standard_error":5640.15264133351},"median_abs_dev":{"confidence_interval":{"confidence_level":0.95,"lower_bound":31383.765198826874,"upper_bound":51413.898407220775},"point_estimate":40949.73744499679,"standard_error":5156.529884603554},"slope":null,"std_dev":{"confidence_interval":{"confidence_level":0.95,"lower_bound":34910.01662246898,"upper_bound":43967.674480218026},"point_estimate":39750.93924287551,"standard_error":2308.2307963141925}}