{"mean":{"confidence_interval":{"confidence_level":0.95,"lower_bound":171974.5405389511,"upper_bound":179602.82078589374},"point_estimate":175518.65368672143,"standard_error":1947.5240209668207},"median":{"confidence_interval":{"confidence_level":0.95,"lower_bound":166695.31666666668,"upper_bound":171374.5707070707},"point_estimate":168247.9178987455,"standard_error":1216.5242122934385},"median_abs_dev":{"confidence_interval":{"confidence_level":0.95,"lower_bound":6233.887363305303,"upper_bound":11750.801630281068},"point_estimate":7776.830043841026,"standard_error":1451.8417969370096},"slope":{"confidence_interval":{"confidence_level":0.95,"lower_bound":165853.26888093847,"upper_bound":169352.59364214394},"point_estimate":167443.47261070882,"standard_error":892.895056315851},"std_dev":{"confidence_interval":{"confidence_level":0.95,"lower_bound":12624.159527132877,"upper_bound":26375.7542161071},"point_estimate":19574.73328508054,"standard_error":3603.0350586874574}}