{"mean":{"confidence_interval":{"confidence_level":0.95,"lower_bound":31215.121120042586,"upper_bound":31352.230748425314},"point_estimate":31271.836995032394,"standard_error":35.535654236688366},"median":{"confidence_interval":{"confidence_level":0.95,"lower_bound":31188.899618699,"upper_bound":31274.728587319245},"point_estimate":31231.936170705354,"standard_error":22.699885484175287},"median_abs_dev":{"confidence_interval":{"confidence_level":0.95,"lower_bound":118.43551676127538,"upper_bound":187.57752070525552},"point_estimate":143.15318126720632,"standard_error":17.40209543673366},"slope":{"confidence_interval":{"confidence_level":0.95,"lower_bound":31273.816778962613,"upper_bound":31349.954067418024},"point_estimate":31308.666789304832,"standard_error":19.524949663681756},"std_dev":{"confidence_interval":{"confidence_level":0.95,"lower_bound":139.11156627388982,"upper_bound":569.4468286380447},"point_estimate":358.07388883065795,"standard_error":134.7890644560407}}