{"mean":{"confidence_interval":{"confidence_level":0.95,"lower_bound":164692.22532740378,"upper_bound":170203.83285632177},"point_estimate":167254.46040576068,"standard_error":1405.937190102658},"median":{"confidence_interval":{"confidence_level":0.95,"lower_bound":162844.78764478763,"upper_bound":166647.62728937727},"point_estimate":165248.4273042156,"standard_error":1051.8118226048211},"median_abs_dev":{"confidence_interval":{"confidence_level":0.95,"lower_bound":6909.387502143386,"upper_bound":12027.835699820474},"point_estimate":9880.933508160213,"standard_error":1287.8639161397937},"slope":{"confidence_interval":{"confidence_level":0.95,"lower_bound":161173.7577916115,"upper_bound":166127.30739190688},"point_estimate":163491.14046401656,"standard_error":1264.9383442859162},"std_dev":{"confidence_interval":{"confidence_level":0.95,"lower_bound":9045.955542827058,"upper_bound":19176.5419654913},"point_estimate":14121.76889128948,"standard_error":2652.221998075219}}