{"mean":{"confidence_interval":{"confidence_level":0.95,"lower_bound":6817207.8879375,"upper_bound":6857077.18178125},"point_estimate":6836785.47,"standard_error":10193.151091320611},"median":{"confidence_interval":{"confidence_level":0.95,"lower_bound":6810541.75,"upper_bound":6842754.6875},"point_estimate":6823673.1875,"standard_error":9385.947625415623},"median_abs_dev":{"confidence_interval":{"confidence_level":0.95,"lower_bound":72555.57017438114,"upper_bound":122909.0204179287},"point_estimate":98723.7376973033,"standard_error":12131.591570750876},"slope":null,"std_dev":{"confidence_interval":{"confidence_level":0.95,"lower_bound":86560.10403141835,"upper_bound":117220.02529836865},"point_estimate":102834.44516758279,"standard_error":7851.312004500494}}