{"mean":{"confidence_interval":{"confidence_level":0.95,"lower_bound":457527.04266765586,"upper_bound":470739.20651940844},"point_estimate":463463.611624914,"standard_error":3384.6588777392194},"median":{"confidence_interval":{"confidence_level":0.95,"lower_bound":451806.22222222225,"upper_bound":458673.7196969697},"point_estimate":455102.7289661319,"standard_error":1789.742829883294},"median_abs_dev":{"confidence_interval":{"confidence_level":0.95,"lower_bound":10843.041236835072,"upper_bound":18615.342524794185},"point_estimate":13625.538194723003,"standard_error":1973.412893339502},"slope":{"confidence_interval":{"confidence_level":0.95,"lower_bound":448688.2729892402,"upper_bound":454098.9815252892},"point_estimate":451258.6154622925,"standard_error":1382.411449647443},"std_dev":{"confidence_interval":{"confidence_level":0.95,"lower_bound":17074.30842509311,"upper_bound":48668.26770447675},"point_estimate":33984.114837367255,"standard_error":8275.000555573728}}