{"mean":{"confidence_interval":{"confidence_level":0.95,"lower_bound":477008.3289345928,"upper_bound":512616.6849179279},"point_estimate":493997.3247127562,"standard_error":9088.78472113034},"median":{"confidence_interval":{"confidence_level":0.95,"lower_bound":453980.4653092006,"upper_bound":472616.39240506326},"point_estimate":461764.6945876288,"standard_error":4858.531284890634},"median_abs_dev":{"confidence_interval":{"confidence_level":0.95,"lower_bound":31304.076990605194,"upper_bound":60725.09383114487},"point_estimate":44269.97067775212,"standard_error":7937.7684834265865},"slope":{"confidence_interval":{"confidence_level":0.95,"lower_bound":450933.51728532196,"upper_bound":472557.1346815765},"point_estimate":460706.47175262304,"standard_error":5517.736895324238},"std_dev":{"confidence_interval":{"confidence_level":0.95,"lower_bound":70746.8298524779,"upper_bound":109606.57130088679},"point_estimate":91438.28257055204,"standard_error":9929.912371886287}}