{"mean":{"confidence_interval":{"confidence_level":0.95,"lower_bound":391947.6720687435,"upper_bound":433744.3645193183},"point_estimate":409615.2338395605,"standard_error":10798.019413460719},"median":{"confidence_interval":{"confidence_level":0.95,"lower_bound":378499.6491439442,"upper_bound":393161.4166666666},"point_estimate":387717.075,"standard_error":3895.8839387274556},"median_abs_dev":{"confidence_interval":{"confidence_level":0.95,"lower_bound":24119.384240545347,"upper_bound":40697.89991228308},"point_estimate":32476.075737706422,"standard_error":4131.1513235093325},"slope":{"confidence_interval":{"confidence_level":0.95,"lower_bound":382793.30370215507,"upper_bound":403920.7293418444},"point_estimate":392613.343351559,"standard_error":5417.413527006245},"std_dev":{"confidence_interval":{"confidence_level":0.95,"lower_bound":40080.739675761535,"upper_bound":169869.9209837111},"point_estimate":108523.18746604718,"standard_error":37285.1182245745}}