{"mean":{"confidence_interval":{"confidence_level":0.95,"lower_bound":97036.31551647888,"upper_bound":98301.56553585357},"point_estimate":97604.5167148757,"standard_error":324.8581353987383},"median":{"confidence_interval":{"confidence_level":0.95,"lower_bound":96590.25334928228,"upper_bound":97515.48663101604},"point_estimate":97062.6150137741,"standard_error":248.14271774209914},"median_abs_dev":{"confidence_interval":{"confidence_level":0.95,"lower_bound":1109.199205927601,"upper_bound":1733.038914824498},"point_estimate":1348.4034985665191,"standard_error":166.1404841943877},"slope":{"confidence_interval":{"confidence_level":0.95,"lower_bound":96847.15318266502,"upper_bound":97518.44170722122},"point_estimate":97173.68398699572,"standard_error":171.38628400607354},"std_dev":{"confidence_interval":{"confidence_level":0.95,"lower_bound":1601.1476503351053,"upper_bound":4654.769825241613},"point_estimate":3263.367363555096,"standard_error":788.256039005263}}