{"mean":{"confidence_interval":{"confidence_level":0.95,"lower_bound":357509.0319242167,"upper_bound":368465.8039632934},"point_estimate":362617.58619425306,"standard_error":2803.4547337886734},"median":{"confidence_interval":{"confidence_level":0.95,"lower_bound":350224.3644179894,"upper_bound":357163.34722222225},"point_estimate":352767.62625890446,"standard_error":1685.433267977324},"median_abs_dev":{"confidence_interval":{"confidence_level":0.95,"lower_bound":6261.236087308291,"upper_bound":13934.718064325085},"point_estimate":9944.084949098255,"standard_error":1938.1815550426224},"slope":{"confidence_interval":{"confidence_level":0.95,"lower_bound":357084.89666378323,"upper_bound":373083.30868050386},"point_estimate":364352.69613023987,"standard_error":4103.047293803669},"std_dev":{"confidence_interval":{"confidence_level":0.95,"lower_bound":18372.25453373095,"upper_bound":35941.85647840775},"point_estimate":28154.01430932269,"standard_error":4477.099255635586}}