{"mean":{"confidence_interval":{"confidence_level":0.95,"lower_bound":18423849.602999996,"upper_bound":19604555.954500005},"point_estimate":19010430.46666667,"standard_error":298726.29769335216},"median":{"confidence_interval":{"confidence_level":0.95,"lower_bound":18335590.666666668,"upper_bound":19736910.666666668},"point_estimate":19210101.666666664,"standard_error":358444.752987002},"median_abs_dev":{"confidence_interval":{"confidence_level":0.95,"lower_bound":1988163.599503046,"upper_bound":2984880.7207077714},"point_estimate":2453925.0993341217,"standard_error":258655.37878346772},"slope":null,"std_dev":{"confidence_interval":{"confidence_level":0.95,"lower_bound":2426488.1275060265,"upper_bound":3521234.8663592637},"point_estimate":3000315.3146377136,"standard_error":279150.15239207295}}