{"mean":{"confidence_interval":{"confidence_level":0.95,"lower_bound":120495.84803279248,"upper_bound":122596.3966642999},"point_estimate":121541.79809671383,"standard_error":537.3507862591593},"median":{"confidence_interval":{"confidence_level":0.95,"lower_bound":120116.12260536398,"upper_bound":122662.32222222222},"point_estimate":121447.15483539095,"standard_error":649.270544463741},"median_abs_dev":{"confidence_interval":{"confidence_level":0.95,"lower_bound":4343.1307162273515,"upper_bound":7179.083172337462},"point_estimate":5321.037984177444,"standard_error":699.4858873046787},"slope":{"confidence_interval":{"confidence_level":0.95,"lower_bound":122122.53133147254,"upper_bound":124815.40538117525},"point_estimate":123483.64829712822,"standard_error":688.1476348875532},"std_dev":{"confidence_interval":{"confidence_level":0.95,"lower_bound":4726.819954692957,"upper_bound":6010.164965095793},"point_estimate":5409.459179529039,"standard_error":327.338215471367}}