{"mean":{"confidence_interval":{"confidence_level":0.95,"lower_bound":119900.33374685646,"upper_bound":123058.77794968383},"point_estimate":121352.87221495966,"standard_error":807.749159426027},"median":{"confidence_interval":{"confidence_level":0.95,"lower_bound":118368.5342789598,"upper_bound":120212.77777777778},"point_estimate":119028.89989247311,"standard_error":546.902314274559},"median_abs_dev":{"confidence_interval":{"confidence_level":0.95,"lower_bound":2708.643391561091,"upper_bound":5211.105039564966},"point_estimate":3915.1717621584708,"standard_error":646.7860520490445},"slope":{"confidence_interval":{"confidence_level":0.95,"lower_bound":119635.2029602765,"upper_bound":122895.94007009733},"point_estimate":121103.36020721475,"standard_error":838.8216040810325},"std_dev":{"confidence_interval":{"confidence_level":0.95,"lower_bound":4823.814644861214,"upper_bound":11210.261527468583},"point_estimate":8154.601920693546,"standard_error":1655.609827077167}}