{"mean":{"confidence_interval":{"confidence_level":0.95,"lower_bound":124579.61754160859,"upper_bound":132041.9218457654},"point_estimate":127732.47620896662,"standard_error":1937.407031942319},"median":{"confidence_interval":{"confidence_level":0.95,"lower_bound":122195.52873563218,"upper_bound":123287.65226337448},"point_estimate":122700.73426099645,"standard_error":255.39868335532196},"median_abs_dev":{"confidence_interval":{"confidence_level":0.95,"lower_bound":1671.5468433628685,"upper_bound":3225.2594849830784},"point_estimate":2360.2863455039414,"standard_error":414.962162425288},"slope":{"confidence_interval":{"confidence_level":0.95,"lower_bound":121586.42293611867,"upper_bound":122550.14716569829},"point_estimate":121996.12659836133,"standard_error":247.45569143463786},"std_dev":{"confidence_interval":{"confidence_level":0.95,"lower_bound":6195.736911826098,"upper_bound":30660.2443230776},"point_estimate":19506.33718404421,"standard_error":6827.713571218753}}