{"mean":{"confidence_interval":{"confidence_level":0.95,"lower_bound":543749.8035707731,"upper_bound":575095.9551306098},"point_estimate":557597.3324851342,"standard_error":8064.7789666446015},"median":{"confidence_interval":{"confidence_level":0.95,"lower_bound":532075.2,"upper_bound":555224.697763864},"point_estimate":547279.1489583333,"standard_error":6240.7150943567385},"median_abs_dev":{"confidence_interval":{"confidence_level":0.95,"lower_bound":33575.54938249303,"upper_bound":52096.032336649},"point_estimate":43802.00545375434,"standard_error":4680.966930343746},"slope":{"confidence_interval":{"confidence_level":0.95,"lower_bound":523644.66840118176,"upper_bound":539920.0945854153},"point_estimate":531493.8806369144,"standard_error":4159.241458440163},"std_dev":{"confidence_interval":{"confidence_level":0.95,"lower_bound":39515.72696365825,"upper_bound":121417.47510873938},"point_estimate":80732.14071713552,"standard_error":23165.385245306483}}