{"mean":{"confidence_interval":{"confidence_level":0.95,"lower_bound":15811575.7531875,"upper_bound":16107092.960437499},"point_estimate":15953191.1125,"standard_error":75416.24625375966},"median":{"confidence_interval":{"confidence_level":0.95,"lower_bound":15602782.5,"upper_bound":15869987.0},"point_estimate":15777435.0,"standard_error":69766.75463637983},"median_abs_dev":{"confidence_interval":{"confidence_level":0.95,"lower_bound":393858.79873260856,"upper_bound":731007.2218470275},"point_estimate":588303.4532055259,"standard_error":86614.22609755017},"slope":null,"std_dev":{"confidence_interval":{"confidence_level":0.95,"lower_bound":559541.1549009122,"upper_bound":938358.4194125863},"point_estimate":757283.189382445,"standard_error":97144.14462003173}}