{"mean":{"confidence_interval":{"confidence_level":0.95,"lower_bound":15440790.937375,"upper_bound":15695238.401875},"point_estimate":15564337.1025,"standard_error":64903.29872007252},"median":{"confidence_interval":{"confidence_level":0.95,"lower_bound":15266139.75,"upper_bound":15558532.5},"point_estimate":15396923.625,"standard_error":87968.26963093656},"median_abs_dev":{"confidence_interval":{"confidence_level":0.95,"lower_bound":402731.7889250815,"upper_bound":680484.847868979},"point_estimate":557479.2731277645,"standard_error":76038.18392391219},"slope":null,"std_dev":{"confidence_interval":{"confidence_level":0.95,"lower_bound":532473.2058104374,"upper_bound":764500.699537497},"point_estimate":651086.3723224199,"standard_error":59168.234067121055}}