{"mean":{"confidence_interval":{"confidence_level":0.95,"lower_bound":1508816.186920706,"upper_bound":1603526.5871022388},"point_estimate":1550090.0338916967,"standard_error":24404.297972109616},"median":{"confidence_interval":{"confidence_level":0.95,"lower_bound":1472603.5573834705,"upper_bound":1535306.0},"point_estimate":1496504.767281106,"standard_error":13474.275495558173},"median_abs_dev":{"confidence_interval":{"confidence_level":0.95,"lower_bound":74276.99974328437,"upper_bound":123019.12560870106},"point_estimate":93258.14352029616,"standard_error":12632.58907644626},"slope":{"confidence_interval":{"confidence_level":0.95,"lower_bound":1484935.8274149122,"upper_bound":1518351.561103518},"point_estimate":1501437.8833249593,"standard_error":8515.874741874313},"std_dev":{"confidence_interval":{"confidence_level":0.95,"lower_bound":114254.24049977267,"upper_bound":369850.6999445569},"point_estimate":244682.4703623335,"standard_error":72544.4103041071}}