{"mean":{"confidence_interval":{"confidence_level":0.95,"lower_bound":62316.51173289002,"upper_bound":63257.47005261717},"point_estimate":62761.402169044704,"standard_error":241.56690412237336},"median":{"confidence_interval":{"confidence_level":0.95,"lower_bound":61646.38621794872,"upper_bound":62257.404891304344},"point_estimate":61853.70799731182,"standard_error":164.13814197768457},"median_abs_dev":{"confidence_interval":{"confidence_level":0.95,"lower_bound":688.3614825763464,"upper_bound":1398.2885353866861},"point_estimate":882.2948320896783,"standard_error":182.27397335992669},"slope":{"confidence_interval":{"confidence_level":0.95,"lower_bound":61934.520862208534,"upper_bound":62665.02304861941},"point_estimate":62284.31555212798,"standard_error":185.65193796889056},"std_dev":{"confidence_interval":{"confidence_level":0.95,"lower_bound":1705.8149776029677,"upper_bound":3066.285520940396},"point_estimate":2434.0701828428346,"standard_error":348.4752964666226}}