{"mean":{"confidence_interval":{"confidence_level":0.95,"lower_bound":351446.679372903,"upper_bound":395987.00777301437},"point_estimate":371893.5150463361,"standard_error":11363.65865066589},"median":{"confidence_interval":{"confidence_level":0.95,"lower_bound":326466.1842105263,"upper_bound":357420.7810391363},"point_estimate":347654.1084889644,"standard_error":8888.411825013396},"median_abs_dev":{"confidence_interval":{"confidence_level":0.95,"lower_bound":43509.80480888861,"upper_bound":78510.04497882507},"point_estimate":62736.09129855448,"standard_error":9567.441790600406},"slope":{"confidence_interval":{"confidence_level":0.95,"lower_bound":345419.0922679408,"upper_bound":396328.03177184326},"point_estimate":369730.0540574356,"standard_error":12997.816309060136},"std_dev":{"confidence_interval":{"confidence_level":0.95,"lower_bound":69818.33777073114,"upper_bound":159100.25680047192},"point_estimate":114086.57067702414,"standard_error":24048.49283163434}}