{"mean":{"confidence_interval":{"confidence_level":0.95,"lower_bound":27375963.1105,"upper_bound":27560184.980625},"point_estimate":27461397.225,"standard_error":47470.43728874191},"median":{"confidence_interval":{"confidence_level":0.95,"lower_bound":27303362.5,"upper_bound":27447835.0},"point_estimate":27332873.75,"standard_error":38494.79771272544},"median_abs_dev":{"confidence_interval":{"confidence_level":0.95,"lower_bound":201390.4500246048,"upper_bound":334981.6032528877},"point_estimate":261532.8592568636,"standard_error":34203.225023650746},"slope":null,"std_dev":{"confidence_interval":{"confidence_level":0.95,"lower_bound":289412.85854077997,"upper_bound":640496.9217319957},"point_estimate":480041.0077193763,"standard_error":89255.51240055311}}