{"mean":{"confidence_interval":{"confidence_level":0.95,"lower_bound":33683950.193,"upper_bound":33870876.691874996},"point_estimate":33775978.665,"standard_error":47726.71334765655},"median":{"confidence_interval":{"confidence_level":0.95,"lower_bound":33579517.5,"upper_bound":33848313.16874998},"point_estimate":33711300.75,"standard_error":64427.80069864459},"median_abs_dev":{"confidence_interval":{"confidence_level":0.95,"lower_bound":338950.5233824253,"upper_bound":536453.2256260514},"point_estimate":419651.40514969826,"standard_error":50475.07047219944},"slope":null,"std_dev":{"confidence_interval":{"confidence_level":0.95,"lower_bound":401731.35479994246,"upper_bound":549347.6813303657},"point_estimate":480655.37246021075,"standard_error":37678.98977450747}}