{"mean":{"confidence_interval":{"confidence_level":0.95,"lower_bound":65407.59709184803,"upper_bound":65648.10196963286},"point_estimate":65520.84565605475,"standard_error":61.52115733165522},"median":{"confidence_interval":{"confidence_level":0.95,"lower_bound":65316.40031897927,"upper_bound":65501.23387978142},"point_estimate":65423.56020490972,"standard_error":47.766245353998166},"median_abs_dev":{"confidence_interval":{"confidence_level":0.95,"lower_bound":222.1887592941816,"upper_bound":350.10176163243125},"point_estimate":269.0530829310008,"standard_error":32.8819502849144},"slope":{"confidence_interval":{"confidence_level":0.95,"lower_bound":65602.42259212956,"upper_bound":65914.33520730319},"point_estimate":65749.54277464164,"standard_error":80.08430666650897},"std_dev":{"confidence_interval":{"confidence_level":0.95,"lower_bound":424.0100093836436,"upper_bound":779.1701100420023},"point_estimate":617.7761771065763,"standard_error":90.19184754548148}}