{"mean":{"confidence_interval":{"confidence_level":0.95,"lower_bound":126607170.01825,"upper_bound":129032410.74175},"point_estimate":127753680.84,"standard_error":618617.6894244639},"median":{"confidence_interval":{"confidence_level":0.95,"lower_bound":125475538.0,"upper_bound":128027774.0},"point_estimate":126932662.5,"standard_error":638404.5610344934},"median_abs_dev":{"confidence_interval":{"confidence_level":0.95,"lower_bound":3326773.4637379646,"upper_bound":5718622.3492741585},"point_estimate":4584191.705614328,"standard_error":593910.7837459907},"slope":null,"std_dev":{"confidence_interval":{"confidence_level":0.95,"lower_bound":4109098.925216469,"upper_bound":8205945.296717492},"point_estimate":6256239.0796312075,"standard_error":1054894.5282128493}}