{"mean":{"confidence_interval":{"confidence_level":0.95,"lower_bound":75431.5236918687,"upper_bound":79261.40476341608},"point_estimate":77086.37511687448,"standard_error":984.4859593346962},"median":{"confidence_interval":{"confidence_level":0.95,"lower_bound":73223.08275261323,"upper_bound":76555.50164203612},"point_estimate":75013.7242063492,"standard_error":902.0551833332961},"median_abs_dev":{"confidence_interval":{"confidence_level":0.95,"lower_bound":3890.542379445192,"upper_bound":6877.370647612476},"point_estimate":5339.485215721309,"standard_error":752.0960085399239},"slope":{"confidence_interval":{"confidence_level":0.95,"lower_bound":75615.95698011295,"upper_bound":78121.56614774745},"point_estimate":76843.49073782432,"standard_error":638.340449499786},"std_dev":{"confidence_interval":{"confidence_level":0.95,"lower_bound":5131.132966813787,"upper_bound":14910.466958914049},"point_estimate":9829.903695984554,"standard_error":3088.684753712343}}