{"mean":{"confidence_interval":{"confidence_level":0.95,"lower_bound":187371.70168206416,"upper_bound":200043.22819735642},"point_estimate":192764.43333286804,"standard_error":3279.143659280199},"median":{"confidence_interval":{"confidence_level":0.95,"lower_bound":183379.65384615384,"upper_bound":185867.0904255319},"point_estimate":184256.6494378307,"standard_error":691.7482626075506},"median_abs_dev":{"confidence_interval":{"confidence_level":0.95,"lower_bound":3568.516868997014,"upper_bound":6461.4414218911215},"point_estimate":4595.912714389153,"standard_error":752.5760381430918},"slope":{"confidence_interval":{"confidence_level":0.95,"lower_bound":182652.83410349768,"upper_bound":184164.17623455267},"point_estimate":183356.49492389537,"standard_error":385.87650835113214},"std_dev":{"confidence_interval":{"confidence_level":0.95,"lower_bound":11080.246581574385,"upper_bound":51570.167674519515},"point_estimate":33013.67580775096,"standard_error":11057.493903518227}}