{"mean":{"confidence_interval":{"confidence_level":0.95,"lower_bound":524180.0830101034,"upper_bound":551929.1898941942},"point_estimate":537085.3009901365,"standard_error":7082.687249346742},"median":{"confidence_interval":{"confidence_level":0.95,"lower_bound":516571.25,"upper_bound":537800.9147727273},"point_estimate":522907.73591724824,"standard_error":5634.5100123142765},"median_abs_dev":{"confidence_interval":{"confidence_level":0.95,"lower_bound":31221.685843498417,"upper_bound":50580.979152264204},"point_estimate":41949.79061332314,"standard_error":4911.9786977992035},"slope":{"confidence_interval":{"confidence_level":0.95,"lower_bound":499498.4808420665,"upper_bound":522198.7626865753},"point_estimate":510419.6394798286,"standard_error":5802.7900816758365},"std_dev":{"confidence_interval":{"confidence_level":0.95,"lower_bound":44875.51633972273,"upper_bound":96255.7858821341},"point_estimate":71044.668269211,"standard_error":13387.204662906042}}