{"mean":{"confidence_interval":{"confidence_level":0.95,"lower_bound":361756.689001073,"upper_bound":385490.765019453},"point_estimate":372666.44573588454,"standard_error":6069.133652346541},"median":{"confidence_interval":{"confidence_level":0.95,"lower_bound":351743.2143640351,"upper_bound":362179.70068027213},"point_estimate":357209.6327569429,"standard_error":2989.541637871526},"median_abs_dev":{"confidence_interval":{"confidence_level":0.95,"lower_bound":19569.838822218342,"upper_bound":37618.04871271095},"point_estimate":26626.7493520645,"standard_error":4703.013624024785},"slope":{"confidence_interval":{"confidence_level":0.95,"lower_bound":350236.4295727146,"upper_bound":362577.72397415136},"point_estimate":356123.00623122015,"standard_error":3158.9597003030417},"std_dev":{"confidence_interval":{"confidence_level":0.95,"lower_bound":36726.637399946245,"upper_bound":81761.43027803273},"point_estimate":60710.08352508135,"standard_error":11563.493799167982}}