{"mean":{"confidence_interval":{"confidence_level":0.95,"lower_bound":250471.1222877903,"upper_bound":261915.67964176554},"point_estimate":255549.0837415099,"standard_error":2940.8254722968977},"median":{"confidence_interval":{"confidence_level":0.95,"lower_bound":244425.66599190282,"upper_bound":250207.12881355933},"point_estimate":246747.72815126053,"standard_error":1234.143635024827},"median_abs_dev":{"confidence_interval":{"confidence_level":0.95,"lower_bound":7312.967634430173,"upper_bound":14607.430805211714},"point_estimate":9771.270389242663,"standard_error":1871.9579922845048},"slope":{"confidence_interval":{"confidence_level":0.95,"lower_bound":246034.12159253965,"upper_bound":252197.41706223408},"point_estimate":249073.89730279296,"standard_error":1575.8315587564675},"std_dev":{"confidence_interval":{"confidence_level":0.95,"lower_bound":15530.666067971422,"upper_bound":43407.589039001534},"point_estimate":29542.84751355444,"standard_error":7803.2327956140525}}