{"mean":{"confidence_interval":{"confidence_level":0.95,"lower_bound":79473.47030150905,"upper_bound":85520.74916079687},"point_estimate":82337.62739823275,"standard_error":1549.0237848132776},"median":{"confidence_interval":{"confidence_level":0.95,"lower_bound":75992.05555555556,"upper_bound":81661.86213991769},"point_estimate":79161.17013888889,"standard_error":1385.0251656455089},"median_abs_dev":{"confidence_interval":{"confidence_level":0.95,"lower_bound":6320.654678345206,"upper_bound":12224.131773858404},"point_estimate":9796.222698998947,"standard_error":1451.0950680190417},"slope":{"confidence_interval":{"confidence_level":0.95,"lower_bound":73132.73700759328,"upper_bound":81584.2855977666},"point_estimate":76849.00192896901,"standard_error":2166.099000263871},"std_dev":{"confidence_interval":{"confidence_level":0.95,"lower_bound":11185.827123831104,"upper_bound":19505.344347876086},"point_estimate":15619.31043355619,"standard_error":2129.9006046987006}}