{"mean":{"confidence_interval":{"confidence_level":0.95,"lower_bound":655808.5220748871,"upper_bound":686259.4913204587},"point_estimate":669556.8942961941,"standard_error":7797.5289313777475},"median":{"confidence_interval":{"confidence_level":0.95,"lower_bound":637620.4064102564,"upper_bound":644562.3315217391},"point_estimate":640802.1103723404,"standard_error":1868.4079408365992},"median_abs_dev":{"confidence_interval":{"confidence_level":0.95,"lower_bound":11943.096070187417,"upper_bound":24869.237392728715},"point_estimate":17571.356430653897,"standard_error":3466.5908327057336},"slope":{"confidence_interval":{"confidence_level":0.95,"lower_bound":635527.2918695582,"upper_bound":644888.2178159317},"point_estimate":639734.0780863012,"standard_error":2399.2270500282625},"std_dev":{"confidence_interval":{"confidence_level":0.95,"lower_bound":43934.74014764875,"upper_bound":112230.05208970017},"point_estimate":78381.49131357555,"standard_error":18277.964678315497}}