{"mean":{"confidence_interval":{"confidence_level":0.95,"lower_bound":49179.562967106176,"upper_bound":49617.034686634244},"point_estimate":49402.75097829803,"standard_error":111.44101918110407},"median":{"confidence_interval":{"confidence_level":0.95,"lower_bound":49396.07024064171,"upper_bound":49795.96341463415},"point_estimate":49602.85457142857,"standard_error":89.83840979806989},"median_abs_dev":{"confidence_interval":{"confidence_level":0.95,"lower_bound":590.8562456398275,"upper_bound":1135.694966087387},"point_estimate":812.8919661731795,"standard_error":142.76931610785692},"slope":{"confidence_interval":{"confidence_level":0.95,"lower_bound":49736.26969526763,"upper_bound":50083.789622160366},"point_estimate":49913.77723969262,"standard_error":88.94995483190743},"std_dev":{"confidence_interval":{"confidence_level":0.95,"lower_bound":930.3920355206211,"upper_bound":1294.9616691377457},"point_estimate":1120.2791488355551,"standard_error":93.2542072156942}}