{"mean":{"confidence_interval":{"confidence_level":0.95,"lower_bound":633110.1779399756,"upper_bound":749258.4815955515},"point_estimate":686847.3464535145,"standard_error":29746.323116273074},"median":{"confidence_interval":{"confidence_level":0.95,"lower_bound":577993.0881000963,"upper_bound":646247.3796296297},"point_estimate":605257.1210077519,"standard_error":17046.81906394246},"median_abs_dev":{"confidence_interval":{"confidence_level":0.95,"lower_bound":120276.49057132044,"upper_bound":201600.4511390993},"point_estimate":160839.22429293362,"standard_error":20770.81718043336},"slope":{"confidence_interval":{"confidence_level":0.95,"lower_bound":562859.6702684667,"upper_bound":615267.9190346673},"point_estimate":587552.852312694,"standard_error":13380.582933706208},"std_dev":{"confidence_interval":{"confidence_level":0.95,"lower_bound":189367.749418649,"upper_bound":404164.4557338499},"point_estimate":298468.08306871995,"standard_error":56080.01000647053}}