{"mean":{"confidence_interval":{"confidence_level":0.95,"lower_bound":177300.75246200038,"upper_bound":185064.42983310323},"point_estimate":180818.0096299095,"standard_error":1980.5683773535422},"median":{"confidence_interval":{"confidence_level":0.95,"lower_bound":173773.64583333334,"upper_bound":177468.34666666668},"point_estimate":175239.1352810416,"standard_error":835.3812338266331},"median_abs_dev":{"confidence_interval":{"confidence_level":0.95,"lower_bound":6189.620968778938,"upper_bound":11280.486606566526},"point_estimate":8628.005999613599,"standard_error":1260.4773369355187},"slope":{"confidence_interval":{"confidence_level":0.95,"lower_bound":173144.27211922256,"upper_bound":180285.4118190321},"point_estimate":176326.87084183044,"standard_error":1834.3174792451252},"std_dev":{"confidence_interval":{"confidence_level":0.95,"lower_bound":11643.941801964462,"upper_bound":28504.60345907924},"point_estimate":20021.53520288086,"standard_error":4656.51612272964}}