{"mean":{"confidence_interval":{"confidence_level":0.95,"lower_bound":188966.71615680357,"upper_bound":198281.3143282586},"point_estimate":192741.17783038376,"standard_error":2424.3243007202404},"median":{"confidence_interval":{"confidence_level":0.95,"lower_bound":186083.33675213676,"upper_bound":187788.8046690307},"point_estimate":186809.75712474866,"standard_error":455.92605137249086},"median_abs_dev":{"confidence_interval":{"confidence_level":0.95,"lower_bound":2396.3612381550815,"upper_bound":4968.32451439454},"point_estimate":3454.59362691431,"standard_error":635.9429347776713},"slope":{"confidence_interval":{"confidence_level":0.95,"lower_bound":186093.88946733566,"upper_bound":190904.012850673},"point_estimate":188146.53041229496,"standard_error":1237.3769275224495},"std_dev":{"confidence_interval":{"confidence_level":0.95,"lower_bound":7331.461542118885,"upper_bound":39186.76758050332},"point_estimate":24345.63323046194,"standard_error":9486.060051297249}}