{"mean":{"confidence_interval":{"confidence_level":0.95,"lower_bound":158402.49460739494,"upper_bound":160643.4940004739},"point_estimate":159451.62602011763,"standard_error":572.3960075234046},"median":{"confidence_interval":{"confidence_level":0.95,"lower_bound":156922.3344478217,"upper_bound":158523.37838203463},"point_estimate":157782.03831468069,"standard_error":390.56651693652486},"median_abs_dev":{"confidence_interval":{"confidence_level":0.95,"lower_bound":2148.368578693897,"upper_bound":3947.214099060872},"point_estimate":2916.5878129775506,"standard_error":473.2941087050409},"slope":{"confidence_interval":{"confidence_level":0.95,"lower_bound":156950.5046221925,"upper_bound":159388.97456968992},"point_estimate":158016.19051573816,"standard_error":626.1796966153862},"std_dev":{"confidence_interval":{"confidence_level":0.95,"lower_bound":4027.62434338659,"upper_bound":7338.401147346232},"point_estimate":5762.408251872174,"standard_error":852.0001023977809}}