{"mean":{"confidence_interval":{"confidence_level":0.95,"lower_bound":129338685.14425,"upper_bound":131882282.38299999},"point_estimate":130593586.15,"standard_error":648900.8410435026},"median":{"confidence_interval":{"confidence_level":0.95,"lower_bound":128453216.0,"upper_bound":131677197.0},"point_estimate":129976857.0,"standard_error":925340.6442174478},"median_abs_dev":{"confidence_interval":{"confidence_level":0.95,"lower_bound":4349165.509986877,"upper_bound":7536254.797917225},"point_estimate":5564236.24881506,"standard_error":834192.6454152864},"slope":null,"std_dev":{"confidence_interval":{"confidence_level":0.95,"lower_bound":5555041.609926409,"upper_bound":7389460.921199164},"point_estimate":6517370.442617743,"standard_error":467667.8075161494}}