{"mean":{"confidence_interval":{"confidence_level":0.95,"lower_bound":649440.1815926417,"upper_bound":706728.7674246066},"point_estimate":674921.6509184492,"standard_error":14704.790414831497},"median":{"confidence_interval":{"confidence_level":0.95,"lower_bound":624280.4733333334,"upper_bound":663439.779661017},"point_estimate":639459.765523359,"standard_error":10545.267800134148},"median_abs_dev":{"confidence_interval":{"confidence_level":0.95,"lower_bound":57205.225332828,"upper_bound":97696.69277052394},"point_estimate":74030.61604847787,"standard_error":9945.123982146166},"slope":{"confidence_interval":{"confidence_level":0.95,"lower_bound":615976.2804060236,"upper_bound":648313.3814246191},"point_estimate":630752.5480079799,"standard_error":8257.86794171358},"std_dev":{"confidence_interval":{"confidence_level":0.95,"lower_bound":72915.15297867027,"upper_bound":213873.96405771043},"point_estimate":147779.72057611888,"standard_error":37329.945636098906}}