{"mean":{"confidence_interval":{"confidence_level":0.95,"lower_bound":330212.0109305535,"upper_bound":340204.95122502616},"point_estimate":334900.45451054146,"standard_error":2565.813580206593},"median":{"confidence_interval":{"confidence_level":0.95,"lower_bound":324817.92905282334,"upper_bound":329154.44855967077},"point_estimate":326710.32598039217,"standard_error":1158.960227911151},"median_abs_dev":{"confidence_interval":{"confidence_level":0.95,"lower_bound":7939.633625114688,"upper_bound":16342.001801468536},"point_estimate":11525.716221473078,"standard_error":2172.9791749884207},"slope":{"confidence_interval":{"confidence_level":0.95,"lower_bound":326336.9094064708,"upper_bound":333902.147049027},"point_estimate":329887.6887532634,"standard_error":1935.4655001973374},"std_dev":{"confidence_interval":{"confidence_level":0.95,"lower_bound":17504.9984099483,"upper_bound":33205.086525359846},"point_estimate":25939.099024492363,"standard_error":4014.327309389233}}