{"mean":{"confidence_interval":{"confidence_level":0.95,"lower_bound":126272.91462177133,"upper_bound":131674.9914702776},"point_estimate":128805.75514606912,"standard_error":1383.0854580809312},"median":{"confidence_interval":{"confidence_level":0.95,"lower_bound":124394.86105225989,"upper_bound":127282.30357142857},"point_estimate":126180.76286764705,"standard_error":946.7227208432189},"median_abs_dev":{"confidence_interval":{"confidence_level":0.95,"lower_bound":6470.623622063985,"upper_bound":10931.507201754337},"point_estimate":8586.89889425209,"standard_error":1065.2378372417224},"slope":{"confidence_interval":{"confidence_level":0.95,"lower_bound":124488.34540373563,"upper_bound":129537.86139261129},"point_estimate":126843.17091584159,"standard_error":1290.3263548916134},"std_dev":{"confidence_interval":{"confidence_level":0.95,"lower_bound":9096.902191085921,"upper_bound":17979.22794960844},"point_estimate":13874.270320795758,"standard_error":2278.3070865804984}}