{"mean":{"confidence_interval":{"confidence_level":0.95,"lower_bound":22678932.516000006,"upper_bound":22763473.384083327},"point_estimate":22720200.22333333,"standard_error":21601.766597343176},"median":{"confidence_interval":{"confidence_level":0.95,"lower_bound":22645381.333333336,"upper_bound":22741983.0},"point_estimate":22688249.0,"standard_error":24344.205099450563},"median_abs_dev":{"confidence_interval":{"confidence_level":0.95,"lower_bound":150600.03432631862,"upper_bound":245902.79613435452},"point_estimate":194718.25594306175,"standard_error":24887.658341846567},"slope":null,"std_dev":{"confidence_interval":{"confidence_level":0.95,"lower_bound":174075.4290295356,"upper_bound":259898.70896131618},"point_estimate":217196.39318113873,"standard_error":22004.990677456244}}