{"mean":{"confidence_interval":{"confidence_level":0.95,"lower_bound":71677.48074662122,"upper_bound":73086.71793481104},"point_estimate":72323.128560723,"standard_error":360.8673466078426},"median":{"confidence_interval":{"confidence_level":0.95,"lower_bound":71243.05803571429,"upper_bound":71686.38077449371},"point_estimate":71512.31144145803,"standard_error":129.804178511242},"median_abs_dev":{"confidence_interval":{"confidence_level":0.95,"lower_bound":898.6428035503772,"upper_bound":1628.2959566140455},"point_estimate":1268.9835599203607,"standard_error":188.1556047537168},"slope":{"confidence_interval":{"confidence_level":0.95,"lower_bound":71442.47781141319,"upper_bound":71927.28073189812},"point_estimate":71679.28068399164,"standard_error":123.90693739001058},"std_dev":{"confidence_interval":{"confidence_level":0.95,"lower_bound":1973.052510364801,"upper_bound":4920.897107503626},"point_estimate":3632.087527243995,"standard_error":741.6860901092213}}