{"mean":{"confidence_interval":{"confidence_level":0.95,"lower_bound":1253995.3818864482,"upper_bound":1291475.0940095887},"point_estimate":1270243.1093738659,"standard_error":9661.954002027873},"median":{"confidence_interval":{"confidence_level":0.95,"lower_bound":1242202.0041720155,"upper_bound":1256729.8358505564},"point_estimate":1248897.3042350907,"standard_error":4150.782756028543},"median_abs_dev":{"confidence_interval":{"confidence_level":0.95,"lower_bound":30408.365988335056,"upper_bound":56114.76333354803},"point_estimate":40987.49508277707,"standard_error":6985.773262114868},"slope":{"confidence_interval":{"confidence_level":0.95,"lower_bound":1241121.1544327058,"upper_bound":1260913.0039448037},"point_estimate":1250523.6893571746,"standard_error":5029.6605336090115},"std_dev":{"confidence_interval":{"confidence_level":0.95,"lower_bound":45650.56970511011,"upper_bound":147914.43017415964},"point_estimate":96633.12812949799,"standard_error":30633.403185216703}}