{"mean":{"confidence_interval":{"confidence_level":0.95,"lower_bound":77857.73768966734,"upper_bound":79431.41702685655},"point_estimate":78628.86813806744,"standard_error":402.80707893064795},"median":{"confidence_interval":{"confidence_level":0.95,"lower_bound":77149.32632487349,"upper_bound":78192.60805860806},"point_estimate":77733.51333639039,"standard_error":257.89588452985544},"median_abs_dev":{"confidence_interval":{"confidence_level":0.95,"lower_bound":2349.8768121017292,"upper_bound":4670.597462761874},"point_estimate":3432.5514599930443,"standard_error":582.4896216367183},"slope":{"confidence_interval":{"confidence_level":0.95,"lower_bound":76914.5610451972,"upper_bound":78974.81618978173},"point_estimate":77892.06671357606,"standard_error":527.6078701836311},"std_dev":{"confidence_interval":{"confidence_level":0.95,"lower_bound":3351.41630958368,"upper_bound":4615.572125665863},"point_estimate":4027.6319877205688,"standard_error":323.4670003008859}}