{"mean":{"confidence_interval":{"confidence_level":0.95,"lower_bound":1039671.9790949699,"upper_bound":1077874.490945163},"point_estimate":1058405.5314428832,"standard_error":9733.546849368116},"median":{"confidence_interval":{"confidence_level":0.95,"lower_bound":1021542.5185185185,"upper_bound":1089033.47375},"point_estimate":1050788.7726883562,"standard_error":16867.992068293086},"median_abs_dev":{"confidence_interval":{"confidence_level":0.95,"lower_bound":80650.13545904522,"upper_bound":119752.34612581712},"point_estimate":104055.24057175776,"standard_error":9808.170164433923},"slope":{"confidence_interval":{"confidence_level":0.95,"lower_bound":996375.5702244008,"upper_bound":1032541.2822478616},"point_estimate":1013645.8393527413,"standard_error":9257.65568543757},"std_dev":{"confidence_interval":{"confidence_level":0.95,"lower_bound":81812.4815073426,"upper_bound":113900.8145760367},"point_estimate":97705.36653005557,"standard_error":8227.304153946885}}