{"mean":{"confidence_interval":{"confidence_level":0.95,"lower_bound":23575815.96116666,"upper_bound":23925212.267083347},"point_estimate":23743627.093333334,"standard_error":89369.2588429386},"median":{"confidence_interval":{"confidence_level":0.95,"lower_bound":23428145.0,"upper_bound":23751181.0},"point_estimate":23628513.333333336,"standard_error":78802.43398198736},"median_abs_dev":{"confidence_interval":{"confidence_level":0.95,"lower_bound":445623.83858859446,"upper_bound":817381.8283885717},"point_estimate":613850.7511019725,"standard_error":92097.07874574128},"slope":null,"std_dev":{"confidence_interval":{"confidence_level":0.95,"lower_bound":661168.6133635719,"upper_bound":1143221.053484174},"point_estimate":895511.5112296396,"standard_error":126234.29203096284}}