{"mean":{"confidence_interval":{"confidence_level":0.95,"lower_bound":12769224.588875001,"upper_bound":13020432.3594375},"point_estimate":12888747.055,"standard_error":63873.24445003637},"median":{"confidence_interval":{"confidence_level":0.95,"lower_bound":12614758.25,"upper_bound":12791153.0},"point_estimate":12710879.5,"standard_error":52943.43345095239},"median_abs_dev":{"confidence_interval":{"confidence_level":0.95,"lower_bound":325748.7119168043,"upper_bound":564655.9836253524},"point_estimate":475311.9146615267,"standard_error":61726.57544430484},"slope":null,"std_dev":{"confidence_interval":{"confidence_level":0.95,"lower_bound":478883.4656338287,"upper_bound":798082.927462707},"point_estimate":641195.1950499915,"standard_error":82780.20749882494}}