{"mean":{"confidence_interval":{"confidence_level":0.95,"lower_bound":250577.62181748732,"upper_bound":266462.3564762783},"point_estimate":257709.79872402851,"standard_error":4075.91875263623},"median":{"confidence_interval":{"confidence_level":0.95,"lower_bound":242285.7342105263,"upper_bound":252399.6},"point_estimate":244459.34588607596,"standard_error":2275.0856693831597},"median_abs_dev":{"confidence_interval":{"confidence_level":0.95,"lower_bound":11638.260988873473,"upper_bound":21338.384276948877},"point_estimate":15357.475566654102,"standard_error":2344.514302090718},"slope":{"confidence_interval":{"confidence_level":0.95,"lower_bound":239932.03017279247,"upper_bound":245185.62147474496},"point_estimate":242388.34006856804,"standard_error":1341.7238287533658},"std_dev":{"confidence_interval":{"confidence_level":0.95,"lower_bound":20605.28040472467,"upper_bound":57240.37404128719},"point_estimate":40663.55616411096,"standard_error":9430.97506750285}}