{"mean":{"confidence_interval":{"confidence_level":0.95,"lower_bound":64890.646646604044,"upper_bound":66763.71512868005},"point_estimate":65800.59793071913,"standard_error":476.2920144645453},"median":{"confidence_interval":{"confidence_level":0.95,"lower_bound":64148.05280172414,"upper_bound":66132.69666237295},"point_estimate":65519.249788851346,"standard_error":537.8939942731886},"median_abs_dev":{"confidence_interval":{"confidence_level":0.95,"lower_bound":3087.3068630202397,"upper_bound":5310.971679357489},"point_estimate":4180.5457269709605,"standard_error":572.6799206064081},"slope":{"confidence_interval":{"confidence_level":0.95,"lower_bound":64111.63464868987,"upper_bound":65750.29586609233},"point_estimate":64920.40108208955,"standard_error":419.6703641164714},"std_dev":{"confidence_interval":{"confidence_level":0.95,"lower_bound":3820.7396662931474,"upper_bound":5623.618823240377},"point_estimate":4775.2117288696545,"standard_error":461.54507404842605}}