{"mean":{"confidence_interval":{"confidence_level":0.95,"lower_bound":64336.79025043909,"upper_bound":66022.18850344069},"point_estimate":65182.705442393904,"standard_error":430.200205853886},"median":{"confidence_interval":{"confidence_level":0.95,"lower_bound":64555.833333333336,"upper_bound":66998.89206349207},"point_estimate":65834.17936507936,"standard_error":519.6990813142826},"median_abs_dev":{"confidence_interval":{"confidence_level":0.95,"lower_bound":3120.501920206071,"upper_bound":5049.406175898173},"point_estimate":4303.54170809686,"standard_error":516.2878952900293},"slope":{"confidence_interval":{"confidence_level":0.95,"lower_bound":62387.40821988676,"upper_bound":64377.5283459804},"point_estimate":63356.811612038815,"standard_error":506.9674415818004},"std_dev":{"confidence_interval":{"confidence_level":0.95,"lower_bound":3586.8664254702676,"upper_bound":5017.435474220758},"point_estimate":4303.264034437822,"standard_error":364.77066612558644}}