{"mean":{"confidence_interval":{"confidence_level":0.95,"lower_bound":10114154.616,"upper_bound":10364424.831499998},"point_estimate":10236785.628000002,"standard_error":63612.02482478447},"median":{"confidence_interval":{"confidence_level":0.95,"lower_bound":9989909.600000001,"upper_bound":10197908.2},"point_estimate":10079442.2,"standard_error":59507.852753004896},"median_abs_dev":{"confidence_interval":{"confidence_level":0.95,"lower_bound":409392.30629633367,"upper_bound":701998.1889170392},"point_estimate":538407.9595613469,"standard_error":76633.92519056625},"slope":null,"std_dev":{"confidence_interval":{"confidence_level":0.95,"lower_bound":529390.7311343685,"upper_bound":737516.6191397145},"point_estimate":638838.9304595713,"standard_error":53227.92519978809}}