{"mean":{"confidence_interval":{"confidence_level":0.95,"lower_bound":1599944.5159573348,"upper_bound":1635739.2980642265},"point_estimate":1616650.502333046,"standard_error":9147.129411725924},"median":{"confidence_interval":{"confidence_level":0.95,"lower_bound":1585853.9701492537,"upper_bound":1610750.107142857},"point_estimate":1596061.3114035088,"standard_error":6391.772530797854},"median_abs_dev":{"confidence_interval":{"confidence_level":0.95,"lower_bound":34296.19471672584,"upper_bound":65059.698908500155},"point_estimate":49764.94144472674,"standard_error":8248.66066422362},"slope":{"confidence_interval":{"confidence_level":0.95,"lower_bound":1579529.0605792734,"upper_bound":1604894.7729966757},"point_estimate":1591497.0355312547,"standard_error":6498.694841871204},"std_dev":{"confidence_interval":{"confidence_level":0.95,"lower_bound":59565.82826695069,"upper_bound":123406.67156659973},"point_estimate":91740.72880682157,"standard_error":16691.045221509972}}