{"mean":{"confidence_interval":{"confidence_level":0.95,"lower_bound":9593.014834364782,"upper_bound":9614.85140679301},"point_estimate":9604.132194720356,"standard_error":5.577364347890297},"median":{"confidence_interval":{"confidence_level":0.95,"lower_bound":9604.141100323624,"upper_bound":9620.633398058253},"point_estimate":9612.223125087941,"standard_error":4.436927114296594},"median_abs_dev":{"confidence_interval":{"confidence_level":0.95,"lower_bound":31.633486392381048,"upper_bound":54.79781735035102},"point_estimate":41.00578021737794,"standard_error":5.9603062214127895},"slope":{"confidence_interval":{"confidence_level":0.95,"lower_bound":9590.40594541715,"upper_bound":9616.628608245843},"point_estimate":9604.02495385229,"standard_error":6.681918501828054},"std_dev":{"confidence_interval":{"confidence_level":0.95,"lower_bound":46.326132254955695,"upper_bound":64.44090185109359},"point_estimate":55.99719751330007,"standard_error":4.619487968927793}}