{"mean":{"confidence_interval":{"confidence_level":0.95,"lower_bound":1743959.6640021608,"upper_bound":1826161.435353072},"point_estimate":1780458.547287824,"standard_error":21116.714809267363},"median":{"confidence_interval":{"confidence_level":0.95,"lower_bound":1710179.45,"upper_bound":1745339.880952381},"point_estimate":1728119.1757741347,"standard_error":9355.455336654943},"median_abs_dev":{"confidence_interval":{"confidence_level":0.95,"lower_bound":72675.53863637777,"upper_bound":134781.16209715608},"point_estimate":92181.03851723623,"standard_error":15467.148402691597},"slope":{"confidence_interval":{"confidence_level":0.95,"lower_bound":1700276.2358158058,"upper_bound":1754092.5796137},"point_estimate":1725259.5935717453,"standard_error":13741.38686615444},"std_dev":{"confidence_interval":{"confidence_level":0.95,"lower_bound":119184.78402055927,"upper_bound":313339.8027626412},"point_estimate":212061.10403645557,"standard_error":59115.22892654198}}