{"mean":{"confidence_interval":{"confidence_level":0.95,"lower_bound":101647.36091874405,"upper_bound":105749.36042212021},"point_estimate":103392.09782461596,"standard_error":1060.1879411066668},"median":{"confidence_interval":{"confidence_level":0.95,"lower_bound":100019.68906455862,"upper_bound":100859.52892561984},"point_estimate":100543.89000199363,"standard_error":205.34951348824623},"median_abs_dev":{"confidence_interval":{"confidence_level":0.95,"lower_bound":1124.4234391460884,"upper_bound":2154.0023751278063},"point_estimate":1560.6691403685438,"standard_error":266.86341654442265},"slope":{"confidence_interval":{"confidence_level":0.95,"lower_bound":100052.46132385051,"upper_bound":101607.28560450504},"point_estimate":100768.00975563227,"standard_error":395.0492420212286},"std_dev":{"confidence_interval":{"confidence_level":0.95,"lower_bound":4635.192244500273,"upper_bound":16348.147016684079},"point_estimate":10633.685332624513,"standard_error":3413.9501188029635}}