{"mean":{"confidence_interval":{"confidence_level":0.95,"lower_bound":40107702.34425,"upper_bound":40823779.982875},"point_estimate":40458210.88,"standard_error":182724.88377588455},"median":{"confidence_interval":{"confidence_level":0.95,"lower_bound":39751740.5,"upper_bound":40474481.0},"point_estimate":39982554.0,"standard_error":168323.38305946023},"median_abs_dev":{"confidence_interval":{"confidence_level":0.95,"lower_bound":1090982.6807811856,"upper_bound":1993201.1035636067},"point_estimate":1468924.842171371,"standard_error":239238.40410923358},"slope":null,"std_dev":{"confidence_interval":{"confidence_level":0.95,"lower_bound":1546052.26096383,"upper_bound":2105619.6070889253},"point_estimate":1846992.5295605217,"standard_error":143127.40251666954}}