{"mean":{"confidence_interval":{"confidence_level":0.95,"lower_bound":25680.341117926175,"upper_bound":25983.14694467566},"point_estimate":25834.0777574537,"standard_error":77.13892132070346},"median":{"confidence_interval":{"confidence_level":0.95,"lower_bound":25799.22678888232,"upper_bound":26146.24942791762},"point_estimate":26014.123700399323,"standard_error":81.9083590773587},"median_abs_dev":{"confidence_interval":{"confidence_level":0.95,"lower_bound":514.0928986472991,"upper_bound":857.9393385339071},"point_estimate":701.70395480853,"standard_error":87.52624613134826},"slope":{"confidence_interval":{"confidence_level":0.95,"lower_bound":26200.160722989065,"upper_bound":26449.630559103007},"point_estimate":26328.932441336827,"standard_error":63.6988223074269},"std_dev":{"confidence_interval":{"confidence_level":0.95,"lower_bound":671.3457557372111,"upper_bound":865.3866765348438},"point_estimate":776.2577533477872,"standard_error":49.498391249376276}}