{"mean":{"confidence_interval":{"confidence_level":0.95,"lower_bound":4426.638472195157,"upper_bound":4525.377996536559},"point_estimate":4473.690528851057,"standard_error":25.276488727642967},"median":{"confidence_interval":{"confidence_level":0.95,"lower_bound":4391.456622383253,"upper_bound":4477.396078431372},"point_estimate":4435.965369215369,"standard_error":19.85577656674642},"median_abs_dev":{"confidence_interval":{"confidence_level":0.95,"lower_bound":121.09619907736011,"upper_bound":228.65189726228962},"point_estimate":171.43207891693993,"standard_error":27.37590314889833},"slope":{"confidence_interval":{"confidence_level":0.95,"lower_bound":4387.171399679417,"upper_bound":4474.782722696913},"point_estimate":4430.676135658342,"standard_error":22.30244185117233},"std_dev":{"confidence_interval":{"confidence_level":0.95,"lower_bound":182.52883932478238,"upper_bound":332.4895527801724},"point_estimate":253.81929243420166,"standard_error":40.62855922452089}}