{"mean":{"confidence_interval":{"confidence_level":0.95,"lower_bound":107977.82927871782,"upper_bound":109289.23201763428},"point_estimate":108581.30682807961,"standard_error":336.3690325879421},"median":{"confidence_interval":{"confidence_level":0.95,"lower_bound":107351.37352941177,"upper_bound":108173.72692307692},"point_estimate":107792.0869672333,"standard_error":230.19142327658386},"median_abs_dev":{"confidence_interval":{"confidence_level":0.95,"lower_bound":1028.040179042756,"upper_bound":1820.502155785832},"point_estimate":1278.7899132191023,"standard_error":200.52391809460553},"slope":{"confidence_interval":{"confidence_level":0.95,"lower_bound":107721.89165208829,"upper_bound":108690.32915976991},"point_estimate":108172.51391222107,"standard_error":247.8501502574332},"std_dev":{"confidence_interval":{"confidence_level":0.95,"lower_bound":1992.7621474099246,"upper_bound":4640.631033360942},"point_estimate":3384.103812450988,"standard_error":682.6159214109057}}