{"mean":{"confidence_interval":{"confidence_level":0.95,"lower_bound":1334229.6171303338,"upper_bound":1394741.2336778133},"point_estimate":1361368.4485966307,"standard_error":15580.303190066565},"median":{"confidence_interval":{"confidence_level":0.95,"lower_bound":1320455.3369565217,"upper_bound":1346382.5453869049},"point_estimate":1332591.9252873561,"standard_error":7278.150733894447},"median_abs_dev":{"confidence_interval":{"confidence_level":0.95,"lower_bound":54777.18572257513,"upper_bound":99754.9139840795},"point_estimate":70029.0859734019,"standard_error":11530.263842046117},"slope":{"confidence_interval":{"confidence_level":0.95,"lower_bound":1301370.1758724765,"upper_bound":1349915.0326086339},"point_estimate":1323654.3197931137,"standard_error":12433.158005838352},"std_dev":{"confidence_interval":{"confidence_level":0.95,"lower_bound":78854.42542369898,"upper_bound":228329.90837476923},"point_estimate":156368.79811774156,"standard_error":39774.867304826046}}