{"mean":{"confidence_interval":{"confidence_level":0.95,"lower_bound":9295598.43529166,"upper_bound":9503745.887333332},"point_estimate":9396450.98333333,"standard_error":53248.95220456443},"median":{"confidence_interval":{"confidence_level":0.95,"lower_bound":9190326.083333334,"upper_bound":9395428.666666668},"point_estimate":9265060.333333332,"standard_error":53726.84447575592},"median_abs_dev":{"confidence_interval":{"confidence_level":0.95,"lower_bound":325731.41491711093,"upper_bound":542366.4520710711},"point_estimate":430664.1577541814,"standard_error":55158.25380042684},"slope":null,"std_dev":{"confidence_interval":{"confidence_level":0.95,"lower_bound":441692.08919153584,"upper_bound":613130.7057715441},"point_estimate":534744.9868439718,"standard_error":43780.31342328091}}