{"mean":{"confidence_interval":{"confidence_level":0.95,"lower_bound":58098.878595023234,"upper_bound":60263.948902469325},"point_estimate":59088.72897696977,"standard_error":554.9641899663528},"median":{"confidence_interval":{"confidence_level":0.95,"lower_bound":57483.79725346021,"upper_bound":58524.234375},"point_estimate":58018.23976638957,"standard_error":293.7192803396388},"median_abs_dev":{"confidence_interval":{"confidence_level":0.95,"lower_bound":2037.7922526092937,"upper_bound":3841.8835205296946},"point_estimate":3042.1320770228826,"standard_error":467.7599965520295},"slope":{"confidence_interval":{"confidence_level":0.95,"lower_bound":56433.12156432032,"upper_bound":58173.87337439988},"point_estimate":57257.10016550909,"standard_error":443.8384711059188},"std_dev":{"confidence_interval":{"confidence_level":0.95,"lower_bound":3429.2823865608034,"upper_bound":7925.963389133152},"point_estimate":5579.449021933816,"standard_error":1293.6520264743303}}