{"mean":{"confidence_interval":{"confidence_level":0.95,"lower_bound":217268.2501427695,"upper_bound":230856.31050082497},"point_estimate":223434.65058458253,"standard_error":3465.949378022227},"median":{"confidence_interval":{"confidence_level":0.95,"lower_bound":209565.11228070175,"upper_bound":218131.8179775281},"point_estimate":213317.35789473684,"standard_error":1951.8351618875647},"median_abs_dev":{"confidence_interval":{"confidence_level":0.95,"lower_bound":10886.214893175505,"upper_bound":18508.803535913725},"point_estimate":13748.91556590795,"standard_error":1782.8936816889036},"slope":{"confidence_interval":{"confidence_level":0.95,"lower_bound":215069.66914424417,"upper_bound":233806.1914095873},"point_estimate":223549.6913468302,"standard_error":4799.07168842913},"std_dev":{"confidence_interval":{"confidence_level":0.95,"lower_bound":20358.576443632708,"upper_bound":49516.724951295495},"point_estimate":34796.34708756416,"standard_error":8118.9033013025355}}