{"mean":{"confidence_interval":{"confidence_level":0.95,"lower_bound":1110390.8775424287,"upper_bound":1138822.8938201512},"point_estimate":1123980.8309117525,"standard_error":7285.325198915023},"median":{"confidence_interval":{"confidence_level":0.95,"lower_bound":1096986.9333333333,"upper_bound":1128682.7333333334},"point_estimate":1120470.43703335,"standard_error":7093.767980119893},"median_abs_dev":{"confidence_interval":{"confidence_level":0.95,"lower_bound":49521.088532939706,"upper_bound":73845.28191662366},"point_estimate":60614.00781055283,"standard_error":6264.206644517129},"slope":{"confidence_interval":{"confidence_level":0.95,"lower_bound":1088963.6053037546,"upper_bound":1124144.7292084424},"point_estimate":1105682.6299216787,"standard_error":8985.398091769202},"std_dev":{"confidence_interval":{"confidence_level":0.95,"lower_bound":56271.2493507551,"upper_bound":90027.83757261718},"point_estimate":72818.36660740951,"standard_error":8792.26442623941}}