{"mean":{"confidence_interval":{"confidence_level":0.95,"lower_bound":2499601.8829625007,"upper_bound":2563416.4890874997},"point_estimate":2531267.7054999988,"standard_error":16297.877208516713},"median":{"confidence_interval":{"confidence_level":0.95,"lower_bound":2478852.55,"upper_bound":2566412.4000000004},"point_estimate":2518358.4000000004,"standard_error":22634.848616821655},"median_abs_dev":{"confidence_interval":{"confidence_level":0.95,"lower_bound":127910.90501412762,"upper_bound":207900.17585903406},"point_estimate":161283.34086164902,"standard_error":20227.322935982214},"slope":null,"std_dev":{"confidence_interval":{"confidence_level":0.95,"lower_bound":142213.49763318195,"upper_bound":182844.82233287857},"point_estimate":163553.46079855497,"standard_error":10400.175861886064}}