{"mean":{"confidence_interval":{"confidence_level":0.95,"lower_bound":1436118.54217349,"upper_bound":1498319.3214430015},"point_estimate":1464459.407768189,"standard_error":15963.87997940912},"median":{"confidence_interval":{"confidence_level":0.95,"lower_bound":1411079.5616666665,"upper_bound":1442905.9439071566},"point_estimate":1431553.3095238095,"standard_error":8998.729233149586},"median_abs_dev":{"confidence_interval":{"confidence_level":0.95,"lower_bound":52995.030952860696,"upper_bound":103432.61050966848},"point_estimate":78823.47881777574,"standard_error":13032.824938027434},"slope":{"confidence_interval":{"confidence_level":0.95,"lower_bound":1418104.1312905957,"upper_bound":1463320.3411594783},"point_estimate":1439194.0130574848,"standard_error":11530.107111191963},"std_dev":{"confidence_interval":{"confidence_level":0.95,"lower_bound":92769.83522820623,"upper_bound":219196.97388065784},"point_estimate":160302.48709176187,"standard_error":32448.731961250694}}