{"mean":{"confidence_interval":{"confidence_level":0.95,"lower_bound":2683569.8538947375,"upper_bound":2738953.664447368},"point_estimate":2710681.911052632,"standard_error":14089.760078261485},"median":{"confidence_interval":{"confidence_level":0.95,"lower_bound":2673733.3157894737,"upper_bound":2725864.7894736845},"point_estimate":2698527.2105263155,"standard_error":14148.031970383934},"median_abs_dev":{"confidence_interval":{"confidence_level":0.95,"lower_bound":87937.49125458652,"upper_bound":146586.56239269985},"point_estimate":117063.2457690802,"standard_error":14511.243775462442},"slope":null,"std_dev":{"confidence_interval":{"confidence_level":0.95,"lower_bound":115353.9214234405,"upper_bound":164873.25092347505},"point_estimate":141518.3310477631,"standard_error":12684.001316985976}}