{"mean":{"confidence_interval":{"confidence_level":0.95,"lower_bound":98395.33739663975,"upper_bound":105145.31759375005},"point_estimate":101354.87513561008,"standard_error":1733.5144131557322},"median":{"confidence_interval":{"confidence_level":0.95,"lower_bound":95046.41414141415,"upper_bound":98367.94214876032},"point_estimate":96177.78465909092,"standard_error":940.758287746743},"median_abs_dev":{"confidence_interval":{"confidence_level":0.95,"lower_bound":4080.1439860380187,"upper_bound":7726.14106868227},"point_estimate":5910.305556901729,"standard_error":922.0865824382453},"slope":{"confidence_interval":{"confidence_level":0.95,"lower_bound":96053.52142953819,"upper_bound":100126.67398242587},"point_estimate":97970.65289412523,"standard_error":1036.7188616077462},"std_dev":{"confidence_interval":{"confidence_level":0.95,"lower_bound":8372.183754564865,"upper_bound":26584.54522679772},"point_estimate":17503.169878952653,"standard_error":5395.286752233482}}