{"mean":{"confidence_interval":{"confidence_level":0.95,"lower_bound":313838.4247448728,"upper_bound":319964.2767558757},"point_estimate":316698.2062351187,"standard_error":1563.0829376968065},"median":{"confidence_interval":{"confidence_level":0.95,"lower_bound":311302.45652173914,"upper_bound":314896.8828125},"point_estimate":313151.6404983108,"standard_error":904.0860553374739},"median_abs_dev":{"confidence_interval":{"confidence_level":0.95,"lower_bound":5939.119523121557,"upper_bound":10487.832434859896},"point_estimate":7950.780318343038,"standard_error":1151.9008335844874},"slope":{"confidence_interval":{"confidence_level":0.95,"lower_bound":310710.146215275,"upper_bound":314807.3593432642},"point_estimate":312643.70138466085,"standard_error":1042.4468669799257},"std_dev":{"confidence_interval":{"confidence_level":0.95,"lower_bound":10108.806758291616,"upper_bound":20407.16464375245},"point_estimate":15645.195098695815,"standard_error":2624.171116489695}}