{"mean":{"confidence_interval":{"confidence_level":0.95,"lower_bound":359885.03710515576,"upper_bound":379823.2853059126},"point_estimate":369469.9306618189,"standard_error":5093.918953972478},"median":{"confidence_interval":{"confidence_level":0.95,"lower_bound":351852.38440443925,"upper_bound":367293.04761904763},"point_estimate":361210.6376691522,"standard_error":4250.346947832465},"median_abs_dev":{"confidence_interval":{"confidence_level":0.95,"lower_bound":26402.049092794514,"upper_bound":46772.62407896444},"point_estimate":35843.92811332243,"standard_error":5049.829931320956},"slope":{"confidence_interval":{"confidence_level":0.95,"lower_bound":339884.79731601273,"upper_bound":356195.4100107091},"point_estimate":347735.87005664746,"standard_error":4164.937111679087},"std_dev":{"confidence_interval":{"confidence_level":0.95,"lower_bound":38108.992038780394,"upper_bound":63432.001181579784},"point_estimate":51442.13038020544,"standard_error":6494.615165385811}}