{"mean":{"confidence_interval":{"confidence_level":0.95,"lower_bound":279878.4524794231,"upper_bound":289443.1799978456},"point_estimate":284153.7839247169,"standard_error":2468.526020775978},"median":{"confidence_interval":{"confidence_level":0.95,"lower_bound":275124.2725,"upper_bound":279523.5585106383},"point_estimate":277325.6463470319,"standard_error":1034.4854093490069},"median_abs_dev":{"confidence_interval":{"confidence_level":0.95,"lower_bound":5327.703216760365,"upper_bound":9510.516306299653},"point_estimate":7504.159814763912,"standard_error":1013.1930672103256},"slope":{"confidence_interval":{"confidence_level":0.95,"lower_bound":274221.45152409235,"upper_bound":277775.0961048182},"point_estimate":275783.75571228017,"standard_error":907.3543505143398},"std_dev":{"confidence_interval":{"confidence_level":0.95,"lower_bound":12279.069711999367,"upper_bound":36551.7559094135},"point_estimate":24908.456577417714,"standard_error":6578.424737232228}}