{"mean":{"confidence_interval":{"confidence_level":0.95,"lower_bound":68911.22790464331,"upper_bound":70044.26920109942},"point_estimate":69382.61200604436,"standard_error":292.4424134056513},"median":{"confidence_interval":{"confidence_level":0.95,"lower_bound":68458.28916666667,"upper_bound":68856.64971751413},"point_estimate":68683.55879765395,"standard_error":96.30903004235587},"median_abs_dev":{"confidence_interval":{"confidence_level":0.95,"lower_bound":533.2240839023774,"upper_bound":1076.284304192629},"point_estimate":810.9879166327995,"standard_error":141.2766662998851},"slope":{"confidence_interval":{"confidence_level":0.95,"lower_bound":68620.82855465998,"upper_bound":69288.48800871728},"point_estimate":68926.3529177873,"standard_error":171.38107280623535},"std_dev":{"confidence_interval":{"confidence_level":0.95,"lower_bound":1243.1729544799985,"upper_bound":4609.04842141427},"point_estimate":2936.649707333706,"standard_error":1058.3332368891718}}