{"mean":{"confidence_interval":{"confidence_level":0.95,"lower_bound":12952785.006312499,"upper_bound":13317714.6365625},"point_estimate":13126825.3575,"standard_error":93470.05249557956},"median":{"confidence_interval":{"confidence_level":0.95,"lower_bound":12788221.75,"upper_bound":13073334.125},"point_estimate":12959684.0,"standard_error":74657.56888815964},"median_abs_dev":{"confidence_interval":{"confidence_level":0.95,"lower_bound":494039.19090405107,"upper_bound":828163.1981015388},"point_estimate":689260.3571131825,"standard_error":89150.76036096479},"slope":null,"std_dev":{"confidence_interval":{"confidence_level":0.95,"lower_bound":696035.581274927,"upper_bound":1136758.809259081},"point_estimate":935057.6883776473,"standard_error":112510.92456358804}}