{"mean":{"confidence_interval":{"confidence_level":0.95,"lower_bound":398393.6291347766,"upper_bound":427239.92042742117},"point_estimate":411652.8085036363,"standard_error":7348.417540890548},"median":{"confidence_interval":{"confidence_level":0.95,"lower_bound":389104.4864864865,"upper_bound":408198.52437106916},"point_estimate":400672.45120614034,"standard_error":4524.216049213304},"median_abs_dev":{"confidence_interval":{"confidence_level":0.95,"lower_bound":28377.08093905031,"upper_bound":52966.0976699202},"point_estimate":42591.55547718209,"standard_error":6155.845412022483},"slope":{"confidence_interval":{"confidence_level":0.95,"lower_bound":383210.4814398315,"upper_bound":401966.2721292489},"point_estimate":392433.77924141666,"standard_error":4776.65571183698},"std_dev":{"confidence_interval":{"confidence_level":0.95,"lower_bound":44662.73297925387,"upper_bound":100136.54868469555},"point_estimate":73391.4999488212,"standard_error":14362.73908274244}}