{"mean":{"confidence_interval":{"confidence_level":0.95,"lower_bound":1641970.9615781212,"upper_bound":1734313.2988022354},"point_estimate":1682132.538746804,"standard_error":23856.30005693267},"median":{"confidence_interval":{"confidence_level":0.95,"lower_bound":1596932.1666666667,"upper_bound":1640179.8076923077},"point_estimate":1611823.8026315789,"standard_error":10127.114409385598},"median_abs_dev":{"confidence_interval":{"confidence_level":0.95,"lower_bound":56563.69942883534,"upper_bound":107476.9290288699},"point_estimate":79663.19702909519,"standard_error":12608.24098999418},"slope":{"confidence_interval":{"confidence_level":0.95,"lower_bound":1626102.5303747838,"upper_bound":1690075.988022534},"point_estimate":1656091.5187409488,"standard_error":16350.721823617449},"std_dev":{"confidence_interval":{"confidence_level":0.95,"lower_bound":112078.24443235496,"upper_bound":363010.5489293299},"point_estimate":239809.82603346783,"standard_error":72566.93544231392}}