{"mean":{"confidence_interval":{"confidence_level":0.95,"lower_bound":2569977.397574999,"upper_bound":2581996.8604875},"point_estimate":2575118.732000001,"standard_error":3121.55615088776},"median":{"confidence_interval":{"confidence_level":0.95,"lower_bound":2566032.0,"upper_bound":2572447.2},"point_estimate":2569119.625,"standard_error":1489.843968158009},"median_abs_dev":{"confidence_interval":{"confidence_level":0.95,"lower_bound":8050.591987073491,"upper_bound":12761.405143440046},"point_estimate":9892.870714366298,"standard_error":1268.7483501326678},"slope":null,"std_dev":{"confidence_interval":{"confidence_level":0.95,"lower_bound":10460.740376994545,"upper_bound":48391.64357553766},"point_estimate":31256.965587503204,"standard_error":10258.571763450092}}