{"mean":{"confidence_interval":{"confidence_level":0.95,"lower_bound":61767.472603432594,"upper_bound":62153.71040435601},"point_estimate":61947.66845626183,"standard_error":98.89420706293367},"median":{"confidence_interval":{"confidence_level":0.95,"lower_bound":61654.02724358974,"upper_bound":61809.384361530174},"point_estimate":61715.25915948275,"standard_error":46.35415303429866},"median_abs_dev":{"confidence_interval":{"confidence_level":0.95,"lower_bound":314.2851254112819,"upper_bound":597.7743115913307},"point_estimate":473.63004894620366,"standard_error":71.13978433253513},"slope":{"confidence_interval":{"confidence_level":0.95,"lower_bound":61706.93800730117,"upper_bound":62083.8996590254},"point_estimate":61879.520614378605,"standard_error":96.84128597015558},"std_dev":{"confidence_interval":{"confidence_level":0.95,"lower_bound":663.6058130266916,"upper_bound":1280.03244135961},"point_estimate":994.9666358557978,"standard_error":157.58065530689117}}