{"mean":{"confidence_interval":{"confidence_level":0.95,"lower_bound":255786.29583718747,"upper_bound":262695.63960183185},"point_estimate":258940.42225563948,"standard_error":1766.739305857915},"median":{"confidence_interval":{"confidence_level":0.95,"lower_bound":252607.00995419308,"upper_bound":254955.07352941178},"point_estimate":253371.06643356645,"standard_error":488.6672474673189},"median_abs_dev":{"confidence_interval":{"confidence_level":0.95,"lower_bound":4486.633105841026,"upper_bound":8272.890035521033},"point_estimate":5841.357065700798,"standard_error":942.7378971447935},"slope":{"confidence_interval":{"confidence_level":0.95,"lower_bound":252816.37529528642,"upper_bound":258396.91775135105},"point_estimate":255428.8412693956,"standard_error":1429.9156085125576},"std_dev":{"confidence_interval":{"confidence_level":0.95,"lower_bound":10950.608672888364,"upper_bound":24771.531822648598},"point_estimate":17715.604623121588,"standard_error":3784.833633215387}}