{"mean":{"confidence_interval":{"confidence_level":0.95,"lower_bound":118260106.83775,"upper_bound":119566213.7625},"point_estimate":118890269.02,"standard_error":333072.7676385727},"median":{"confidence_interval":{"confidence_level":0.95,"lower_bound":117751023.0,"upper_bound":118713042.0},"point_estimate":118318562.5,"standard_error":259862.46986166027},"median_abs_dev":{"confidence_interval":{"confidence_level":0.95,"lower_bound":1711522.305214405,"upper_bound":3264990.761492326},"point_estimate":2403631.8488270044,"standard_error":392159.99157644867},"slope":null,"std_dev":{"confidence_interval":{"confidence_level":0.95,"lower_bound":2673673.900693633,"upper_bound":3971192.327758087},"point_estimate":3342182.0440362133,"standard_error":332117.9355077391}}