{"mean":{"confidence_interval":{"confidence_level":0.95,"lower_bound":170582.37960701043,"upper_bound":177773.762250575},"point_estimate":173756.420260933,"standard_error":1846.2684947712278},"median":{"confidence_interval":{"confidence_level":0.95,"lower_bound":168695.57232704404,"upper_bound":171213.77777777778},"point_estimate":169601.72352941177,"standard_error":628.3757876259123},"median_abs_dev":{"confidence_interval":{"confidence_level":0.95,"lower_bound":4469.236235813088,"upper_bound":7796.930243170401},"point_estimate":5962.203233038639,"standard_error":829.5838393316367},"slope":{"confidence_interval":{"confidence_level":0.95,"lower_bound":168714.92036457005,"upper_bound":171884.2447471052},"point_estimate":170280.4830190631,"standard_error":809.9925943701526},"std_dev":{"confidence_interval":{"confidence_level":0.95,"lower_bound":7663.490545070774,"upper_bound":27085.010566835073},"point_estimate":18558.689710487753,"standard_error":4890.440280744255}}