{"mean":{"confidence_interval":{"confidence_level":0.95,"lower_bound":14973886.3075,"upper_bound":15375127.737562498},"point_estimate":15166765.665,"standard_error":102613.6054488613},"median":{"confidence_interval":{"confidence_level":0.95,"lower_bound":14792077.5,"upper_bound":14990180.5},"point_estimate":14883131.125,"standard_error":48655.57643503733},"median_abs_dev":{"confidence_interval":{"confidence_level":0.95,"lower_bound":354177.9370620847,"upper_bound":682984.5114246011},"point_estimate":443759.03669670224,"standard_error":82708.8152472054},"slope":null,"std_dev":{"confidence_interval":{"confidence_level":0.95,"lower_bound":783600.4722134189,"upper_bound":1247494.6763569629},"point_estimate":1028990.6518936051,"standard_error":118910.77152929986}}