{"mean":{"confidence_interval":{"confidence_level":0.95,"lower_bound":437163.7246227522,"upper_bound":494904.40809245047},"point_estimate":464170.92173957994,"standard_error":14762.818830947985},"median":{"confidence_interval":{"confidence_level":0.95,"lower_bound":397790.2623374704,"upper_bound":433190.5353375528},"point_estimate":415848.882034632,"standard_error":11128.726163998721},"median_abs_dev":{"confidence_interval":{"confidence_level":0.95,"lower_bound":44025.63981881656,"upper_bound":85626.71939330513},"point_estimate":64821.75557339588,"standard_error":11402.818276845566},"slope":{"confidence_interval":{"confidence_level":0.95,"lower_bound":411812.7224056169,"upper_bound":444816.01236960816},"point_estimate":427631.6803999803,"standard_error":8416.989543428703},"std_dev":{"confidence_interval":{"confidence_level":0.95,"lower_bound":97813.71068106468,"upper_bound":194088.16623365015},"point_estimate":147991.34542620473,"standard_error":24910.269842780857}}