{"mean":{"confidence_interval":{"confidence_level":0.95,"lower_bound":565944.7451371219,"upper_bound":570763.3802638875},"point_estimate":568243.8638120828,"standard_error":1232.7121042205085},"median":{"confidence_interval":{"confidence_level":0.95,"lower_bound":563859.9567636986,"upper_bound":566991.8759506507},"point_estimate":565971.9860495196,"standard_error":1018.4092771853373},"median_abs_dev":{"confidence_interval":{"confidence_level":0.95,"lower_bound":6058.366717738884,"upper_bound":10325.107292942692},"point_estimate":8540.783756265517,"standard_error":1115.9403887266221},"slope":{"confidence_interval":{"confidence_level":0.95,"lower_bound":565675.9684138622,"upper_bound":569997.233998377},"point_estimate":567737.5199246343,"standard_error":1101.3561273265634},"std_dev":{"confidence_interval":{"confidence_level":0.95,"lower_bound":9365.835028074553,"upper_bound":15088.711667730975},"point_estimate":12394.976256108372,"standard_error":1468.6686325040516}}