{"mean":{"confidence_interval":{"confidence_level":0.95,"lower_bound":339517.5380400439,"upper_bound":340351.57421486994},"point_estimate":339908.95362330566,"standard_error":213.5238219549387},"median":{"confidence_interval":{"confidence_level":0.95,"lower_bound":338926.20675105485,"upper_bound":339255.8},"point_estimate":339065.8647058824,"standard_error":79.77955751853435},"median_abs_dev":{"confidence_interval":{"confidence_level":0.95,"lower_bound":334.2457640941269,"upper_bound":771.9171174940459},"point_estimate":510.8453405649337,"standard_error":106.54498418109743},"slope":{"confidence_interval":{"confidence_level":0.95,"lower_bound":339089.6859377985,"upper_bound":340135.0071160685},"point_estimate":339557.2680616718,"standard_error":268.7176269135036},"std_dev":{"confidence_interval":{"confidence_level":0.95,"lower_bound":1450.425046193373,"upper_bound":2787.600500907467},"point_estimate":2157.0865462667525,"standard_error":343.3921218297088}}