{"mean":{"confidence_interval":{"confidence_level":0.95,"lower_bound":1137459.9622584023,"upper_bound":1258905.3691167291},"point_estimate":1189743.9492313396,"standard_error":31245.256696271885},"median":{"confidence_interval":{"confidence_level":0.95,"lower_bound":1094169.8536585367,"upper_bound":1126943.925},"point_estimate":1110257.6219951923,"standard_error":8742.917139888901},"median_abs_dev":{"confidence_interval":{"confidence_level":0.95,"lower_bound":46354.577561939725,"upper_bound":89574.25035197467},"point_estimate":70561.08011408469,"standard_error":11258.333905102427},"slope":{"confidence_interval":{"confidence_level":0.95,"lower_bound":1113207.8420479274,"upper_bound":1189773.1274317862},"point_estimate":1148076.1859908379,"standard_error":19620.89909528763},"std_dev":{"confidence_interval":{"confidence_level":0.95,"lower_bound":120802.58853560571,"upper_bound":482093.8812783445},"point_estimate":314504.97449348844,"standard_error":97151.2682893571}}