{"mean":{"confidence_interval":{"confidence_level":0.95,"lower_bound":852597.157407759,"upper_bound":872978.2924789144},"point_estimate":862471.2484729795,"standard_error":5175.272250668953},"median":{"confidence_interval":{"confidence_level":0.95,"lower_bound":842735.0,"upper_bound":866330.6388888889},"point_estimate":854179.5791213636,"standard_error":7008.883410123448},"median_abs_dev":{"confidence_interval":{"confidence_level":0.95,"lower_bound":33628.60999951305,"upper_bound":54801.11177254037},"point_estimate":44130.89212759843,"standard_error":5414.653002163693},"slope":{"confidence_interval":{"confidence_level":0.95,"lower_bound":875871.2301791159,"upper_bound":903695.167885663},"point_estimate":889037.6438318309,"standard_error":7108.652014057097},"std_dev":{"confidence_interval":{"confidence_level":0.95,"lower_bound":40832.80829741738,"upper_bound":61917.496649661065},"point_estimate":51935.13873833115,"standard_error":5394.911924508634}}