{"mean":{"confidence_interval":{"confidence_level":0.95,"lower_bound":4182.423605633557,"upper_bound":4197.444243040578},"point_estimate":4189.986885514801,"standard_error":3.845239555054018},"median":{"confidence_interval":{"confidence_level":0.95,"lower_bound":4178.050980392157,"upper_bound":4202.114173912671},"point_estimate":4191.827909887359,"standard_error":6.563973072819684},"median_abs_dev":{"confidence_interval":{"confidence_level":0.95,"lower_bound":35.85711545579052,"upper_bound":52.40455430673813},"point_estimate":44.790586838062225,"standard_error":4.411872937521929},"slope":{"confidence_interval":{"confidence_level":0.95,"lower_bound":4175.941947861861,"upper_bound":4197.701513388923},"point_estimate":4186.878968163592,"standard_error":5.580040447418697},"std_dev":{"confidence_interval":{"confidence_level":0.95,"lower_bound":34.02175879600258,"upper_bound":42.647264859940194},"point_estimate":38.57122283812618,"standard_error":2.202189481411311}}