{"mean":{"confidence_interval":{"confidence_level":0.95,"lower_bound":138167.90892559287,"upper_bound":140073.9217282387},"point_estimate":139092.1403213243,"standard_error":486.58303762032716},"median":{"confidence_interval":{"confidence_level":0.95,"lower_bound":136007.88942307694,"upper_bound":140705.1434659091},"point_estimate":139918.0675531915,"standard_error":1146.4809415739069},"median_abs_dev":{"confidence_interval":{"confidence_level":0.95,"lower_bound":2466.116543340714,"upper_bound":6401.832704954367},"point_estimate":4914.111032019394,"standard_error":1049.8919610280332},"slope":{"confidence_interval":{"confidence_level":0.95,"lower_bound":137559.79910940104,"upper_bound":139875.6754606768},"point_estimate":138666.52054935717,"standard_error":590.5661163961281},"std_dev":{"confidence_interval":{"confidence_level":0.95,"lower_bound":3926.019451632816,"upper_bound":5757.063222143807},"point_estimate":4896.816630293567,"standard_error":469.6267610487602}}