{"mean":{"confidence_interval":{"confidence_level":0.95,"lower_bound":61809.40537491435,"upper_bound":64051.19199454046},"point_estimate":62639.56117062429,"standard_error":607.7495363324701},"median":{"confidence_interval":{"confidence_level":0.95,"lower_bound":61884.61226851852,"upper_bound":62314.177734375},"point_estimate":62090.676041666666,"standard_error":102.8745385417306},"median_abs_dev":{"confidence_interval":{"confidence_level":0.95,"lower_bound":587.0983377019174,"upper_bound":1047.9924240217726},"point_estimate":751.2286992892276,"standard_error":117.39942494204709},"slope":{"confidence_interval":{"confidence_level":0.95,"lower_bound":62271.6325132151,"upper_bound":62571.046207755535},"point_estimate":62418.189331313726,"standard_error":76.08012597258201},"std_dev":{"confidence_interval":{"confidence_level":0.95,"lower_bound":851.2640732543153,"upper_bound":10226.100984980816},"point_estimate":6091.339658894988,"standard_error":2993.728745458202}}