{"mean":{"confidence_interval":{"confidence_level":0.95,"lower_bound":68617.28340655622,"upper_bound":71361.31482226624},"point_estimate":69875.03981622645,"standard_error":701.1328403785158},"median":{"confidence_interval":{"confidence_level":0.95,"lower_bound":67214.66153846154,"upper_bound":68347.90175084176},"point_estimate":67764.33866666668,"standard_error":336.4250045196855},"median_abs_dev":{"confidence_interval":{"confidence_level":0.95,"lower_bound":1183.8195814202375,"upper_bound":2571.9523039663973},"point_estimate":1879.67298862713,"standard_error":408.914613907739},"slope":{"confidence_interval":{"confidence_level":0.95,"lower_bound":66748.17597150092,"upper_bound":69336.84397394187},"point_estimate":67960.7543003793,"standard_error":660.1976995840614},"std_dev":{"confidence_interval":{"confidence_level":0.95,"lower_bound":4176.822323022322,"upper_bound":9552.138187651151},"point_estimate":7020.462507198006,"standard_error":1378.577721656125}}