{"mean":{"confidence_interval":{"confidence_level":0.95,"lower_bound":125218.95935994458,"upper_bound":132468.03530292088},"point_estimate":128333.31800253894,"standard_error":1880.260656890831},"median":{"confidence_interval":{"confidence_level":0.95,"lower_bound":123440.70906432747,"upper_bound":126166.92063492064},"point_estimate":124424.22276688454,"standard_error":669.677600759852},"median_abs_dev":{"confidence_interval":{"confidence_level":0.95,"lower_bound":3999.5561505550936,"upper_bound":7166.646852242223},"point_estimate":5800.119287619056,"standard_error":835.962366774024},"slope":{"confidence_interval":{"confidence_level":0.95,"lower_bound":121688.61466694756,"upper_bound":123391.01719666626},"point_estimate":122525.91247032167,"standard_error":433.330226823303},"std_dev":{"confidence_interval":{"confidence_level":0.95,"lower_bound":7538.880766114879,"upper_bound":29345.84265411918},"point_estimate":18979.5193538911,"standard_error":6170.252145137773}}