{"mean":{"confidence_interval":{"confidence_level":0.95,"lower_bound":12022498.408950001,"upper_bound":12193905.574649999},"point_estimate":12104176.295999998,"standard_error":43761.46626197599},"median":{"confidence_interval":{"confidence_level":0.95,"lower_bound":11955308.8,"upper_bound":12057052.8},"point_estimate":11999290.399999999,"standard_error":25470.321542447855},"median_abs_dev":{"confidence_interval":{"confidence_level":0.95,"lower_bound":167748.47750186754,"upper_bound":303146.0194185811},"point_estimate":238057.22301364,"standard_error":35346.14604209885},"slope":null,"std_dev":{"confidence_interval":{"confidence_level":0.95,"lower_bound":316942.5853465118,"upper_bound":543924.8019452718},"point_estimate":440156.6370639355,"standard_error":57818.111358451075}}