{"mean":{"confidence_interval":{"confidence_level":0.95,"lower_bound":15161663.2808125,"upper_bound":15541691.479249999},"point_estimate":15354643.33,"standard_error":96882.22427353541},"median":{"confidence_interval":{"confidence_level":0.95,"lower_bound":15252958.25,"upper_bound":15805745.25},"point_estimate":15501151.125,"standard_error":142060.63258345463},"median_abs_dev":{"confidence_interval":{"confidence_level":0.95,"lower_bound":696831.2538787723,"upper_bound":1209361.9876295328},"point_estimate":969822.5723572075,"standard_error":125291.69270393324},"slope":null,"std_dev":{"confidence_interval":{"confidence_level":0.95,"lower_bound":841235.4719530466,"upper_bound":1084822.3927136476},"point_estimate":970082.0572252144,"standard_error":62254.03673112895}}