{"mean":{"confidence_interval":{"confidence_level":0.95,"lower_bound":1394610.0423410044,"upper_bound":1483776.0869855082},"point_estimate":1434447.7430339996,"standard_error":22787.253169340038},"median":{"confidence_interval":{"confidence_level":0.95,"lower_bound":1359602.85,"upper_bound":1404426.0},"point_estimate":1382255.8297511311,"standard_error":9387.171059560782},"median_abs_dev":{"confidence_interval":{"confidence_level":0.95,"lower_bound":75324.3852560644,"upper_bound":126394.7431858949},"point_estimate":103786.9691658845,"standard_error":14675.419902236781},"slope":{"confidence_interval":{"confidence_level":0.95,"lower_bound":1374863.1037630807,"upper_bound":1452734.7410654014},"point_estimate":1412759.2671316683,"standard_error":19937.709371386383},"std_dev":{"confidence_interval":{"confidence_level":0.95,"lower_bound":120936.4457191784,"upper_bound":326268.5800211567},"point_estimate":228911.77294422436,"standard_error":53941.64045668416}}