{"mean":{"confidence_interval":{"confidence_level":0.95,"lower_bound":96386.10393759065,"upper_bound":98367.37843846325},"point_estimate":97240.24504539282,"standard_error":511.1785184029832},"median":{"confidence_interval":{"confidence_level":0.95,"lower_bound":95922.67385889869,"upper_bound":96826.84628099174},"point_estimate":96325.34596590909,"standard_error":229.73483387320582},"median_abs_dev":{"confidence_interval":{"confidence_level":0.95,"lower_bound":1395.2971080157954,"upper_bound":2205.6294080721564},"point_estimate":1840.2888790725788,"standard_error":200.92636708251158},"slope":{"confidence_interval":{"confidence_level":0.95,"lower_bound":96211.64882630603,"upper_bound":97041.59317812764},"point_estimate":96621.37659846582,"standard_error":212.6114485524967},"std_dev":{"confidence_interval":{"confidence_level":0.95,"lower_bound":1743.2043437017926,"upper_bound":7749.005631141138},"point_estimate":5126.485936514306,"standard_error":1614.6773662642925}}