{"mean":{"confidence_interval":{"confidence_level":0.95,"lower_bound":205410.28037435096,"upper_bound":213296.79898654638},"point_estimate":209121.91557426564,"standard_error":2014.525581102084},"median":{"confidence_interval":{"confidence_level":0.95,"lower_bound":201250.53659003833,"upper_bound":207383.16},"point_estimate":203477.79375,"standard_error":1448.2657608852046},"median_abs_dev":{"confidence_interval":{"confidence_level":0.95,"lower_bound":10129.155136660358,"upper_bound":17446.85263092133},"point_estimate":13568.014097160512,"standard_error":1816.9148353778198},"slope":{"confidence_interval":{"confidence_level":0.95,"lower_bound":208554.01878943318,"upper_bound":217586.67656052686},"point_estimate":212887.10786641052,"standard_error":2303.4834402573188},"std_dev":{"confidence_interval":{"confidence_level":0.95,"lower_bound":14156.596102333477,"upper_bound":26248.705711451432},"point_estimate":20251.18524814538,"standard_error":3137.3457320861758}}