{"mean":{"confidence_interval":{"confidence_level":0.95,"lower_bound":93267573.09875,"upper_bound":93713128.83},"point_estimate":93474426.95,"standard_error":113912.69193986504},"median":{"confidence_interval":{"confidence_level":0.95,"lower_bound":93120912.0,"upper_bound":93232623.0},"point_estimate":93184265.5,"standard_error":26169.538897037244},"median_abs_dev":{"confidence_interval":{"confidence_level":0.95,"lower_bound":282951.98107659817,"upper_bound":473149.54259991646},"point_estimate":390977.92165875435,"standard_error":48708.98366418549},"slope":null,"std_dev":{"confidence_interval":{"confidence_level":0.95,"lower_bound":766688.2330384688,"upper_bound":1445298.750974915},"point_estimate":1145314.6631141815,"standard_error":173834.4522608068}}