{"mean":{"confidence_interval":{"confidence_level":0.95,"lower_bound":964780.7566047244,"upper_bound":1031208.4654454264},"point_estimate":996513.8847721842,"standard_error":16872.127777995916},"median":{"confidence_interval":{"confidence_level":0.95,"lower_bound":936002.030120482,"upper_bound":1007712.5217391305},"point_estimate":956007.993609807,"standard_error":19727.034150956995},"median_abs_dev":{"confidence_interval":{"confidence_level":0.95,"lower_bound":96752.40684713569,"upper_bound":163306.40711370343},"point_estimate":121211.95279092259,"standard_error":15782.461830871385},"slope":{"confidence_interval":{"confidence_level":0.95,"lower_bound":918679.5221821336,"upper_bound":971824.5395605663},"point_estimate":943934.045658342,"standard_error":13578.721040800405},"std_dev":{"confidence_interval":{"confidence_level":0.95,"lower_bound":128783.75724453003,"upper_bound":205849.4589067256},"point_estimate":169610.80009317672,"standard_error":19736.935185118968}}