{"mean":{"confidence_interval":{"confidence_level":0.95,"lower_bound":43819.767476627414,"upper_bound":44319.75036957895},"point_estimate":44072.00680506149,"standard_error":127.57228367040881},"median":{"confidence_interval":{"confidence_level":0.95,"lower_bound":43748.16110653424,"upper_bound":44486.139130434785},"point_estimate":44038.819345919146,"standard_error":172.52518043015286},"median_abs_dev":{"confidence_interval":{"confidence_level":0.95,"lower_bound":962.5870488096658,"upper_bound":1611.5872524094023},"point_estimate":1304.81591156744,"standard_error":161.7925342183018},"slope":{"confidence_interval":{"confidence_level":0.95,"lower_bound":43774.53146853872,"upper_bound":44295.61487264856},"point_estimate":44033.12650368476,"standard_error":132.90747396581},"std_dev":{"confidence_interval":{"confidence_level":0.95,"lower_bound":1112.5883266799183,"upper_bound":1441.3862448529421},"point_estimate":1286.0566780295128,"standard_error":84.38017443500682}}