{"mean":{"confidence_interval":{"confidence_level":0.95,"lower_bound":804646.9130396937,"upper_bound":828646.0954667659},"point_estimate":815326.1236111479,"standard_error":6170.380264348156},"median":{"confidence_interval":{"confidence_level":0.95,"lower_bound":793535.7193877551,"upper_bound":800505.1029411765},"point_estimate":795766.3920454546,"standard_error":1834.9070590847145},"median_abs_dev":{"confidence_interval":{"confidence_level":0.95,"lower_bound":9706.213548071433,"upper_bound":18133.32012981921},"point_estimate":14115.659847862024,"standard_error":2080.588290231773},"slope":{"confidence_interval":{"confidence_level":0.95,"lower_bound":791141.8981834687,"upper_bound":796816.6550421009},"point_estimate":793846.6602098419,"standard_error":1443.8235732493058},"std_dev":{"confidence_interval":{"confidence_level":0.95,"lower_bound":31854.61120114278,"upper_bound":90094.01910341268},"point_estimate":61719.1740804692,"standard_error":15708.754338480465}}