{"mean":{"confidence_interval":{"confidence_level":0.95,"lower_bound":15672210.6875,"upper_bound":16153279.8983125},"point_estimate":15910717.4725,"standard_error":122823.3584730662},"median":{"confidence_interval":{"confidence_level":0.95,"lower_bound":15385881.75,"upper_bound":16311377.875},"point_estimate":15745041.25,"standard_error":269632.6837891152},"median_abs_dev":{"confidence_interval":{"confidence_level":0.95,"lower_bound":1078182.8392334282,"upper_bound":1664647.3124966025},"point_estimate":1475306.6937580705,"standard_error":146990.74656664368},"slope":null,"std_dev":{"confidence_interval":{"confidence_level":0.95,"lower_bound":1090854.25987584,"upper_bound":1370530.016239749},"point_estimate":1238813.2570254898,"standard_error":71376.11816897255}}