{"mean":{"confidence_interval":{"confidence_level":0.95,"lower_bound":174457.0371281142,"upper_bound":185876.2095606629},"point_estimate":179661.4479290086,"standard_error":2922.3905190876108},"median":{"confidence_interval":{"confidence_level":0.95,"lower_bound":168539.99425287356,"upper_bound":172116.96846846846},"point_estimate":169744.4428030303,"standard_error":989.000674444649},"median_abs_dev":{"confidence_interval":{"confidence_level":0.95,"lower_bound":5550.135520862553,"upper_bound":11590.703880762328},"point_estimate":7984.845793782615,"standard_error":1524.4056955171748},"slope":{"confidence_interval":{"confidence_level":0.95,"lower_bound":168753.14995997224,"upper_bound":175488.37704809106},"point_estimate":171918.62292399388,"standard_error":1724.3187535912207},"std_dev":{"confidence_interval":{"confidence_level":0.95,"lower_bound":16316.742528151204,"upper_bound":40214.74520542854},"point_estimate":29399.243997877333,"standard_error":6106.18217019205}}