{"mean":{"confidence_interval":{"confidence_level":0.95,"lower_bound":185978.63896332905,"upper_bound":196226.43614754255},"point_estimate":190212.51142386466,"standard_error":2668.1874921281446},"median":{"confidence_interval":{"confidence_level":0.95,"lower_bound":182059.22809973045,"upper_bound":186362.84615384616},"point_estimate":184052.56396198831,"standard_error":1183.6395519524629},"median_abs_dev":{"confidence_interval":{"confidence_level":0.95,"lower_bound":6083.4034383452545,"upper_bound":11393.034965328306},"point_estimate":8389.232407554504,"standard_error":1392.8365057893805},"slope":{"confidence_interval":{"confidence_level":0.95,"lower_bound":181766.38458043354,"upper_bound":187247.43323724484},"point_estimate":184296.045780996,"standard_error":1403.9881850987879},"std_dev":{"confidence_interval":{"confidence_level":0.95,"lower_bound":10334.547899273935,"upper_bound":42317.00346159707},"point_estimate":26662.717786033547,"standard_error":10009.876173375822}}