{"mean":{"confidence_interval":{"confidence_level":0.95,"lower_bound":1486578.8985453802,"upper_bound":1597233.929305753},"point_estimate":1542920.372585012,"standard_error":28330.77443959473},"median":{"confidence_interval":{"confidence_level":0.95,"lower_bound":1516900.991058712,"upper_bound":1669009.0963203465},"point_estimate":1595675.8373015872,"standard_error":35369.49633996808},"median_abs_dev":{"confidence_interval":{"confidence_level":0.95,"lower_bound":211616.0303991881,"upper_bound":364715.8175282684},"point_estimate":292611.50661589985,"standard_error":38096.49237249635},"slope":{"confidence_interval":{"confidence_level":0.95,"lower_bound":1618252.975946276,"upper_bound":1701049.7154543402},"point_estimate":1660294.015454411,"standard_error":21142.443169017643},"std_dev":{"confidence_interval":{"confidence_level":0.95,"lower_bound":245445.71243915267,"upper_bound":316900.59533231007},"point_estimate":283901.9861470501,"standard_error":18182.21624839134}}