{"mean":{"confidence_interval":{"confidence_level":0.95,"lower_bound":1497669.9228609568,"upper_bound":1581901.3716799996},"point_estimate":1537577.6740575603,"standard_error":21495.100501456298},"median":{"confidence_interval":{"confidence_level":0.95,"lower_bound":1468463.196153846,"upper_bound":1558721.6527777778},"point_estimate":1508388.5289769368,"standard_error":20830.367276482833},"median_abs_dev":{"confidence_interval":{"confidence_level":0.95,"lower_bound":138182.21182743908,"upper_bound":203500.66248636707},"point_estimate":178095.93535253385,"standard_error":16643.52764666357},"slope":{"confidence_interval":{"confidence_level":0.95,"lower_bound":1468332.919223516,"upper_bound":1538371.0640934452},"point_estimate":1502518.3875129304,"standard_error":17915.81022139208},"std_dev":{"confidence_interval":{"confidence_level":0.95,"lower_bound":149754.52173852173,"upper_bound":280947.36662386457},"point_estimate":216674.08275399162,"standard_error":33870.702783360946}}