{"mean":{"confidence_interval":{"confidence_level":0.95,"lower_bound":146648.95958669475,"upper_bound":148973.3785848799},"point_estimate":147738.78358791512,"standard_error":592.8414732230851},"median":{"confidence_interval":{"confidence_level":0.95,"lower_bound":145822.29348861284,"upper_bound":147763.4081632653},"point_estimate":146788.968372017,"standard_error":431.90966117487307},"median_abs_dev":{"confidence_interval":{"confidence_level":0.95,"lower_bound":3587.1855211814272,"upper_bound":5526.06752993429},"point_estimate":4408.832572636665,"standard_error":491.9997200711716},"slope":{"confidence_interval":{"confidence_level":0.95,"lower_bound":145287.33011394792,"upper_bound":146966.37413728636},"point_estimate":146113.4751871477,"standard_error":428.93958000352325},"std_dev":{"confidence_interval":{"confidence_level":0.95,"lower_bound":4021.355511596883,"upper_bound":7783.852787837237},"point_estimate":5965.587170511886,"standard_error":972.5764657694725}}