{"mean":{"confidence_interval":{"confidence_level":0.95,"lower_bound":339470.69459719624,"upper_bound":347288.9206479563},"point_estimate":343191.92605189956,"standard_error":1992.284576003046},"median":{"confidence_interval":{"confidence_level":0.95,"lower_bound":335766.0126262626,"upper_bound":340884.25396825396},"point_estimate":338582.3258601416,"standard_error":1284.2620684369379},"median_abs_dev":{"confidence_interval":{"confidence_level":0.95,"lower_bound":9812.445778721074,"upper_bound":16281.70634745857},"point_estimate":13096.689137184256,"standard_error":1637.3198523621195},"slope":{"confidence_interval":{"confidence_level":0.95,"lower_bound":339778.93844599713,"upper_bound":348046.77192211157},"point_estimate":343736.9972986552,"standard_error":2115.073609530294},"std_dev":{"confidence_interval":{"confidence_level":0.95,"lower_bound":14972.223169442763,"upper_bound":24827.074773385328},"point_estimate":19939.73851865456,"standard_error":2546.1057797733097}}