{"mean":{"confidence_interval":{"confidence_level":0.95,"lower_bound":266962.16811488784,"upper_bound":274930.13518983795},"point_estimate":270616.9975573533,"standard_error":2043.163983136295},"median":{"confidence_interval":{"confidence_level":0.95,"lower_bound":263835.00952012383,"upper_bound":268811.7847938144},"point_estimate":265521.3433979975,"standard_error":1170.2277064205462},"median_abs_dev":{"confidence_interval":{"confidence_level":0.95,"lower_bound":7485.094404287998,"upper_bound":12865.347344761085},"point_estimate":10606.59618144461,"standard_error":1374.5939446769937},"slope":{"confidence_interval":{"confidence_level":0.95,"lower_bound":265887.6744558474,"upper_bound":278969.1606494058},"point_estimate":271331.87242278707,"standard_error":3416.176555250159},"std_dev":{"confidence_interval":{"confidence_level":0.95,"lower_bound":12602.218738692842,"upper_bound":27831.9294966746},"point_estimate":20551.96421233762,"standard_error":3947.692606827908}}