{"mean":{"confidence_interval":{"confidence_level":0.95,"lower_bound":282634.66803193453,"upper_bound":285873.3718236774},"point_estimate":284046.45563084254,"standard_error":833.1221083827932},"median":{"confidence_interval":{"confidence_level":0.95,"lower_bound":281537.8506097561,"upper_bound":282884.24208748224},"point_estimate":282406.37958211143,"standard_error":325.6021871966092},"median_abs_dev":{"confidence_interval":{"confidence_level":0.95,"lower_bound":2611.426391155562,"upper_bound":4210.437266013141},"point_estimate":3234.5934953894143,"standard_error":406.2885918202814},"slope":{"confidence_interval":{"confidence_level":0.95,"lower_bound":282729.6715850649,"upper_bound":285845.2797526559},"point_estimate":284278.763406975,"standard_error":797.0587929579198},"std_dev":{"confidence_interval":{"confidence_level":0.95,"lower_bound":4261.989290281394,"upper_bound":12616.441328051715},"point_estimate":8340.009901235944,"standard_error":2568.166824107601}}