{"mean":{"confidence_interval":{"confidence_level":0.95,"lower_bound":1694382.4135302482,"upper_bound":1733398.4587387424},"point_estimate":1713302.3423519603,"standard_error":9968.192158872487},"median":{"confidence_interval":{"confidence_level":0.95,"lower_bound":1675543.391304348,"upper_bound":1718259.440860215},"point_estimate":1698006.138211382,"standard_error":11916.372648646005},"median_abs_dev":{"confidence_interval":{"confidence_level":0.95,"lower_bound":64622.04882378188,"upper_bound":104630.79757496463},"point_estimate":82946.08673444824,"standard_error":10455.638531799676},"slope":{"confidence_interval":{"confidence_level":0.95,"lower_bound":1689764.9743502105,"upper_bound":1738195.5460950346},"point_estimate":1713079.9972070341,"standard_error":12424.312299591506},"std_dev":{"confidence_interval":{"confidence_level":0.95,"lower_bound":78304.7963363931,"upper_bound":121535.27599482852},"point_estimate":100584.83485668832,"standard_error":11094.33765191994}}