{"mean":{"confidence_interval":{"confidence_level":0.95,"lower_bound":464942.41430171824,"upper_bound":489751.841176252},"point_estimate":476292.16387279413,"standard_error":6357.162087836285},"median":{"confidence_interval":{"confidence_level":0.95,"lower_bound":450451.23913043475,"upper_bound":460119.7916666667},"point_estimate":454323.1166774055,"standard_error":2293.3685267095493},"median_abs_dev":{"confidence_interval":{"confidence_level":0.95,"lower_bound":14115.353066508078,"upper_bound":26562.45455261187},"point_estimate":19847.269377259017,"standard_error":3098.3803679012854},"slope":{"confidence_interval":{"confidence_level":0.95,"lower_bound":449177.4819092106,"upper_bound":457527.1512176642},"point_estimate":453156.42679867987,"standard_error":2138.1368518933923},"std_dev":{"confidence_interval":{"confidence_level":0.95,"lower_bound":38876.16096709936,"upper_bound":86753.90184451723},"point_estimate":63902.23648823799,"standard_error":12422.507479083963}}