{"mean":{"confidence_interval":{"confidence_level":0.95,"lower_bound":388407.4635864279,"upper_bound":401718.7193665112},"point_estimate":394777.7101814244,"standard_error":3398.373283283452},"median":{"confidence_interval":{"confidence_level":0.95,"lower_bound":377985.85792709707,"upper_bound":392050.84027777775},"point_estimate":383005.8476499892,"standard_error":3212.7905315353814},"median_abs_dev":{"confidence_interval":{"confidence_level":0.95,"lower_bound":15219.263835537877,"upper_bound":29358.55446565204},"point_estimate":21735.699679480247,"standard_error":3491.809312680033},"slope":{"confidence_interval":{"confidence_level":0.95,"lower_bound":387551.5672739116,"upper_bound":401482.20223083574},"point_estimate":394221.13465839124,"standard_error":3547.5816220725696},"std_dev":{"confidence_interval":{"confidence_level":0.95,"lower_bound":25490.489415830845,"upper_bound":43348.05069288538},"point_estimate":34226.925839226984,"standard_error":4655.076323256367}}