{"mean":{"confidence_interval":{"confidence_level":0.95,"lower_bound":4731609.123704546,"upper_bound":4852172.454840911},"point_estimate":4788771.030909092,"standard_error":30930.470703597053},"median":{"confidence_interval":{"confidence_level":0.95,"lower_bound":4703481.818181818,"upper_bound":4808845.363636363},"point_estimate":4750431.772727273,"standard_error":28590.113557568922},"median_abs_dev":{"confidence_interval":{"confidence_level":0.95,"lower_bound":173706.23305087053,"upper_bound":289032.8648686409},"point_estimate":253571.76913456508,"standard_error":29409.384317208514},"slope":null,"std_dev":{"confidence_interval":{"confidence_level":0.95,"lower_bound":210552.14656554163,"upper_bound":410474.176771046},"point_estimate":311308.57039541984,"standard_error":52138.83481745657}}