{"mean":{"confidence_interval":{"confidence_level":0.95,"lower_bound":70000.38734089816,"upper_bound":74072.73768077693},"point_estimate":71726.33398906852,"standard_error":1056.6966273248338},"median":{"confidence_interval":{"confidence_level":0.95,"lower_bound":68658.36836158192,"upper_bound":69473.91960784314},"point_estimate":69011.71171722113,"standard_error":203.73587249887578},"median_abs_dev":{"confidence_interval":{"confidence_level":0.95,"lower_bound":1111.5902438486562,"upper_bound":2151.507363086446},"point_estimate":1613.422232145281,"standard_error":273.554547555764},"slope":{"confidence_interval":{"confidence_level":0.95,"lower_bound":68424.604481227,"upper_bound":68913.12866776659},"point_estimate":68652.96193606226,"standard_error":124.84707117678013},"std_dev":{"confidence_interval":{"confidence_level":0.95,"lower_bound":3653.4729022760966,"upper_bound":16576.934802571614},"point_estimate":10612.143598922528,"standard_error":3573.171554732931}}