{"mean":{"confidence_interval":{"confidence_level":0.95,"lower_bound":1762679.453662068,"upper_bound":1798410.1101450373},"point_estimate":1778852.4926779273,"standard_error":9131.899019980916},"median":{"confidence_interval":{"confidence_level":0.95,"lower_bound":1783358.8101851852,"upper_bound":1797556.1692307692},"point_estimate":1790130.4978991598,"standard_error":3741.6541156128346},"median_abs_dev":{"confidence_interval":{"confidence_level":0.95,"lower_bound":22766.37688914933,"upper_bound":61175.71402300494},"point_estimate":35779.09760949981,"standard_error":9750.403850669907},"slope":{"confidence_interval":{"confidence_level":0.95,"lower_bound":1717164.659982665,"upper_bound":1744711.8295677314},"point_estimate":1729965.4944731786,"standard_error":7009.559284636455},"std_dev":{"confidence_interval":{"confidence_level":0.95,"lower_bound":52775.16781026552,"upper_bound":133752.96598515337},"point_estimate":91518.11171593626,"standard_error":23358.814038529792}}