{"mean":{"confidence_interval":{"confidence_level":0.95,"lower_bound":43022.46098059428,"upper_bound":44293.76722088869},"point_estimate":43609.469624585836,"standard_error":325.16829916994277},"median":{"confidence_interval":{"confidence_level":0.95,"lower_bound":42673.974785463186,"upper_bound":43377.38099792763},"point_estimate":42920.21527777778,"standard_error":196.73784598769947},"median_abs_dev":{"confidence_interval":{"confidence_level":0.95,"lower_bound":1327.9380272577262,"upper_bound":2351.6175516333274},"point_estimate":1869.8415570863015,"standard_error":266.0502972395841},"slope":{"confidence_interval":{"confidence_level":0.95,"lower_bound":42609.709465372965,"upper_bound":43577.39913640029},"point_estimate":43082.51818309443,"standard_error":245.87979908016473},"std_dev":{"confidence_interval":{"confidence_level":0.95,"lower_bound":2082.5013903457584,"upper_bound":4529.297091005836},"point_estimate":3270.232831610915,"standard_error":666.7133911019781}}