{"mean":{"confidence_interval":{"confidence_level":0.95,"lower_bound":4581147.993227274,"upper_bound":4582976.412045455},"point_estimate":4581991.494545455,"standard_error":466.33489800618213},"median":{"confidence_interval":{"confidence_level":0.95,"lower_bound":4580556.545454545,"upper_bound":4581452.181818182},"point_estimate":4581024.636363637,"standard_error":230.5775195581579},"median_abs_dev":{"confidence_interval":{"confidence_level":0.95,"lower_bound":1658.2206796509795,"upper_bound":3194.2616432905197},"point_estimate":2466.439838029996,"standard_error":404.4613491861726},"slope":null,"std_dev":{"confidence_interval":{"confidence_level":0.95,"lower_bound":2775.165430262063,"upper_bound":6262.757603496039},"point_estimate":4671.787755293087,"standard_error":880.278737665572}}