{"mean":{"confidence_interval":{"confidence_level":0.95,"lower_bound":266380.137716502,"upper_bound":276382.3618065487},"point_estimate":271121.733894477,"standard_error":2565.8450559122166},"median":{"confidence_interval":{"confidence_level":0.95,"lower_bound":259973.2576754386,"upper_bound":267719.79515050165},"point_estimate":263248.8300653595,"standard_error":1743.2566884907812},"median_abs_dev":{"confidence_interval":{"confidence_level":0.95,"lower_bound":10440.639016932462,"upper_bound":19030.85917880136},"point_estimate":15536.524809777597,"standard_error":2211.863024960309},"slope":{"confidence_interval":{"confidence_level":0.95,"lower_bound":262212.64066165703,"upper_bound":271074.7123657834},"point_estimate":266284.55251440813,"standard_error":2260.945721960843},"std_dev":{"confidence_interval":{"confidence_level":0.95,"lower_bound":18544.047448011832,"upper_bound":32317.85533131746},"point_estimate":25732.494393824403,"standard_error":3519.545037383673}}