{"mean":{"confidence_interval":{"confidence_level":0.95,"lower_bound":4484.815027040502,"upper_bound":4741.389768780804},"point_estimate":4613.175194782474,"standard_error":65.75363668168713},"median":{"confidence_interval":{"confidence_level":0.95,"lower_bound":4144.361519913527,"upper_bound":4991.991604090038},"point_estimate":4279.614802995526,"standard_error":234.9388977242388},"median_abs_dev":{"confidence_interval":{"confidence_level":0.95,"lower_bound":356.49441483999453,"upper_bound":969.660091983147},"point_estimate":626.3146639280851,"standard_error":171.98430785423105},"slope":{"confidence_interval":{"confidence_level":0.95,"lower_bound":4230.994004441809,"upper_bound":4522.865763025815},"point_estimate":4367.087856232889,"standard_error":74.82002488319384},"std_dev":{"confidence_interval":{"confidence_level":0.95,"lower_bound":604.3527031630756,"upper_bound":707.8250365357477},"point_estimate":659.1878137874464,"standard_error":26.30832565102865}}