{"mean":{"confidence_interval":{"confidence_level":0.95,"lower_bound":48695.23560927849,"upper_bound":49731.993169722504},"point_estimate":49194.99788586444,"standard_error":264.0115980022426},"median":{"confidence_interval":{"confidence_level":0.95,"lower_bound":49083.25202784504,"upper_bound":49919.53924050633},"point_estimate":49574.02095084215,"standard_error":212.51019894878985},"median_abs_dev":{"confidence_interval":{"confidence_level":0.95,"lower_bound":1182.0281607264246,"upper_bound":2109.9227389394077},"point_estimate":1537.9277396971038,"standard_error":218.00168846125533},"slope":{"confidence_interval":{"confidence_level":0.95,"lower_bound":50064.18102026418,"upper_bound":51210.675628459605},"point_estimate":50530.05571789567,"standard_error":304.74866651250295},"std_dev":{"confidence_interval":{"confidence_level":0.95,"lower_bound":1805.4242250965083,"upper_bound":3599.10011872446},"point_estimate":2647.831931938184,"standard_error":487.42881390678326}}