{"mean":{"confidence_interval":{"confidence_level":0.95,"lower_bound":15754292.7949375,"upper_bound":16220924.23675},"point_estimate":15983913.19,"standard_error":119174.3199365211},"median":{"confidence_interval":{"confidence_level":0.95,"lower_bound":15382601.375,"upper_bound":16263476.5},"point_estimate":15909062.75,"standard_error":224329.65246542398},"median_abs_dev":{"confidence_interval":{"confidence_level":0.95,"lower_bound":973034.0692251921,"upper_bound":1529770.0037911534},"point_estimate":1278420.9384284914,"standard_error":149720.01494322714},"slope":null,"std_dev":{"confidence_interval":{"confidence_level":0.95,"lower_bound":1035105.4688180937,"upper_bound":1338299.6218664197},"point_estimate":1197061.9859026165,"standard_error":77638.28419110003}}