{"mean":{"confidence_interval":{"confidence_level":0.95,"lower_bound":810782.3293346737,"upper_bound":836861.0058624789},"point_estimate":823610.0806208664,"standard_error":6650.4013966298},"median":{"confidence_interval":{"confidence_level":0.95,"lower_bound":800160.5107526882,"upper_bound":828543.6111111111},"point_estimate":812527.8188405797,"standard_error":6774.550234665267},"median_abs_dev":{"confidence_interval":{"confidence_level":0.95,"lower_bound":47883.28148610335,"upper_bound":77857.41680942106},"point_estimate":61040.90278198243,"standard_error":7975.877602952647},"slope":{"confidence_interval":{"confidence_level":0.95,"lower_bound":804226.5504550565,"upper_bound":831619.9370179056},"point_estimate":817626.6311452638,"standard_error":6981.2758761236955},"std_dev":{"confidence_interval":{"confidence_level":0.95,"lower_bound":55847.780222791516,"upper_bound":76385.94384322513},"point_estimate":66647.06027125736,"standard_error":5243.439706529149}}