{"mean":{"confidence_interval":{"confidence_level":0.95,"lower_bound":1692393.9224762917,"upper_bound":1831653.4294305847},"point_estimate":1749792.1076900726,"standard_error":36380.28153836178},"median":{"confidence_interval":{"confidence_level":0.95,"lower_bound":1638224.1379310344,"upper_bound":1701171.8599537038},"point_estimate":1677513.0208333335,"standard_error":14217.147625625112},"median_abs_dev":{"confidence_interval":{"confidence_level":0.95,"lower_bound":74322.89087661552,"upper_bound":129881.02453829463},"point_estimate":96821.27384962491,"standard_error":14325.233834502642},"slope":{"confidence_interval":{"confidence_level":0.95,"lower_bound":1658821.2675527565,"upper_bound":1712461.3518911412},"point_estimate":1684426.2724368258,"standard_error":13753.715205405506},"std_dev":{"confidence_interval":{"confidence_level":0.95,"lower_bound":117670.289141104,"upper_bound":586459.7430721002},"point_estimate":366653.8991523661,"standard_error":138957.98501791805}}