{"mean":{"confidence_interval":{"confidence_level":0.95,"lower_bound":3670493.140816667,"upper_bound":3751510.572699999},"point_estimate":3711151.169999999,"standard_error":20687.074121660266},"median":{"confidence_interval":{"confidence_level":0.95,"lower_bound":3716033.0,"upper_bound":3757170.466666667},"point_estimate":3738496.8333333335,"standard_error":10921.44174187948},"median_abs_dev":{"confidence_interval":{"confidence_level":0.95,"lower_bound":80497.02427089214,"upper_bound":207894.61610913277},"point_estimate":120296.38274431201,"standard_error":34748.575689234836},"slope":null,"std_dev":{"confidence_interval":{"confidence_level":0.95,"lower_bound":177022.44633509105,"upper_bound":233797.6256969553},"point_estimate":207305.6886771061,"standard_error":14415.041202456137}}