{"mean":{"confidence_interval":{"confidence_level":0.95,"lower_bound":1265051.0920401923,"upper_bound":1348669.4746939887},"point_estimate":1303724.9330380692,"standard_error":21392.059991394555},"median":{"confidence_interval":{"confidence_level":0.95,"lower_bound":1216734.6346153845,"upper_bound":1276844.888888889},"point_estimate":1248039.8921568627,"standard_error":17496.57052532242},"median_abs_dev":{"confidence_interval":{"confidence_level":0.95,"lower_bound":78367.52272505063,"upper_bound":141979.10811702663},"point_estimate":103377.3125025964,"standard_error":16014.930469219824},"slope":{"confidence_interval":{"confidence_level":0.95,"lower_bound":1244885.4284113524,"upper_bound":1301027.5080026716},"point_estimate":1272465.82981528,"standard_error":14347.261180613668},"std_dev":{"confidence_interval":{"confidence_level":0.95,"lower_bound":132645.8827878575,"upper_bound":285412.32257538877},"point_estimate":215083.5175782796,"standard_error":38929.277858128924}}