{"mean":{"confidence_interval":{"confidence_level":0.95,"lower_bound":16453727.204499992,"upper_bound":17034919.732749995},"point_estimate":16742985.023333333,"standard_error":148569.66884792567},"median":{"confidence_interval":{"confidence_level":0.95,"lower_bound":16234610.0,"upper_bound":16984878.333333332},"point_estimate":16563123.833333332,"standard_error":200418.65583660547},"median_abs_dev":{"confidence_interval":{"confidence_level":0.95,"lower_bound":1247279.9761563535,"upper_bound":2032590.9432142954},"point_estimate":1612667.233869431,"standard_error":208983.64049498274},"slope":null,"std_dev":{"confidence_interval":{"confidence_level":0.95,"lower_bound":1313960.5686534336,"upper_bound":1652015.285868915},"point_estimate":1497029.4182239282,"standard_error":86301.12284862963}}