{"mean":{"confidence_interval":{"confidence_level":0.95,"lower_bound":1599479.5809404429,"upper_bound":1662110.5477613881},"point_estimate":1626800.7553374225,"standard_error":16117.635492471922},"median":{"confidence_interval":{"confidence_level":0.95,"lower_bound":1586646.4481792715,"upper_bound":1612820.38926499},"point_estimate":1602014.6902761105,"standard_error":7120.476506905376},"median_abs_dev":{"confidence_interval":{"confidence_level":0.95,"lower_bound":51772.500485519544,"upper_bound":81759.40582142158},"point_estimate":65252.356485465345,"standard_error":7646.854513670699},"slope":{"confidence_interval":{"confidence_level":0.95,"lower_bound":1579249.217872884,"upper_bound":1608444.3555002487},"point_estimate":1593964.0199290675,"standard_error":7460.237827791199},"std_dev":{"confidence_interval":{"confidence_level":0.95,"lower_bound":69345.30332158858,"upper_bound":249468.72553853208},"point_estimate":162961.14735087697,"standard_error":50507.26909025774}}