{"mean":{"confidence_interval":{"confidence_level":0.95,"lower_bound":1371968.6632021612,"upper_bound":1425569.648803992},"point_estimate":1397043.3357919294,"standard_error":13678.883129587219},"median":{"confidence_interval":{"confidence_level":0.95,"lower_bound":1343284.7289473685,"upper_bound":1387305.5185714285},"point_estimate":1370232.7447916665,"standard_error":13255.583854432989},"median_abs_dev":{"confidence_interval":{"confidence_level":0.95,"lower_bound":66594.90919177819,"upper_bound":109270.2599398561},"point_estimate":85108.39819444218,"standard_error":10567.981960850499},"slope":{"confidence_interval":{"confidence_level":0.95,"lower_bound":1327609.4753851325,"upper_bound":1362853.4263761707},"point_estimate":1344278.472448648,"standard_error":8974.222686020486},"std_dev":{"confidence_interval":{"confidence_level":0.95,"lower_bound":91562.24091229339,"upper_bound":179076.71374364718},"point_estimate":137338.12882490968,"standard_error":22444.765044252872}}