{"mean":{"confidence_interval":{"confidence_level":0.95,"lower_bound":19358322.749416675,"upper_bound":20014822.631916676},"point_estimate":19689109.40333334,"standard_error":167482.58981646603},"median":{"confidence_interval":{"confidence_level":0.95,"lower_bound":19523923.333333332,"upper_bound":20240713.666666668},"point_estimate":20014060.833333336,"standard_error":164670.79540903473},"median_abs_dev":{"confidence_interval":{"confidence_level":0.95,"lower_bound":1074576.8472224465,"upper_bound":1888845.215666296},"point_estimate":1410068.711966277,"standard_error":191646.80980656113},"slope":null,"std_dev":{"confidence_interval":{"confidence_level":0.95,"lower_bound":1434829.8141590448,"upper_bound":1899729.2153339498},"point_estimate":1679787.0423805388,"standard_error":118597.56142338914}}