{"mean":{"confidence_interval":{"confidence_level":0.95,"lower_bound":312604.4021106884,"upper_bound":318858.3784212076},"point_estimate":315656.3512069254,"standard_error":1599.544538370915},"median":{"confidence_interval":{"confidence_level":0.95,"lower_bound":309564.4769736842,"upper_bound":317033.082290363},"point_estimate":313117.87934027775,"standard_error":1974.961005195997},"median_abs_dev":{"confidence_interval":{"confidence_level":0.95,"lower_bound":11942.86982800297,"upper_bound":18797.916133464892},"point_estimate":15665.984363501346,"standard_error":1768.4144547189792},"slope":{"confidence_interval":{"confidence_level":0.95,"lower_bound":306858.2799069053,"upper_bound":313145.6043742079},"point_estimate":309922.94049061625,"standard_error":1603.6632738250917},"std_dev":{"confidence_interval":{"confidence_level":0.95,"lower_bound":13587.831398777149,"upper_bound":18306.53111610896},"point_estimate":16119.321632014282,"standard_error":1208.1304229949276}}