{"mean":{"confidence_interval":{"confidence_level":0.95,"lower_bound":159329.57107851774,"upper_bound":165279.09027524045},"point_estimate":161863.28254149534,"standard_error":1540.5129760584014},"median":{"confidence_interval":{"confidence_level":0.95,"lower_bound":157620.25746965455,"upper_bound":158927.88352941177},"point_estimate":158250.86850975332,"standard_error":352.836109474446},"median_abs_dev":{"confidence_interval":{"confidence_level":0.95,"lower_bound":1881.5180149182315,"upper_bound":3344.2008860664614},"point_estimate":2333.7685792994844,"standard_error":385.7418173821911},"slope":{"confidence_interval":{"confidence_level":0.95,"lower_bound":156996.5766885012,"upper_bound":158578.13638596496},"point_estimate":157701.1078789926,"standard_error":406.9052521827936},"std_dev":{"confidence_interval":{"confidence_level":0.95,"lower_bound":5965.21632804878,"upper_bound":23990.2677718449},"point_estimate":15414.309217074144,"standard_error":5144.731820498032}}