{"mean":{"confidence_interval":{"confidence_level":0.95,"lower_bound":15795083.1375625,"upper_bound":15895243.058625},"point_estimate":15843487.895,"standard_error":25503.11903640928},"median":{"confidence_interval":{"confidence_level":0.95,"lower_bound":15778350.0,"upper_bound":15846214.625},"point_estimate":15811299.375,"standard_error":15433.632268766482},"median_abs_dev":{"confidence_interval":{"confidence_level":0.95,"lower_bound":129241.85354299856,"upper_bound":292797.57075117866},"point_estimate":183163.73659819365,"standard_error":43321.01335153955},"slope":null,"std_dev":{"confidence_interval":{"confidence_level":0.95,"lower_bound":203189.17338387592,"upper_bound":307544.2744401659},"point_estimate":256438.2934935032,"standard_error":26752.282640512323}}