{"mean":{"confidence_interval":{"confidence_level":0.95,"lower_bound":9520357.295958336,"upper_bound":9740490.494458336},"point_estimate":9629194.32166667,"standard_error":56235.822194871806},"median":{"confidence_interval":{"confidence_level":0.95,"lower_bound":9371080.166666668,"upper_bound":9636714.75},"point_estimate":9498603.0,"standard_error":64496.59909887764},"median_abs_dev":{"confidence_interval":{"confidence_level":0.95,"lower_bound":357419.76545452885,"upper_bound":656510.2178946147},"point_estimate":477453.159673512,"standard_error":74872.66467295068},"slope":null,"std_dev":{"confidence_interval":{"confidence_level":0.95,"lower_bound":483007.05585645296,"upper_bound":637753.2868120581},"point_estimate":565738.6629773374,"standard_error":39462.206081125456}}