{"mean":{"confidence_interval":{"confidence_level":0.95,"lower_bound":22705105.229583323,"upper_bound":23053245.259000007},"point_estimate":22876734.716666676,"standard_error":88968.82397599614},"median":{"confidence_interval":{"confidence_level":0.95,"lower_bound":22592129.0,"upper_bound":23014946.333333332},"point_estimate":22823250.166666668,"standard_error":112640.34278947355},"median_abs_dev":{"confidence_interval":{"confidence_level":0.95,"lower_bound":704103.5302996645,"upper_bound":1082571.5204805136},"point_estimate":893054.9665451031,"standard_error":97781.21664888457},"slope":null,"std_dev":{"confidence_interval":{"confidence_level":0.95,"lower_bound":760724.2611126271,"upper_bound":1006914.8157032154},"point_estimate":890405.7286439294,"standard_error":62944.87041321701}}