{"mean":{"confidence_interval":{"confidence_level":0.95,"lower_bound":370775.2830754844,"upper_bound":386324.39427859505},"point_estimate":378168.3810326007,"standard_error":3980.424387469229},"median":{"confidence_interval":{"confidence_level":0.95,"lower_bound":362154.6666666667,"upper_bound":373177.73333333334},"point_estimate":368630.69894179894,"standard_error":2697.1985598853116},"median_abs_dev":{"confidence_interval":{"confidence_level":0.95,"lower_bound":17205.120713439057,"upper_bound":30365.271573851966},"point_estimate":25170.711728284172,"standard_error":3482.6431681031418},"slope":{"confidence_interval":{"confidence_level":0.95,"lower_bound":365091.39181125304,"upper_bound":380896.1587164116},"point_estimate":372669.6225821388,"standard_error":4039.2033803586446},"std_dev":{"confidence_interval":{"confidence_level":0.95,"lower_bound":29411.98849522988,"upper_bound":49255.19679918572},"point_estimate":40106.31151363336,"standard_error":5068.051413541055}}