{"mean":{"confidence_interval":{"confidence_level":0.95,"lower_bound":10056659.367750002,"upper_bound":10277661.502850002},"point_estimate":10165443.170000002,"standard_error":56362.53335497206},"median":{"confidence_interval":{"confidence_level":0.95,"lower_bound":9876330.4,"upper_bound":10232142.399999999},"point_estimate":10125391.8,"standard_error":85160.43530974786},"median_abs_dev":{"confidence_interval":{"confidence_level":0.95,"lower_bound":441253.47980618256,"upper_bound":706210.5519622564},"point_estimate":623881.1823838943,"standard_error":69896.16934525178},"slope":null,"std_dev":{"confidence_interval":{"confidence_level":0.95,"lower_bound":484885.5449221599,"upper_bound":650130.6298130827},"point_estimate":570302.7532361989,"standard_error":42213.15721365592}}