{"mean":{"confidence_interval":{"confidence_level":0.95,"lower_bound":491926.5694270816,"upper_bound":500823.008980393},"point_estimate":496258.39831446303,"standard_error":2271.641926481054},"median":{"confidence_interval":{"confidence_level":0.95,"lower_bound":487942.9142857143,"upper_bound":496915.86794871796},"point_estimate":493439.1675,"standard_error":1918.2833771283035},"median_abs_dev":{"confidence_interval":{"confidence_level":0.95,"lower_bound":14556.68726176951,"upper_bound":23463.643202158033},"point_estimate":18910.102706457328,"standard_error":2329.4207217840462},"slope":{"confidence_interval":{"confidence_level":0.95,"lower_bound":492186.8652742426,"upper_bound":506707.4547222987},"point_estimate":499170.0652342249,"standard_error":3724.678025690296},"std_dev":{"confidence_interval":{"confidence_level":0.95,"lower_bound":17977.526626364728,"upper_bound":27327.516738680977},"point_estimate":22798.159332091658,"standard_error":2399.626435895539}}