{"mean":{"confidence_interval":{"confidence_level":0.95,"lower_bound":6177.213029750368,"upper_bound":6340.3749343736035},"point_estimate":6255.388886755535,"standard_error":41.79639176809157},"median":{"confidence_interval":{"confidence_level":0.95,"lower_bound":6150.992665816326,"upper_bound":6243.695184426229},"point_estimate":6190.609206730769,"standard_error":24.662913986652597},"median_abs_dev":{"confidence_interval":{"confidence_level":0.95,"lower_bound":182.4360277128178,"upper_bound":353.00327562237806},"point_estimate":227.9074316419671,"standard_error":42.65556589964468},"slope":{"confidence_interval":{"confidence_level":0.95,"lower_bound":6086.2572988881,"upper_bound":6310.291740823281},"point_estimate":6188.9710578727645,"standard_error":57.15907841280062},"std_dev":{"confidence_interval":{"confidence_level":0.95,"lower_bound":310.75681176754637,"upper_bound":515.3162862473536},"point_estimate":420.5656365395527,"standard_error":52.14514178884305}}