{"mean":{"confidence_interval":{"confidence_level":0.95,"lower_bound":331261.67090543057,"upper_bound":352288.90134693665},"point_estimate":339327.4375608989,"standard_error":5672.863658248722},"median":{"confidence_interval":{"confidence_level":0.95,"lower_bound":329080.74752554274,"upper_bound":334423.4721507528},"point_estimate":331989.65604575165,"standard_error":1749.4448562610826},"median_abs_dev":{"confidence_interval":{"confidence_level":0.95,"lower_bound":12404.04460207005,"upper_bound":19673.10089573266},"point_estimate":16539.493315910735,"standard_error":1832.5212087897191},"slope":{"confidence_interval":{"confidence_level":0.95,"lower_bound":329485.2192171526,"upper_bound":336372.5865319424},"point_estimate":332830.8797443476,"standard_error":1765.3117802848196},"std_dev":{"confidence_interval":{"confidence_level":0.95,"lower_bound":13912.495653685957,"upper_bound":94912.68162290317},"point_estimate":57088.593235714994,"standard_error":26933.769515470118}}