{"mean":{"confidence_interval":{"confidence_level":0.95,"lower_bound":116718.19560060391,"upper_bound":120421.84573110286},"point_estimate":118454.77357000021,"standard_error":944.9412045081732},"median":{"confidence_interval":{"confidence_level":0.95,"lower_bound":114329.9797979798,"upper_bound":117112.10185185185},"point_estimate":116183.18312312312,"standard_error":924.6459140431564},"median_abs_dev":{"confidence_interval":{"confidence_level":0.95,"lower_bound":3747.7090810546138,"upper_bound":6749.77142650907},"point_estimate":4979.072399482579,"standard_error":787.4612442761875},"slope":{"confidence_interval":{"confidence_level":0.95,"lower_bound":116836.09720258754,"upper_bound":120557.00786468947},"point_estimate":118622.8699742213,"standard_error":948.6332516157654},"std_dev":{"confidence_interval":{"confidence_level":0.95,"lower_bound":6586.23347256947,"upper_bound":12300.176018225677},"point_estimate":9498.890704980535,"standard_error":1470.5529550146414}}