{"mean":{"confidence_interval":{"confidence_level":0.95,"lower_bound":2535733.4768124996,"upper_bound":2554604.6167999986},"point_estimate":2544008.764499999,"standard_error":4861.75816911144},"median":{"confidence_interval":{"confidence_level":0.95,"lower_bound":2527379.85,"upper_bound":2537894.35},"point_estimate":2532899.95,"standard_error":2790.996859540002},"median_abs_dev":{"confidence_interval":{"confidence_level":0.95,"lower_bound":14315.169915854862,"upper_bound":24266.329974811717},"point_estimate":19878.218602091143,"standard_error":2496.036503545292},"slope":null,"std_dev":{"confidence_interval":{"confidence_level":0.95,"lower_bound":23789.04756316293,"upper_bound":73406.55888210058},"point_estimate":48895.86524707655,"standard_error":14246.50602239764}}