{"mean":{"confidence_interval":{"confidence_level":0.95,"lower_bound":1848022.719662315,"upper_bound":1925583.504912632},"point_estimate":1883283.9313662776,"standard_error":19790.871459192746},"median":{"confidence_interval":{"confidence_level":0.95,"lower_bound":1812853.0447761193,"upper_bound":1870610.3333333333},"point_estimate":1838501.4078947369,"standard_error":13488.818995705034},"median_abs_dev":{"confidence_interval":{"confidence_level":0.95,"lower_bound":78574.94026750373,"upper_bound":135260.28269002252},"point_estimate":97774.04687954822,"standard_error":14860.915124911218},"slope":{"confidence_interval":{"confidence_level":0.95,"lower_bound":1796026.8714720702,"upper_bound":1835446.3235920793},"point_estimate":1815033.9673415103,"standard_error":10056.599021131131},"std_dev":{"confidence_interval":{"confidence_level":0.95,"lower_bound":120400.24028365812,"upper_bound":278668.3460320653},"point_estimate":198036.6383350627,"standard_error":43092.22602011031}}