{"mean":{"confidence_interval":{"confidence_level":0.95,"lower_bound":461944.93296502344,"upper_bound":462686.8175132097},"point_estimate":462263.8279770548,"standard_error":191.4143179687017},"median":{"confidence_interval":{"confidence_level":0.95,"lower_bound":461667.1111111111,"upper_bound":461883.9827586207},"point_estimate":461744.19650268764,"standard_error":50.54946902562839},"median_abs_dev":{"confidence_interval":{"confidence_level":0.95,"lower_bound":357.77902326485474,"upper_bound":657.346236954524},"point_estimate":474.1574015691141,"standard_error":73.01496812254875},"slope":{"confidence_interval":{"confidence_level":0.95,"lower_bound":461515.9528772973,"upper_bound":461694.1808919835},"point_estimate":461594.1389655682,"standard_error":45.50021434432768},"std_dev":{"confidence_interval":{"confidence_level":0.95,"lower_bound":817.5967898392526,"upper_bound":2968.8999912510135},"point_estimate":1930.4434896949306,"standard_error":614.851458276144}}