{"mean":{"confidence_interval":{"confidence_level":0.95,"lower_bound":18545155.335583325,"upper_bound":19180162.274249993},"point_estimate":18849258.33666666,"standard_error":162105.89718624201},"median":{"confidence_interval":{"confidence_level":0.95,"lower_bound":18340336.5,"upper_bound":18918572.0},"point_estimate":18603101.5,"standard_error":136169.30597513716},"median_abs_dev":{"confidence_interval":{"confidence_level":0.95,"lower_bound":984574.8745203037,"upper_bound":1543901.7760902615},"point_estimate":1305814.752817154,"standard_error":143024.92799858632},"slope":null,"std_dev":{"confidence_interval":{"confidence_level":0.95,"lower_bound":1219826.86971281,"upper_bound":2008352.881483261},"point_estimate":1628100.8639690415,"standard_error":203183.59585435825}}