{"mean":{"confidence_interval":{"confidence_level":0.95,"lower_bound":411159.25446979,"upper_bound":430198.3061409712},"point_estimate":419856.15822695545,"standard_error":4853.386831403988},"median":{"confidence_interval":{"confidence_level":0.95,"lower_bound":407560.64705882355,"upper_bound":418209.0953900709},"point_estimate":413103.3432659933,"standard_error":2437.2824716504524},"median_abs_dev":{"confidence_interval":{"confidence_level":0.95,"lower_bound":16040.394806803135,"upper_bound":37039.46203413376},"point_estimate":26693.6093623201,"standard_error":5580.32671124712},"slope":{"confidence_interval":{"confidence_level":0.95,"lower_bound":396175.9568331589,"upper_bound":409414.1807348862},"point_estimate":402089.67410570907,"standard_error":3400.970620256021},"std_dev":{"confidence_interval":{"confidence_level":0.95,"lower_bound":27758.919755269206,"upper_bound":66744.97212832734},"point_estimate":48689.17800320411,"standard_error":9886.011415581543}}