{"mean":{"confidence_interval":{"confidence_level":0.95,"lower_bound":142512.83263088114,"upper_bound":147130.19921970522},"point_estimate":144723.06113693127,"standard_error":1181.226316248824},"median":{"confidence_interval":{"confidence_level":0.95,"lower_bound":141065.2557045303,"upper_bound":142966.78191489363},"point_estimate":141951.7851156445,"standard_error":552.7923315073494},"median_abs_dev":{"confidence_interval":{"confidence_level":0.95,"lower_bound":3530.535034762941,"upper_bound":6363.3067320287255},"point_estimate":4753.268524584702,"standard_error":744.5635966569002},"slope":{"confidence_interval":{"confidence_level":0.95,"lower_bound":144213.60929343945,"upper_bound":151183.43166617016},"point_estimate":147545.701826511,"standard_error":1787.0427665554264},"std_dev":{"confidence_interval":{"confidence_level":0.95,"lower_bound":8657.664841983005,"upper_bound":14563.924246865383},"point_estimate":11809.466118756636,"standard_error":1511.077042579829}}