{"mean":{"confidence_interval":{"confidence_level":0.95,"lower_bound":7000693.45625,"upper_bound":7082961.66575},"point_estimate":7039110.2425,"standard_error":21053.27230679629},"median":{"confidence_interval":{"confidence_level":0.95,"lower_bound":6941025.6875,"upper_bound":6976046.5625},"point_estimate":6957433.125,"standard_error":9338.514753219353},"median_abs_dev":{"confidence_interval":{"confidence_level":0.95,"lower_bound":51773.59569333494,"upper_bound":107012.02752515674},"point_estimate":74439.49142843485,"standard_error":14634.767176431631},"slope":null,"std_dev":{"confidence_interval":{"confidence_level":0.95,"lower_bound":144153.48291201232,"upper_bound":278397.9468233292},"point_estimate":211246.38824746953,"standard_error":34945.8133476151}}