{"mean":{"confidence_interval":{"confidence_level":0.95,"lower_bound":165837813.88700002,"upper_bound":173968824.97025},"point_estimate":169932347.34,"standard_error":2068276.6970838339},"median":{"confidence_interval":{"confidence_level":0.95,"lower_bound":166037025.0,"upper_bound":175183150.0},"point_estimate":168837937.5,"standard_error":2325311.7934064534},"median_abs_dev":{"confidence_interval":{"confidence_level":0.95,"lower_bound":15683863.216155767,"upper_bound":27796882.171806693},"point_estimate":21255593.266537786,"standard_error":3134631.5126572037},"slope":null,"std_dev":{"confidence_interval":{"confidence_level":0.95,"lower_bound":18095102.822072748,"upper_bound":23113524.07411133},"point_estimate":20751615.278637156,"standard_error":1280277.4431796414}}