{"mean":{"confidence_interval":{"confidence_level":0.95,"lower_bound":6494309.823406249,"upper_bound":6694907.526},"point_estimate":6590308.95625,"standard_error":51094.61410513669},"median":{"confidence_interval":{"confidence_level":0.95,"lower_bound":6433082.25,"upper_bound":6615646.125},"point_estimate":6525983.0,"standard_error":43522.80774928565},"median_abs_dev":{"confidence_interval":{"confidence_level":0.95,"lower_bound":269222.62579190556,"upper_bound":480745.6435650587},"point_estimate":350785.9336473048,"standard_error":52940.11573749096},"slope":null,"std_dev":{"confidence_interval":{"confidence_level":0.95,"lower_bound":374096.3714010616,"upper_bound":638318.3074087575},"point_estimate":511406.04936755885,"standard_error":67588.4031766068}}