{"mean":{"confidence_interval":{"confidence_level":0.95,"lower_bound":21231223.4385,"upper_bound":21544759.41616665},"point_estimate":21385609.55666667,"standard_error":80004.76875003504},"median":{"confidence_interval":{"confidence_level":0.95,"lower_bound":21294943.666666664,"upper_bound":21579582.5},"point_estimate":21445089.333333332,"standard_error":91990.64157289347},"median_abs_dev":{"confidence_interval":{"confidence_level":0.95,"lower_bound":538524.5413392792,"upper_bound":924625.4503846206},"point_estimate":739384.4676733017,"standard_error":98822.84928294759},"slope":null,"std_dev":{"confidence_interval":{"confidence_level":0.95,"lower_bound":660093.261091807,"upper_bound":945865.1710090288},"point_estimate":802264.4552557127,"standard_error":73683.92627937306}}