{"mean":{"confidence_interval":{"confidence_level":0.95,"lower_bound":130713.41896636791,"upper_bound":135599.22880903742},"point_estimate":133053.26038072887,"standard_error":1252.15386042751},"median":{"confidence_interval":{"confidence_level":0.95,"lower_bound":126400.32908163265,"upper_bound":131954.5436789773},"point_estimate":129271.49835858586,"standard_error":1515.2334155443289},"median_abs_dev":{"confidence_interval":{"confidence_level":0.95,"lower_bound":6036.827559462194,"upper_bound":11959.376435163815},"point_estimate":9166.825191333412,"standard_error":1539.4160756962106},"slope":{"confidence_interval":{"confidence_level":0.95,"lower_bound":128149.79278289135,"upper_bound":132249.77478309468},"point_estimate":130102.09823887986,"standard_error":1047.3388010783065},"std_dev":{"confidence_interval":{"confidence_level":0.95,"lower_bound":9478.161667751345,"upper_bound":15701.366338587057},"point_estimate":12601.811110806155,"standard_error":1616.6654213928462}}