{"mean":{"confidence_interval":{"confidence_level":0.95,"lower_bound":13197392.583312498,"upper_bound":13482059.225375},"point_estimate":13335775.3425,"standard_error":72844.278550516},"median":{"confidence_interval":{"confidence_level":0.95,"lower_bound":13101793.0,"upper_bound":13296045.875},"point_estimate":13175893.875,"standard_error":50335.95112958653},"median_abs_dev":{"confidence_interval":{"confidence_level":0.95,"lower_bound":337036.67214140296,"upper_bound":664381.4029298723},"point_estimate":485410.4590572417,"standard_error":86795.21083640863},"slope":null,"std_dev":{"confidence_interval":{"confidence_level":0.95,"lower_bound":577425.2072391598,"upper_bound":869921.1539556709},"point_estimate":729029.4843184721,"standard_error":74651.70223280822}}