{"mean":{"confidence_interval":{"confidence_level":0.95,"lower_bound":9522061.09885,"upper_bound":9705144.413599998},"point_estimate":9612836.45,"standard_error":46726.69437550882},"median":{"confidence_interval":{"confidence_level":0.95,"lower_bound":9490302.2,"upper_bound":9715636.4},"point_estimate":9621234.600000001,"standard_error":63255.90732956688},"median_abs_dev":{"confidence_interval":{"confidence_level":0.95,"lower_bound":362960.19213616685,"upper_bound":621487.5247263903},"point_estimate":486434.0831440671,"standard_error":65767.1794114683},"slope":null,"std_dev":{"confidence_interval":{"confidence_level":0.95,"lower_bound":404646.7658792227,"upper_bound":529774.7694512528},"point_estimate":470471.06737652596,"standard_error":31906.17398859882}}