{"mean":{"confidence_interval":{"confidence_level":0.95,"lower_bound":29555408.92,"upper_bound":30177839.990250003},"point_estimate":29869419.205,"standard_error":158910.1645730532},"median":{"confidence_interval":{"confidence_level":0.95,"lower_bound":29944370.0,"upper_bound":30465698.75},"point_estimate":30360397.75,"standard_error":147165.9772920622},"median_abs_dev":{"confidence_interval":{"confidence_level":0.95,"lower_bound":881449.4210511446,"upper_bound":2101527.270640433},"point_estimate":1239574.0392431617,"standard_error":299411.6400489643},"slope":null,"std_dev":{"confidence_interval":{"confidence_level":0.95,"lower_bound":1411355.8862459904,"upper_bound":1759995.368442455},"point_estimate":1599383.567852836,"standard_error":88520.46036593943}}