{"mean":{"confidence_interval":{"confidence_level":0.95,"lower_bound":9416286.401083332,"upper_bound":9548491.704708334},"point_estimate":9476777.395,"standard_error":33813.59478410676},"median":{"confidence_interval":{"confidence_level":0.95,"lower_bound":9363923.416666668,"upper_bound":9504217.083333334},"point_estimate":9457807.333333334,"standard_error":38439.54554134624},"median_abs_dev":{"confidence_interval":{"confidence_level":0.95,"lower_bound":197344.43469643593,"upper_bound":303983.03235322237},"point_estimate":259389.01969492435,"standard_error":26745.346909731237},"slope":null,"std_dev":{"confidence_interval":{"confidence_level":0.95,"lower_bound":208347.1966740403,"upper_bound":487930.7697567692},"point_estimate":339000.4695073331,"standard_error":82736.56386970637}}