{"mean":{"confidence_interval":{"confidence_level":0.95,"lower_bound":3311856.0621166658,"upper_bound":3485009.365666667},"point_estimate":3396567.854666667,"standard_error":44123.92006761532},"median":{"confidence_interval":{"confidence_level":0.95,"lower_bound":3201244.6,"upper_bound":3401692.7333333334},"point_estimate":3302404.7333333334,"standard_error":58912.417904130525},"median_abs_dev":{"confidence_interval":{"confidence_level":0.95,"lower_bound":286450.37339448923,"upper_bound":517366.900734901},"point_estimate":381283.1510108711,"standard_error":55969.266588081446},"slope":null,"std_dev":{"confidence_interval":{"confidence_level":0.95,"lower_bound":367864.3747938341,"upper_bound":511732.3308949472},"point_estimate":443987.499855234,"standard_error":36740.50895586799}}