{"mean":{"confidence_interval":{"confidence_level":0.95,"lower_bound":302615.9169609514,"upper_bound":316450.1801843399},"point_estimate":308692.9636978112,"standard_error":3546.754193032252},"median":{"confidence_interval":{"confidence_level":0.95,"lower_bound":296684.2636363636,"upper_bound":300490.2646416084},"point_estimate":298255.0019230769,"standard_error":1058.1699533071685},"median_abs_dev":{"confidence_interval":{"confidence_level":0.95,"lower_bound":4748.531304136657,"upper_bound":9264.213049466187},"point_estimate":6885.559045203876,"standard_error":1273.3764228615557},"slope":{"confidence_interval":{"confidence_level":0.95,"lower_bound":295830.3468371753,"upper_bound":298804.1877439038},"point_estimate":297208.0908194178,"standard_error":763.0240579186335},"std_dev":{"confidence_interval":{"confidence_level":0.95,"lower_bound":14448.443673512138,"upper_bound":52785.22913426962},"point_estimate":35624.63796711472,"standard_error":9807.544392394258}}