{"mean":{"confidence_interval":{"confidence_level":0.95,"lower_bound":3497604.1077333353,"upper_bound":3508685.1431666673},"point_estimate":3502917.246666667,"standard_error":2838.761325389706},"median":{"confidence_interval":{"confidence_level":0.95,"lower_bound":3486437.1666666665,"upper_bound":3499454.0},"point_estimate":3492207.2,"standard_error":3377.030295265751},"median_abs_dev":{"confidence_interval":{"confidence_level":0.95,"lower_bound":10309.209496974783,"upper_bound":24513.00403180708},"point_estimate":17099.517376423068,"standard_error":3607.6183329572773},"slope":null,"std_dev":{"confidence_interval":{"confidence_level":0.95,"lower_bound":22601.359981199497,"upper_bound":33423.77608745613},"point_estimate":28511.209947068048,"standard_error":2762.1301293914057}}