{"mean":{"confidence_interval":{"confidence_level":0.95,"lower_bound":510797.56657088926,"upper_bound":530207.0226257342},"point_estimate":520056.3282711396,"standard_error":4960.022363157246},"median":{"confidence_interval":{"confidence_level":0.95,"lower_bound":507412.2698412698,"upper_bound":521469.4583333334},"point_estimate":514760.4396969697,"standard_error":3434.0788802884767},"median_abs_dev":{"confidence_interval":{"confidence_level":0.95,"lower_bound":29513.611795881625,"upper_bound":46372.509080717915},"point_estimate":38878.33736477152,"standard_error":4283.035516533877},"slope":{"confidence_interval":{"confidence_level":0.95,"lower_bound":514202.48296900745,"upper_bound":534751.3812106414},"point_estimate":524138.4798502537,"standard_error":5255.058659485013},"std_dev":{"confidence_interval":{"confidence_level":0.95,"lower_bound":35921.24456989342,"upper_bound":62425.44657823766},"point_estimate":49882.01030455907,"standard_error":6794.867703375967}}