{"mean":{"confidence_interval":{"confidence_level":0.95,"lower_bound":308147.70372754335,"upper_bound":318510.4312528359},"point_estimate":312518.53822184284,"standard_error":2683.7661795045924},"median":{"confidence_interval":{"confidence_level":0.95,"lower_bound":305239.33928571426,"upper_bound":306651.65728950105},"point_estimate":305812.5827245671,"standard_error":454.32615779165053},"median_abs_dev":{"confidence_interval":{"confidence_level":0.95,"lower_bound":2125.5046887798885,"upper_bound":3971.3757603514805},"point_estimate":2952.377864537155,"standard_error":479.6204617586506},"slope":{"confidence_interval":{"confidence_level":0.95,"lower_bound":304323.0863853086,"upper_bound":307075.0518682633},"point_estimate":305372.97072779667,"standard_error":736.8363700367679},"std_dev":{"confidence_interval":{"confidence_level":0.95,"lower_bound":8548.12384190901,"upper_bound":42339.194572800574},"point_estimate":26929.09989457612,"standard_error":9177.284226816117}}