{"mean":{"confidence_interval":{"confidence_level":0.95,"lower_bound":102762729.44725001,"upper_bound":104776841.94999999},"point_estimate":103769865.4,"standard_error":514893.1582123862},"median":{"confidence_interval":{"confidence_level":0.95,"lower_bound":104490364.0,"upper_bound":104966767.0},"point_estimate":104654324.0,"standard_error":125551.41039663256},"median_abs_dev":{"confidence_interval":{"confidence_level":0.95,"lower_bound":823669.8128644379,"upper_bound":2177817.6028110064},"point_estimate":1188203.0621051788,"standard_error":317218.2466447779},"slope":null,"std_dev":{"confidence_interval":{"confidence_level":0.95,"lower_bound":4149258.06908999,"upper_bound":6186668.879770092},"point_estimate":5172843.65474494,"standard_error":519938.3659724356}}