{"mean":{"confidence_interval":{"confidence_level":0.95,"lower_bound":99183.2360362533,"upper_bound":101197.84722908965},"point_estimate":100180.3271897768,"standard_error":512.7329215786687},"median":{"confidence_interval":{"confidence_level":0.95,"lower_bound":98510.18580151358,"upper_bound":101543.7264957265},"point_estimate":99705.31449106449,"standard_error":831.1140956955694},"median_abs_dev":{"confidence_interval":{"confidence_level":0.95,"lower_bound":4459.543490977098,"upper_bound":7173.75895161283},"point_estimate":5360.595311100804,"standard_error":737.5334472084072},"slope":{"confidence_interval":{"confidence_level":0.95,"lower_bound":99303.7756402891,"upper_bound":101490.57454636725},"point_estimate":100409.60878446054,"standard_error":555.2772010937252},"std_dev":{"confidence_interval":{"confidence_level":0.95,"lower_bound":4525.610041593477,"upper_bound":5741.8692391756185},"point_estimate":5157.901330444539,"standard_error":310.29673859613763}}