{"mean":{"confidence_interval":{"confidence_level":0.95,"lower_bound":308734.0375517472,"upper_bound":325163.87461396575},"point_estimate":315907.7423873679,"standard_error":4225.812124177422},"median":{"confidence_interval":{"confidence_level":0.95,"lower_bound":304433.0054411765,"upper_bound":310471.41956521734},"point_estimate":307878.20751096494,"standard_error":1392.6119609543462},"median_abs_dev":{"confidence_interval":{"confidence_level":0.95,"lower_bound":9240.909147549262,"upper_bound":15722.065287849277},"point_estimate":11575.370311244504,"standard_error":1669.6795808587342},"slope":{"confidence_interval":{"confidence_level":0.95,"lower_bound":308150.23322258244,"upper_bound":316277.5036704946},"point_estimate":312008.2689958623,"standard_error":2079.4874912965706},"std_dev":{"confidence_interval":{"confidence_level":0.95,"lower_bound":19383.78758042834,"upper_bound":64115.7662974481},"point_estimate":42626.762221585595,"standard_error":12297.344946720614}}