{"mean":{"confidence_interval":{"confidence_level":0.95,"lower_bound":90248.79097940294,"upper_bound":91536.53716293492},"point_estimate":90821.605308744,"standard_error":330.6845682559426},"median":{"confidence_interval":{"confidence_level":0.95,"lower_bound":89743.99025974025,"upper_bound":90644.24277183454},"point_estimate":90299.80315980315,"standard_error":218.03444386836472},"median_abs_dev":{"confidence_interval":{"confidence_level":0.95,"lower_bound":1308.2884467875094,"upper_bound":2229.266242838822},"point_estimate":1673.5639523696352,"standard_error":242.29148871620242},"slope":{"confidence_interval":{"confidence_level":0.95,"lower_bound":89855.47377272828,"upper_bound":90519.09606396733},"point_estimate":90181.23815494982,"standard_error":169.28621124486799},"std_dev":{"confidence_interval":{"confidence_level":0.95,"lower_bound":1717.7606619108017,"upper_bound":4948.2807090109645},"point_estimate":3320.553288353946,"standard_error":928.3005546863104}}