{"mean":{"confidence_interval":{"confidence_level":0.95,"lower_bound":150346.35286039123,"upper_bound":152497.54680694194},"point_estimate":151236.94452276616,"standard_error":559.2987278974987},"median":{"confidence_interval":{"confidence_level":0.95,"lower_bound":149787.9355742297,"upper_bound":151039.20634920636},"point_estimate":150320.15985576925,"standard_error":316.0540171850211},"median_abs_dev":{"confidence_interval":{"confidence_level":0.95,"lower_bound":1743.5552190456908,"upper_bound":2860.449626062854},"point_estimate":2146.8065160866986,"standard_error":270.8315633326654},"slope":{"confidence_interval":{"confidence_level":0.95,"lower_bound":149504.85731241302,"upper_bound":150770.564526107},"point_estimate":150105.96083767866,"standard_error":323.9206626851146},"std_dev":{"confidence_interval":{"confidence_level":0.95,"lower_bound":2292.4258189476027,"upper_bound":8956.620850050536},"point_estimate":5652.806938099507,"standard_error":2124.597888522279}}