{"mean":{"confidence_interval":{"confidence_level":0.95,"lower_bound":202023.8233953303,"upper_bound":216420.24498722324},"point_estimate":208428.51781640574,"standard_error":3683.057897255089},"median":{"confidence_interval":{"confidence_level":0.95,"lower_bound":194817.82290201593,"upper_bound":202046.34848484848},"point_estimate":197908.5989020415,"standard_error":1776.8544491209275},"median_abs_dev":{"confidence_interval":{"confidence_level":0.95,"lower_bound":7877.618857969167,"upper_bound":15069.151007230976},"point_estimate":11227.526311330801,"standard_error":1817.7241197486724},"slope":{"confidence_interval":{"confidence_level":0.95,"lower_bound":193925.23652612217,"upper_bound":198977.00252516303},"point_estimate":196198.6312984582,"standard_error":1290.9110900301969},"std_dev":{"confidence_interval":{"confidence_level":0.95,"lower_bound":18906.957492918194,"upper_bound":53449.31510461315},"point_estimate":36980.4798935129,"standard_error":9064.30068541742}}