{"mean":{"confidence_interval":{"confidence_level":0.95,"lower_bound":339305.2933934257,"upper_bound":340065.9993003803},"point_estimate":339636.19595722726,"standard_error":195.1731418475646},"median":{"confidence_interval":{"confidence_level":0.95,"lower_bound":339064.249122807,"upper_bound":339250.1960784314},"point_estimate":339149.1673280423,"standard_error":52.503621316036856},"median_abs_dev":{"confidence_interval":{"confidence_level":0.95,"lower_bound":281.72786705423505,"upper_bound":527.6807876118661},"point_estimate":381.49657388214746,"standard_error":65.21496122323542},"slope":{"confidence_interval":{"confidence_level":0.95,"lower_bound":339063.33372267155,"upper_bound":339278.9189326493},"point_estimate":339160.2792847643,"standard_error":54.971764848342445},"std_dev":{"confidence_interval":{"confidence_level":0.95,"lower_bound":794.2907922817403,"upper_bound":2982.4335364213484},"point_estimate":1961.476421826108,"standard_error":587.8078742701601}}