{"mean":{"confidence_interval":{"confidence_level":0.95,"lower_bound":346794.8344939878,"upper_bound":367133.01282642415},"point_estimate":355909.077903024,"standard_error":5226.394182607158},"median":{"confidence_interval":{"confidence_level":0.95,"lower_bound":341611.8070175439,"upper_bound":354031.27982731553},"point_estimate":348483.5769583142,"standard_error":3781.1163169398487},"median_abs_dev":{"confidence_interval":{"confidence_level":0.95,"lower_bound":17487.540128764882,"upper_bound":29162.31847544987},"point_estimate":22734.478648752305,"standard_error":2991.113635949384},"slope":{"confidence_interval":{"confidence_level":0.95,"lower_bound":338662.2901088039,"upper_bound":348146.5470394497},"point_estimate":343263.7166651889,"standard_error":2422.695411812126},"std_dev":{"confidence_interval":{"confidence_level":0.95,"lower_bound":24087.887221474488,"upper_bound":75920.11564397307},"point_estimate":52507.48531208511,"standard_error":13152.435020833866}}