{"mean":{"confidence_interval":{"confidence_level":0.95,"lower_bound":157293.45260251407,"upper_bound":162068.2397403012},"point_estimate":159512.54051778704,"standard_error":1228.1505126948175},"median":{"confidence_interval":{"confidence_level":0.95,"lower_bound":153769.88710377767,"upper_bound":157100.4039408867},"point_estimate":154671.99087153518,"standard_error":812.6111006836421},"median_abs_dev":{"confidence_interval":{"confidence_level":0.95,"lower_bound":3344.5536987015507,"upper_bound":6957.759266148927},"point_estimate":4908.0052545411,"standard_error":901.9563121552648},"slope":{"confidence_interval":{"confidence_level":0.95,"lower_bound":157583.00558629117,"upper_bound":162741.22889947973},"point_estimate":159964.77946885093,"standard_error":1322.9567533433724},"std_dev":{"confidence_interval":{"confidence_level":0.95,"lower_bound":8169.172028609381,"upper_bound":16279.965457313761},"point_estimate":12304.822719695414,"standard_error":2090.6496350062225}}