{"mean":{"confidence_interval":{"confidence_level":0.95,"lower_bound":18155896.650333326,"upper_bound":18440537.065583337},"point_estimate":18289200.749999996,"standard_error":72669.39284060382},"median":{"confidence_interval":{"confidence_level":0.95,"lower_bound":17996469.833333336,"upper_bound":18305859.333333332},"point_estimate":18117772.333333332,"standard_error":72271.35707579415},"median_abs_dev":{"confidence_interval":{"confidence_level":0.95,"lower_bound":342018.5169279557,"upper_bound":596337.0447128993},"point_estimate":461147.4016129934,"standard_error":65916.68338136343},"slope":null,"std_dev":{"confidence_interval":{"confidence_level":0.95,"lower_bound":463726.7923462183,"upper_bound":962773.1245111178},"point_estimate":731028.6520899949,"standard_error":126520.5285813264}}