{"mean":{"confidence_interval":{"confidence_level":0.95,"lower_bound":613585.0532955639,"upper_bound":679040.1160835978},"point_estimate":640045.6727601126,"standard_error":17197.004905809667},"median":{"confidence_interval":{"confidence_level":0.95,"lower_bound":593526.8958333333,"upper_bound":614932.3384615384},"point_estimate":599348.140625,"standard_error":6163.919482241628},"median_abs_dev":{"confidence_interval":{"confidence_level":0.95,"lower_bound":23746.27615324361,"upper_bound":45534.65391390601},"point_estimate":33274.559496059126,"standard_error":6172.3151085257305},"slope":{"confidence_interval":{"confidence_level":0.95,"lower_bound":601796.7246208038,"upper_bound":618211.3011949671},"point_estimate":609697.5658519284,"standard_error":4174.97593420492},"std_dev":{"confidence_interval":{"confidence_level":0.95,"lower_bound":55414.20108615569,"upper_bound":277853.99549976655},"point_estimate":172104.6242335311,"standard_error":69630.36637378689}}