{"mean":{"confidence_interval":{"confidence_level":0.95,"lower_bound":624340.8131934869,"upper_bound":634308.8447705292},"point_estimate":629212.1636392558,"standard_error":2544.478166055066},"median":{"confidence_interval":{"confidence_level":0.95,"lower_bound":622059.198275862,"upper_bound":633832.1666666666},"point_estimate":628597.9809266195,"standard_error":3123.1913784030517},"median_abs_dev":{"confidence_interval":{"confidence_level":0.95,"lower_bound":16386.73899021842,"upper_bound":27169.54351644944},"point_estimate":23062.048212266895,"standard_error":2737.132426728063},"slope":{"confidence_interval":{"confidence_level":0.95,"lower_bound":626104.675052419,"upper_bound":637061.6496456991},"point_estimate":631578.4386271612,"standard_error":2791.727500556074},"std_dev":{"confidence_interval":{"confidence_level":0.95,"lower_bound":20425.188295561133,"upper_bound":31022.471666693484},"point_estimate":25574.430947654444,"standard_error":2750.7758143799406}}