{"mean":{"confidence_interval":{"confidence_level":0.95,"lower_bound":1853131.1368724871,"upper_bound":1902879.8750313306},"point_estimate":1875775.6940481886,"standard_error":12718.718967862884},"median":{"confidence_interval":{"confidence_level":0.95,"lower_bound":1822756.2708333333,"upper_bound":1845433.115277778},"point_estimate":1836515.5642857142,"standard_error":5600.66625785397},"median_abs_dev":{"confidence_interval":{"confidence_level":0.95,"lower_bound":32624.874591177217,"upper_bound":62834.22030675213},"point_estimate":47463.826398624034,"standard_error":7687.257219398931},"slope":{"confidence_interval":{"confidence_level":0.95,"lower_bound":1835559.9468093954,"upper_bound":1880234.3094814392},"point_estimate":1855507.7332761933,"standard_error":11450.062847003746},"std_dev":{"confidence_interval":{"confidence_level":0.95,"lower_bound":69866.09300434608,"upper_bound":180622.32059830555},"point_estimate":128675.46438968711,"standard_error":28737.311550326292}}