{"mean":{"confidence_interval":{"confidence_level":0.95,"lower_bound":1981622.9868365393,"upper_bound":2029777.633903846},"point_estimate":2005049.3573076925,"standard_error":12269.32429384816},"median":{"confidence_interval":{"confidence_level":0.95,"lower_bound":1974147.846153846,"upper_bound":2027234.7692307692},"point_estimate":2003838.423076923,"standard_error":13387.814848620517},"median_abs_dev":{"confidence_interval":{"confidence_level":0.95,"lower_bound":83770.52518046791,"upper_bound":134823.2793410238},"point_estimate":107560.60377118681,"standard_error":12777.850218545846},"slope":null,"std_dev":{"confidence_interval":{"confidence_level":0.95,"lower_bound":96659.38762449943,"upper_bound":149608.38905782762},"point_estimate":123648.7883065336,"standard_error":13572.555849343484}}