{"mean":{"confidence_interval":{"confidence_level":0.95,"lower_bound":534739.1118448536,"upper_bound":562256.3698368111},"point_estimate":546182.3133394647,"standard_error":7168.161954393495},"median":{"confidence_interval":{"confidence_level":0.95,"lower_bound":526701.1403508772,"upper_bound":533587.551724138},"point_estimate":531267.7318775995,"standard_error":2103.7258060693002},"median_abs_dev":{"confidence_interval":{"confidence_level":0.95,"lower_bound":10795.945142879145,"upper_bound":19002.949493894048},"point_estimate":15029.289933292892,"standard_error":2104.0492643615703},"slope":{"confidence_interval":{"confidence_level":0.95,"lower_bound":525465.846087944,"upper_bound":531643.7882068034},"point_estimate":528465.9424190926,"standard_error":1579.980177182746},"std_dev":{"confidence_interval":{"confidence_level":0.95,"lower_bound":23491.697157349132,"upper_bound":114822.08781055572},"point_estimate":72230.70659944852,"standard_error":26536.537318277064}}