{"mean":{"confidence_interval":{"confidence_level":0.95,"lower_bound":1023853.8572600582,"upper_bound":1085100.993488358},"point_estimate":1053889.2166568488,"standard_error":15672.650881822932},"median":{"confidence_interval":{"confidence_level":0.95,"lower_bound":981120.4130434783,"upper_bound":1086366.3535211268},"point_estimate":1033821.1074138638,"standard_error":22093.89590870292},"median_abs_dev":{"confidence_interval":{"confidence_level":0.95,"lower_bound":128739.4291909011,"upper_bound":200402.02971791042},"point_estimate":159530.66195597016,"standard_error":18457.423625181345},"slope":{"confidence_interval":{"confidence_level":0.95,"lower_bound":989781.8773864897,"upper_bound":1050389.3743097137},"point_estimate":1018470.9568050836,"standard_error":15480.419707506315},"std_dev":{"confidence_interval":{"confidence_level":0.95,"lower_bound":129840.59095571395,"upper_bound":186720.9642682719},"point_estimate":157914.2507734785,"standard_error":14664.770111850088}}