{"mean":{"confidence_interval":{"confidence_level":0.95,"lower_bound":105457.87054584976,"upper_bound":106721.23595153666},"point_estimate":106015.25790686355,"standard_error":324.7754772429307},"median":{"confidence_interval":{"confidence_level":0.95,"lower_bound":104977.75265957447,"upper_bound":105447.41317418215},"point_estimate":105248.63097826086,"standard_error":121.4784298491454},"median_abs_dev":{"confidence_interval":{"confidence_level":0.95,"lower_bound":624.8327951389673,"upper_bound":1111.1531659817347},"point_estimate":861.2440961988359,"standard_error":121.27206056561016},"slope":{"confidence_interval":{"confidence_level":0.95,"lower_bound":104890.87830944273,"upper_bound":105343.7930018197},"point_estimate":105096.60489581795,"standard_error":115.06464446993085},"std_dev":{"confidence_interval":{"confidence_level":0.95,"lower_bound":1450.1324627026404,"upper_bound":4955.232409557113},"point_estimate":3292.927800387894,"standard_error":940.2565530082169}}