{"mean":{"confidence_interval":{"confidence_level":0.95,"lower_bound":23768920.019083332,"upper_bound":24194658.949249998},"point_estimate":23979233.333333325,"standard_error":108775.42371976613},"median":{"confidence_interval":{"confidence_level":0.95,"lower_bound":23673189.666666668,"upper_bound":24359730.666666668},"point_estimate":24007993.166666664,"standard_error":176380.25988066534},"median_abs_dev":{"confidence_interval":{"confidence_level":0.95,"lower_bound":951989.0567988176,"upper_bound":1505080.142879488},"point_estimate":1223456.3242793083,"standard_error":136639.90868074255},"slope":null,"std_dev":{"confidence_interval":{"confidence_level":0.95,"lower_bound":921061.0447156583,"upper_bound":1280462.2505022432},"point_estimate":1090341.6968356105,"standard_error":93883.7455292766}}