{"mean":{"confidence_interval":{"confidence_level":0.95,"lower_bound":3425195.3096666676,"upper_bound":3924770.123033334},"point_estimate":3624243.4926666673,"standard_error":131627.08206573484},"median":{"confidence_interval":{"confidence_level":0.95,"lower_bound":3220034.2666666666,"upper_bound":3505396.7333333334},"point_estimate":3335011.966666667,"standard_error":78439.0421806107},"median_abs_dev":{"confidence_interval":{"confidence_level":0.95,"lower_bound":286337.0039165021,"upper_bound":588409.0884536508},"point_estimate":410129.8515987397,"standard_error":80896.32174547893},"slope":null,"std_dev":{"confidence_interval":{"confidence_level":0.95,"lower_bound":445115.42213203554,"upper_bound":2158251.3888307284},"point_estimate":1324248.9941031816,"standard_error":565802.8918568583}}