{"mean":{"confidence_interval":{"confidence_level":0.95,"lower_bound":830274.9084114564,"upper_bound":836051.0058656659},"point_estimate":832843.5009272988,"standard_error":1482.331804226455},"median":{"confidence_interval":{"confidence_level":0.95,"lower_bound":827518.7797619047,"upper_bound":828993.7771084338},"point_estimate":828076.2478395062,"standard_error":380.1572103412259},"median_abs_dev":{"confidence_interval":{"confidence_level":0.95,"lower_bound":2156.1584500737918,"upper_bound":3946.784046831991},"point_estimate":2884.370651375637,"standard_error":436.76438425371026},"slope":{"confidence_interval":{"confidence_level":0.95,"lower_bound":828421.1155238368,"upper_bound":834432.2333836028},"point_estimate":831109.879397074,"standard_error":1536.9612739981578},"std_dev":{"confidence_interval":{"confidence_level":0.95,"lower_bound":7670.280822568826,"upper_bound":21879.157227976233},"point_estimate":14898.940664043474,"standard_error":3971.468379645307}}