{"mean":{"confidence_interval":{"confidence_level":0.95,"lower_bound":783114.87325558,"upper_bound":806793.0050306728},"point_estimate":794478.7234786069,"standard_error":6042.987235907577},"median":{"confidence_interval":{"confidence_level":0.95,"lower_bound":765964.0662257496,"upper_bound":796842.4},"point_estimate":782310.9708333333,"standard_error":8499.511597936076},"median_abs_dev":{"confidence_interval":{"confidence_level":0.95,"lower_bound":33779.3427716382,"upper_bound":60915.05262398369},"point_estimate":47154.99854576866,"standard_error":6649.5676588237575},"slope":{"confidence_interval":{"confidence_level":0.95,"lower_bound":774123.9031129995,"upper_bound":794277.4160536007},"point_estimate":784082.9811644746,"standard_error":5135.918397499196},"std_dev":{"confidence_interval":{"confidence_level":0.95,"lower_bound":45874.332954148005,"upper_bound":74440.80947953016},"point_estimate":60955.30685502508,"standard_error":7330.512691085192}}