{"mean":{"confidence_interval":{"confidence_level":0.95,"lower_bound":313679.14922138967,"upper_bound":319591.6939080508},"point_estimate":316473.1586386175,"standard_error":1520.6636741712537},"median":{"confidence_interval":{"confidence_level":0.95,"lower_bound":309541.3648809524,"upper_bound":313572.9476744186},"point_estimate":311201.9375,"standard_error":1103.4723992665276},"median_abs_dev":{"confidence_interval":{"confidence_level":0.95,"lower_bound":5080.633515753091,"upper_bound":10185.37269484764},"point_estimate":7214.150016346297,"standard_error":1323.023447974317},"slope":{"confidence_interval":{"confidence_level":0.95,"lower_bound":311258.4548930971,"upper_bound":319121.3896014088},"point_estimate":314708.2652127974,"standard_error":2016.6786508827377},"std_dev":{"confidence_interval":{"confidence_level":0.95,"lower_bound":10726.190120000812,"upper_bound":19226.355497902547},"point_estimate":15298.193163371374,"standard_error":2187.067188920242}}