{"mean":{"confidence_interval":{"confidence_level":0.95,"lower_bound":1179340.167010317,"upper_bound":1260864.0938760114},"point_estimate":1214320.960333043,"standard_error":21095.91579878068},"median":{"confidence_interval":{"confidence_level":0.95,"lower_bound":1146367.8666888298,"upper_bound":1170415.1030701755},"point_estimate":1158877.6691715543,"standard_error":6062.053921321172},"median_abs_dev":{"confidence_interval":{"confidence_level":0.95,"lower_bound":33347.15189595565,"upper_bound":58464.15903994676},"point_estimate":42719.26529415289,"standard_error":6339.658666893625},"slope":{"confidence_interval":{"confidence_level":0.95,"lower_bound":1139030.5243312838,"upper_bound":1171791.6174569917},"point_estimate":1153583.5188266588,"standard_error":8373.572847960311},"std_dev":{"confidence_interval":{"confidence_level":0.95,"lower_bound":90285.70732320845,"upper_bound":326633.0659186574},"point_estimate":212403.54447381562,"standard_error":67882.36282589525}}