{"mean":{"confidence_interval":{"confidence_level":0.95,"lower_bound":71182.73126654838,"upper_bound":73173.43369437354},"point_estimate":72119.1483048505,"standard_error":510.2586259822074},"median":{"confidence_interval":{"confidence_level":0.95,"lower_bound":69928.07215496368,"upper_bound":70716.76022974582},"point_estimate":70360.4890873016,"standard_error":263.0191203988027},"median_abs_dev":{"confidence_interval":{"confidence_level":0.95,"lower_bound":1108.896302971236,"upper_bound":2232.693386493979},"point_estimate":1660.331976052734,"standard_error":297.18200588300044},"slope":{"confidence_interval":{"confidence_level":0.95,"lower_bound":70460.550108128,"upper_bound":71674.70371631047},"point_estimate":71017.99416263802,"standard_error":310.4301529260132},"std_dev":{"confidence_interval":{"confidence_level":0.95,"lower_bound":3579.516797433804,"upper_bound":6431.456739045731},"point_estimate":5144.167911520502,"standard_error":728.2453815390907}}