{"mean":{"confidence_interval":{"confidence_level":0.95,"lower_bound":149610.07786499674,"upper_bound":152772.9547850437},"point_estimate":150969.38775077637,"standard_error":817.2558112032821},"median":{"confidence_interval":{"confidence_level":0.95,"lower_bound":148478.12925170068,"upper_bound":149470.60821502516},"point_estimate":148803.85897435897,"standard_error":231.04457937670827},"median_abs_dev":{"confidence_interval":{"confidence_level":0.95,"lower_bound":1270.0916895415369,"upper_bound":2289.168636727439},"point_estimate":1716.1054386204896,"standard_error":264.2838195165441},"slope":{"confidence_interval":{"confidence_level":0.95,"lower_bound":148346.97220186036,"upper_bound":149330.63500896707},"point_estimate":148799.27174945638,"standard_error":251.9792135240925},"std_dev":{"confidence_interval":{"confidence_level":0.95,"lower_bound":3068.6534993201312,"upper_bound":12639.68191691794},"point_estimate":8219.88455422116,"standard_error":2582.800868666899}}