{"mean":{"confidence_interval":{"confidence_level":0.95,"lower_bound":1030316.98860905,"upper_bound":1067876.9305225373},"point_estimate":1046607.9073934196,"standard_error":9666.62539296986},"median":{"confidence_interval":{"confidence_level":0.95,"lower_bound":1019056.8814102564,"upper_bound":1039003.7604166666},"point_estimate":1028752.4141414141,"standard_error":5024.572411546643},"median_abs_dev":{"confidence_interval":{"confidence_level":0.95,"lower_bound":25256.321051822164,"upper_bound":42682.24658823867},"point_estimate":33751.090644052936,"standard_error":4425.69583232374},"slope":{"confidence_interval":{"confidence_level":0.95,"lower_bound":1026183.6323546224,"upper_bound":1041145.1650061163},"point_estimate":1033725.5577094725,"standard_error":3815.441165275249},"std_dev":{"confidence_interval":{"confidence_level":0.95,"lower_bound":34562.978883096774,"upper_bound":145304.75186787386},"point_estimate":97040.51091355697,"standard_error":28607.930888585553}}