{"mean":{"confidence_interval":{"confidence_level":0.95,"lower_bound":193966.11627968086,"upper_bound":202497.3880321452},"point_estimate":197577.8279094767,"standard_error":2217.5266643391556},"median":{"confidence_interval":{"confidence_level":0.95,"lower_bound":191720.97719594595,"upper_bound":195121.9235244603},"point_estimate":193598.19546425797,"standard_error":972.4509079627795},"median_abs_dev":{"confidence_interval":{"confidence_level":0.95,"lower_bound":4997.568984287315,"upper_bound":8261.197321740963},"point_estimate":6239.78281699949,"standard_error":834.9462854530886},"slope":{"confidence_interval":{"confidence_level":0.95,"lower_bound":191751.0529128158,"upper_bound":194389.00569135623},"point_estimate":193051.07012265406,"standard_error":675.5131193962476},"std_dev":{"confidence_interval":{"confidence_level":0.95,"lower_bound":8875.1954528726,"upper_bound":35048.62416909258},"point_estimate":22363.912240685688,"standard_error":7902.774234120407}}