{"mean":{"confidence_interval":{"confidence_level":0.95,"lower_bound":262881.2311520357,"upper_bound":285918.4862912661},"point_estimate":273242.9120779967,"standard_error":5908.667900708741},"median":{"confidence_interval":{"confidence_level":0.95,"lower_bound":251390.90057283142,"upper_bound":263264.87596153846},"point_estimate":255897.00333333333,"standard_error":3307.669927753315},"median_abs_dev":{"confidence_interval":{"confidence_level":0.95,"lower_bound":17608.663717109004,"upper_bound":30231.361551661055},"point_estimate":23978.402105144403,"standard_error":3265.3879173350697},"slope":{"confidence_interval":{"confidence_level":0.95,"lower_bound":251472.81768435956,"upper_bound":262731.87954155554},"point_estimate":256868.0708105512,"standard_error":2874.870542189345},"std_dev":{"confidence_interval":{"confidence_level":0.95,"lower_bound":32782.52895282286,"upper_bound":84471.6097588451},"point_estimate":59331.59772978506,"standard_error":13571.059133409128}}