{"mean":{"confidence_interval":{"confidence_level":0.95,"lower_bound":195932.2813451285,"upper_bound":204470.27125970295},"point_estimate":199771.93225126743,"standard_error":2203.169320013506},"median":{"confidence_interval":{"confidence_level":0.95,"lower_bound":193096.31960784315,"upper_bound":197976.77857142856},"point_estimate":195189.21288646056,"standard_error":1225.2527040514483},"median_abs_dev":{"confidence_interval":{"confidence_level":0.95,"lower_bound":7800.272088440555,"upper_bound":13040.014081919402},"point_estimate":10432.023946260075,"standard_error":1382.463453603296},"slope":{"confidence_interval":{"confidence_level":0.95,"lower_bound":189766.45955144393,"upper_bound":193487.30785415854},"point_estimate":191528.67584453968,"standard_error":949.2548807811328},"std_dev":{"confidence_interval":{"confidence_level":0.95,"lower_bound":11285.559001841917,"upper_bound":32303.108751796273},"point_estimate":22147.47693541775,"standard_error":5612.4477023355885}}