{"mean":{"confidence_interval":{"confidence_level":0.95,"lower_bound":174624.1265570558,"upper_bound":186607.282283344},"point_estimate":179667.39407207462,"standard_error":3115.520080019224},"median":{"confidence_interval":{"confidence_level":0.95,"lower_bound":171155.7111023207,"upper_bound":173454.36429900746},"point_estimate":172320.6310298103,"standard_error":539.8832709078443},"median_abs_dev":{"confidence_interval":{"confidence_level":0.95,"lower_bound":2560.1393967110084,"upper_bound":4884.687798798156},"point_estimate":3636.0700359440657,"standard_error":614.6047358280159},"slope":{"confidence_interval":{"confidence_level":0.95,"lower_bound":170452.8306874908,"upper_bound":171501.47130847652},"point_estimate":170960.5973257475,"standard_error":267.12443539521195},"std_dev":{"confidence_interval":{"confidence_level":0.95,"lower_bound":9386.368742299126,"upper_bound":49334.65625394805},"point_estimate":31344.65291367618,"standard_error":10985.314188254679}}