{"mean":{"confidence_interval":{"confidence_level":0.95,"lower_bound":309028.476984187,"upper_bound":319548.6414801748},"point_estimate":313449.1539003653,"standard_error":2736.9300944395336},"median":{"confidence_interval":{"confidence_level":0.95,"lower_bound":305430.0256410256,"upper_bound":307550.0533854166},"point_estimate":306554.6965725806,"standard_error":657.4727242243841},"median_abs_dev":{"confidence_interval":{"confidence_level":0.95,"lower_bound":2389.5843871658312,"upper_bound":5351.585430015057},"point_estimate":3714.894234737551,"standard_error":815.3316150791112},"slope":{"confidence_interval":{"confidence_level":0.95,"lower_bound":304936.87495069095,"upper_bound":306342.7607110407},"point_estimate":305586.19320673856,"standard_error":359.1900820252919},"std_dev":{"confidence_interval":{"confidence_level":0.95,"lower_bound":8627.024254603748,"upper_bound":43450.405914315925},"point_estimate":27527.281884419328,"standard_error":9730.373686402005}}