{"mean":{"confidence_interval":{"confidence_level":0.95,"lower_bound":225359.3897532101,"upper_bound":232012.52859950482},"point_estimate":228459.88634273264,"standard_error":1694.9241997238762},"median":{"confidence_interval":{"confidence_level":0.95,"lower_bound":219576.78666666665,"upper_bound":227031.86666666667},"point_estimate":223346.10950704227,"standard_error":1850.0228303755825},"median_abs_dev":{"confidence_interval":{"confidence_level":0.95,"lower_bound":7214.353274860798,"upper_bound":13794.229903565007},"point_estimate":9370.664157036392,"standard_error":1811.3866088694433},"slope":{"confidence_interval":{"confidence_level":0.95,"lower_bound":221755.7681375939,"upper_bound":227711.3206166376},"point_estimate":224530.58887128712,"standard_error":1522.590436779902},"std_dev":{"confidence_interval":{"confidence_level":0.95,"lower_bound":11577.877935720866,"upper_bound":23006.942526572464},"point_estimate":17060.239695239197,"standard_error":3093.9516231427206}}