{"mean":{"confidence_interval":{"confidence_level":0.95,"lower_bound":70899.80901927226,"upper_bound":73329.27759102137},"point_estimate":72012.04629396106,"standard_error":621.5451091222609},"median":{"confidence_interval":{"confidence_level":0.95,"lower_bound":69173.86666666667,"upper_bound":71509.01374570446},"point_estimate":70236.63760504202,"standard_error":604.1525450390533},"median_abs_dev":{"confidence_interval":{"confidence_level":0.95,"lower_bound":2357.1829525960784,"upper_bound":4395.008183639674},"point_estimate":3307.436521471355,"standard_error":540.5063774873846},"slope":{"confidence_interval":{"confidence_level":0.95,"lower_bound":71127.75848057104,"upper_bound":73918.6358574311},"point_estimate":72476.1358275947,"standard_error":714.2512760598456},"std_dev":{"confidence_interval":{"confidence_level":0.95,"lower_bound":3840.4203399003663,"upper_bound":8798.31983437761},"point_estimate":6233.774759380668,"standard_error":1389.3418595004193}}