{"mean":{"confidence_interval":{"confidence_level":0.95,"lower_bound":68488.9176783262,"upper_bound":73562.30314269905},"point_estimate":70782.48485162995,"standard_error":1298.5657572261846},"median":{"confidence_interval":{"confidence_level":0.95,"lower_bound":66284.45615671642,"upper_bound":68595.74950063079},"point_estimate":67571.02297325977,"standard_error":541.875714013448},"median_abs_dev":{"confidence_interval":{"confidence_level":0.95,"lower_bound":3654.7120041105036,"upper_bound":6291.8663434269465},"point_estimate":5215.945440735204,"standard_error":697.9223521136868},"slope":{"confidence_interval":{"confidence_level":0.95,"lower_bound":65028.481128301384,"upper_bound":67744.77256934698},"point_estimate":66258.1383244052,"standard_error":693.9728171192568},"std_dev":{"confidence_interval":{"confidence_level":0.95,"lower_bound":6792.547851306538,"upper_bound":18392.731608060945},"point_estimate":13052.862842776987,"standard_error":3012.5323063952387}}