{"mean":{"confidence_interval":{"confidence_level":0.95,"lower_bound":3485480.7850166657,"upper_bound":3555829.6253333334},"point_estimate":3519286.222666668,"standard_error":17960.450905182868},"median":{"confidence_interval":{"confidence_level":0.95,"lower_bound":3440420.7333333334,"upper_bound":3494814.066666667},"point_estimate":3452377.4000000004,"standard_error":14267.24382331882},"median_abs_dev":{"confidence_interval":{"confidence_level":0.95,"lower_bound":90349.69181597214,"upper_bound":164944.18907165516},"point_estimate":131486.84966564225,"standard_error":18766.889407956023},"slope":null,"std_dev":{"confidence_interval":{"confidence_level":0.95,"lower_bound":143057.19554768308,"upper_bound":214621.09820598958},"point_estimate":181019.6946221317,"standard_error":18345.494390281412}}