{"mean":{"confidence_interval":{"confidence_level":0.95,"lower_bound":297864.2978538064,"upper_bound":300623.6742680331},"point_estimate":299269.9117031106,"standard_error":701.19377138841},"median":{"confidence_interval":{"confidence_level":0.95,"lower_bound":296969.15723188105,"upper_bound":299256.91479700856},"point_estimate":298351.66970383504,"standard_error":660.0705450619129},"median_abs_dev":{"confidence_interval":{"confidence_level":0.95,"lower_bound":2908.6709316752376,"upper_bound":5614.209314750941},"point_estimate":4045.5299977422296,"standard_error":672.4737553764232},"slope":{"confidence_interval":{"confidence_level":0.95,"lower_bound":293502.3794429177,"upper_bound":297202.39691283955},"point_estimate":295718.90151987586,"standard_error":983.69755531912},"std_dev":{"confidence_interval":{"confidence_level":0.95,"lower_bound":4830.779471408265,"upper_bound":9377.523231026333},"point_estimate":7049.017060931655,"standard_error":1194.7022692705493}}