{"mean":{"confidence_interval":{"confidence_level":0.95,"lower_bound":916331.070645895,"upper_bound":1006820.3550705933},"point_estimate":955511.4307843972,"standard_error":23290.15859057196},"median":{"confidence_interval":{"confidence_level":0.95,"lower_bound":876447.6860465116,"upper_bound":912708.7222222222},"point_estimate":893162.6453125,"standard_error":7954.185987233924},"median_abs_dev":{"confidence_interval":{"confidence_level":0.95,"lower_bound":36622.31661107387,"upper_bound":77290.89622965622},"point_estimate":51416.649231973235,"standard_error":9445.223105835692},"slope":{"confidence_interval":{"confidence_level":0.95,"lower_bound":876040.3426202162,"upper_bound":903504.9284698382},"point_estimate":888806.2265405646,"standard_error":7028.321798443459},"std_dev":{"confidence_interval":{"confidence_level":0.95,"lower_bound":85835.9472412277,"upper_bound":359190.60539859586},"point_estimate":234514.23528239698,"standard_error":73243.0887536969}}