{"mean":{"confidence_interval":{"confidence_level":0.95,"lower_bound":374102.2592660378,"upper_bound":374562.60172359017},"point_estimate":374295.9499614145,"standard_error":119.23809961956546},"median":{"confidence_interval":{"confidence_level":0.95,"lower_bound":373968.68888888886,"upper_bound":374089.2688172043},"point_estimate":374026.84814814816,"standard_error":33.3492095455018},"median_abs_dev":{"confidence_interval":{"confidence_level":0.95,"lower_bound":139.2885194301475,"upper_bound":283.84170839916436},"point_estimate":197.37540133250565,"standard_error":38.96506662137245},"slope":{"confidence_interval":{"confidence_level":0.95,"lower_bound":373996.4978884177,"upper_bound":374835.06163315265},"point_estimate":374309.0864804689,"standard_error":230.47358274819666},"std_dev":{"confidence_interval":{"confidence_level":0.95,"lower_bound":347.0065116573134,"upper_bound":1872.9932853351468},"point_estimate":1195.099306882951,"standard_error":414.8940557431573}}