{"mean":{"confidence_interval":{"confidence_level":0.95,"lower_bound":44378.6783769863,"upper_bound":44703.32381608142},"point_estimate":44538.37684823065,"standard_error":82.72792410338522},"median":{"confidence_interval":{"confidence_level":0.95,"lower_bound":44270.57082748948,"upper_bound":44754.33106338397},"point_estimate":44474.19254876781,"standard_error":128.51404788111626},"median_abs_dev":{"confidence_interval":{"confidence_level":0.95,"lower_bound":595.7156664584905,"upper_bound":923.2049208281496},"point_estimate":720.4662760233978,"standard_error":82.8003264683163},"slope":{"confidence_interval":{"confidence_level":0.95,"lower_bound":44196.39490896113,"upper_bound":44587.36978144953},"point_estimate":44391.55692330427,"standard_error":99.19837374059891},"std_dev":{"confidence_interval":{"confidence_level":0.95,"lower_bound":688.4675481637394,"upper_bound":955.6818326143717},"point_estimate":826.8159448387917,"standard_error":68.24776246367436}}