{"mean":{"confidence_interval":{"confidence_level":0.95,"lower_bound":83993.19167896864,"upper_bound":86597.08795825222},"point_estimate":85240.28648570976,"standard_error":662.2866191569584},"median":{"confidence_interval":{"confidence_level":0.95,"lower_bound":82376.64546370073,"upper_bound":84278.29362101313},"point_estimate":83115.38022514072,"standard_error":434.7563694331976},"median_abs_dev":{"confidence_interval":{"confidence_level":0.95,"lower_bound":2937.3126957073505,"upper_bound":5602.801199738849},"point_estimate":4053.9445638424254,"standard_error":672.7038846916687},"slope":{"confidence_interval":{"confidence_level":0.95,"lower_bound":84214.4969533992,"upper_bound":87577.21359490532},"point_estimate":85810.8513510134,"standard_error":858.9010912592506},"std_dev":{"confidence_interval":{"confidence_level":0.95,"lower_bound":5255.718487020026,"upper_bound":7932.167104315599},"point_estimate":6695.754252688506,"standard_error":683.6063806766109}}