{"mean":{"confidence_interval":{"confidence_level":0.95,"lower_bound":2806473.044763159,"upper_bound":2857503.2509210543},"point_estimate":2832117.4373684223,"standard_error":13033.953078527926},"median":{"confidence_interval":{"confidence_level":0.95,"lower_bound":2849438.7894736845,"upper_bound":2889993.0},"point_estimate":2874803.7105263155,"standard_error":10694.201612795094},"median_abs_dev":{"confidence_interval":{"confidence_level":0.95,"lower_bound":72078.93866771164,"upper_bound":158016.7927156937},"point_estimate":100136.28482222625,"standard_error":22561.623868228737},"slope":null,"std_dev":{"confidence_interval":{"confidence_level":0.95,"lower_bound":114614.46810556347,"upper_bound":144840.59957291413},"point_estimate":130490.92016479762,"standard_error":7706.225717757117}}