{"mean":{"confidence_interval":{"confidence_level":0.95,"lower_bound":1996003.748387502,"upper_bound":2109916.6119818515},"point_estimate":2046866.5250788718,"standard_error":29120.958379645886},"median":{"confidence_interval":{"confidence_level":0.95,"lower_bound":1943569.5495495496,"upper_bound":1998513.615763547},"point_estimate":1970513.6153846155,"standard_error":13826.617981035506},"median_abs_dev":{"confidence_interval":{"confidence_level":0.95,"lower_bound":87591.93991800895,"upper_bound":143169.55493677183},"point_estimate":109118.92327507067,"standard_error":14120.833182365679},"slope":{"confidence_interval":{"confidence_level":0.95,"lower_bound":1942144.565219897,"upper_bound":2004466.9836986014},"point_estimate":1971725.0887778928,"standard_error":15888.907678701975},"std_dev":{"confidence_interval":{"confidence_level":0.95,"lower_bound":154905.05046162993,"upper_bound":422243.7185258453},"point_estimate":293642.3154025234,"standard_error":70376.7766275612}}