{"mean":{"confidence_interval":{"confidence_level":0.95,"lower_bound":5250.921295540376,"upper_bound":5337.640251514454},"point_estimate":5285.170971669908,"standard_error":22.887720201399564},"median":{"confidence_interval":{"confidence_level":0.95,"lower_bound":5232.714346270659,"upper_bound":5242.706417112299},"point_estimate":5239.7608151652275,"standard_error":2.747957615348349},"median_abs_dev":{"confidence_interval":{"confidence_level":0.95,"lower_bound":22.109802155514586,"upper_bound":45.89983707808733},"point_estimate":35.64442941495922,"standard_error":6.115641132915177},"slope":{"confidence_interval":{"confidence_level":0.95,"lower_bound":5236.243020281295,"upper_bound":5263.943756672373},"point_estimate":5248.638564186533,"standard_error":7.078518894790234},"std_dev":{"confidence_interval":{"confidence_level":0.95,"lower_bound":60.90172311442154,"upper_bound":376.7296297516511},"point_estimate":230.42555892298554,"standard_error":98.22828817458583}}