{"mean":{"confidence_interval":{"confidence_level":0.95,"lower_bound":547043.5581615879,"upper_bound":577623.4798872005},"point_estimate":560925.2023126527,"standard_error":7834.93050720055},"median":{"confidence_interval":{"confidence_level":0.95,"lower_bound":533639.3232323233,"upper_bound":539367.6},"point_estimate":536212.0590277778,"standard_error":1291.0620071870403},"median_abs_dev":{"confidence_interval":{"confidence_level":0.95,"lower_bound":9160.57383602707,"upper_bound":15612.080745461719},"point_estimate":12428.909298194625,"standard_error":1673.7512797254203},"slope":{"confidence_interval":{"confidence_level":0.95,"lower_bound":530829.6699030484,"upper_bound":535954.6544162931},"point_estimate":533342.0922934831,"standard_error":1309.2795540214754},"std_dev":{"confidence_interval":{"confidence_level":0.95,"lower_bound":44686.78630895031,"upper_bound":107883.63053766554},"point_estimate":78767.05044135347,"standard_error":16183.365720618325}}