{"mean":{"confidence_interval":{"confidence_level":0.95,"lower_bound":43865746.101625,"upper_bound":44468792.66125},"point_estimate":44158425.1,"standard_error":153922.33148816557},"median":{"confidence_interval":{"confidence_level":0.95,"lower_bound":43647446.5,"upper_bound":44290151.0},"point_estimate":43924199.25,"standard_error":166660.84576031618},"median_abs_dev":{"confidence_interval":{"confidence_level":0.95,"lower_bound":1001840.6160637736,"upper_bound":1620653.0115276566},"point_estimate":1337616.892902553,"standard_error":155062.43013370887},"slope":null,"std_dev":{"confidence_interval":{"confidence_level":0.95,"lower_bound":1252402.1182828124,"upper_bound":1831442.2137649124},"point_estimate":1545815.666557214,"standard_error":149297.73610258778}}