{"mean":{"confidence_interval":{"confidence_level":0.95,"lower_bound":320610.849327457,"upper_bound":328626.7373738848},"point_estimate":324125.35476478166,"standard_error":2062.8495590316247},"median":{"confidence_interval":{"confidence_level":0.95,"lower_bound":316689.34016393445,"upper_bound":320020.3531976744},"point_estimate":317957.7450075834,"standard_error":855.9833730865895},"median_abs_dev":{"confidence_interval":{"confidence_level":0.95,"lower_bound":4176.8574385615075,"upper_bound":7897.787144343854},"point_estimate":5628.866196942637,"standard_error":920.4996864152324},"slope":{"confidence_interval":{"confidence_level":0.95,"lower_bound":315631.91367121827,"upper_bound":317998.54746743833},"point_estimate":316714.71813950053,"standard_error":602.3923716435962},"std_dev":{"confidence_interval":{"confidence_level":0.95,"lower_bound":10098.729217774084,"upper_bound":30842.637349554814},"point_estimate":20685.801488396755,"standard_error":5768.09102355687}}