{"mean":{"confidence_interval":{"confidence_level":0.95,"lower_bound":7646.3528194156615,"upper_bound":7665.607816037678},"point_estimate":7654.608657214658,"standard_error":4.965102228922704},"median":{"confidence_interval":{"confidence_level":0.95,"lower_bound":7641.8471960297775,"upper_bound":7653.250384615385},"point_estimate":7647.813844896933,"standard_error":3.1141504759621115},"median_abs_dev":{"confidence_interval":{"confidence_level":0.95,"lower_bound":17.100672130978555,"upper_bound":29.579169156682987},"point_estimate":21.897578513185533,"standard_error":3.184782610785716},"slope":{"confidence_interval":{"confidence_level":0.95,"lower_bound":7640.389737647643,"upper_bound":7650.513288538196},"point_estimate":7645.229245296746,"standard_error":2.5919577484660072},"std_dev":{"confidence_interval":{"confidence_level":0.95,"lower_bound":22.36551821049723,"upper_bound":77.54629117462166},"point_estimate":50.11411494104632,"standard_error":16.51575936967942}}