{"mean":{"confidence_interval":{"confidence_level":0.95,"lower_bound":305462.74813718436,"upper_bound":327346.87022887083},"point_estimate":316263.2503046421,"standard_error":5567.703021180228},"median":{"confidence_interval":{"confidence_level":0.95,"lower_bound":295465.9166666667,"upper_bound":319745.08404802746},"point_estimate":309904.4153433152,"standard_error":6844.928845002041},"median_abs_dev":{"confidence_interval":{"confidence_level":0.95,"lower_bound":43229.840421041496,"upper_bound":69904.74520515962},"point_estimate":57941.815415374695,"standard_error":6589.3698526485905},"slope":{"confidence_interval":{"confidence_level":0.95,"lower_bound":301218.3963476914,"upper_bound":322512.34585796535},"point_estimate":311773.0610218708,"standard_error":5431.646853144568},"std_dev":{"confidence_interval":{"confidence_level":0.95,"lower_bound":47608.75398693377,"upper_bound":63839.71897398744},"point_estimate":56137.90440893291,"standard_error":4149.610918428206}}