{"mean":{"confidence_interval":{"confidence_level":0.95,"lower_bound":15643876.403562501,"upper_bound":16114073.474125},"point_estimate":15875393.385,"standard_error":120152.84313355476},"median":{"confidence_interval":{"confidence_level":0.95,"lower_bound":15585167.75,"upper_bound":16097214.375},"point_estimate":15762116.75,"standard_error":136844.0019956941},"median_abs_dev":{"confidence_interval":{"confidence_level":0.95,"lower_bound":705064.1315326095,"upper_bound":1179601.9436828792},"point_estimate":936607.5144968927,"standard_error":118949.6851348855},"slope":null,"std_dev":{"confidence_interval":{"confidence_level":0.95,"lower_bound":992434.295494257,"upper_bound":1410800.936605185},"point_estimate":1210691.919541525,"standard_error":106948.65533938727}}