{"mean":{"confidence_interval":{"confidence_level":0.95,"lower_bound":1286551.3627262218,"upper_bound":1327543.1423500008},"point_estimate":1306032.5661393763,"standard_error":10478.074483909604},"median":{"confidence_interval":{"confidence_level":0.95,"lower_bound":1263830.7924528301,"upper_bound":1282247.1764705882},"point_estimate":1270944.645319418,"standard_error":4269.45662496008},"median_abs_dev":{"confidence_interval":{"confidence_level":0.95,"lower_bound":40495.99322843143,"upper_bound":68981.96412665324},"point_estimate":51571.1881511266,"standard_error":7138.336459257351},"slope":{"confidence_interval":{"confidence_level":0.95,"lower_bound":1287721.9642919276,"upper_bound":1344374.3561149943},"point_estimate":1314430.3861533916,"standard_error":14526.684129795225},"std_dev":{"confidence_interval":{"confidence_level":0.95,"lower_bound":77031.34738341825,"upper_bound":129953.19509604332},"point_estimate":105720.77395192586,"standard_error":13524.560932967941}}