{"mean":{"confidence_interval":{"confidence_level":0.95,"lower_bound":101114.78221150782,"upper_bound":105069.16898192931},"point_estimate":102984.99565410067,"standard_error":1012.153920225879},"median":{"confidence_interval":{"confidence_level":0.95,"lower_bound":98251.421875,"upper_bound":102064.55494505494},"point_estimate":99935.47132034632,"standard_error":927.5941905752115},"median_abs_dev":{"confidence_interval":{"confidence_level":0.95,"lower_bound":4880.94432734591,"upper_bound":8777.087313224363},"point_estimate":6783.776614730559,"standard_error":982.5852168316354},"slope":{"confidence_interval":{"confidence_level":0.95,"lower_bound":99292.63881383992,"upper_bound":103381.96372098044},"point_estimate":101245.76250007389,"standard_error":1049.1162336746802},"std_dev":{"confidence_interval":{"confidence_level":0.95,"lower_bound":7416.264130476394,"upper_bound":12812.730641513439},"point_estimate":10162.95992973596,"standard_error":1391.5913393553126}}