{"mean":{"confidence_interval":{"confidence_level":0.95,"lower_bound":426289.1561002711,"upper_bound":437997.5345086882},"point_estimate":431992.8304686282,"standard_error":2999.090918550165},"median":{"confidence_interval":{"confidence_level":0.95,"lower_bound":418823.14166666666,"upper_bound":435865.8897849462},"point_estimate":429593.17199612403,"standard_error":4621.351235595467},"median_abs_dev":{"confidence_interval":{"confidence_level":0.95,"lower_bound":19885.807145462055,"upper_bound":30957.197039732186},"point_estimate":24587.003074575365,"standard_error":2901.429344727396},"slope":{"confidence_interval":{"confidence_level":0.95,"lower_bound":421981.2536876498,"upper_bound":434464.94703676616},"point_estimate":428206.7007063691,"standard_error":3181.2529030884016},"std_dev":{"confidence_interval":{"confidence_level":0.95,"lower_bound":24336.70690418057,"upper_bound":35724.53439391733},"point_estimate":30215.785497703553,"standard_error":2914.2925014704315}}