{"mean":{"confidence_interval":{"confidence_level":0.95,"lower_bound":785424.7700633622,"upper_bound":824096.3579659621},"point_estimate":803382.6761210455,"standard_error":9871.340430735976},"median":{"confidence_interval":{"confidence_level":0.95,"lower_bound":760960.0321939588,"upper_bound":788314.0},"point_estimate":769226.6375288018,"standard_error":7234.062242415287},"median_abs_dev":{"confidence_interval":{"confidence_level":0.95,"lower_bound":32084.056289368542,"upper_bound":56678.65642708579},"point_estimate":41527.64558039326,"standard_error":6082.1353343983465},"slope":{"confidence_interval":{"confidence_level":0.95,"lower_bound":772651.219307504,"upper_bound":802187.7892388687},"point_estimate":786498.713160928,"standard_error":7538.328109528593},"std_dev":{"confidence_interval":{"confidence_level":0.95,"lower_bound":63295.717635927394,"upper_bound":132572.55590199665},"point_estimate":99195.57044573208,"standard_error":17901.6018400124}}