{"mean":{"confidence_interval":{"confidence_level":0.95,"lower_bound":21888713.51641667,"upper_bound":22448315.35799999},"point_estimate":22157730.38666667,"standard_error":142971.97515684442},"median":{"confidence_interval":{"confidence_level":0.95,"lower_bound":21698797.0,"upper_bound":22308268.0},"point_estimate":21949465.5,"standard_error":159956.9029888998},"median_abs_dev":{"confidence_interval":{"confidence_level":0.95,"lower_bound":860952.2293150406,"upper_bound":1363338.0441784116},"point_estimate":1130292.9542332878,"standard_error":122815.72775520693},"slope":null,"std_dev":{"confidence_interval":{"confidence_level":0.95,"lower_bound":1059076.9002614086,"upper_bound":1834533.732385082},"point_estimate":1431325.8825923936,"standard_error":205424.45693087773}}