{"mean":{"confidence_interval":{"confidence_level":0.95,"lower_bound":1528972.4152240097,"upper_bound":1630868.9740554253},"point_estimate":1576668.7495458024,"standard_error":25899.778550940446},"median":{"confidence_interval":{"confidence_level":0.95,"lower_bound":1513137.6705882354,"upper_bound":1585599.5148809524},"point_estimate":1541422.9462279293,"standard_error":18589.663298678905},"median_abs_dev":{"confidence_interval":{"confidence_level":0.95,"lower_bound":110121.89190124198,"upper_bound":204524.0436769725},"point_estimate":172215.69516825807,"standard_error":24601.76820731323},"slope":{"confidence_interval":{"confidence_level":0.95,"lower_bound":1526293.7782321263,"upper_bound":1598589.1114978772},"point_estimate":1562898.5015546032,"standard_error":18419.674744437136},"std_dev":{"confidence_interval":{"confidence_level":0.95,"lower_bound":170908.34194414847,"upper_bound":360799.0376863851},"point_estimate":259923.13412307107,"standard_error":53804.968150278924}}