{"mean":{"confidence_interval":{"confidence_level":0.95,"lower_bound":4500.923062838081,"upper_bound":4571.9562556003975},"point_estimate":4535.925427337648,"standard_error":18.106292369467777},"median":{"confidence_interval":{"confidence_level":0.95,"lower_bound":4464.745226374936,"upper_bound":4521.49020198975},"point_estimate":4489.74823741597,"standard_error":11.60779633227305},"median_abs_dev":{"confidence_interval":{"confidence_level":0.95,"lower_bound":88.7307271997381,"upper_bound":176.03937411534184},"point_estimate":123.26806517915581,"standard_error":24.001548020062735},"slope":{"confidence_interval":{"confidence_level":0.95,"lower_bound":4488.94180892979,"upper_bound":4571.705996790187},"point_estimate":4529.126969556769,"standard_error":21.199845000839716},"std_dev":{"confidence_interval":{"confidence_level":0.95,"lower_bound":152.5456547079844,"upper_bound":207.36692306725914},"point_estimate":181.84588999229808,"standard_error":13.980851653643603}}