{"mean":{"confidence_interval":{"confidence_level":0.95,"lower_bound":121953.43520155874,"upper_bound":126556.77022671892},"point_estimate":124091.59778418514,"standard_error":1174.286336119304},"median":{"confidence_interval":{"confidence_level":0.95,"lower_bound":118884.64079147641,"upper_bound":123933.19658119658},"point_estimate":121996.83263888888,"standard_error":1321.6880167219667},"median_abs_dev":{"confidence_interval":{"confidence_level":0.95,"lower_bound":6019.461747584802,"upper_bound":10301.617849711694},"point_estimate":7718.272098009822,"standard_error":1143.89364784091},"slope":{"confidence_interval":{"confidence_level":0.95,"lower_bound":122734.40193649827,"upper_bound":127493.10376499621},"point_estimate":125159.8951027043,"standard_error":1216.6655722015105},"std_dev":{"confidence_interval":{"confidence_level":0.95,"lower_bound":7712.81175742028,"upper_bound":16244.563216193092},"point_estimate":11789.653142951247,"standard_error":2339.6735637990155}}