{"mean":{"confidence_interval":{"confidence_level":0.95,"lower_bound":870293.0553338687,"upper_bound":888126.812614176},"point_estimate":879349.8628379148,"standard_error":4549.239656179352},"median":{"confidence_interval":{"confidence_level":0.95,"lower_bound":878543.8604651163,"upper_bound":897654.1170212766},"point_estimate":889510.2999006952,"standard_error":4837.152666364548},"median_abs_dev":{"confidence_interval":{"confidence_level":0.95,"lower_bound":24082.24362100275,"upper_bound":41938.40134551476},"point_estimate":32976.98936954139,"standard_error":4522.78314536902},"slope":{"confidence_interval":{"confidence_level":0.95,"lower_bound":875881.2757468161,"upper_bound":896007.6726284241},"point_estimate":886607.095780996,"standard_error":5140.491720318145},"std_dev":{"confidence_interval":{"confidence_level":0.95,"lower_bound":37835.53500742358,"upper_bound":52834.40029392903},"point_estimate":45756.45050504906,"standard_error":3824.0307541628067}}