{"mean":{"confidence_interval":{"confidence_level":0.95,"lower_bound":67531.60921314766,"upper_bound":70817.68866497657},"point_estimate":69081.81361424316,"standard_error":836.9216944409333},"median":{"confidence_interval":{"confidence_level":0.95,"lower_bound":64923.01603498542,"upper_bound":67722.04920977012},"point_estimate":66213.579004329,"standard_error":707.5113705721793},"median_abs_dev":{"confidence_interval":{"confidence_level":0.95,"lower_bound":3521.899103535405,"upper_bound":6903.77045008036},"point_estimate":5352.4196196884695,"standard_error":855.5378305009529},"slope":{"confidence_interval":{"confidence_level":0.95,"lower_bound":68064.4220169102,"upper_bound":71710.89255147206},"point_estimate":69859.5687971036,"standard_error":930.7247529753898},"std_dev":{"confidence_interval":{"confidence_level":0.95,"lower_bound":6088.334278674544,"upper_bound":10966.68883025409},"point_estimate":8426.15896639489,"standard_error":1300.7763815033643}}