{"mean":{"confidence_interval":{"confidence_level":0.95,"lower_bound":23481339.87,"upper_bound":23849924.479916677},"point_estimate":23670530.36666667,"standard_error":94368.55637918951},"median":{"confidence_interval":{"confidence_level":0.95,"lower_bound":23542813.0,"upper_bound":23949747.5},"point_estimate":23702365.666666664,"standard_error":93146.83381244341},"median_abs_dev":{"confidence_interval":{"confidence_level":0.95,"lower_bound":643626.2449758502,"upper_bound":1040299.3829309894},"point_estimate":859542.5238400726,"standard_error":104311.33635827556},"slope":null,"std_dev":{"confidence_interval":{"confidence_level":0.95,"lower_bound":764892.1751221209,"upper_bound":1131513.8679931574},"point_estimate":952696.2784827086,"standard_error":94023.07850972629}}