{"mean":{"confidence_interval":{"confidence_level":0.95,"lower_bound":1291839.2858392012,"upper_bound":1337451.5054208068},"point_estimate":1313398.0238000492,"standard_error":11680.359269045955},"median":{"confidence_interval":{"confidence_level":0.95,"lower_bound":1279411.195190713,"upper_bound":1310911.125},"point_estimate":1298328.5598627788,"standard_error":8940.907714614752},"median_abs_dev":{"confidence_interval":{"confidence_level":0.95,"lower_bound":53529.84046717616,"upper_bound":90462.61880100975},"point_estimate":72761.75682093459,"standard_error":9314.771643543447},"slope":{"confidence_interval":{"confidence_level":0.95,"lower_bound":1270523.1246072827,"upper_bound":1303495.3744458447},"point_estimate":1286407.5991547215,"standard_error":8406.053927582563},"std_dev":{"confidence_interval":{"confidence_level":0.95,"lower_bound":80172.88818863263,"upper_bound":156554.13733736626},"point_estimate":117664.0225005194,"standard_error":20120.335383315807}}