{"mean":{"confidence_interval":{"confidence_level":0.95,"lower_bound":11743721.270699998,"upper_bound":11982556.143600004},"point_estimate":11860442.248,"standard_error":60956.378931953615},"median":{"confidence_interval":{"confidence_level":0.95,"lower_bound":11886205.1,"upper_bound":11969786.2},"point_estimate":11927115.8,"standard_error":22117.189117646405},"median_abs_dev":{"confidence_interval":{"confidence_level":0.95,"lower_bound":165059.56747260614,"upper_bound":721635.8186084034},"point_estimate":442102.4165511131,"standard_error":146431.71990686422},"slope":null,"std_dev":{"confidence_interval":{"confidence_level":0.95,"lower_bound":474390.09866356745,"upper_bound":768150.7886107868},"point_estimate":615392.6069801331,"standard_error":76706.65990167645}}