{"mean":{"confidence_interval":{"confidence_level":0.95,"lower_bound":202443.9733956943,"upper_bound":213512.9870890344},"point_estimate":207724.40396741702,"standard_error":2826.200912959892},"median":{"confidence_interval":{"confidence_level":0.95,"lower_bound":195534.52258064516,"upper_bound":204105.31666666665},"point_estimate":198226.39104529616,"standard_error":2026.1430166952553},"median_abs_dev":{"confidence_interval":{"confidence_level":0.95,"lower_bound":11411.331539820352,"upper_bound":19377.635928800417},"point_estimate":14286.528981937669,"standard_error":1995.895637362909},"slope":{"confidence_interval":{"confidence_level":0.95,"lower_bound":193120.76136658416,"upper_bound":198570.0220549521},"point_estimate":195655.51664844097,"standard_error":1390.3735951423862},"std_dev":{"confidence_interval":{"confidence_level":0.95,"lower_bound":21339.73369461609,"upper_bound":34413.91070776615},"point_estimate":28445.24961770392,"standard_error":3339.08671488919}}