{"mean":{"confidence_interval":{"confidence_level":0.95,"lower_bound":3290838.46246875,"upper_bound":3416256.3932968746},"point_estimate":3350642.681875,"standard_error":32103.15705352452},"median":{"confidence_interval":{"confidence_level":0.95,"lower_bound":3210063.375,"upper_bound":3327798.75},"point_estimate":3272956.375,"standard_error":26159.676826206305},"median_abs_dev":{"confidence_interval":{"confidence_level":0.95,"lower_bound":160870.66958350598,"upper_bound":273782.19290189445},"point_estimate":214388.91363758594,"standard_error":28735.324742858968},"slope":null,"std_dev":{"confidence_interval":{"confidence_level":0.95,"lower_bound":226632.33642948858,"upper_bound":415484.8583405933},"point_estimate":323253.97677049343,"standard_error":49024.43623442537}}