{"mean":{"confidence_interval":{"confidence_level":0.95,"lower_bound":381303.21512556484,"upper_bound":401691.460129966},"point_estimate":391156.2728010294,"standard_error":5205.542620591394},"median":{"confidence_interval":{"confidence_level":0.95,"lower_bound":367451.5252525252,"upper_bound":394858.0904761905},"point_estimate":379539.75523809524,"standard_error":7324.646185578828},"median_abs_dev":{"confidence_interval":{"confidence_level":0.95,"lower_bound":34356.65589096063,"upper_bound":56578.467897277435},"point_estimate":46776.38609177535,"standard_error":5665.886403469398},"slope":{"confidence_interval":{"confidence_level":0.95,"lower_bound":377801.9061599042,"upper_bound":401903.2628939833},"point_estimate":389423.85173045663,"standard_error":6169.289915515186},"std_dev":{"confidence_interval":{"confidence_level":0.95,"lower_bound":42182.58679201388,"upper_bound":61960.37690863811},"point_estimate":52133.354022651416,"standard_error":5093.439093481286}}