{"mean":{"confidence_interval":{"confidence_level":0.95,"lower_bound":936862.1321710834,"upper_bound":1113990.404868454},"point_estimate":1013743.0667334846,"standard_error":45565.604942962025},"median":{"confidence_interval":{"confidence_level":0.95,"lower_bound":852459.2905405406,"upper_bound":905739.1187352594},"point_estimate":887630.1708333334,"standard_error":14015.317929502298},"median_abs_dev":{"confidence_interval":{"confidence_level":0.95,"lower_bound":67011.43518623241,"upper_bound":142692.21514014763},"point_estimate":111731.69113452383,"standard_error":19958.699023368146},"slope":{"confidence_interval":{"confidence_level":0.95,"lower_bound":834668.9155017829,"upper_bound":866338.8956650319},"point_estimate":849064.4934771686,"standard_error":8065.977769428953},"std_dev":{"confidence_interval":{"confidence_level":0.95,"lower_bound":190686.17034490185,"upper_bound":696946.9990557471},"point_estimate":457893.5485394278,"standard_error":137722.0471576642}}