{"mean":{"confidence_interval":{"confidence_level":0.95,"lower_bound":13718548.1366875,"upper_bound":13775217.9775},"point_estimate":13744588.8975,"standard_error":14485.197155684591},"median":{"confidence_interval":{"confidence_level":0.95,"lower_bound":13707667.5,"upper_bound":13728013.25},"point_estimate":13717717.0,"standard_error":5055.4958201900845},"median_abs_dev":{"confidence_interval":{"confidence_level":0.95,"lower_bound":38774.807761609554,"upper_bound":72548.60195450472},"point_estimate":57804.16374877095,"standard_error":8369.89616887862},"slope":null,"std_dev":{"confidence_interval":{"confidence_level":0.95,"lower_bound":83723.6925198528,"upper_bound":196152.36355684057},"point_estimate":145887.9974506096,"standard_error":28671.925051182374}}