{"mean":{"confidence_interval":{"confidence_level":0.95,"lower_bound":200022.07973014415,"upper_bound":206344.16900576648},"point_estimate":202845.24837513504,"standard_error":1625.5141820558317},"median":{"confidence_interval":{"confidence_level":0.95,"lower_bound":197968.2131147541,"upper_bound":201631.41652518394},"point_estimate":199504.8873357228,"standard_error":850.3374486972361},"median_abs_dev":{"confidence_interval":{"confidence_level":0.95,"lower_bound":5402.246920300722,"upper_bound":9338.153136856132},"point_estimate":7219.117514335162,"standard_error":1011.7976181871721},"slope":{"confidence_interval":{"confidence_level":0.95,"lower_bound":196379.70411093844,"upper_bound":199460.43277259558},"point_estimate":197877.3488852766,"standard_error":786.7672128779984},"std_dev":{"confidence_interval":{"confidence_level":0.95,"lower_bound":8082.73943806799,"upper_bound":24186.064801180248},"point_estimate":16361.679372369024,"standard_error":4338.728344586052}}