{"mean":{"confidence_interval":{"confidence_level":0.95,"lower_bound":576356.4179315453,"upper_bound":624993.5942032951},"point_estimate":597753.1868089088,"standard_error":12518.822608876491},"median":{"confidence_interval":{"confidence_level":0.95,"lower_bound":555140.888888889,"upper_bound":607549.1510416666},"point_estimate":583115.9833333334,"standard_error":15934.48459358005},"median_abs_dev":{"confidence_interval":{"confidence_level":0.95,"lower_bound":47442.584984173096,"upper_bound":76510.3613349702},"point_estimate":61890.99892186725,"standard_error":6902.298044170032},"slope":{"confidence_interval":{"confidence_level":0.95,"lower_bound":580956.4212863867,"upper_bound":606583.8274336746},"point_estimate":593812.4298418798,"standard_error":6561.621032705129},"std_dev":{"confidence_interval":{"confidence_level":0.95,"lower_bound":50894.46022016929,"upper_bound":184611.2773658021},"point_estimate":125288.41532170442,"standard_error":34309.75600538587}}