{"mean":{"confidence_interval":{"confidence_level":0.95,"lower_bound":104235.39473520315,"upper_bound":105293.89325082774},"point_estimate":104697.40510976514,"standard_error":272.123870733537},"median":{"confidence_interval":{"confidence_level":0.95,"lower_bound":104024.33571428571,"upper_bound":104383.72481203008},"point_estimate":104309.05474910395,"standard_error":99.28705043940235},"median_abs_dev":{"confidence_interval":{"confidence_level":0.95,"lower_bound":566.5348251630521,"upper_bound":1089.7393687518222},"point_estimate":867.2215315520856,"standard_error":140.05432986145058},"slope":{"confidence_interval":{"confidence_level":0.95,"lower_bound":103974.48029164183,"upper_bound":104341.69301354146},"point_estimate":104151.58933175706,"standard_error":94.0174893499882},"std_dev":{"confidence_interval":{"confidence_level":0.95,"lower_bound":1075.4106958052032,"upper_bound":3991.6294712921917},"point_estimate":2719.4893999192122,"standard_error":767.1973617404294}}