{"mean":{"confidence_interval":{"confidence_level":0.95,"lower_bound":4410.620456550772,"upper_bound":4423.046630789283},"point_estimate":4416.828858908344,"standard_error":3.1689964065570706},"median":{"confidence_interval":{"confidence_level":0.95,"lower_bound":4406.725092610645,"upper_bound":4421.674948491092},"point_estimate":4414.552110025625,"standard_error":3.6006678285584997},"median_abs_dev":{"confidence_interval":{"confidence_level":0.95,"lower_bound":23.1792043154818,"upper_bound":42.08769453574189},"point_estimate":33.135614736364246,"standard_error":4.97597963172687},"slope":{"confidence_interval":{"confidence_level":0.95,"lower_bound":4409.302106975134,"upper_bound":4427.177951775418},"point_estimate":4418.130116451442,"standard_error":4.580811100049338},"std_dev":{"confidence_interval":{"confidence_level":0.95,"lower_bound":27.484516745725408,"upper_bound":35.95695330537467},"point_estimate":31.92226995908754,"standard_error":2.1535364595185706}}