{"mean":{"confidence_interval":{"confidence_level":0.95,"lower_bound":8567578.501166666,"upper_bound":8675032.854791665},"point_estimate":8620523.65,"standard_error":27471.017890666455},"median":{"confidence_interval":{"confidence_level":0.95,"lower_bound":8507280.5,"upper_bound":8675357.333333332},"point_estimate":8575257.833333334,"standard_error":47185.32684636815},"median_abs_dev":{"confidence_interval":{"confidence_level":0.95,"lower_bound":240470.9081257882,"upper_bound":366513.2923930886},"point_estimate":327554.7657847409,"standard_error":32406.464968395627},"slope":null,"std_dev":{"confidence_interval":{"confidence_level":0.95,"lower_bound":235114.07835147448,"upper_bound":314078.53034489864},"point_estimate":275782.0184185588,"standard_error":20191.774162744005}}