{"mean":{"confidence_interval":{"confidence_level":0.95,"lower_bound":231590.97781530922,"upper_bound":245003.9874380279},"point_estimate":237434.27694994168,"standard_error":3435.3350248566057},"median":{"confidence_interval":{"confidence_level":0.95,"lower_bound":224226.50303030302,"upper_bound":234075.85357142857},"point_estimate":228183.9583488806,"standard_error":2582.414113662805},"median_abs_dev":{"confidence_interval":{"confidence_level":0.95,"lower_bound":10225.447481990488,"upper_bound":17936.399644333105},"point_estimate":14038.10164749683,"standard_error":2126.9758187719394},"slope":{"confidence_interval":{"confidence_level":0.95,"lower_bound":223146.92723234865,"upper_bound":228689.34709677962},"point_estimate":225706.46543460913,"standard_error":1416.6625653989154},"std_dev":{"confidence_interval":{"confidence_level":0.95,"lower_bound":16537.442860175892,"upper_bound":52651.83270484225},"point_estimate":34631.12538816944,"standard_error":10732.35585444834}}