{"mean":{"confidence_interval":{"confidence_level":0.95,"lower_bound":135390.32965141954,"upper_bound":137341.82172641985},"point_estimate":136224.37441902133,"standard_error":502.6125912244674},"median":{"confidence_interval":{"confidence_level":0.95,"lower_bound":134620.17073170733,"upper_bound":135219.59722222222},"point_estimate":134904.99561256426,"standard_error":151.95883292348975},"median_abs_dev":{"confidence_interval":{"confidence_level":0.95,"lower_bound":823.3725452804264,"upper_bound":1543.1116863847183},"point_estimate":1144.6009522754398,"standard_error":184.80182444867583},"slope":{"confidence_interval":{"confidence_level":0.95,"lower_bound":134509.09857138872,"upper_bound":135711.35732234368},"point_estimate":135072.2309686715,"standard_error":307.01431007186676},"std_dev":{"confidence_interval":{"confidence_level":0.95,"lower_bound":2250.6445008389096,"upper_bound":7743.058230659597},"point_estimate":5031.294065587476,"standard_error":1609.7750343614744}}