{"mean":{"confidence_interval":{"confidence_level":0.95,"lower_bound":838896.2452613421,"upper_bound":846610.6128541986},"point_estimate":842366.5786490433,"standard_error":1975.3032420310203},"median":{"confidence_interval":{"confidence_level":0.95,"lower_bound":835924.5,"upper_bound":837868.9418297198},"point_estimate":836743.1294181035,"standard_error":492.819964065024},"median_abs_dev":{"confidence_interval":{"confidence_level":0.95,"lower_bound":2277.5415608813805,"upper_bound":3925.6139004013953},"point_estimate":3239.4139816641828,"standard_error":413.8881608391675},"slope":{"confidence_interval":{"confidence_level":0.95,"lower_bound":836864.2809499906,"upper_bound":840332.5825813503},"point_estimate":838327.9648101078,"standard_error":892.1092553122822},"std_dev":{"confidence_interval":{"confidence_level":0.95,"lower_bound":8909.907534748214,"upper_bound":27728.172493011578},"point_estimate":19864.55054702191,"standard_error":4664.487927959884}}