{"mean":{"confidence_interval":{"confidence_level":0.95,"lower_bound":102431.94562486601,"upper_bound":108174.54388413325},"point_estimate":105140.30374894012,"standard_error":1471.5778600829244},"median":{"confidence_interval":{"confidence_level":0.95,"lower_bound":99046.32575757576,"upper_bound":104201.01313131313},"point_estimate":102028.79598308669,"standard_error":1341.915525408117},"median_abs_dev":{"confidence_interval":{"confidence_level":0.95,"lower_bound":7404.136826072047,"upper_bound":12398.419742611333},"point_estimate":9084.794384721248,"standard_error":1315.1154450458116},"slope":{"confidence_interval":{"confidence_level":0.95,"lower_bound":103782.20889208211,"upper_bound":111651.52568044199},"point_estimate":107646.33312841732,"standard_error":2019.8066651668735},"std_dev":{"confidence_interval":{"confidence_level":0.95,"lower_bound":10251.275732131384,"upper_bound":19058.239365564983},"point_estimate":14748.061845878006,"standard_error":2280.9483959066984}}