{"mean":{"confidence_interval":{"confidence_level":0.95,"lower_bound":10115786.732208334,"upper_bound":10278826.96670833},"point_estimate":10188287.944999998,"standard_error":41971.2209492752},"median":{"confidence_interval":{"confidence_level":0.95,"lower_bound":10103210.0,"upper_bound":10245869.0},"point_estimate":10189788.75,"standard_error":39680.27672930213},"median_abs_dev":{"confidence_interval":{"confidence_level":0.95,"lower_bound":195833.66532325608,"upper_bound":322808.63586150156},"point_estimate":266804.36701327516,"standard_error":30349.403994490774},"slope":null,"std_dev":{"confidence_interval":{"confidence_level":0.95,"lower_bound":235590.17241703876,"upper_bound":635099.1703546835},"point_estimate":423250.8877599135,"standard_error":125611.49021269515}}