{"mean":{"confidence_interval":{"confidence_level":0.95,"lower_bound":85410.85518785764,"upper_bound":87390.8529869997},"point_estimate":86349.84920836723,"standard_error":506.34108747066045},"median":{"confidence_interval":{"confidence_level":0.95,"lower_bound":84324.44130546955,"upper_bound":85993.50962409421},"point_estimate":85155.096498284,"standard_error":430.94565307869},"median_abs_dev":{"confidence_interval":{"confidence_level":0.95,"lower_bound":2281.414200469022,"upper_bound":4102.026505146466},"point_estimate":3217.930780707152,"standard_error":481.17116065199536},"slope":{"confidence_interval":{"confidence_level":0.95,"lower_bound":86069.80148669016,"upper_bound":88660.83194780085},"point_estimate":87332.93183119058,"standard_error":661.6728011373248},"std_dev":{"confidence_interval":{"confidence_level":0.95,"lower_bound":3556.5454870978306,"upper_bound":6574.059298169446},"point_estimate":5088.473809185802,"standard_error":783.486334574974}}