{"mean":{"confidence_interval":{"confidence_level":0.95,"lower_bound":9775774.792249996,"upper_bound":9965638.2595},"point_estimate":9850516.784999998,"standard_error":50575.32131532055},"median":{"confidence_interval":{"confidence_level":0.95,"lower_bound":9736210.5,"upper_bound":9804615.916666668},"point_estimate":9779721.916666668,"standard_error":16906.72616395165},"median_abs_dev":{"confidence_interval":{"confidence_level":0.95,"lower_bound":119445.91397941156,"upper_bound":198734.24862176226},"point_estimate":153956.3935667281,"standard_error":19217.597405389337},"slope":null,"std_dev":{"confidence_interval":{"confidence_level":0.95,"lower_bound":153224.44557444897,"upper_bound":834578.6484151755},"point_estimate":507848.99208425207,"standard_error":226990.5401471935}}