{"mean":{"confidence_interval":{"confidence_level":0.95,"lower_bound":254723.25802173914,"upper_bound":268760.3455751762},"point_estimate":260593.75814203706,"standard_error":3653.697772156161},"median":{"confidence_interval":{"confidence_level":0.95,"lower_bound":249352.2380952381,"upper_bound":254035.99081632652},"point_estimate":251179.6681547619,"standard_error":1180.881854265136},"median_abs_dev":{"confidence_interval":{"confidence_level":0.95,"lower_bound":6514.5567396805955,"upper_bound":12960.962403186424},"point_estimate":9493.651694380036,"standard_error":1631.1366328552717},"slope":{"confidence_interval":{"confidence_level":0.95,"lower_bound":251609.4757325602,"upper_bound":257338.64816382978},"point_estimate":254402.25162775232,"standard_error":1462.3331944346153},"std_dev":{"confidence_interval":{"confidence_level":0.95,"lower_bound":12496.441991574482,"upper_bound":57888.36885060306},"point_estimate":36548.224193404174,"standard_error":13201.214703566975}}