{"mean":{"confidence_interval":{"confidence_level":0.95,"lower_bound":81768.59559509392,"upper_bound":83474.24657266677},"point_estimate":82604.09816754657,"standard_error":434.39715554067027},"median":{"confidence_interval":{"confidence_level":0.95,"lower_bound":80979.76545842217,"upper_bound":82583.31481481482},"point_estimate":82010.78273809524,"standard_error":407.88875102011633},"median_abs_dev":{"confidence_interval":{"confidence_level":0.95,"lower_bound":2228.4632877095955,"upper_bound":4073.902348275868},"point_estimate":3194.953737217629,"standard_error":494.24241817112875},"slope":{"confidence_interval":{"confidence_level":0.95,"lower_bound":80835.60066187104,"upper_bound":82159.77639678723},"point_estimate":81481.41822373282,"standard_error":337.960056433632},"std_dev":{"confidence_interval":{"confidence_level":0.95,"lower_bound":3603.1182573223336,"upper_bound":5025.524706046601},"point_estimate":4357.515344161602,"standard_error":364.1896063614336}}