{"mean":{"confidence_interval":{"confidence_level":0.95,"lower_bound":628236.4477658635,"upper_bound":635894.0153887969},"point_estimate":631771.5687721639,"standard_error":1958.476194439772},"median":{"confidence_interval":{"confidence_level":0.95,"lower_bound":624879.7338709678,"upper_bound":629633.6603122487},"point_estimate":627261.5583333333,"standard_error":1119.8142560788572},"median_abs_dev":{"confidence_interval":{"confidence_level":0.95,"lower_bound":6717.705668005394,"upper_bound":11842.852470309894},"point_estimate":9151.86229115567,"standard_error":1290.9539034210625},"slope":{"confidence_interval":{"confidence_level":0.95,"lower_bound":626718.3754850654,"upper_bound":634324.8722818509},"point_estimate":630316.8190571893,"standard_error":1938.6270625090747},"std_dev":{"confidence_interval":{"confidence_level":0.95,"lower_bound":12327.296029097011,"upper_bound":26870.55995073219},"point_estimate":19698.557369796144,"standard_error":3809.9666826409702}}