{"mean":{"confidence_interval":{"confidence_level":0.95,"lower_bound":8808789.412291668,"upper_bound":8919704.714374999},"point_estimate":8864985.885,"standard_error":28326.185737302134},"median":{"confidence_interval":{"confidence_level":0.95,"lower_bound":8928102.0,"upper_bound":8956193.666666668},"point_estimate":8942502.0,"standard_error":8193.398600803015},"median_abs_dev":{"confidence_interval":{"confidence_level":0.95,"lower_bound":51051.10619366169,"upper_bound":134781.80455714557},"point_estimate":68570.7429826255,"standard_error":21960.720792773307},"slope":null,"std_dev":{"confidence_interval":{"confidence_level":0.95,"lower_bound":234641.3636963085,"upper_bound":325594.3372432522},"point_estimate":284175.11006015417,"standard_error":23087.77070292035}}