{"mean":{"confidence_interval":{"confidence_level":0.95,"lower_bound":1969134.1936486994,"upper_bound":2004125.7885998022},"point_estimate":1985804.748740722,"standard_error":8903.953217784887},"median":{"confidence_interval":{"confidence_level":0.95,"lower_bound":1952944.1860465116,"upper_bound":1980866.2857142857},"point_estimate":1964700.3542780748,"standard_error":6916.1508713330095},"median_abs_dev":{"confidence_interval":{"confidence_level":0.95,"lower_bound":43737.579683144686,"upper_bound":76882.00481877252},"point_estimate":58122.53476551819,"standard_error":8405.717382010744},"slope":{"confidence_interval":{"confidence_level":0.95,"lower_bound":1936690.4460991966,"upper_bound":1962552.5254627583},"point_estimate":1949033.3909827103,"standard_error":6624.5299316588025},"std_dev":{"confidence_interval":{"confidence_level":0.95,"lower_bound":64763.711691884084,"upper_bound":112788.3271690845},"point_estimate":89730.96287012343,"standard_error":12291.214795431608}}