{"mean":{"confidence_interval":{"confidence_level":0.95,"lower_bound":8973.671482099428,"upper_bound":9599.82761616438},"point_estimate":9225.046785802399,"standard_error":165.60332274592062},"median":{"confidence_interval":{"confidence_level":0.95,"lower_bound":9169.186814392277,"upper_bound":9397.935606060606},"point_estimate":9306.472143645158,"standard_error":56.865598680235834},"median_abs_dev":{"confidence_interval":{"confidence_level":0.95,"lower_bound":328.80395883237344,"upper_bound":942.5920817203341},"point_estimate":548.8102558227074,"standard_error":145.5148392044816},"slope":{"confidence_interval":{"confidence_level":0.95,"lower_bound":8575.115520996173,"upper_bound":8922.395689038025},"point_estimate":8736.895742964609,"standard_error":88.23822518450233},"std_dev":{"confidence_interval":{"confidence_level":0.95,"lower_bound":605.0236397642676,"upper_bound":2718.9984754584234},"point_estimate":1664.8882759595992,"standard_error":714.8770175652746}}