{"mean":{"confidence_interval":{"confidence_level":0.95,"lower_bound":52731.1906146337,"upper_bound":53613.638993788045},"point_estimate":53143.77210457161,"standard_error":223.83943320450695},"median":{"confidence_interval":{"confidence_level":0.95,"lower_bound":53019.41677631579,"upper_bound":53366.170004262225},"point_estimate":53175.25026581605,"standard_error":98.00818541824759},"median_abs_dev":{"confidence_interval":{"confidence_level":0.95,"lower_bound":658.8232695236467,"upper_bound":1135.060138371824},"point_estimate":919.5084322135451,"standard_error":119.20744893342373},"slope":{"confidence_interval":{"confidence_level":0.95,"lower_bound":53159.11826711093,"upper_bound":53792.912537062126},"point_estimate":53421.8558048735,"standard_error":164.2896177101342},"std_dev":{"confidence_interval":{"confidence_level":0.95,"lower_bound":1043.5598352343761,"upper_bound":3366.9492960645102},"point_estimate":2251.829305421009,"standard_error":624.6226247838429}}