{"mean":{"confidence_interval":{"confidence_level":0.95,"lower_bound":554467.9037946302,"upper_bound":583655.9667594474},"point_estimate":567426.5843597176,"standard_error":7483.647898697061},"median":{"confidence_interval":{"confidence_level":0.95,"lower_bound":548898.7847733437,"upper_bound":558820.4947368421},"point_estimate":555980.8940716912,"standard_error":2621.268413690947},"median_abs_dev":{"confidence_interval":{"confidence_level":0.95,"lower_bound":18450.281899365098,"upper_bound":39911.30360110361},"point_estimate":27066.37595112134,"standard_error":5206.901194762816},"slope":{"confidence_interval":{"confidence_level":0.95,"lower_bound":549746.5739920596,"upper_bound":561177.3713198378},"point_estimate":555275.4178749815,"standard_error":2911.942676363508},"std_dev":{"confidence_interval":{"confidence_level":0.95,"lower_bound":38926.651992573075,"upper_bound":110482.78602458793},"point_estimate":75026.6655441439,"standard_error":19663.334222061872}}