{"mean":{"confidence_interval":{"confidence_level":0.95,"lower_bound":585518.9794493209,"upper_bound":613174.98618963},"point_estimate":597554.8783016129,"standard_error":7126.178614218897},"median":{"confidence_interval":{"confidence_level":0.95,"lower_bound":573318.1147959183,"upper_bound":579829.5571428571},"point_estimate":575555.3408045977,"standard_error":1661.0919952639247},"median_abs_dev":{"confidence_interval":{"confidence_level":0.95,"lower_bound":6184.649838370646,"upper_bound":14706.488989636337},"point_estimate":10106.827387922242,"standard_error":2253.0264814932534},"slope":{"confidence_interval":{"confidence_level":0.95,"lower_bound":571303.1234776932,"upper_bound":574662.2961673604},"point_estimate":572770.9498965568,"standard_error":862.5924714885809},"std_dev":{"confidence_interval":{"confidence_level":0.95,"lower_bound":29198.11582247483,"upper_bound":108729.12905962147},"point_estimate":71713.55474127724,"standard_error":21374.932972495637}}