{"mean":{"confidence_interval":{"confidence_level":0.95,"lower_bound":416936.8302476575,"upper_bound":436221.36632197816},"point_estimate":425893.99881533795,"standard_error":4939.008776478435},"median":{"confidence_interval":{"confidence_level":0.95,"lower_bound":408150.00757575757,"upper_bound":420751.1794871795},"point_estimate":413554.60254145815,"standard_error":3066.957558354394},"median_abs_dev":{"confidence_interval":{"confidence_level":0.95,"lower_bound":22242.809737353567,"upper_bound":37342.95124577813},"point_estimate":30263.792255943397,"standard_error":3859.6701796398825},"slope":{"confidence_interval":{"confidence_level":0.95,"lower_bound":417324.09734771214,"upper_bound":432610.095280044},"point_estimate":424797.2239958623,"standard_error":3906.341546055849},"std_dev":{"confidence_interval":{"confidence_level":0.95,"lower_bound":31529.51643672002,"upper_bound":65909.90094707083},"point_estimate":49677.22773503089,"standard_error":8888.419752943591}}