{"mean":{"confidence_interval":{"confidence_level":0.95,"lower_bound":8854063.183083335,"upper_bound":9076181.638708334},"point_estimate":8965152.398333332,"standard_error":56673.81833519592},"median":{"confidence_interval":{"confidence_level":0.95,"lower_bound":8809759.583333334,"upper_bound":9103126.333333334},"point_estimate":8982590.416666666,"standard_error":76602.09685281412},"median_abs_dev":{"confidence_interval":{"confidence_level":0.95,"lower_bound":426259.97098237183,"upper_bound":678532.3872536402},"point_estimate":535968.6625346546,"standard_error":64008.49207381062},"slope":null,"std_dev":{"confidence_interval":{"confidence_level":0.95,"lower_bound":490610.85399213684,"upper_bound":642730.4209847915},"point_estimate":571350.7155940209,"standard_error":38802.59522715899}}