{"mean":{"confidence_interval":{"confidence_level":0.95,"lower_bound":3889506.2144999993,"upper_bound":3971092.554196429},"point_estimate":3929006.00642857,"standard_error":20777.023010418347},"median":{"confidence_interval":{"confidence_level":0.95,"lower_bound":3866270.8571428573,"upper_bound":3970750.214285714},"point_estimate":3913560.3928571427,"standard_error":25848.099396646816},"median_abs_dev":{"confidence_interval":{"confidence_level":0.95,"lower_bound":137956.16714953835,"upper_bound":222169.51225570298},"point_estimate":180830.8655396104,"standard_error":21706.21939240016},"slope":null,"std_dev":{"confidence_interval":{"confidence_level":0.95,"lower_bound":164483.01339268728,"upper_bound":251309.05405377594},"point_estimate":208910.3978532275,"standard_error":22262.05934124885}}