{"mean":{"confidence_interval":{"confidence_level":0.95,"lower_bound":583897.353989752,"upper_bound":618415.9676639709},"point_estimate":599653.4676424643,"standard_error":8818.64531144937},"median":{"confidence_interval":{"confidence_level":0.95,"lower_bound":571328.16,"upper_bound":590984.4705882353},"point_estimate":582692.8962215321,"standard_error":5283.6979728291635},"median_abs_dev":{"confidence_interval":{"confidence_level":0.95,"lower_bound":36283.68017516024,"upper_bound":62393.751513753276},"point_estimate":52056.58233674921,"standard_error":6798.190915815887},"slope":{"confidence_interval":{"confidence_level":0.95,"lower_bound":567810.0299455378,"upper_bound":595244.4821509413},"point_estimate":580380.4911142308,"standard_error":7007.044139124204},"std_dev":{"confidence_interval":{"confidence_level":0.95,"lower_bound":51446.059867219905,"upper_bound":120534.92968253882},"point_estimate":88341.76685190281,"standard_error":17981.877778402657}}