{"mean":{"confidence_interval":{"confidence_level":0.95,"lower_bound":3653385.30519643,"upper_bound":3769615.253696427},"point_estimate":3708272.145714286,"standard_error":29760.138805649087},"median":{"confidence_interval":{"confidence_level":0.95,"lower_bound":3588393.3571428573,"upper_bound":3699654.214285714},"point_estimate":3635249.9642857146,"standard_error":31855.426784969306},"median_abs_dev":{"confidence_interval":{"confidence_level":0.95,"lower_bound":162631.05071272218,"upper_bound":270073.57496773574},"point_estimate":212952.24116934257,"standard_error":26541.07847983626},"slope":null,"std_dev":{"confidence_interval":{"confidence_level":0.95,"lower_bound":201828.10652801598,"upper_bound":391959.4682002686},"point_estimate":298626.8507288424,"standard_error":49402.74310340513}}