{"mean":{"confidence_interval":{"confidence_level":0.95,"lower_bound":182502.2076526669,"upper_bound":187199.49720040162},"point_estimate":184763.8802379379,"standard_error":1200.222707544633},"median":{"confidence_interval":{"confidence_level":0.95,"lower_bound":180871.44191919192,"upper_bound":183635.2149183345},"point_estimate":182504.89608768036,"standard_error":661.1101037508973},"median_abs_dev":{"confidence_interval":{"confidence_level":0.95,"lower_bound":7140.891960325434,"upper_bound":13650.60365683978},"point_estimate":11479.366529076036,"standard_error":1591.8306873512265},"slope":{"confidence_interval":{"confidence_level":0.95,"lower_bound":186616.41328924798,"upper_bound":191246.5535244373},"point_estimate":188921.10339589184,"standard_error":1178.5006026539897},"std_dev":{"confidence_interval":{"confidence_level":0.95,"lower_bound":9696.244037635413,"upper_bound":14650.212736667576},"point_estimate":12141.36103626,"standard_error":1277.4930588370833}}