{"mean":{"confidence_interval":{"confidence_level":0.95,"lower_bound":126704.58636766415,"upper_bound":134727.76217222557},"point_estimate":130095.35453740621,"standard_error":2081.106539364193},"median":{"confidence_interval":{"confidence_level":0.95,"lower_bound":124348.27248677249,"upper_bound":126236.82614379085},"point_estimate":125058.6433681722,"standard_error":514.1533202820729},"median_abs_dev":{"confidence_interval":{"confidence_level":0.95,"lower_bound":2690.4050850929007,"upper_bound":5056.18374929399},"point_estimate":3415.301171375048,"standard_error":578.4159748454405},"slope":{"confidence_interval":{"confidence_level":0.95,"lower_bound":123094.08261441407,"upper_bound":124220.85823380608},"point_estimate":123641.02041869858,"standard_error":287.7479852409207},"std_dev":{"confidence_interval":{"confidence_level":0.95,"lower_bound":7164.423276580229,"upper_bound":32862.13152192116},"point_estimate":20952.422239353044,"standard_error":7176.576637026745}}