{"mean":{"confidence_interval":{"confidence_level":0.95,"lower_bound":696788.4997624271,"upper_bound":747304.3687620806},"point_estimate":720091.4544405923,"standard_error":12949.596893933704},"median":{"confidence_interval":{"confidence_level":0.95,"lower_bound":672870.7102678572,"upper_bound":705994.5992647059},"point_estimate":692096.25,"standard_error":8922.948524963382},"median_abs_dev":{"confidence_interval":{"confidence_level":0.95,"lower_bound":46674.70512570621,"upper_bound":81276.9257751018},"point_estimate":64003.439816489634,"standard_error":8771.067590152661},"slope":{"confidence_interval":{"confidence_level":0.95,"lower_bound":662799.6141387812,"upper_bound":689260.9867073302},"point_estimate":675784.7155992315,"standard_error":6755.855825650766},"std_dev":{"confidence_interval":{"confidence_level":0.95,"lower_bound":77909.55713977736,"upper_bound":177061.279053637},"point_estimate":130222.09248011632,"standard_error":25636.08423462294}}