{"mean":{"confidence_interval":{"confidence_level":0.95,"lower_bound":1556970.4022424982,"upper_bound":1682208.0566617125},"point_estimate":1616551.8930139372,"standard_error":31986.48043842529},"median":{"confidence_interval":{"confidence_level":0.95,"lower_bound":1462357.358974359,"upper_bound":1578976.625},"point_estimate":1490968.5505952379,"standard_error":31117.93938691827},"median_abs_dev":{"confidence_interval":{"confidence_level":0.95,"lower_bound":127626.84892752042,"upper_bound":265179.93445006944},"point_estimate":194505.5118835639,"standard_error":36043.36901412306},"slope":{"confidence_interval":{"confidence_level":0.95,"lower_bound":1514549.3360978346,"upper_bound":1685777.4254974304},"point_estimate":1590916.354680065,"standard_error":43846.5008021577},"std_dev":{"confidence_interval":{"confidence_level":0.95,"lower_bound":232443.0454060386,"upper_bound":400759.21589164383},"point_estimate":321240.5116463832,"standard_error":43013.30179582468}}