{"mean":{"confidence_interval":{"confidence_level":0.95,"lower_bound":190501.88642319522,"upper_bound":194228.5547833851},"point_estimate":192130.70450902765,"standard_error":961.6056106690838},"median":{"confidence_interval":{"confidence_level":0.95,"lower_bound":188702.6995098039,"upper_bound":190060.58333333334},"point_estimate":189025.69561621174,"standard_error":310.0503726718933},"median_abs_dev":{"confidence_interval":{"confidence_level":0.95,"lower_bound":1218.1228433165372,"upper_bound":2574.160411097756},"point_estimate":1666.3233347437888,"standard_error":347.0396337033689},"slope":{"confidence_interval":{"confidence_level":0.95,"lower_bound":188803.69560471983,"upper_bound":190185.7531419208},"point_estimate":189402.48139697552,"standard_error":354.52863881659516},"std_dev":{"confidence_interval":{"confidence_level":0.95,"lower_bound":4232.947306061061,"upper_bound":14555.973762436844},"point_estimate":9659.782774822774,"standard_error":2769.7856498230904}}