{"mean":{"confidence_interval":{"confidence_level":0.95,"lower_bound":124191405.55150001,"upper_bound":125930189.11524999},"point_estimate":125035132.17,"standard_error":444944.35231555137},"median":{"confidence_interval":{"confidence_level":0.95,"lower_bound":123657231.0,"upper_bound":125033724.0},"point_estimate":124386619.5,"standard_error":377865.62296503666},"median_abs_dev":{"confidence_interval":{"confidence_level":0.95,"lower_bound":2352596.3099330664,"upper_bound":4384398.015761375},"point_estimate":3071848.5525637865,"standard_error":509090.4096485848},"slope":null,"std_dev":{"confidence_interval":{"confidence_level":0.95,"lower_bound":3487601.257185075,"upper_bound":5370674.065150376},"point_estimate":4471468.12319975,"standard_error":481717.73610585387}}