{"mean":{"confidence_interval":{"confidence_level":0.95,"lower_bound":18848975.184833333,"upper_bound":19087763.26483333},"point_estimate":18971204.84,"standard_error":60738.732791572016},"median":{"confidence_interval":{"confidence_level":0.95,"lower_bound":19022207.666666668,"upper_bound":19223841.0},"point_estimate":19115493.0,"standard_error":56627.938568115154},"median_abs_dev":{"confidence_interval":{"confidence_level":0.95,"lower_bound":285108.91693830304,"upper_bound":708246.1370161211},"point_estimate":517731.07670843694,"standard_error":106165.50004084923},"slope":null,"std_dev":{"confidence_interval":{"confidence_level":0.95,"lower_bound":517249.6891591287,"upper_bound":691600.4687561211},"point_estimate":610256.6862549717,"standard_error":44604.76623184984}}