{"mean":{"confidence_interval":{"confidence_level":0.95,"lower_bound":113320.72829560492,"upper_bound":120145.25957632704},"point_estimate":116356.8073127409,"standard_error":1752.146305267246},"median":{"confidence_interval":{"confidence_level":0.95,"lower_bound":109960.29532163743,"upper_bound":115756.96623931624},"point_estimate":112878.03556048546,"standard_error":1648.3692437163359},"median_abs_dev":{"confidence_interval":{"confidence_level":0.95,"lower_bound":7214.783089298301,"upper_bound":12263.176538016685},"point_estimate":9135.602834809843,"standard_error":1385.5135796523223},"slope":{"confidence_interval":{"confidence_level":0.95,"lower_bound":112018.05639271757,"upper_bound":115977.07715253669},"point_estimate":113949.43019687044,"standard_error":1005.5074567752931},"std_dev":{"confidence_interval":{"confidence_level":0.95,"lower_bound":9807.48924542365,"upper_bound":25991.639497416196},"point_estimate":17617.99519281263,"standard_error":4842.882256842397}}