{"mean":{"confidence_interval":{"confidence_level":0.95,"lower_bound":41388.147596692485,"upper_bound":41553.70980250047},"point_estimate":41462.04735520813,"standard_error":42.53822037875603},"median":{"confidence_interval":{"confidence_level":0.95,"lower_bound":41308.30756578947,"upper_bound":41436.029549319726},"point_estimate":41349.40561117124,"standard_error":35.03731525374084},"median_abs_dev":{"confidence_interval":{"confidence_level":0.95,"lower_bound":154.6526843450213,"upper_bound":254.1687565383283},"point_estimate":218.6324500548803,"standard_error":24.528136853224662},"slope":{"confidence_interval":{"confidence_level":0.95,"lower_bound":41321.57230958862,"upper_bound":41467.27050599981},"point_estimate":41389.492370696025,"standard_error":37.01493216067992},"std_dev":{"confidence_interval":{"confidence_level":0.95,"lower_bound":233.640599556121,"upper_bound":626.6742442863455},"point_estimate":427.8681515608159,"standard_error":111.12852040052567}}