{"mean":{"confidence_interval":{"confidence_level":0.95,"lower_bound":280803.22745887126,"upper_bound":294817.8676276285},"point_estimate":287899.00275972113,"standard_error":3574.2933010069296},"median":{"confidence_interval":{"confidence_level":0.95,"lower_bound":285631.011627907,"upper_bound":298886.75},"point_estimate":292249.2601190476,"standard_error":3545.9272177020016},"median_abs_dev":{"confidence_interval":{"confidence_level":0.95,"lower_bound":19678.627167570026,"upper_bound":34348.24114319685},"point_estimate":27238.429721201945,"standard_error":3756.7409350657426},"slope":{"confidence_interval":{"confidence_level":0.95,"lower_bound":291550.15776338574,"upper_bound":307322.2146889707},"point_estimate":299662.52059627604,"standard_error":4014.3048612066273},"std_dev":{"confidence_interval":{"confidence_level":0.95,"lower_bound":29864.309875596788,"upper_bound":41547.922409139836},"point_estimate":36042.74080115991,"standard_error":2975.8557067429565}}