{"mean":{"confidence_interval":{"confidence_level":0.95,"lower_bound":32827736.76175,"upper_bound":33450397.301625},"point_estimate":33127037.74,"standard_error":158117.0938633054},"median":{"confidence_interval":{"confidence_level":0.95,"lower_bound":32427154.5,"upper_bound":33047064.75},"point_estimate":32727821.5,"standard_error":168546.25953728688},"median_abs_dev":{"confidence_interval":{"confidence_level":0.95,"lower_bound":912520.2686995268,"upper_bound":1550665.397170186},"point_estimate":1206423.4744817019,"standard_error":170752.47293046085},"slope":null,"std_dev":{"confidence_interval":{"confidence_level":0.95,"lower_bound":1253387.0095135153,"upper_bound":1907763.8147612796},"point_estimate":1600838.8208059238,"standard_error":166527.7865259319}}