{"mean":{"confidence_interval":{"confidence_level":0.95,"lower_bound":49826.391561313576,"upper_bound":50038.3509938684},"point_estimate":49934.32493661062,"standard_error":54.04887870909556},"median":{"confidence_interval":{"confidence_level":0.95,"lower_bound":49962.54210526316,"upper_bound":50130.39277297722},"point_estimate":50055.08347167499,"standard_error":41.55877706286785},"median_abs_dev":{"confidence_interval":{"confidence_level":0.95,"lower_bound":376.2702460658637,"upper_bound":612.3830850658954},"point_estimate":482.8205174027347,"standard_error":59.252413475715606},"slope":{"confidence_interval":{"confidence_level":0.95,"lower_bound":50097.441620697165,"upper_bound":50253.72830601432},"point_estimate":50177.10820218864,"standard_error":39.98138952981052},"std_dev":{"confidence_interval":{"confidence_level":0.95,"lower_bound":464.75253140561966,"upper_bound":610.9008604097093},"point_estimate":543.9141259083061,"standard_error":37.30092444152192}}