{"mean":{"confidence_interval":{"confidence_level":0.95,"lower_bound":2310963.827071428,"upper_bound":2437941.3646547613},"point_estimate":2372905.7047619047,"standard_error":32363.206410362323},"median":{"confidence_interval":{"confidence_level":0.95,"lower_bound":2292257.619047619,"upper_bound":2410182.976190476},"point_estimate":2362287.666666667,"standard_error":31522.77036408965},"median_abs_dev":{"confidence_interval":{"confidence_level":0.95,"lower_bound":192144.2505887583,"upper_bound":325688.1724178792},"point_estimate":257160.35423449136,"standard_error":34938.0828219371},"slope":null,"std_dev":{"confidence_interval":{"confidence_level":0.95,"lower_bound":255627.5740317401,"upper_bound":396171.29025268345},"point_estimate":327019.3043732984,"standard_error":36096.988606637075}}