{"mean":{"confidence_interval":{"confidence_level":0.95,"lower_bound":380919.25119896187,"upper_bound":382148.0469908159},"point_estimate":381471.9836744386,"standard_error":314.0639637510899},"median":{"confidence_interval":{"confidence_level":0.95,"lower_bound":380515.31868131866,"upper_bound":381606.93592677347},"point_estimate":381172.93981481483,"standard_error":279.95281133769015},"median_abs_dev":{"confidence_interval":{"confidence_level":0.95,"lower_bound":1383.6036415294132,"upper_bound":2378.8958384438424},"point_estimate":1744.5721611447523,"standard_error":255.08160935881568},"slope":{"confidence_interval":{"confidence_level":0.95,"lower_bound":380641.84002385184,"upper_bound":382691.31221603573},"point_estimate":381566.9989941382,"standard_error":523.2109760822237},"std_dev":{"confidence_interval":{"confidence_level":0.95,"lower_bound":1825.9536329659068,"upper_bound":4640.035216995506},"point_estimate":3165.5047996808826,"standard_error":837.3332854785436}}