{"mean":{"confidence_interval":{"confidence_level":0.95,"lower_bound":252032.69537488648,"upper_bound":257246.72417377977},"point_estimate":254811.81636010765,"standard_error":1329.5731316718654},"median":{"confidence_interval":{"confidence_level":0.95,"lower_bound":254068.23214285713,"upper_bound":258468.36019610357},"point_estimate":256028.26765752034,"standard_error":1099.9021548413925},"median_abs_dev":{"confidence_interval":{"confidence_level":0.95,"lower_bound":6684.399989741644,"upper_bound":11291.525217213122},"point_estimate":9275.62162400344,"standard_error":1192.2749874991841},"slope":{"confidence_interval":{"confidence_level":0.95,"lower_bound":255278.46089412738,"upper_bound":260699.94164912746},"point_estimate":258247.5768338998,"standard_error":1389.9554445382737},"std_dev":{"confidence_interval":{"confidence_level":0.95,"lower_bound":8340.4947595588,"upper_bound":18697.82021093434},"point_estimate":13391.535790193228,"standard_error":2818.8348210948307}}