{"mean":{"confidence_interval":{"confidence_level":0.95,"lower_bound":62136.33155475032,"upper_bound":62608.475288428},"point_estimate":62365.64458986674,"standard_error":120.26221021472801},"median":{"confidence_interval":{"confidence_level":0.95,"lower_bound":62194.99653836382,"upper_bound":62618.96884856215},"point_estimate":62417.422135416666,"standard_error":117.93845277595919},"median_abs_dev":{"confidence_interval":{"confidence_level":0.95,"lower_bound":564.3008666511319,"upper_bound":953.0701226270347},"point_estimate":768.5024634026638,"standard_error":97.32962462162827},"slope":{"confidence_interval":{"confidence_level":0.95,"lower_bound":62358.810122964154,"upper_bound":62674.83385810193},"point_estimate":62520.25360185459,"standard_error":80.6892512959505},"std_dev":{"confidence_interval":{"confidence_level":0.95,"lower_bound":884.4342985903722,"upper_bound":1532.4280119442847},"point_estimate":1213.1961186313656,"standard_error":168.00787616804567}}