{"mean":{"confidence_interval":{"confidence_level":0.95,"lower_bound":2246633.8672499987,"upper_bound":2261543.7275454556},"point_estimate":2253831.169090908,"standard_error":3792.59580216433},"median":{"confidence_interval":{"confidence_level":0.95,"lower_bound":2234417.090909091,"upper_bound":2258149.3181818184},"point_estimate":2244664.9318181816,"standard_error":6279.3993702117},"median_abs_dev":{"confidence_interval":{"confidence_level":0.95,"lower_bound":24783.377028189047,"upper_bound":44081.16784922158},"point_estimate":33551.136317984376,"standard_error":5003.677022941218},"slope":null,"std_dev":{"confidence_interval":{"confidence_level":0.95,"lower_bound":30163.38934548824,"upper_bound":46200.981783200805},"point_estimate":38270.91775566078,"standard_error":4117.148183860897}}