{"mean":{"confidence_interval":{"confidence_level":0.95,"lower_bound":15239659.31,"upper_bound":15619929.4698125},"point_estimate":15423093.3925,"standard_error":97202.6939222291},"median":{"confidence_interval":{"confidence_level":0.95,"lower_bound":14978954.0,"upper_bound":15353682.25},"point_estimate":15107768.125,"standard_error":81616.50927381564},"median_abs_dev":{"confidence_interval":{"confidence_level":0.95,"lower_bound":566135.3821097128,"upper_bound":980728.2071135938},"point_estimate":779335.1625390351,"standard_error":105935.33600103212},"slope":null,"std_dev":{"confidence_interval":{"confidence_level":0.95,"lower_bound":783906.5412149366,"upper_bound":1153611.6030737425},"point_estimate":979298.4694033354,"standard_error":94901.0553788597}}