{"mean":{"confidence_interval":{"confidence_level":0.95,"lower_bound":1004188.6955514349,"upper_bound":1070615.6051594631},"point_estimate":1032974.6218661857,"standard_error":17139.197721838613},"median":{"confidence_interval":{"confidence_level":0.95,"lower_bound":978187.1443298969,"upper_bound":1010767.285472973},"point_estimate":987471.8076923077,"standard_error":8653.199732631256},"median_abs_dev":{"confidence_interval":{"confidence_level":0.95,"lower_bound":42397.37807290585,"upper_bound":72064.4714532934},"point_estimate":52252.348661548545,"standard_error":7685.28315471638},"slope":{"confidence_interval":{"confidence_level":0.95,"lower_bound":993925.2442220738,"upper_bound":1042205.3346007746},"point_estimate":1015432.199937934,"standard_error":12326.3663857911},"std_dev":{"confidence_interval":{"confidence_level":0.95,"lower_bound":73713.32545377388,"upper_bound":261644.20915761252},"point_estimate":171553.45972171423,"standard_error":52348.69637455512}}