{"mean":{"confidence_interval":{"confidence_level":0.95,"lower_bound":88599.70994119263,"upper_bound":91817.98184103223},"point_estimate":90146.16433943404,"standard_error":821.4160504589041},"median":{"confidence_interval":{"confidence_level":0.95,"lower_bound":86492.10852713179,"upper_bound":90111.5193236715},"point_estimate":88334.730489418,"standard_error":887.9468155460012},"median_abs_dev":{"confidence_interval":{"confidence_level":0.95,"lower_bound":5390.142742444887,"upper_bound":9354.007057080325},"point_estimate":8072.601473234983,"standard_error":1100.465689417426},"slope":{"confidence_interval":{"confidence_level":0.95,"lower_bound":87826.79793996827,"upper_bound":91794.00445162432},"point_estimate":89755.05318875918,"standard_error":1013.6793634657896},"std_dev":{"confidence_interval":{"confidence_level":0.95,"lower_bound":6262.7394756237745,"upper_bound":10473.7146204901},"point_estimate":8267.568016880487,"standard_error":1115.282020835508}}