{"mean":{"confidence_interval":{"confidence_level":0.95,"lower_bound":590749.8697777881,"upper_bound":617819.8802925093},"point_estimate":602123.2723151869,"standard_error":7030.85743348214},"median":{"confidence_interval":{"confidence_level":0.95,"lower_bound":583330.6006289308,"upper_bound":586583.2142857143},"point_estimate":584713.3464841653,"standard_error":735.023798143701},"median_abs_dev":{"confidence_interval":{"confidence_level":0.95,"lower_bound":5545.11316963963,"upper_bound":10006.823135784223},"point_estimate":7540.80778598407,"standard_error":1154.666810093041},"slope":{"confidence_interval":{"confidence_level":0.95,"lower_bound":582083.6868539656,"upper_bound":587513.2123341181},"point_estimate":584292.115030294,"standard_error":1401.6896525398897},"std_dev":{"confidence_interval":{"confidence_level":0.95,"lower_bound":24727.61177302155,"upper_bound":110881.29695802808},"point_estimate":70666.57874299836,"standard_error":24399.8572992719}}