{"mean":{"confidence_interval":{"confidence_level":0.95,"lower_bound":771.6499197669756,"upper_bound":790.1019136892514},"point_estimate":780.2195426301091,"standard_error":4.712867989564487},"median":{"confidence_interval":{"confidence_level":0.95,"lower_bound":769.4485437842064,"upper_bound":786.3693532273478},"point_estimate":777.2868833277746,"standard_error":4.310042715582811},"median_abs_dev":{"confidence_interval":{"confidence_level":0.95,"lower_bound":22.889296792080458,"upper_bound":35.825495339341636},"point_estimate":27.624026755730508,"standard_error":3.24273043462135},"slope":{"confidence_interval":{"confidence_level":0.95,"lower_bound":783.5038072238608,"upper_bound":799.4780021513448},"point_estimate":791.1458698764978,"standard_error":4.095519203998902},"std_dev":{"confidence_interval":{"confidence_level":0.95,"lower_bound":29.389408214343074,"upper_bound":67.31419144073665},"point_estimate":47.47890088850319,"standard_error":10.546290906584609}}