{"mean":{"confidence_interval":{"confidence_level":0.95,"lower_bound":12853.365872540095,"upper_bound":13213.670450589952},"point_estimate":13028.243558702565,"standard_error":91.97606333629737},"median":{"confidence_interval":{"confidence_level":0.95,"lower_bound":12534.711828089119,"upper_bound":13045.546459682824},"point_estimate":12778.404882154882,"standard_error":132.38771894762564},"median_abs_dev":{"confidence_interval":{"confidence_level":0.95,"lower_bound":595.8208102304385,"upper_bound":1069.3005793632256},"point_estimate":877.370659058715,"standard_error":128.76945157067237},"slope":{"confidence_interval":{"confidence_level":0.95,"lower_bound":12793.83964239663,"upper_bound":13216.24437238528},"point_estimate":12994.396133067465,"standard_error":107.75063676150708},"std_dev":{"confidence_interval":{"confidence_level":0.95,"lower_bound":759.3866876512767,"upper_bound":1075.7070942917246},"point_estimate":922.9134943000042,"standard_error":81.07573739773385}}