{"mean":{"confidence_interval":{"confidence_level":0.95,"lower_bound":1609031.9350050935,"upper_bound":1691066.8162096124},"point_estimate":1647872.9958501733,"standard_error":20953.490849457132},"median":{"confidence_interval":{"confidence_level":0.95,"lower_bound":1560510.5,"upper_bound":1626836.0},"point_estimate":1592228.3169988925,"standard_error":14672.34720454584},"median_abs_dev":{"confidence_interval":{"confidence_level":0.95,"lower_bound":89179.13835135665,"upper_bound":164461.13277183982},"point_estimate":122963.72620826196,"standard_error":18482.494793872567},"slope":{"confidence_interval":{"confidence_level":0.95,"lower_bound":1565350.239232497,"upper_bound":1630041.4028773762},"point_estimate":1596518.9543313137,"standard_error":16483.344303366695},"std_dev":{"confidence_interval":{"confidence_level":0.95,"lower_bound":146363.9423047289,"upper_bound":268207.9787719639},"point_estimate":210536.7375750537,"standard_error":31260.825312436114}}