{"mean":{"confidence_interval":{"confidence_level":0.95,"lower_bound":280357.268487566,"upper_bound":291469.7696905101},"point_estimate":285464.24610327097,"standard_error":2839.110066339422},"median":{"confidence_interval":{"confidence_level":0.95,"lower_bound":274711.9875,"upper_bound":283326.93666666665},"point_estimate":278592.0570987654,"standard_error":2201.3155091772355},"median_abs_dev":{"confidence_interval":{"confidence_level":0.95,"lower_bound":13447.395516161167,"upper_bound":23343.035265407754},"point_estimate":17389.6538324072,"standard_error":2628.157717166875},"slope":{"confidence_interval":{"confidence_level":0.95,"lower_bound":275907.9470992408,"upper_bound":286131.56606834236},"point_estimate":280729.36215531256,"standard_error":2620.8746504269043},"std_dev":{"confidence_interval":{"confidence_level":0.95,"lower_bound":18415.423853116838,"upper_bound":39238.82879964947},"point_estimate":28407.373791960243,"standard_error":5802.321654542131}}