{"mean":{"confidence_interval":{"confidence_level":0.95,"lower_bound":488605.8518597135,"upper_bound":501251.6159309434},"point_estimate":494189.45809301594,"standard_error":3259.4238235321404},"median":{"confidence_interval":{"confidence_level":0.95,"lower_bound":484587.91270860075,"upper_bound":489360.22804232803},"point_estimate":485955.71605534106,"standard_error":1230.517095834379},"median_abs_dev":{"confidence_interval":{"confidence_level":0.95,"lower_bound":6825.268039913822,"upper_bound":12633.40419096655},"point_estimate":9136.923002274805,"standard_error":1568.891547184774},"slope":{"confidence_interval":{"confidence_level":0.95,"lower_bound":482756.3087622466,"upper_bound":486347.84922182007},"point_estimate":484490.37938131124,"standard_error":913.782833716869},"std_dev":{"confidence_interval":{"confidence_level":0.95,"lower_bound":13815.379999756891,"upper_bound":48135.27094012748},"point_estimate":32745.916643412973,"standard_error":8878.649807127364}}