{"mean":{"confidence_interval":{"confidence_level":0.95,"lower_bound":146947.5773678003,"upper_bound":153602.0702005604},"point_estimate":149927.4705399088,"standard_error":1705.6102800017366},"median":{"confidence_interval":{"confidence_level":0.95,"lower_bound":143801.92613636365,"upper_bound":148428.03863095236},"point_estimate":145875.5927795031,"standard_error":1154.2636258298899},"median_abs_dev":{"confidence_interval":{"confidence_level":0.95,"lower_bound":7714.817462133616,"upper_bound":12339.879694886193},"point_estimate":10249.171475578421,"standard_error":1194.71278730516},"slope":{"confidence_interval":{"confidence_level":0.95,"lower_bound":141652.79961693278,"upper_bound":146658.73973737986},"point_estimate":143935.97201566424,"standard_error":1282.8885468956732},"std_dev":{"confidence_interval":{"confidence_level":0.95,"lower_bound":10026.211695623593,"upper_bound":24888.914086517896},"point_estimate":17087.05714746468,"standard_error":4466.552590658677}}