{"mean":{"confidence_interval":{"confidence_level":0.95,"lower_bound":11758.80888568364,"upper_bound":12014.536727284825},"point_estimate":11876.714876854983,"standard_error":65.25473340267195},"median":{"confidence_interval":{"confidence_level":0.95,"lower_bound":11680.648432599493,"upper_bound":11887.234380995484},"point_estimate":11787.527245451027,"standard_error":51.641499522571216},"median_abs_dev":{"confidence_interval":{"confidence_level":0.95,"lower_bound":276.33926340586925,"upper_bound":471.2291230423117},"point_estimate":342.0910593668142,"standard_error":48.81208998468558},"slope":{"confidence_interval":{"confidence_level":0.95,"lower_bound":11728.598050652032,"upper_bound":11943.569033302916},"point_estimate":11832.950010812876,"standard_error":54.82206500066506},"std_dev":{"confidence_interval":{"confidence_level":0.95,"lower_bound":409.2479912611807,"upper_bound":920.0530730583436},"point_estimate":655.305450522802,"standard_error":141.43238344414922}}