{"mean":{"confidence_interval":{"confidence_level":0.95,"lower_bound":40488073.14825,"upper_bound":40979024.499874994},"point_estimate":40726873.675,"standard_error":125744.25845182806},"median":{"confidence_interval":{"confidence_level":0.95,"lower_bound":40196064.0,"upper_bound":40810068.75},"point_estimate":40450789.5,"standard_error":160590.02885820635},"median_abs_dev":{"confidence_interval":{"confidence_level":0.95,"lower_bound":803689.6469816566,"upper_bound":1336686.5614190698},"point_estimate":1025377.2612959146,"standard_error":131203.41656729957},"slope":null,"std_dev":{"confidence_interval":{"confidence_level":0.95,"lower_bound":1010265.7982790205,"upper_bound":1511612.6654205364},"point_estimate":1263748.110101724,"standard_error":128744.89201835604}}