{"mean":{"confidence_interval":{"confidence_level":0.95,"lower_bound":119865.13764181481,"upper_bound":129894.98816367972},"point_estimate":124212.51476654755,"standard_error":2572.911794264474},"median":{"confidence_interval":{"confidence_level":0.95,"lower_bound":116114.49731506575,"upper_bound":119729.96858754076},"point_estimate":117468.96819645734,"standard_error":1045.38621393345},"median_abs_dev":{"confidence_interval":{"confidence_level":0.95,"lower_bound":5931.257989760853,"upper_bound":11326.331047831682},"point_estimate":7882.653525323181,"standard_error":1339.1111424526314},"slope":{"confidence_interval":{"confidence_level":0.95,"lower_bound":117413.53131515656,"upper_bound":136847.86358821217},"point_estimate":124629.3126598033,"standard_error":5353.934568391902},"std_dev":{"confidence_interval":{"confidence_level":0.95,"lower_bound":11933.393092855265,"upper_bound":39295.08233061659},"point_estimate":25893.313568334364,"standard_error":7683.489182398033}}