{"mean":{"confidence_interval":{"confidence_level":0.95,"lower_bound":19190929.406083334,"upper_bound":19297095.66183333},"point_estimate":19241844.58,"standard_error":27087.38510132305},"median":{"confidence_interval":{"confidence_level":0.95,"lower_bound":19141780.0,"upper_bound":19267747.333333332},"point_estimate":19210725.666666664,"standard_error":29876.666769670443},"median_abs_dev":{"confidence_interval":{"confidence_level":0.95,"lower_bound":181518.17417740915,"upper_bound":303884.80392746784},"point_estimate":237017.82159209068,"standard_error":31408.511658096297},"slope":null,"std_dev":{"confidence_interval":{"confidence_level":0.95,"lower_bound":209575.22664204618,"upper_bound":340462.39520886913},"point_estimate":273682.41289945156,"standard_error":34010.559131728056}}