{"mean":{"confidence_interval":{"confidence_level":0.95,"lower_bound":196203.147640226,"upper_bound":210561.33548758394},"point_estimate":202632.69626321312,"standard_error":3682.39575777086},"median":{"confidence_interval":{"confidence_level":0.95,"lower_bound":187562.41666666666,"upper_bound":198318.14252645502},"point_estimate":191634.62951030929,"standard_error":2824.9263370555427},"median_abs_dev":{"confidence_interval":{"confidence_level":0.95,"lower_bound":12278.239851790388,"upper_bound":23405.617802477977},"point_estimate":16110.472171397618,"standard_error":2874.289289423611},"slope":{"confidence_interval":{"confidence_level":0.95,"lower_bound":186549.28107415795,"upper_bound":195377.18958227587},"point_estimate":190581.25974484015,"standard_error":2266.4535976983466},"std_dev":{"confidence_interval":{"confidence_level":0.95,"lower_bound":20387.30865288516,"upper_bound":53873.13635285948},"point_estimate":36871.53917673607,"standard_error":9546.672175069005}}