{"mean":{"confidence_interval":{"confidence_level":0.95,"lower_bound":284261.3888810295,"upper_bound":286139.6891971569},"point_estimate":285177.9255317162,"standard_error":480.23255079197287},"median":{"confidence_interval":{"confidence_level":0.95,"lower_bound":283996.43611111114,"upper_bound":286400.005625},"point_estimate":284638.34578957234,"standard_error":697.7113150038309},"median_abs_dev":{"confidence_interval":{"confidence_level":0.95,"lower_bound":2929.380363140189,"upper_bound":4619.197463447337},"point_estimate":3811.8685801962497,"standard_error":440.4566355517016},"slope":{"confidence_interval":{"confidence_level":0.95,"lower_bound":282001.8269916553,"upper_bound":283512.2991293742},"point_estimate":282759.45162405795,"standard_error":384.9621942092623},"std_dev":{"confidence_interval":{"confidence_level":0.95,"lower_bound":3738.7167937822637,"upper_bound":5866.121826399648},"point_estimate":4821.887471448874,"standard_error":546.8200983630576}}