{"mean":{"confidence_interval":{"confidence_level":0.95,"lower_bound":17819.72046077641,"upper_bound":17915.913789938997},"point_estimate":17863.078777398856,"standard_error":24.696287746136413},"median":{"confidence_interval":{"confidence_level":0.95,"lower_bound":17801.433979135618,"upper_bound":17848.660529083594},"point_estimate":17829.124526943644,"standard_error":11.414815711961479},"median_abs_dev":{"confidence_interval":{"confidence_level":0.95,"lower_bound":71.93779684501918,"upper_bound":117.13890913694524},"point_estimate":90.68249368163032,"standard_error":11.86135821710052},"slope":{"confidence_interval":{"confidence_level":0.95,"lower_bound":17862.227661847137,"upper_bound":17990.885876734596},"point_estimate":17918.843673065814,"standard_error":33.07964178327272},"std_dev":{"confidence_interval":{"confidence_level":0.95,"lower_bound":119.50707368870862,"upper_bound":345.2053040915235},"point_estimate":247.60533973719285,"standard_error":57.16790259311457}}