{"mean":{"confidence_interval":{"confidence_level":0.95,"lower_bound":173602.1250651176,"upper_bound":180243.9064391573},"point_estimate":176550.4938891314,"standard_error":1707.5654534962468},"median":{"confidence_interval":{"confidence_level":0.95,"lower_bound":170552.8216374269,"upper_bound":172727.0487654321},"point_estimate":171302.92303433002,"standard_error":574.0805918311196},"median_abs_dev":{"confidence_interval":{"confidence_level":0.95,"lower_bound":3074.1230212585388,"upper_bound":5412.875913410351},"point_estimate":4129.703199479553,"standard_error":565.1534160852026},"slope":{"confidence_interval":{"confidence_level":0.95,"lower_bound":169781.12791738586,"upper_bound":171213.69964727235},"point_estimate":170442.68966553372,"standard_error":366.5833465456707},"std_dev":{"confidence_interval":{"confidence_level":0.95,"lower_bound":8424.047334504323,"upper_bound":24907.976214092425},"point_estimate":17115.93996640088,"standard_error":4317.878296422745}}