{"mean":{"confidence_interval":{"confidence_level":0.95,"lower_bound":775183.7141017031,"upper_bound":794216.6578269916},"point_estimate":783613.9968304449,"standard_error":4902.050865798607},"median":{"confidence_interval":{"confidence_level":0.95,"lower_bound":767194.075255102,"upper_bound":774052.0422418312},"point_estimate":770311.1547619049,"standard_error":1733.7308136391177},"median_abs_dev":{"confidence_interval":{"confidence_level":0.95,"lower_bound":9203.588352919034,"upper_bound":17613.132624738955},"point_estimate":12713.340930708171,"standard_error":2151.1463658174134},"slope":{"confidence_interval":{"confidence_level":0.95,"lower_bound":768242.2431640822,"upper_bound":775803.4534712561},"point_estimate":771807.0086242057,"standard_error":1932.5300799137601},"std_dev":{"confidence_interval":{"confidence_level":0.95,"lower_bound":23467.540764514455,"upper_bound":73762.49185094342},"point_estimate":49355.669629424665,"standard_error":13837.576192476712}}