{"mean":{"confidence_interval":{"confidence_level":0.95,"lower_bound":116374.16426577313,"upper_bound":117906.50413046146},"point_estimate":117056.38002172824,"standard_error":393.33290135865246},"median":{"confidence_interval":{"confidence_level":0.95,"lower_bound":115705.2806414662,"upper_bound":116328.8371270576},"point_estimate":116101.38580035948,"standard_error":178.60575837560927},"median_abs_dev":{"confidence_interval":{"confidence_level":0.95,"lower_bound":878.9260142205092,"upper_bound":1502.918404872132},"point_estimate":1157.3407941574208,"standard_error":156.61236707199006},"slope":{"confidence_interval":{"confidence_level":0.95,"lower_bound":115879.00860329258,"upper_bound":116512.58280853191},"point_estimate":116170.80248033759,"standard_error":161.27749227090226},"std_dev":{"confidence_interval":{"confidence_level":0.95,"lower_bound":2087.2599105430086,"upper_bound":5784.341711671615},"point_estimate":3967.637127876365,"standard_error":1025.740352909572}}