{"mean":{"confidence_interval":{"confidence_level":0.95,"lower_bound":172607.14094602308,"upper_bound":178635.19893876233},"point_estimate":175510.21935325942,"standard_error":1540.2881164948803},"median":{"confidence_interval":{"confidence_level":0.95,"lower_bound":169084.54166666666,"upper_bound":175628.2925925926},"point_estimate":172063.66666666666,"standard_error":1604.771343081518},"median_abs_dev":{"confidence_interval":{"confidence_level":0.95,"lower_bound":8962.960124542316,"upper_bound":16248.380138271576},"point_estimate":12981.181512210953,"standard_error":1927.2796017382655},"slope":{"confidence_interval":{"confidence_level":0.95,"lower_bound":173047.3313963171,"upper_bound":179500.86519065587},"point_estimate":176163.993155017,"standard_error":1645.7733216879858},"std_dev":{"confidence_interval":{"confidence_level":0.95,"lower_bound":11999.642938826446,"upper_bound":18818.93264035191},"point_estimate":15536.73775393564,"standard_error":1747.5009741586405}}