{"mean":{"confidence_interval":{"confidence_level":0.95,"lower_bound":1201297.567380525,"upper_bound":1266471.947931776},"point_estimate":1232226.5077738627,"standard_error":16634.211103681773},"median":{"confidence_interval":{"confidence_level":0.95,"lower_bound":1165442.4166666667,"upper_bound":1232904.607142857},"point_estimate":1200915.0884438884,"standard_error":17532.97104547931},"median_abs_dev":{"confidence_interval":{"confidence_level":0.95,"lower_bound":95469.78025384979,"upper_bound":161229.0787714783},"point_estimate":133495.89982571173,"standard_error":16617.946129319},"slope":{"confidence_interval":{"confidence_level":0.95,"lower_bound":1188837.9554979964,"upper_bound":1248620.2198553137},"point_estimate":1217960.447601596,"standard_error":15264.853421234548},"std_dev":{"confidence_interval":{"confidence_level":0.95,"lower_bound":116391.63583741685,"upper_bound":219257.41348600024},"point_estimate":166924.39872744022,"standard_error":27059.2511805812}}