{"mean":{"confidence_interval":{"confidence_level":0.95,"lower_bound":182599.17673116186,"upper_bound":186632.0890046184},"point_estimate":184376.47706234123,"standard_error":1037.241847420827},"median":{"confidence_interval":{"confidence_level":0.95,"lower_bound":181337.87635195034,"upper_bound":182266.57327946502},"point_estimate":181752.28360215054,"standard_error":284.97251428572696},"median_abs_dev":{"confidence_interval":{"confidence_level":0.95,"lower_bound":1543.5170689986526,"upper_bound":3002.393994899085},"point_estimate":2173.590799959422,"standard_error":411.4363256995226},"slope":{"confidence_interval":{"confidence_level":0.95,"lower_bound":180569.7988568151,"upper_bound":181968.04686103223},"point_estimate":181246.3763750554,"standard_error":354.816577895713},"std_dev":{"confidence_interval":{"confidence_level":0.95,"lower_bound":4805.502737637801,"upper_bound":15538.706450015958},"point_estimate":10407.958678092491,"standard_error":2893.6155372919266}}