{"mean":{"confidence_interval":{"confidence_level":0.95,"lower_bound":803165.9509254803,"upper_bound":837657.1724577772},"point_estimate":819705.2648759448,"standard_error":8822.618413223787},"median":{"confidence_interval":{"confidence_level":0.95,"lower_bound":790511.5751748253,"upper_bound":813889.5},"point_estimate":800948.9345238095,"standard_error":6306.441729975717},"median_abs_dev":{"confidence_interval":{"confidence_level":0.95,"lower_bound":49263.03474026223,"upper_bound":82685.72710632064},"point_estimate":67551.20113307942,"standard_error":8704.558487790584},"slope":{"confidence_interval":{"confidence_level":0.95,"lower_bound":811050.421883178,"upper_bound":842416.6883531634},"point_estimate":825683.6454189449,"standard_error":7996.7320510412865},"std_dev":{"confidence_interval":{"confidence_level":0.95,"lower_bound":66656.651166065,"upper_bound":107950.33419624873},"point_estimate":88705.30037296504,"standard_error":10592.811345552102}}