{"mean":{"confidence_interval":{"confidence_level":0.95,"lower_bound":3280088.8889687504,"upper_bound":3386642.972},"point_estimate":3329313.84375,"standard_error":27265.8778828419},"median":{"confidence_interval":{"confidence_level":0.95,"lower_bound":3231335.875,"upper_bound":3330177.3125},"point_estimate":3264062.15625,"standard_error":28551.91799872676},"median_abs_dev":{"confidence_interval":{"confidence_level":0.95,"lower_bound":149021.1734605953,"upper_bound":237614.7225189954},"point_estimate":202155.9812547639,"standard_error":22043.938888969325},"slope":null,"std_dev":{"confidence_interval":{"confidence_level":0.95,"lower_bound":171057.4794631898,"upper_bound":379016.6313225498},"point_estimate":274042.06954124547,"standard_error":55169.36023681321}}