{"mean":{"confidence_interval":{"confidence_level":0.95,"lower_bound":889570.3203393125,"upper_bound":946759.850058402},"point_estimate":914736.218046365,"standard_error":14684.857532514001},"median":{"confidence_interval":{"confidence_level":0.95,"lower_bound":873268.1957614943,"upper_bound":918628.8214285715},"point_estimate":895294.3125,"standard_error":11929.89643943107},"median_abs_dev":{"confidence_interval":{"confidence_level":0.95,"lower_bound":55405.650420617756,"upper_bound":91803.71239216918},"point_estimate":66190.35767142782,"standard_error":9792.860391869473},"slope":{"confidence_interval":{"confidence_level":0.95,"lower_bound":884081.7652346189,"upper_bound":914047.6814153251},"point_estimate":899048.9986227279,"standard_error":7647.406259783598},"std_dev":{"confidence_interval":{"confidence_level":0.95,"lower_bound":70945.33897073896,"upper_bound":222561.60448861355},"point_estimate":147630.3495433268,"standard_error":42888.67947913124}}