{"mean":{"confidence_interval":{"confidence_level":0.95,"lower_bound":148817.73132667516,"upper_bound":152535.52619228858},"point_estimate":150493.61617502078,"standard_error":954.291242674291},"median":{"confidence_interval":{"confidence_level":0.95,"lower_bound":148190.56015037594,"upper_bound":150767.7142857143},"point_estimate":149433.6196911197,"standard_error":590.8748448727222},"median_abs_dev":{"confidence_interval":{"confidence_level":0.95,"lower_bound":4043.1553511540756,"upper_bound":6367.152796483454},"point_estimate":4871.173810302051,"standard_error":584.1726564454342},"slope":{"confidence_interval":{"confidence_level":0.95,"lower_bound":150031.70898952294,"upper_bound":152581.45536584905},"point_estimate":151319.49654964218,"standard_error":651.8008398921014},"std_dev":{"confidence_interval":{"confidence_level":0.95,"lower_bound":4896.284723545537,"upper_bound":13843.603774785928},"point_estimate":9644.903430655597,"standard_error":2376.414107442795}}