{"mean":{"confidence_interval":{"confidence_level":0.95,"lower_bound":95278454.90625,"upper_bound":96223872.6235},"point_estimate":95719737.3,"standard_error":242151.65734482542},"median":{"confidence_interval":{"confidence_level":0.95,"lower_bound":94732850.0,"upper_bound":95079720.69999999},"point_estimate":94866855.0,"standard_error":81120.64021059232},"median_abs_dev":{"confidence_interval":{"confidence_level":0.95,"lower_bound":391324.1087526083,"upper_bound":734487.4399602413},"point_estimate":482204.52193915844,"standard_error":94468.55833268739},"slope":null,"std_dev":{"confidence_interval":{"confidence_level":0.95,"lower_bound":1612141.693303442,"upper_bound":3111048.180489829},"point_estimate":2434393.82541644,"standard_error":382930.7507863241}}