{"mean":{"confidence_interval":{"confidence_level":0.95,"lower_bound":154356.4318341473,"upper_bound":159906.358757753},"point_estimate":157028.7763129126,"standard_error":1413.6865753977295},"median":{"confidence_interval":{"confidence_level":0.95,"lower_bound":152031.3804664723,"upper_bound":155614.19101123596},"point_estimate":153749.29316979315,"standard_error":1048.5350727156315},"median_abs_dev":{"confidence_interval":{"confidence_level":0.95,"lower_bound":6243.774421909467,"upper_bound":14128.945533126522},"point_estimate":9101.476828744258,"standard_error":2107.896597755631},"slope":{"confidence_interval":{"confidence_level":0.95,"lower_bound":156903.45466169246,"upper_bound":163456.63431688334},"point_estimate":160082.19054529333,"standard_error":1672.0712189652997},"std_dev":{"confidence_interval":{"confidence_level":0.95,"lower_bound":11452.095358581093,"upper_bound":16547.336533818718},"point_estimate":14196.590116438885,"standard_error":1300.411392486209}}