{"mean":{"confidence_interval":{"confidence_level":0.95,"lower_bound":150428.39403305884,"upper_bound":154638.6171685106},"point_estimate":152437.6128248955,"standard_error":1073.4336707927648},"median":{"confidence_interval":{"confidence_level":0.95,"lower_bound":147744.57142857142,"upper_bound":152198.23828125},"point_estimate":149992.78781906908,"standard_error":1019.8361076497982},"median_abs_dev":{"confidence_interval":{"confidence_level":0.95,"lower_bound":5602.47699485973,"upper_bound":9571.948028927298},"point_estimate":7794.796859763748,"standard_error":1007.3345374181584},"slope":{"confidence_interval":{"confidence_level":0.95,"lower_bound":149701.35852346418,"upper_bound":154971.57264641576},"point_estimate":152262.09175114526,"standard_error":1340.9692131182037},"std_dev":{"confidence_interval":{"confidence_level":0.95,"lower_bound":8107.774419793488,"upper_bound":13103.984779990942},"point_estimate":10771.129856739075,"standard_error":1283.3117691864436}}