{"mean":{"confidence_interval":{"confidence_level":0.95,"lower_bound":26507424.865000002,"upper_bound":27027901.899625},"point_estimate":26767740.065,"standard_error":132758.43800747313},"median":{"confidence_interval":{"confidence_level":0.95,"lower_bound":26051176.5,"upper_bound":27484527.5},"point_estimate":27262562.75,"standard_error":373695.8461835084},"median_abs_dev":{"confidence_interval":{"confidence_level":0.95,"lower_bound":997857.6112344861,"upper_bound":1942806.7891582847},"point_estimate":1567250.872425735,"standard_error":249832.55154676118},"slope":null,"std_dev":{"confidence_interval":{"confidence_level":0.95,"lower_bound":1206074.3985120498,"upper_bound":1460963.4808244887},"point_estimate":1331904.3157885442,"standard_error":65304.16212536528}}