{"mean":{"confidence_interval":{"confidence_level":0.95,"lower_bound":499782.2546793866,"upper_bound":506877.19849587395},"point_estimate":503316.8675785768,"standard_error":1810.85870986932},"median":{"confidence_interval":{"confidence_level":0.95,"lower_bound":497974.3708708709,"upper_bound":506967.25},"point_estimate":503480.7271833202,"standard_error":2078.219820802434},"median_abs_dev":{"confidence_interval":{"confidence_level":0.95,"lower_bound":14799.833782946742,"upper_bound":23608.960721111383},"point_estimate":19735.239652054795,"standard_error":2284.499014805245},"slope":{"confidence_interval":{"confidence_level":0.95,"lower_bound":497833.73693514004,"upper_bound":504777.96653328877},"point_estimate":501302.07281808776,"standard_error":1774.7956587748163},"std_dev":{"confidence_interval":{"confidence_level":0.95,"lower_bound":15718.918743639433,"upper_bound":20429.7040378639},"point_estimate":18184.99518100998,"standard_error":1201.859599292808}}