{"mean":{"confidence_interval":{"confidence_level":0.95,"lower_bound":160026.9474272926,"upper_bound":165485.51152001543},"point_estimate":162705.7893257528,"standard_error":1388.9836525909213},"median":{"confidence_interval":{"confidence_level":0.95,"lower_bound":156350.14537815127,"upper_bound":164490.59820435406},"point_estimate":158939.598062954,"standard_error":2069.2610989299274},"median_abs_dev":{"confidence_interval":{"confidence_level":0.95,"lower_bound":11905.253274750623,"upper_bound":18003.917442170357},"point_estimate":15261.72551396591,"standard_error":1590.7755810401077},"slope":{"confidence_interval":{"confidence_level":0.95,"lower_bound":165034.39970786523,"upper_bound":171112.66812984596},"point_estimate":168067.3107572463,"standard_error":1556.552705777739},"std_dev":{"confidence_interval":{"confidence_level":0.95,"lower_bound":11938.276275844115,"upper_bound":15838.94905043356},"point_estimate":13984.251903368331,"standard_error":997.159089274506}}