{"mean":{"confidence_interval":{"confidence_level":0.95,"lower_bound":591997.732647454,"upper_bound":618623.9877376322},"point_estimate":604325.9973467008,"standard_error":6803.994822807014},"median":{"confidence_interval":{"confidence_level":0.95,"lower_bound":579194.9882175762,"upper_bound":590086.4375},"point_estimate":583917.4771978022,"standard_error":2738.0036262577996},"median_abs_dev":{"confidence_interval":{"confidence_level":0.95,"lower_bound":16328.128810747126,"upper_bound":34621.686235032554},"point_estimate":22336.359955931985,"standard_error":4872.671817455845},"slope":{"confidence_interval":{"confidence_level":0.95,"lower_bound":586576.360820906,"upper_bound":607410.4551181316},"point_estimate":596533.8325801685,"standard_error":5312.623859420791},"std_dev":{"confidence_interval":{"confidence_level":0.95,"lower_bound":43861.994660769735,"upper_bound":93006.87989091314},"point_estimate":68301.89756180321,"standard_error":12987.34259244358}}