{"mean":{"confidence_interval":{"confidence_level":0.95,"lower_bound":591265.7654030074,"upper_bound":620984.160860467},"point_estimate":604934.6617040017,"standard_error":7595.064580668952},"median":{"confidence_interval":{"confidence_level":0.95,"lower_bound":578081.1111111111,"upper_bound":594611.3333333334},"point_estimate":588872.7338709678,"standard_error":3488.5262888171},"median_abs_dev":{"confidence_interval":{"confidence_level":0.95,"lower_bound":29825.352484232804,"upper_bound":46026.20277328011},"point_estimate":39096.36301470518,"standard_error":4215.157045302821},"slope":{"confidence_interval":{"confidence_level":0.95,"lower_bound":577276.7906028557,"upper_bound":592978.5265172544},"point_estimate":584899.6132141274,"standard_error":4010.4135646549603},"std_dev":{"confidence_interval":{"confidence_level":0.95,"lower_bound":44420.176602666805,"upper_bound":103627.99294343246},"point_estimate":76227.09369134025,"standard_error":15207.318837466155}}