{"mean":{"confidence_interval":{"confidence_level":0.95,"lower_bound":284277.97637929826,"upper_bound":295732.6538040621},"point_estimate":289707.50354763033,"standard_error":2928.666133767576},"median":{"confidence_interval":{"confidence_level":0.95,"lower_bound":277373.17798913043,"upper_bound":284038.97321428574},"point_estimate":280585.5778508772,"standard_error":1751.7777741571124},"median_abs_dev":{"confidence_interval":{"confidence_level":0.95,"lower_bound":10914.886383948084,"upper_bound":19149.502263221402},"point_estimate":14842.948070190341,"standard_error":2105.457461254857},"slope":{"confidence_interval":{"confidence_level":0.95,"lower_bound":277547.8409653354,"upper_bound":286998.00730064115},"point_estimate":281744.84599896555,"standard_error":2427.7710884777775},"std_dev":{"confidence_interval":{"confidence_level":0.95,"lower_bound":21472.643533793707,"upper_bound":35983.54770155745},"point_estimate":29398.977570071504,"standard_error":3707.500683161393}}