{"mean":{"confidence_interval":{"confidence_level":0.95,"lower_bound":255015.47350935434,"upper_bound":265050.5880846088},"point_estimate":259664.5320050385,"standard_error":2570.362094533867},"median":{"confidence_interval":{"confidence_level":0.95,"lower_bound":249926.47422680413,"upper_bound":255249.45714285714},"point_estimate":252356.11823899372,"standard_error":1379.2673809066316},"median_abs_dev":{"confidence_interval":{"confidence_level":0.95,"lower_bound":8131.842451114791,"upper_bound":14001.12452781554},"point_estimate":11102.49210379686,"standard_error":1488.0404118976278},"slope":{"confidence_interval":{"confidence_level":0.95,"lower_bound":249155.47450267727,"upper_bound":254229.30424903464},"point_estimate":251467.20015782473,"standard_error":1296.1800384364417},"std_dev":{"confidence_interval":{"confidence_level":0.95,"lower_bound":16173.197458925584,"upper_bound":34420.498657447526},"point_estimate":25856.606473785534,"standard_error":4695.968863057087}}