{"mean":{"confidence_interval":{"confidence_level":0.95,"lower_bound":10328707.446050001,"upper_bound":10547420.934499998},"point_estimate":10434626.893999998,"standard_error":55444.28569503669},"median":{"confidence_interval":{"confidence_level":0.95,"lower_bound":10266101.7,"upper_bound":10423142.7},"point_estimate":10313912.1,"standard_error":45155.92118935611},"median_abs_dev":{"confidence_interval":{"confidence_level":0.95,"lower_bound":289198.0265057092,"upper_bound":553621.5109312542},"point_estimate":423982.0796728134,"standard_error":67836.48921515398},"slope":null,"std_dev":{"confidence_interval":{"confidence_level":0.95,"lower_bound":446086.77558368864,"upper_bound":649817.3199683768},"point_estimate":554724.6669116274,"standard_error":52228.60060347867}}