{"mean":{"confidence_interval":{"confidence_level":0.95,"lower_bound":202220.8717455195,"upper_bound":212443.5204042141},"point_estimate":207036.5567089484,"standard_error":2609.195935362107},"median":{"confidence_interval":{"confidence_level":0.95,"lower_bound":198025.77437683285,"upper_bound":202887.37179487178},"point_estimate":199937.54538690476,"standard_error":1250.9100726683973},"median_abs_dev":{"confidence_interval":{"confidence_level":0.95,"lower_bound":9724.699913895469,"upper_bound":20364.17879984514},"point_estimate":14673.000995091903,"standard_error":2925.71286589605},"slope":{"confidence_interval":{"confidence_level":0.95,"lower_bound":194258.5343065742,"upper_bound":204726.68932602668},"point_estimate":199089.6577331166,"standard_error":2677.807527060285},"std_dev":{"confidence_interval":{"confidence_level":0.95,"lower_bound":19186.509738240016,"upper_bound":32708.14054333535},"point_estimate":26309.020859614473,"standard_error":3457.0064602995794}}