{"mean":{"confidence_interval":{"confidence_level":0.95,"lower_bound":224628.31194941112,"upper_bound":230914.20903104704},"point_estimate":227360.80667173135,"standard_error":1629.229893677889},"median":{"confidence_interval":{"confidence_level":0.95,"lower_bound":223054.93409090908,"upper_bound":224912.21951219512},"point_estimate":223939.952558578,"standard_error":509.770845116705},"median_abs_dev":{"confidence_interval":{"confidence_level":0.95,"lower_bound":4474.640952222642,"upper_bound":7631.198912157116},"point_estimate":6068.581375507901,"standard_error":799.9297426152051},"slope":{"confidence_interval":{"confidence_level":0.95,"lower_bound":226391.92888711917,"upper_bound":235229.88498158226},"point_estimate":229989.04960248264,"standard_error":2310.357670803436},"std_dev":{"confidence_interval":{"confidence_level":0.95,"lower_bound":7019.586321385533,"upper_bound":25110.7478068054},"point_estimate":16368.364492457245,"standard_error":5127.152196417233}}