{"mean":{"confidence_interval":{"confidence_level":0.95,"lower_bound":28801.846849632326,"upper_bound":29366.647333708876},"point_estimate":29054.922742842828,"standard_error":144.77819758170904},"median":{"confidence_interval":{"confidence_level":0.95,"lower_bound":28959.31317812269,"upper_bound":29264.794744318184},"point_estimate":29137.324452119567,"standard_error":88.86262571422336},"median_abs_dev":{"confidence_interval":{"confidence_level":0.95,"lower_bound":648.7274756688435,"upper_bound":1198.0856673399671},"point_estimate":833.239550209072,"standard_error":145.86121044850137},"slope":{"confidence_interval":{"confidence_level":0.95,"lower_bound":29502.93143185163,"upper_bound":30279.15239064686},"point_estimate":29811.244289175185,"standard_error":208.8949630627932},"std_dev":{"confidence_interval":{"confidence_level":0.95,"lower_bound":860.6726530984901,"upper_bound":2164.190651725343},"point_estimate":1460.8927754554477,"standard_error":405.9526097927779}}