{"mean":{"confidence_interval":{"confidence_level":0.95,"lower_bound":107443.5743857797,"upper_bound":110946.23362510133},"point_estimate":109119.74842684099,"standard_error":896.3648201030765},"median":{"confidence_interval":{"confidence_level":0.95,"lower_bound":105469.44683544304,"upper_bound":107595.63144409939},"point_estimate":106511.19740064448,"standard_error":534.8859701654844},"median_abs_dev":{"confidence_interval":{"confidence_level":0.95,"lower_bound":3887.112003946629,"upper_bound":7264.191232480613},"point_estimate":4865.299263050758,"standard_error":836.095361747291},"slope":{"confidence_interval":{"confidence_level":0.95,"lower_bound":107761.98771852913,"upper_bound":111404.95118823613},"point_estimate":109435.72735953894,"standard_error":930.2369285192884},"std_dev":{"confidence_interval":{"confidence_level":0.95,"lower_bound":6659.704310724662,"upper_bound":11075.96493092524},"point_estimate":9008.430935663382,"standard_error":1132.3884666932622}}