{"mean":{"confidence_interval":{"confidence_level":0.95,"lower_bound":14293006.3039375,"upper_bound":14428904.901812501},"point_estimate":14359246.1825,"standard_error":34734.80993306831},"median":{"confidence_interval":{"confidence_level":0.95,"lower_bound":14184699.0,"upper_bound":14384149.25},"point_estimate":14270670.875,"standard_error":47275.68322207946},"median_abs_dev":{"confidence_interval":{"confidence_level":0.95,"lower_bound":238804.97231036425,"upper_bound":417967.9128795862},"point_estimate":324653.07053625584,"standard_error":44327.31885316048},"slope":null,"std_dev":{"confidence_interval":{"confidence_level":0.95,"lower_bound":289131.1868887874,"upper_bound":409472.4440437352},"point_estimate":348236.37886618683,"standard_error":31012.67697047644}}