{"mean":{"confidence_interval":{"confidence_level":0.95,"lower_bound":169962.25089241232,"upper_bound":178854.2378397237},"point_estimate":174077.7256103867,"standard_error":2264.7477704500325},"median":{"confidence_interval":{"confidence_level":0.95,"lower_bound":163563.93971631204,"upper_bound":171017.89583333334},"point_estimate":166207.69936342593,"standard_error":1493.1393528766662},"median_abs_dev":{"confidence_interval":{"confidence_level":0.95,"lower_bound":7509.532388737978,"upper_bound":15085.226098415409},"point_estimate":10523.810903689417,"standard_error":1754.4422263352492},"slope":{"confidence_interval":{"confidence_level":0.95,"lower_bound":164627.75452936138,"upper_bound":170892.34137193678},"point_estimate":167488.49479631544,"standard_error":1600.5037802850438},"std_dev":{"confidence_interval":{"confidence_level":0.95,"lower_bound":14598.714568618907,"upper_bound":30617.729368686127},"point_estimate":22652.501620419076,"standard_error":4207.978740666913}}