{"mean":{"confidence_interval":{"confidence_level":0.95,"lower_bound":195392.7893928254,"upper_bound":202559.25767588438},"point_estimate":198227.4335548729,"standard_error":1887.4062504999986},"median":{"confidence_interval":{"confidence_level":0.95,"lower_bound":194045.9510869565,"upper_bound":194762.67274590163},"point_estimate":194406.22508741257,"standard_error":181.76520112350607},"median_abs_dev":{"confidence_interval":{"confidence_level":0.95,"lower_bound":1169.02365252427,"upper_bound":2491.8014677682795},"point_estimate":1823.8006306066475,"standard_error":345.71280139555813},"slope":{"confidence_interval":{"confidence_level":0.95,"lower_bound":193869.71171912688,"upper_bound":194819.47387263778},"point_estimate":194320.44707108024,"standard_error":242.21902175971553},"std_dev":{"confidence_interval":{"confidence_level":0.95,"lower_bound":4136.667527728853,"upper_bound":30961.55540274876},"point_estimate":18903.079375174508,"standard_error":8020.908454526324}}