{"mean":{"confidence_interval":{"confidence_level":0.95,"lower_bound":17457.346754207465,"upper_bound":17508.049129131763},"point_estimate":17478.397946208705,"standard_error":13.21759223584611},"median":{"confidence_interval":{"confidence_level":0.95,"lower_bound":17446.911585365855,"upper_bound":17480.14784483869},"point_estimate":17462.62861604934,"standard_error":8.567543713355679},"median_abs_dev":{"confidence_interval":{"confidence_level":0.95,"lower_bound":44.954253841862425,"upper_bound":74.78711734109423},"point_estimate":59.6121385250079,"standard_error":7.404836843454405},"slope":{"confidence_interval":{"confidence_level":0.95,"lower_bound":17469.51324265526,"upper_bound":17493.095255415374},"point_estimate":17481.31136523887,"standard_error":5.9988604729754265},"std_dev":{"confidence_interval":{"confidence_level":0.95,"lower_bound":54.48077130534001,"upper_bound":212.34423957919657},"point_estimate":132.98718244439024,"standard_error":51.547346195791235}}