{"mean":{"confidence_interval":{"confidence_level":0.95,"lower_bound":118941.54099269366,"upper_bound":127564.01761926351},"point_estimate":122773.07621891928,"standard_error":2219.4334906807862},"median":{"confidence_interval":{"confidence_level":0.95,"lower_bound":115106.91935483871,"upper_bound":118026.85069444444},"point_estimate":116379.16804097951,"standard_error":710.4534757580312},"median_abs_dev":{"confidence_interval":{"confidence_level":0.95,"lower_bound":4121.257175342497,"upper_bound":7347.581408133881},"point_estimate":5439.72802366229,"standard_error":802.4888213633869},"slope":{"confidence_interval":{"confidence_level":0.95,"lower_bound":114709.09370552267,"upper_bound":117358.35981683637},"point_estimate":115923.82854998932,"standard_error":679.8271051161886},"std_dev":{"confidence_interval":{"confidence_level":0.95,"lower_bound":11042.260266564668,"upper_bound":32588.57175849106},"point_estimate":22350.36871164625,"standard_error":5686.025626661249}}