{"mean":{"confidence_interval":{"confidence_level":0.95,"lower_bound":2038209.8758399999,"upper_bound":2082335.2864400004},"point_estimate":2059479.0619999992,"standard_error":11259.180064386665},"median":{"confidence_interval":{"confidence_level":0.95,"lower_bound":2004184.88,"upper_bound":2078803.88},"point_estimate":2054403.6,"standard_error":21788.04359461339},"median_abs_dev":{"confidence_interval":{"confidence_level":0.95,"lower_bound":85240.33601868145,"upper_bound":154120.83367180836},"point_estimate":133804.76623249066,"standard_error":20363.68384118417},"slope":null,"std_dev":{"confidence_interval":{"confidence_level":0.95,"lower_bound":91399.27129094356,"upper_bound":136629.57117957307},"point_estimate":113258.97355026065,"standard_error":11734.243319799349}}