{"mean":{"confidence_interval":{"confidence_level":0.95,"lower_bound":472538.89065941516,"upper_bound":499337.9431924044},"point_estimate":484644.3203241277,"standard_error":6897.515690502654},"median":{"confidence_interval":{"confidence_level":0.95,"lower_bound":458678.8993721461,"upper_bound":476650.0387596899},"point_estimate":465260.8494465668,"standard_error":4909.373406422953},"median_abs_dev":{"confidence_interval":{"confidence_level":0.95,"lower_bound":20265.839078472505,"upper_bound":34260.303448900886},"point_estimate":25225.181733732134,"standard_error":3540.7712602003776},"slope":{"confidence_interval":{"confidence_level":0.95,"lower_bound":463637.00335050334,"upper_bound":475503.3416045989},"point_estimate":469409.91359637456,"standard_error":3028.9782962189015},"std_dev":{"confidence_interval":{"confidence_level":0.95,"lower_bound":34877.786176231064,"upper_bound":96474.41844594106},"point_estimate":69113.14617319057,"standard_error":15735.995174051473}}