{"mean":{"confidence_interval":{"confidence_level":0.95,"lower_bound":312153.7232302353,"upper_bound":318920.1652180774},"point_estimate":315134.22079979174,"standard_error":1741.036623774238},"median":{"confidence_interval":{"confidence_level":0.95,"lower_bound":309128.1621621622,"upper_bound":310957.1178571429},"point_estimate":309877.92972948216,"standard_error":468.6440984858426},"median_abs_dev":{"confidence_interval":{"confidence_level":0.95,"lower_bound":2061.780241679792,"upper_bound":4211.036725606823},"point_estimate":3058.828427348172,"standard_error":577.3970054102289},"slope":{"confidence_interval":{"confidence_level":0.95,"lower_bound":309226.4717339768,"upper_bound":312761.2370206234},"point_estimate":310573.464698537,"standard_error":948.12679440208},"std_dev":{"confidence_interval":{"confidence_level":0.95,"lower_bound":8344.457497083737,"upper_bound":26005.81846694607},"point_estimate":17449.796296098084,"standard_error":4879.678605661149}}