{"mean":{"confidence_interval":{"confidence_level":0.95,"lower_bound":585623.2212030165,"upper_bound":617484.2520448434},"point_estimate":599543.7374956914,"standard_error":8190.531799213318},"median":{"confidence_interval":{"confidence_level":0.95,"lower_bound":571032.8636363636,"upper_bound":590725.8888888889},"point_estimate":581588.1545250771,"standard_error":4837.666008107533},"median_abs_dev":{"confidence_interval":{"confidence_level":0.95,"lower_bound":25003.752852340844,"upper_bound":42231.1561081418},"point_estimate":34756.75299157799,"standard_error":4367.319924326192},"slope":{"confidence_interval":{"confidence_level":0.95,"lower_bound":570673.5225943376,"upper_bound":585993.9632710988},"point_estimate":577777.4871154131,"standard_error":3921.357086073181},"std_dev":{"confidence_interval":{"confidence_level":0.95,"lower_bound":40514.30430536963,"upper_bound":123558.97231451393},"point_estimate":82233.04421288132,"standard_error":23786.42636142445}}