{"mean":{"confidence_interval":{"confidence_level":0.95,"lower_bound":113484.24918649606,"upper_bound":120635.06648971916},"point_estimate":116829.33896065,"standard_error":1829.3307677915295},"median":{"confidence_interval":{"confidence_level":0.95,"lower_bound":109890.83006535948,"upper_bound":116999.82098765433},"point_estimate":114645.17986542443,"standard_error":1769.167289783645},"median_abs_dev":{"confidence_interval":{"confidence_level":0.95,"lower_bound":9185.382480544353,"upper_bound":14832.443412015136},"point_estimate":12372.150929106465,"standard_error":1422.8167944853888},"slope":{"confidence_interval":{"confidence_level":0.95,"lower_bound":116132.6151670246,"upper_bound":123215.14548997016},"point_estimate":119359.55466200352,"standard_error":1805.6630755866295},"std_dev":{"confidence_interval":{"confidence_level":0.95,"lower_bound":12285.236830912721,"upper_bound":23582.798710264833},"point_estimate":18405.021900233853,"standard_error":2899.867890677733}}