{"mean":{"confidence_interval":{"confidence_level":0.95,"lower_bound":3824376.367269232,"upper_bound":3860109.0253461516},"point_estimate":3841930.003076921,"standard_error":9114.455196663092},"median":{"confidence_interval":{"confidence_level":0.95,"lower_bound":3812066.4615384615,"upper_bound":3859978.153846154},"point_estimate":3835433.846153846,"standard_error":12522.725621954227},"median_abs_dev":{"confidence_interval":{"confidence_level":0.95,"lower_bound":67845.68791972923,"upper_bound":111203.89362573624},"point_estimate":92071.28310386949,"standard_error":11010.451791264666},"slope":null,"std_dev":{"confidence_interval":{"confidence_level":0.95,"lower_bound":75359.42099546925,"upper_bound":107947.95725528612},"point_estimate":91583.76678196358,"standard_error":8359.847675964493}}