{"mean":{"confidence_interval":{"confidence_level":0.95,"lower_bound":4088.871522744898,"upper_bound":4103.007848584817},"point_estimate":4095.7846928812646,"standard_error":3.600533994874967},"median":{"confidence_interval":{"confidence_level":0.95,"lower_bound":4083.3431435732186,"upper_bound":4098.810787172011},"point_estimate":4089.4565161934343,"standard_error":3.767749123380386},"median_abs_dev":{"confidence_interval":{"confidence_level":0.95,"lower_bound":26.670850029066617,"upper_bound":43.06399542522912},"point_estimate":34.958946017553615,"standard_error":4.26008687208583},"slope":{"confidence_interval":{"confidence_level":0.95,"lower_bound":4075.5752264854577,"upper_bound":4089.862064699438},"point_estimate":4082.3980179804153,"standard_error":3.6437878210855743},"std_dev":{"confidence_interval":{"confidence_level":0.95,"lower_bound":29.788018757899245,"upper_bound":42.43386402810754},"point_estimate":36.20974417367928,"standard_error":3.262376411988397}}