{"mean":{"confidence_interval":{"confidence_level":0.95,"lower_bound":64207.78334340265,"upper_bound":66005.17141095402},"point_estimate":65040.771511807994,"standard_error":459.1979742195325},"median":{"confidence_interval":{"confidence_level":0.95,"lower_bound":63635.5775462963,"upper_bound":64661.329545454544},"point_estimate":64177.28037177986,"standard_error":288.53348824625203},"median_abs_dev":{"confidence_interval":{"confidence_level":0.95,"lower_bound":1895.411567371781,"upper_bound":3398.511832107534},"point_estimate":2515.759134544684,"standard_error":374.10801971049085},"slope":{"confidence_interval":{"confidence_level":0.95,"lower_bound":62936.043315651084,"upper_bound":64102.24261193276},"point_estimate":63522.058614230824,"standard_error":297.2970542311295},"std_dev":{"confidence_interval":{"confidence_level":0.95,"lower_bound":2824.0264658618635,"upper_bound":6227.269327201116},"point_estimate":4633.0850835122665,"standard_error":876.8201547767962}}