{"mean":{"confidence_interval":{"confidence_level":0.95,"lower_bound":7075997.5464375,"upper_bound":7352286.57525},"point_estimate":7209164.62125,"standard_error":70719.09458060357},"median":{"confidence_interval":{"confidence_level":0.95,"lower_bound":6858002.1875,"upper_bound":7183616.25},"point_estimate":7003272.3125,"standard_error":72314.39961213579},"median_abs_dev":{"confidence_interval":{"confidence_level":0.95,"lower_bound":396042.20518134534,"upper_bound":680007.9997027565},"point_estimate":540893.6125472188,"standard_error":68601.04967469453},"slope":null,"std_dev":{"confidence_interval":{"confidence_level":0.95,"lower_bound":551616.8009538061,"upper_bound":844897.4682539745},"point_estimate":708365.2753299429,"standard_error":74906.2650323919}}