{"mean":{"confidence_interval":{"confidence_level":0.95,"lower_bound":293339.32341664954,"upper_bound":299405.3071292666},"point_estimate":296285.6186213861,"standard_error":1546.4245617056413},"median":{"confidence_interval":{"confidence_level":0.95,"lower_bound":291159.16949152545,"upper_bound":296812.29630681814},"point_estimate":293851.1289165103,"standard_error":1602.6663424037258},"median_abs_dev":{"confidence_interval":{"confidence_level":0.95,"lower_bound":8423.380039465774,"upper_bound":16181.437933413059},"point_estimate":11794.009849521386,"standard_error":1944.976305069707},"slope":{"confidence_interval":{"confidence_level":0.95,"lower_bound":292674.8913827898,"upper_bound":298527.106852557},"point_estimate":295593.89545736666,"standard_error":1496.1473086931987},"std_dev":{"confidence_interval":{"confidence_level":0.95,"lower_bound":12061.895844194152,"upper_bound":19076.582984994177},"point_estimate":15565.11842696318,"standard_error":1808.8993959419804}}