{"mean":{"confidence_interval":{"confidence_level":0.95,"lower_bound":3221789.8895937502,"upper_bound":3229931.4233750002},"point_estimate":3225266.013125,"standard_error":2108.4967210083823},"median":{"confidence_interval":{"confidence_level":0.95,"lower_bound":3219084.6875,"upper_bound":3222228.5},"point_estimate":3220640.9375,"standard_error":706.9129892579058},"median_abs_dev":{"confidence_interval":{"confidence_level":0.95,"lower_bound":3859.5783814787865,"upper_bound":6630.0944197922945},"point_estimate":5119.649365358055,"standard_error":674.1091213742684},"slope":null,"std_dev":{"confidence_interval":{"confidence_level":0.95,"lower_bound":8481.200222959658,"upper_bound":32948.719788925526},"point_estimate":21165.792504792396,"standard_error":7124.976054069061}}