{"mean":{"confidence_interval":{"confidence_level":0.95,"lower_bound":351489.46913777007,"upper_bound":355651.94581107853},"point_estimate":353480.48545088584,"standard_error":1061.4130717590645},"median":{"confidence_interval":{"confidence_level":0.95,"lower_bound":348619.36574074073,"upper_bound":351653.1666666667},"point_estimate":350093.04181763285,"standard_error":789.1256535176885},"median_abs_dev":{"confidence_interval":{"confidence_level":0.95,"lower_bound":4820.085543022859,"upper_bound":9244.09486652424},"point_estimate":6913.213423524301,"standard_error":1190.5874687429452},"slope":{"confidence_interval":{"confidence_level":0.95,"lower_bound":351349.83280605974,"upper_bound":356252.55995765625},"point_estimate":353610.233786513,"standard_error":1249.1064022488526},"std_dev":{"confidence_interval":{"confidence_level":0.95,"lower_bound":8340.600620575811,"upper_bound":12638.813707672127},"point_estimate":10645.660201829496,"standard_error":1098.3767310394478}}