{"mean":{"confidence_interval":{"confidence_level":0.95,"lower_bound":154546.51868843223,"upper_bound":159291.2184684538},"point_estimate":156789.45381720088,"standard_error":1211.6257439790772},"median":{"confidence_interval":{"confidence_level":0.95,"lower_bound":151975.2761904762,"upper_bound":154504.84526509017},"point_estimate":153311.40347857596,"standard_error":603.7649174061177},"median_abs_dev":{"confidence_interval":{"confidence_level":0.95,"lower_bound":4592.155168914697,"upper_bound":8009.016503807081},"point_estimate":6531.522434595469,"standard_error":856.3373406131615},"slope":{"confidence_interval":{"confidence_level":0.95,"lower_bound":153227.18020378888,"upper_bound":158170.7322165938},"point_estimate":155518.85362114463,"standard_error":1262.3013808115581},"std_dev":{"confidence_interval":{"confidence_level":0.95,"lower_bound":8572.589630598392,"upper_bound":15260.97663012085},"point_estimate":12199.309333750238,"standard_error":1703.2472591881121}}