{"mean":{"confidence_interval":{"confidence_level":0.95,"lower_bound":85112.78235427025,"upper_bound":91668.88731027917},"point_estimate":87756.70569348815,"standard_error":1711.8655853522514},"median":{"confidence_interval":{"confidence_level":0.95,"lower_bound":83125.3953261928,"upper_bound":85582.29978354978},"point_estimate":84583.75949211046,"standard_error":615.57965094288},"median_abs_dev":{"confidence_interval":{"confidence_level":0.95,"lower_bound":3845.935533307411,"upper_bound":6658.354406859064},"point_estimate":5473.582750709318,"standard_error":741.3837252063315},"slope":{"confidence_interval":{"confidence_level":0.95,"lower_bound":83558.2357978438,"upper_bound":87010.73864082733},"point_estimate":85161.33845085312,"standard_error":881.0941486202107},"std_dev":{"confidence_interval":{"confidence_level":0.95,"lower_bound":5303.869884017358,"upper_bound":27753.563812589764},"point_estimate":17154.424226319974,"standard_error":6926.872348820216}}