{"mean":{"confidence_interval":{"confidence_level":0.95,"lower_bound":963444.6296138754,"upper_bound":1008230.2277728198},"point_estimate":984911.1944959605,"standard_error":11451.157422164151},"median":{"confidence_interval":{"confidence_level":0.95,"lower_bound":934309.4174174174,"upper_bound":957745.8},"point_estimate":942127.455514706,"standard_error":6598.87504474635},"median_abs_dev":{"confidence_interval":{"confidence_level":0.95,"lower_bound":37137.922099446674,"upper_bound":90904.1702238845},"point_estimate":58404.01369349025,"standard_error":13881.582430394767},"slope":{"confidence_interval":{"confidence_level":0.95,"lower_bound":947290.7625842,"upper_bound":987610.8239646661},"point_estimate":966586.4227486331,"standard_error":10301.859838807926},"std_dev":{"confidence_interval":{"confidence_level":0.95,"lower_bound":86252.81626020165,"upper_bound":141550.9391415655},"point_estimate":115207.97083031133,"standard_error":14133.305813981227}}