{"mean":{"confidence_interval":{"confidence_level":0.95,"lower_bound":383689.52936499286,"upper_bound":383916.17377071735},"point_estimate":383780.09165247687,"standard_error":59.52533045085788},"median":{"confidence_interval":{"confidence_level":0.95,"lower_bound":383632.4382022472,"upper_bound":383715.0144927536},"point_estimate":383684.6611111111,"standard_error":24.480845506105805},"median_abs_dev":{"confidence_interval":{"confidence_level":0.95,"lower_bound":114.98582995753499,"upper_bound":185.33382170970185},"point_estimate":152.38419811393422,"standard_error":18.0785473618752},"slope":{"confidence_interval":{"confidence_level":0.95,"lower_bound":383626.5554168558,"upper_bound":383719.2487278365},"point_estimate":383668.79788187775,"standard_error":23.68191912257478},"std_dev":{"confidence_interval":{"confidence_level":0.95,"lower_bound":188.57155347201007,"upper_bound":967.6455387722146},"point_estimate":596.4309051660508,"standard_error":247.42786596995316}}