{"mean":{"confidence_interval":{"confidence_level":0.95,"lower_bound":851040.1945569053,"upper_bound":894688.8070376903},"point_estimate":870865.6301650605,"standard_error":11192.469146657182},"median":{"confidence_interval":{"confidence_level":0.95,"lower_bound":832407.28125,"upper_bound":857454.5810810811},"point_estimate":845753.31849602,"standard_error":6836.610683392435},"median_abs_dev":{"confidence_interval":{"confidence_level":0.95,"lower_bound":39085.86529369592,"upper_bound":66492.77744762023},"point_estimate":54039.02603080574,"standard_error":7336.95471856385},"slope":{"confidence_interval":{"confidence_level":0.95,"lower_bound":822645.5022010729,"upper_bound":843211.3607616011},"point_estimate":832226.6319033545,"standard_error":5244.582355246507},"std_dev":{"confidence_interval":{"confidence_level":0.95,"lower_bound":57829.35683571684,"upper_bound":156662.372670759},"point_estimate":113085.30810521495,"standard_error":25001.335269026727}}