{"mean":{"confidence_interval":{"confidence_level":0.95,"lower_bound":10578784.60034999,"upper_bound":10809178.907199992},"point_estimate":10688380.295999996,"standard_error":58700.71575147482},"median":{"confidence_interval":{"confidence_level":0.95,"lower_bound":10493403.0,"upper_bound":10682302.8},"point_estimate":10553292.8,"standard_error":51118.97214754298},"median_abs_dev":{"confidence_interval":{"confidence_level":0.95,"lower_bound":304355.9803766009,"upper_bound":534539.5967750249},"point_estimate":382732.59016513906,"standard_error":58597.075309069136},"slope":null,"std_dev":{"confidence_interval":{"confidence_level":0.95,"lower_bound":434855.26755122934,"upper_bound":743313.0104000248},"point_estimate":590460.1111597007,"standard_error":79420.18526063903}}