{"mean":{"confidence_interval":{"confidence_level":0.95,"lower_bound":152569.40143526506,"upper_bound":158142.12762710583},"point_estimate":155046.48711307003,"standard_error":1426.6075455326825},"median":{"confidence_interval":{"confidence_level":0.95,"lower_bound":151920.57694063926,"upper_bound":154088.9017857143},"point_estimate":153182.57919445419,"standard_error":548.2329010759032},"median_abs_dev":{"confidence_interval":{"confidence_level":0.95,"lower_bound":4161.809673648486,"upper_bound":7385.919443649772},"point_estimate":5980.764650183827,"standard_error":825.994362162456},"slope":{"confidence_interval":{"confidence_level":0.95,"lower_bound":151541.81834636268,"upper_bound":155012.59848743703},"point_estimate":153307.66360193375,"standard_error":889.1814266525138},"std_dev":{"confidence_interval":{"confidence_level":0.95,"lower_bound":6878.231232277986,"upper_bound":21245.15676758903},"point_estimate":14410.315729851154,"standard_error":3823.8716753283943}}