{"mean":{"confidence_interval":{"confidence_level":0.95,"lower_bound":714064.605562419,"upper_bound":753512.0861241355},"point_estimate":731438.0174737382,"standard_error":10138.48627938127},"median":{"confidence_interval":{"confidence_level":0.95,"lower_bound":708232.3636363636,"upper_bound":730671.6035714286},"point_estimate":716982.6489583333,"standard_error":6562.413699836383},"median_abs_dev":{"confidence_interval":{"confidence_level":0.95,"lower_bound":30838.265933384526,"upper_bound":59404.06762764862},"point_estimate":41155.62382165216,"standard_error":7248.04113027669},"slope":{"confidence_interval":{"confidence_level":0.95,"lower_bound":721028.0691867758,"upper_bound":739390.9473820672},"point_estimate":730247.5085444067,"standard_error":4665.4878999108805},"std_dev":{"confidence_interval":{"confidence_level":0.95,"lower_bound":44520.960712973,"upper_bound":152746.18183306893},"point_estimate":102042.66529413726,"standard_error":29090.880354027442}}