{"mean":{"confidence_interval":{"confidence_level":0.95,"lower_bound":143823.94705403657,"upper_bound":147991.4802459476},"point_estimate":145838.95997829945,"standard_error":1059.9971212572098},"median":{"confidence_interval":{"confidence_level":0.95,"lower_bound":140360.56941459276,"upper_bound":145956.82845165505},"point_estimate":143180.26180555555,"standard_error":1496.9361714341462},"median_abs_dev":{"confidence_interval":{"confidence_level":0.95,"lower_bound":6839.067009763461,"upper_bound":11885.164857567566},"point_estimate":9443.457211693623,"standard_error":1325.8947215664787},"slope":{"confidence_interval":{"confidence_level":0.95,"lower_bound":144206.62266600927,"upper_bound":148284.64296762255},"point_estimate":146263.48911888577,"standard_error":1037.786910038627},"std_dev":{"confidence_interval":{"confidence_level":0.95,"lower_bound":8594.747025795426,"upper_bound":12776.963966074893},"point_estimate":10650.793586293037,"standard_error":1079.082596541746}}