{"mean":{"confidence_interval":{"confidence_level":0.95,"lower_bound":3651374.070714286,"upper_bound":3673614.9385535703},"point_estimate":3661885.1828571428,"standard_error":5694.236694778005},"median":{"confidence_interval":{"confidence_level":0.95,"lower_bound":3646596.9285714286,"upper_bound":3664620.9642857146},"point_estimate":3653821.3928571427,"standard_error":4729.45397770383},"median_abs_dev":{"confidence_interval":{"confidence_level":0.95,"lower_bound":28604.01309217775,"upper_bound":49846.655212544494},"point_estimate":41725.12875923094,"standard_error":5457.723378917423},"slope":null,"std_dev":{"confidence_interval":{"confidence_level":0.95,"lower_bound":39460.707939726126,"upper_bound":73499.1612268566},"point_estimate":57093.178395989176,"standard_error":8727.97255741361}}