{"mean":{"confidence_interval":{"confidence_level":0.95,"lower_bound":140612.96976548666,"upper_bound":141476.55547333066},"point_estimate":141005.9551904073,"standard_error":221.49012765836682},"median":{"confidence_interval":{"confidence_level":0.95,"lower_bound":140304.0334249084,"upper_bound":140737.74603174604},"point_estimate":140509.83561575494,"standard_error":110.03864288078123},"median_abs_dev":{"confidence_interval":{"confidence_level":0.95,"lower_bound":612.3675460192106,"upper_bound":1023.1799535288259},"point_estimate":808.3758689818038,"standard_error":105.77137396708046},"slope":{"confidence_interval":{"confidence_level":0.95,"lower_bound":140484.38500651243,"upper_bound":141089.9135640835},"point_estimate":140754.44874411536,"standard_error":154.9810238538228},"std_dev":{"confidence_interval":{"confidence_level":0.95,"lower_bound":1224.95649116251,"upper_bound":3121.691766689973},"point_estimate":2243.2349081405046,"standard_error":489.7377067315647}}