{"mean":{"confidence_interval":{"confidence_level":0.95,"lower_bound":2141886.6092916667,"upper_bound":2254353.551614582},"point_estimate":2197753.31625,"standard_error":28781.41732998902},"median":{"confidence_interval":{"confidence_level":0.95,"lower_bound":2131768.3333333335,"upper_bound":2268607.0},"point_estimate":2213934.8958333335,"standard_error":36098.13846506036},"median_abs_dev":{"confidence_interval":{"confidence_level":0.95,"lower_bound":200183.4592085334,"upper_bound":349960.77409945446},"point_estimate":245944.55603361118,"standard_error":38583.63121620457},"slope":null,"std_dev":{"confidence_interval":{"confidence_level":0.95,"lower_bound":246968.56856563987,"upper_bound":326923.98071319837},"point_estimate":288957.0411394421,"standard_error":20417.544233481218}}