{"mean":{"confidence_interval":{"confidence_level":0.95,"lower_bound":115502.42222213974,"upper_bound":117798.86411413999},"point_estimate":116573.38180962057,"standard_error":586.244170994598},"median":{"confidence_interval":{"confidence_level":0.95,"lower_bound":115389.43063973065,"upper_bound":117374.19696969698},"point_estimate":116451.69969512195,"standard_error":454.6884108442233},"median_abs_dev":{"confidence_interval":{"confidence_level":0.95,"lower_bound":2642.580630660578,"upper_bound":4885.19967024442},"point_estimate":3799.92054757096,"standard_error":589.4158506311794},"slope":{"confidence_interval":{"confidence_level":0.95,"lower_bound":114254.7169036049,"upper_bound":116361.69248623782},"point_estimate":115270.3722926621,"standard_error":537.0995658149678},"std_dev":{"confidence_interval":{"confidence_level":0.95,"lower_bound":3766.669090860281,"upper_bound":8003.689470509708},"point_estimate":5895.034459957213,"standard_error":1111.156794990427}}