{"mean":{"confidence_interval":{"confidence_level":0.95,"lower_bound":363528.23934782814,"upper_bound":368333.7236587835},"point_estimate":365953.3106841493,"standard_error":1227.9170778755317},"median":{"confidence_interval":{"confidence_level":0.95,"lower_bound":364224.66464995674,"upper_bound":369561.8814814815},"point_estimate":367265.6544715447,"standard_error":1390.2108024209356},"median_abs_dev":{"confidence_interval":{"confidence_level":0.95,"lower_bound":7362.480383286001,"upper_bound":13860.43449873329},"point_estimate":9029.651943440298,"standard_error":1724.8536782745762},"slope":{"confidence_interval":{"confidence_level":0.95,"lower_bound":362875.32083451416,"upper_bound":367251.0406319077},"point_estimate":365111.48226885375,"standard_error":1114.6292552992077},"std_dev":{"confidence_interval":{"confidence_level":0.95,"lower_bound":10205.323508605741,"upper_bound":14322.484208859705},"point_estimate":12321.244080541179,"standard_error":1054.2255311965591}}