{"mean":{"confidence_interval":{"confidence_level":0.95,"lower_bound":464050.48512049386,"upper_bound":499187.4309202468},"point_estimate":480978.7755896955,"standard_error":8980.380178857857},"median":{"confidence_interval":{"confidence_level":0.95,"lower_bound":443206.47297297296,"upper_bound":469712.95061728393},"point_estimate":453597.0348837209,"standard_error":6746.641591876015},"median_abs_dev":{"confidence_interval":{"confidence_level":0.95,"lower_bound":42102.703164610284,"upper_bound":73191.59549190663},"point_estimate":53737.20119142073,"standard_error":8104.657988257875},"slope":{"confidence_interval":{"confidence_level":0.95,"lower_bound":449867.1044559682,"upper_bound":504443.1029813414},"point_estimate":475809.7555351953,"standard_error":13993.832540499781},"std_dev":{"confidence_interval":{"confidence_level":0.95,"lower_bound":68305.18469244103,"upper_bound":109045.74935563724},"point_estimate":90381.6281975129,"standard_error":10326.672845196726}}