{"mean":{"confidence_interval":{"confidence_level":0.95,"lower_bound":40240.638341586826,"upper_bound":40468.67625415829},"point_estimate":40354.42238078176,"standard_error":58.06881935518156},"median":{"confidence_interval":{"confidence_level":0.95,"lower_bound":40118.416,"upper_bound":40500.2486},"point_estimate":40374.18328947369,"standard_error":110.36560432275452},"median_abs_dev":{"confidence_interval":{"confidence_level":0.95,"lower_bound":503.52117312282587,"upper_bound":801.604988162218},"point_estimate":617.9850721303536,"standard_error":73.30844048956243},"slope":{"confidence_interval":{"confidence_level":0.95,"lower_bound":40153.23261997762,"upper_bound":40434.25933815496},"point_estimate":40292.87342964386,"standard_error":71.81025655482036},"std_dev":{"confidence_interval":{"confidence_level":0.95,"lower_bound":507.8887757864999,"upper_bound":649.4182478873538},"point_estimate":581.5467005675528,"standard_error":36.31872200470804}}