{"mean":{"confidence_interval":{"confidence_level":0.95,"lower_bound":287015.7343537414,"upper_bound":300586.876334418},"point_estimate":293276.5624235773,"standard_error":3491.3667060020734},"median":{"confidence_interval":{"confidence_level":0.95,"lower_bound":280142.7410714286,"upper_bound":287804.1283783784},"point_estimate":285138.42552437645,"standard_error":2096.1329677820586},"median_abs_dev":{"confidence_interval":{"confidence_level":0.95,"lower_bound":12737.552591701009,"upper_bound":22054.97836864122},"point_estimate":18438.41305636176,"standard_error":2464.825250148825},"slope":{"confidence_interval":{"confidence_level":0.95,"lower_bound":276943.82649855904,"upper_bound":284535.05777144287},"point_estimate":280486.55354145117,"standard_error":1943.5998036233168},"std_dev":{"confidence_interval":{"confidence_level":0.95,"lower_bound":20951.850797934356,"upper_bound":48303.364261246206},"point_estimate":35055.404717966834,"standard_error":7179.2624077193495}}