{"mean":{"confidence_interval":{"confidence_level":0.95,"lower_bound":871303.8291307868,"upper_bound":920504.3853843822},"point_estimate":890231.5751101853,"standard_error":13229.837293748873},"median":{"confidence_interval":{"confidence_level":0.95,"lower_bound":859657.4381161008,"upper_bound":870255.0124031007},"point_estimate":864634.4774305555,"standard_error":2946.8418796241153},"median_abs_dev":{"confidence_interval":{"confidence_level":0.95,"lower_bound":17354.373223148345,"upper_bound":34247.05391493879},"point_estimate":21511.62125753748,"standard_error":4311.766021076645},"slope":{"confidence_interval":{"confidence_level":0.95,"lower_bound":863219.5642339647,"upper_bound":886822.1132309724},"point_estimate":874156.2807580908,"standard_error":6021.460653963834},"std_dev":{"confidence_interval":{"confidence_level":0.95,"lower_bound":36323.06654143702,"upper_bound":219534.7433851133},"point_estimate":132736.75383490417,"standard_error":61570.7915715464}}