{"mean":{"confidence_interval":{"confidence_level":0.95,"lower_bound":40095.580729670335,"upper_bound":40394.18210183941},"point_estimate":40243.767755825276,"standard_error":75.7568882829669},"median":{"confidence_interval":{"confidence_level":0.95,"lower_bound":40054.11058823529,"upper_bound":40427.32216216216},"point_estimate":40206.253194263365,"standard_error":78.40110449068592},"median_abs_dev":{"confidence_interval":{"confidence_level":0.95,"lower_bound":513.1604738679864,"upper_bound":847.3100829578307},"point_estimate":664.1359955692302,"standard_error":83.43565453493449},"slope":{"confidence_interval":{"confidence_level":0.95,"lower_bound":40064.107635767876,"upper_bound":40381.19326161817},"point_estimate":40213.94021610758,"standard_error":81.1131632083424},"std_dev":{"confidence_interval":{"confidence_level":0.95,"lower_bound":624.8128486694001,"upper_bound":903.5810148181463},"point_estimate":763.5882171008719,"standard_error":71.99380669431153}}