{"mean":{"confidence_interval":{"confidence_level":0.95,"lower_bound":1211164.3600277305,"upper_bound":1262337.7683072495},"point_estimate":1233023.6508226772,"standard_error":13210.875270082941},"median":{"confidence_interval":{"confidence_level":0.95,"lower_bound":1192438.1651785714,"upper_bound":1222838.621040724},"point_estimate":1206225.8572677807,"standard_error":7082.309902561705},"median_abs_dev":{"confidence_interval":{"confidence_level":0.95,"lower_bound":39552.93620428242,"upper_bound":67104.46799794333},"point_estimate":52151.14998841779,"standard_error":6929.574067850281},"slope":{"confidence_interval":{"confidence_level":0.95,"lower_bound":1194379.0718930028,"upper_bound":1220193.1548362828},"point_estimate":1206482.864318014,"standard_error":6565.218467807931},"std_dev":{"confidence_interval":{"confidence_level":0.95,"lower_bound":57584.007687309866,"upper_bound":204158.41693512714},"point_estimate":132159.2372742464,"standard_error":42615.551781009264}}