{"mean":{"confidence_interval":{"confidence_level":0.95,"lower_bound":220017.08361020783,"upper_bound":236230.52484837358},"point_estimate":227667.21373514095,"standard_error":4151.716166116601},"median":{"confidence_interval":{"confidence_level":0.95,"lower_bound":206682.1950967742,"upper_bound":221625.52183908047},"point_estimate":214123.76875,"standard_error":3513.6592862771777},"median_abs_dev":{"confidence_interval":{"confidence_level":0.95,"lower_bound":14956.51064922674,"upper_bound":30991.316958739102},"point_estimate":22982.43476061659,"standard_error":3887.1229408136332},"slope":{"confidence_interval":{"confidence_level":0.95,"lower_bound":210021.14589729512,"upper_bound":224437.25274433522},"point_estimate":216780.0112085119,"standard_error":3685.258073066032},"std_dev":{"confidence_interval":{"confidence_level":0.95,"lower_bound":29901.572841214376,"upper_bound":51978.702178637046},"point_estimate":41669.518820601465,"standard_error":5638.936599873397}}