{"mean":{"confidence_interval":{"confidence_level":0.95,"lower_bound":176363.74800792706,"upper_bound":180498.78168960908},"point_estimate":178265.19393171207,"standard_error":1056.2993811929618},"median":{"confidence_interval":{"confidence_level":0.95,"lower_bound":175073.87984006735,"upper_bound":176750.13963963964},"point_estimate":176092.69826007326,"standard_error":390.3574043303497},"median_abs_dev":{"confidence_interval":{"confidence_level":0.95,"lower_bound":2894.3475069004403,"upper_bound":5008.345445469177},"point_estimate":4002.7721953468317,"standard_error":573.9869761202165},"slope":{"confidence_interval":{"confidence_level":0.95,"lower_bound":173764.378514556,"upper_bound":175407.9313010733},"point_estimate":174557.34081276786,"standard_error":419.09073517061614},"std_dev":{"confidence_interval":{"confidence_level":0.95,"lower_bound":5957.651257938109,"upper_bound":14596.72053205402},"point_estimate":10698.818211486685,"standard_error":2209.145579816102}}