{"mean":{"confidence_interval":{"confidence_level":0.95,"lower_bound":463656.62822089193,"upper_bound":484629.13513918215},"point_estimate":472850.7949083522,"standard_error":5413.137507607219},"median":{"confidence_interval":{"confidence_level":0.95,"lower_bound":456755.63636363635,"upper_bound":464469.77358490566},"point_estimate":459708.96950354613,"standard_error":1934.6004274577688},"median_abs_dev":{"confidence_interval":{"confidence_level":0.95,"lower_bound":11905.912881874623,"upper_bound":25484.79832048366},"point_estimate":19134.18610541465,"standard_error":3478.970307483937},"slope":{"confidence_interval":{"confidence_level":0.95,"lower_bound":452573.3678332987,"upper_bound":461874.99535692047},"point_estimate":456942.60328653763,"standard_error":2379.210773030725},"std_dev":{"confidence_interval":{"confidence_level":0.95,"lower_bound":21613.941156470726,"upper_bound":79762.85568690814},"point_estimate":54346.052148530005,"standard_error":15551.625690900657}}