{"mean":{"confidence_interval":{"confidence_level":0.95,"lower_bound":670.6220365556868,"upper_bound":671.0209620549693},"point_estimate":670.8087068120861,"standard_error":0.10178049494020455},"median":{"confidence_interval":{"confidence_level":0.95,"lower_bound":670.4365600524137,"upper_bound":670.6884189586576},"point_estimate":670.5345113921862,"standard_error":0.059619502984053545},"median_abs_dev":{"confidence_interval":{"confidence_level":0.95,"lower_bound":0.383673723717302,"upper_bound":0.6816187151966884},"point_estimate":0.5198881204386089,"standard_error":0.07821095085750496},"slope":{"confidence_interval":{"confidence_level":0.95,"lower_bound":670.5082373755395,"upper_bound":670.8836172062041},"point_estimate":670.6809446508903,"standard_error":0.09576793504189722},"std_dev":{"confidence_interval":{"confidence_level":0.95,"lower_bound":0.7017708446381482,"upper_bound":1.3146098370494443},"point_estimate":1.0242187871475419,"standard_error":0.1566632990841627}}