{"mean":{"confidence_interval":{"confidence_level":0.95,"lower_bound":3092.9932776195974,"upper_bound":3117.0451554473516},"point_estimate":3103.307823009716,"standard_error":6.2104480222117475},"median":{"confidence_interval":{"confidence_level":0.95,"lower_bound":3089.955607600718,"upper_bound":3102.8867460501187},"point_estimate":3098.6830006120817,"standard_error":3.882092019609534},"median_abs_dev":{"confidence_interval":{"confidence_level":0.95,"lower_bound":27.04284897390961,"upper_bound":43.83294338793522},"point_estimate":36.25141791026901,"standard_error":4.307261333563199},"slope":{"confidence_interval":{"confidence_level":0.95,"lower_bound":3083.7500611247074,"upper_bound":3097.972374807034},"point_estimate":3090.9292165123097,"standard_error":3.6465933500827483},"std_dev":{"confidence_interval":{"confidence_level":0.95,"lower_bound":29.066149186216986,"upper_bound":97.31660652354562},"point_estimate":62.59693604692691,"standard_error":21.445984958255035}}