{"mean":{"confidence_interval":{"confidence_level":0.95,"lower_bound":4035379.266500002,"upper_bound":4129076.4308653846},"point_estimate":4080683.090769233,"standard_error":23835.00301964313},"median":{"confidence_interval":{"confidence_level":0.95,"lower_bound":3976448.0,"upper_bound":4096886.6923076925},"point_estimate":4029125.076923077,"standard_error":29493.93680960897},"median_abs_dev":{"confidence_interval":{"confidence_level":0.95,"lower_bound":150523.87193016728,"upper_bound":222316.86538250983},"point_estimate":182223.34054181204,"standard_error":18307.286878029627},"slope":null,"std_dev":{"confidence_interval":{"confidence_level":0.95,"lower_bound":188604.3368650441,"upper_bound":284388.19557938084},"point_estimate":240161.1008769907,"standard_error":24422.633012389557}}