{"mean":{"confidence_interval":{"confidence_level":0.95,"lower_bound":258495.1072151066,"upper_bound":270280.8549443302},"point_estimate":263984.09691016265,"standard_error":3014.7306594148304},"median":{"confidence_interval":{"confidence_level":0.95,"lower_bound":249945.11315789472,"upper_bound":258224.99264705883},"point_estimate":254463.81549657535,"standard_error":2068.9268745256154},"median_abs_dev":{"confidence_interval":{"confidence_level":0.95,"lower_bound":7978.824559793197,"upper_bound":16212.591924321729},"point_estimate":11298.236083832882,"standard_error":2138.336819972815},"slope":{"confidence_interval":{"confidence_level":0.95,"lower_bound":255637.70172876833,"upper_bound":270545.6307340181},"point_estimate":262469.6656738584,"standard_error":3828.6851412955384},"std_dev":{"confidence_interval":{"confidence_level":0.95,"lower_bound":19104.216028121482,"upper_bound":39332.2330625689},"point_estimate":30257.75911211598,"standard_error":5173.45068737685}}