{"mean":{"confidence_interval":{"confidence_level":0.95,"lower_bound":121857.74348463568,"upper_bound":125498.6819118821},"point_estimate":123571.93401465178,"standard_error":927.574118324526},"median":{"confidence_interval":{"confidence_level":0.95,"lower_bound":120194.75833333333,"upper_bound":122747.94209379659},"point_estimate":121603.55764705883,"standard_error":676.1220011172302},"median_abs_dev":{"confidence_interval":{"confidence_level":0.95,"lower_bound":4007.739059004082,"upper_bound":7215.498610900647},"point_estimate":5252.291613419848,"standard_error":836.4307181560456},"slope":{"confidence_interval":{"confidence_level":0.95,"lower_bound":121550.1432551712,"upper_bound":124012.36696151455},"point_estimate":122771.83806019407,"standard_error":630.3941076646543},"std_dev":{"confidence_interval":{"confidence_level":0.95,"lower_bound":6520.892284080104,"upper_bound":11750.721445946141},"point_estimate":9358.98692074663,"standard_error":1336.1713791963173}}