{"mean":{"confidence_interval":{"confidence_level":0.95,"lower_bound":172198.97671778564,"upper_bound":179713.50432086334},"point_estimate":175723.36173061375,"standard_error":1913.81806437787},"median":{"confidence_interval":{"confidence_level":0.95,"lower_bound":168881.91666666666,"upper_bound":173117.84848484848},"point_estimate":171610.91207107843,"standard_error":1005.3312607392013},"median_abs_dev":{"confidence_interval":{"confidence_level":0.95,"lower_bound":7600.834760428574,"upper_bound":12580.023897145358},"point_estimate":10050.987692391205,"standard_error":1231.942299611258},"slope":{"confidence_interval":{"confidence_level":0.95,"lower_bound":168374.04333095704,"upper_bound":173716.6551141457},"point_estimate":170884.5534224915,"standard_error":1368.2303545182826},"std_dev":{"confidence_interval":{"confidence_level":0.95,"lower_bound":12542.678940918646,"upper_bound":24988.280753129435},"point_estimate":19208.89613014541,"standard_error":3180.8263295721}}