{"mean":{"confidence_interval":{"confidence_level":0.95,"lower_bound":305594.5052752118,"upper_bound":325319.89997508726},"point_estimate":314477.6036553865,"standard_error":5053.150208525658},"median":{"confidence_interval":{"confidence_level":0.95,"lower_bound":294326.13333333336,"upper_bound":303980.37109375},"point_estimate":297579.2128688198,"standard_error":2527.5707217362124},"median_abs_dev":{"confidence_interval":{"confidence_level":0.95,"lower_bound":10131.099650890446,"upper_bound":21355.704460973786},"point_estimate":14129.820039898977,"standard_error":2872.395351118111},"slope":{"confidence_interval":{"confidence_level":0.95,"lower_bound":295274.38031484006,"upper_bound":302534.3699399195},"point_estimate":298724.9393793409,"standard_error":1863.2642210671104},"std_dev":{"confidence_interval":{"confidence_level":0.95,"lower_bound":25166.547416533933,"upper_bound":72567.0392606546},"point_estimate":51070.8787166054,"standard_error":12285.697122632148}}