{"mean":{"confidence_interval":{"confidence_level":0.95,"lower_bound":212627.50336225156,"upper_bound":217993.01114028637},"point_estimate":215100.0651484534,"standard_error":1370.5280699733164},"median":{"confidence_interval":{"confidence_level":0.95,"lower_bound":210005.88684210528,"upper_bound":214244.75610119046},"point_estimate":212397.6208026756,"standard_error":1115.306206784654},"median_abs_dev":{"confidence_interval":{"confidence_level":0.95,"lower_bound":6619.06427586577,"upper_bound":10407.351678529065},"point_estimate":8714.09746665459,"standard_error":931.737376847096},"slope":{"confidence_interval":{"confidence_level":0.95,"lower_bound":211230.8639905564,"upper_bound":214966.68910864764},"point_estimate":213025.17936574554,"standard_error":953.4711083746914},"std_dev":{"confidence_interval":{"confidence_level":0.95,"lower_bound":8704.400264801658,"upper_bound":19047.00213944611},"point_estimate":13791.658876075286,"standard_error":2755.471990509818}}