{"mean":{"confidence_interval":{"confidence_level":0.95,"lower_bound":1273935.1130944574,"upper_bound":1318660.2318288155},"point_estimate":1295812.3148310336,"standard_error":11430.266351119404},"median":{"confidence_interval":{"confidence_level":0.95,"lower_bound":1261315.7894736843,"upper_bound":1298780.0},"point_estimate":1278267.1631578947,"standard_error":9779.655071353467},"median_abs_dev":{"confidence_interval":{"confidence_level":0.95,"lower_bound":69013.03261357461,"upper_bound":119204.72868290517},"point_estimate":93505.27605802186,"standard_error":12624.894485162715},"slope":{"confidence_interval":{"confidence_level":0.95,"lower_bound":1243242.392963573,"upper_bound":1303103.613857182},"point_estimate":1271066.4541185163,"standard_error":15329.243377625238},"std_dev":{"confidence_interval":{"confidence_level":0.95,"lower_bound":94390.74925569055,"upper_bound":131729.76471372717},"point_estimate":114037.28579532419,"standard_error":9543.52655954287}}