{"mean":{"confidence_interval":{"confidence_level":0.95,"lower_bound":12826520.7088125,"upper_bound":13110382.2166875},"point_estimate":12966818.1525,"standard_error":72353.53102743103},"median":{"confidence_interval":{"confidence_level":0.95,"lower_bound":12781787.25,"upper_bound":13064593.0},"point_estimate":12909433.0,"standard_error":72405.63612510881},"median_abs_dev":{"confidence_interval":{"confidence_level":0.95,"lower_bound":439812.54089176655,"upper_bound":915180.9796772897},"point_estimate":712070.7136832178,"standard_error":123899.89196936644},"slope":null,"std_dev":{"confidence_interval":{"confidence_level":0.95,"lower_bound":623169.423088222,"upper_bound":822535.7620569763},"point_estimate":729503.9254945216,"standard_error":50800.48993354385}}