{"mean":{"confidence_interval":{"confidence_level":0.95,"lower_bound":1772885.7555687788,"upper_bound":1907126.8847237602},"point_estimate":1837365.152184776,"standard_error":34340.554674202685},"median":{"confidence_interval":{"confidence_level":0.95,"lower_bound":1734220.4093406592,"upper_bound":1844894.1259615384},"point_estimate":1811014.6759259258,"standard_error":30257.756540709066},"median_abs_dev":{"confidence_interval":{"confidence_level":0.95,"lower_bound":152520.8659104121,"upper_bound":272566.29766098096},"point_estimate":187655.01376345748,"standard_error":31018.525295616684},"slope":{"confidence_interval":{"confidence_level":0.95,"lower_bound":1630283.5710563313,"upper_bound":1744363.5020393499},"point_estimate":1687023.3287719816,"standard_error":29085.499588474508},"std_dev":{"confidence_interval":{"confidence_level":0.95,"lower_bound":252771.3646306453,"upper_bound":429755.8008086051},"point_estimate":344708.4700094349,"standard_error":45421.16758225424}}