{"mean":{"confidence_interval":{"confidence_level":0.95,"lower_bound":270917.827982548,"upper_bound":280792.1885384312},"point_estimate":275650.71059096773,"standard_error":2516.6262072025015},"median":{"confidence_interval":{"confidence_level":0.95,"lower_bound":264825.3859649123,"upper_bound":276282.9018043304},"point_estimate":271955.55555555556,"standard_error":3276.99998189387},"median_abs_dev":{"confidence_interval":{"confidence_level":0.95,"lower_bound":14617.161046635723,"upper_bound":25725.558234500968},"point_estimate":20226.750014451813,"standard_error":2797.756400162151},"slope":{"confidence_interval":{"confidence_level":0.95,"lower_bound":261886.4885360793,"upper_bound":268791.0206725824},"point_estimate":265162.5225116004,"standard_error":1764.7480747824209},"std_dev":{"confidence_interval":{"confidence_level":0.95,"lower_bound":19166.78457157507,"upper_bound":31290.8925829988},"point_estimate":25502.213927829835,"standard_error":3111.4488954178064}}