{"mean":{"confidence_interval":{"confidence_level":0.95,"lower_bound":25815.531080257235,"upper_bound":25846.93916255742},"point_estimate":25831.060532171152,"standard_error":8.008319556286777},"median":{"confidence_interval":{"confidence_level":0.95,"lower_bound":25812.30828938743,"upper_bound":25839.00864742422},"point_estimate":25825.60838069976,"standard_error":7.414316073070953},"median_abs_dev":{"confidence_interval":{"confidence_level":0.95,"lower_bound":47.75955743264119,"upper_bound":87.24221299469197},"point_estimate":67.24310457542745,"standard_error":9.984205857437855},"slope":{"confidence_interval":{"confidence_level":0.95,"lower_bound":25795.402383002354,"upper_bound":25830.602274827284},"point_estimate":25812.36830569165,"standard_error":8.986720335555159},"std_dev":{"confidence_interval":{"confidence_level":0.95,"lower_bound":66.92320307907957,"upper_bound":93.35902091336058},"point_estimate":80.84865502411105,"standard_error":6.772493211129022}}