{"mean":{"confidence_interval":{"confidence_level":0.95,"lower_bound":33785939.684875004,"upper_bound":35089194.7215},"point_estimate":34509347.915,"standard_error":334575.2160082726},"median":{"confidence_interval":{"confidence_level":0.95,"lower_bound":34559270.75,"upper_bound":35164504.0},"point_estimate":34820674.25,"standard_error":146902.87511784077},"median_abs_dev":{"confidence_interval":{"confidence_level":0.95,"lower_bound":831340.5071407557,"upper_bound":1427945.7788988948},"point_estimate":1100546.5625613928,"standard_error":152587.45356591628},"slope":null,"std_dev":{"confidence_interval":{"confidence_level":0.95,"lower_bound":1393777.679684427,"upper_bound":4878149.957226582},"point_estimate":3367043.1395927127,"standard_error":893367.4504756976}}