{"mean":{"confidence_interval":{"confidence_level":0.95,"lower_bound":24295883.520749994,"upper_bound":24838579.62841667},"point_estimate":24560176.25333333,"standard_error":138415.52349334347},"median":{"confidence_interval":{"confidence_level":0.95,"lower_bound":23890600.5,"upper_bound":24354895.666666664},"point_estimate":24019439.333333336,"standard_error":127018.49761222405},"median_abs_dev":{"confidence_interval":{"confidence_level":0.95,"lower_bound":741449.9765366279,"upper_bound":1444149.7317612134},"point_estimate":1031886.8635803452,"standard_error":173822.58651901287},"slope":null,"std_dev":{"confidence_interval":{"confidence_level":0.95,"lower_bound":1161787.845615404,"upper_bound":1576264.2248431186},"point_estimate":1387492.8012567717,"standard_error":105983.48132447497}}