{"mean":{"confidence_interval":{"confidence_level":0.95,"lower_bound":277513.2232554366,"upper_bound":286610.1532592045},"point_estimate":281357.82650798466,"standard_error":2347.7453601166962},"median":{"confidence_interval":{"confidence_level":0.95,"lower_bound":275081.3764367816,"upper_bound":276747.517834596},"point_estimate":275773.14238008496,"standard_error":479.61968957363916},"median_abs_dev":{"confidence_interval":{"confidence_level":0.95,"lower_bound":3550.597839549487,"upper_bound":6302.577677862344},"point_estimate":4847.721155299357,"standard_error":702.869614777697},"slope":{"confidence_interval":{"confidence_level":0.95,"lower_bound":275733.9266568267,"upper_bound":278215.363749743},"point_estimate":276936.45963129896,"standard_error":635.3439478650914},"std_dev":{"confidence_interval":{"confidence_level":0.95,"lower_bound":8018.7433155350745,"upper_bound":36981.25168058648},"point_estimate":23577.945806072785,"standard_error":8087.6270163190775}}