{"mean":{"confidence_interval":{"confidence_level":0.95,"lower_bound":2234166.132804347,"upper_bound":2239722.563923913},"point_estimate":2236870.6943478277,"standard_error":1418.1182840695512},"median":{"confidence_interval":{"confidence_level":0.95,"lower_bound":2233374.652173913,"upper_bound":2238687.782608696},"point_estimate":2235876.8913043477,"standard_error":1158.969033294602},"median_abs_dev":{"confidence_interval":{"confidence_level":0.95,"lower_bound":8151.2057335484005,"upper_bound":13317.808798344284},"point_estimate":10349.321346697165,"standard_error":1298.089917795684},"slope":null,"std_dev":{"confidence_interval":{"confidence_level":0.95,"lower_bound":11138.356303350694,"upper_bound":17242.734291084133},"point_estimate":14231.746682756397,"standard_error":1571.5934608912455}}