{"mean":{"confidence_interval":{"confidence_level":0.95,"lower_bound":104746.76950316134,"upper_bound":108594.90125828462},"point_estimate":106541.2712492348,"standard_error":983.3454783298811},"median":{"confidence_interval":{"confidence_level":0.95,"lower_bound":103520.34489795918,"upper_bound":105535.74827586208},"point_estimate":104396.26538461538,"standard_error":543.5455630954062},"median_abs_dev":{"confidence_interval":{"confidence_level":0.95,"lower_bound":3474.0504365609863,"upper_bound":6860.606421519736},"point_estimate":4938.659606313395,"standard_error":837.3655699396593},"slope":{"confidence_interval":{"confidence_level":0.95,"lower_bound":103686.74156387878,"upper_bound":107757.69103228563},"point_estimate":105497.66147746416,"standard_error":1039.559540297233},"std_dev":{"confidence_interval":{"confidence_level":0.95,"lower_bound":6416.166915532781,"upper_bound":13289.878203754573},"point_estimate":9887.776027315507,"standard_error":1797.9486367763457}}