{"mean":{"confidence_interval":{"confidence_level":0.95,"lower_bound":1092531.4142178448,"upper_bound":1184983.0534145012},"point_estimate":1136275.0230578661,"standard_error":23692.75027480202},"median":{"confidence_interval":{"confidence_level":0.95,"lower_bound":1044520.8649350649,"upper_bound":1121099.638888889},"point_estimate":1092977.625695733,"standard_error":22902.444250446337},"median_abs_dev":{"confidence_interval":{"confidence_level":0.95,"lower_bound":111489.55935186584,"upper_bound":195014.91247621484},"point_estimate":160098.54581686744,"standard_error":22004.318885457113},"slope":{"confidence_interval":{"confidence_level":0.95,"lower_bound":1011157.3527336246,"upper_bound":1069379.9834343018},"point_estimate":1038777.8991813211,"standard_error":14861.52921717447},"std_dev":{"confidence_interval":{"confidence_level":0.95,"lower_bound":161540.83665152875,"upper_bound":306429.6138847473},"point_estimate":237723.23097292215,"standard_error":37148.263898713754}}