{"mean":{"confidence_interval":{"confidence_level":0.95,"lower_bound":205784.10483717103,"upper_bound":216175.2140905122},"point_estimate":210410.71314930092,"standard_error":2677.862185883129},"median":{"confidence_interval":{"confidence_level":0.95,"lower_bound":200047.37333333332,"upper_bound":206387.66383940808},"point_estimate":202322.89791666664,"standard_error":1848.1928834358514},"median_abs_dev":{"confidence_interval":{"confidence_level":0.95,"lower_bound":8231.923318354142,"upper_bound":16421.754049028368},"point_estimate":11758.66147372851,"standard_error":2071.633127836362},"slope":{"confidence_interval":{"confidence_level":0.95,"lower_bound":200294.34096929952,"upper_bound":206664.93758736888},"point_estimate":203299.84917747893,"standard_error":1628.5877268082177},"std_dev":{"confidence_interval":{"confidence_level":0.95,"lower_bound":13946.376475097608,"upper_bound":39612.1000134839},"point_estimate":26999.465158972507,"standard_error":6974.288685399916}}