{"mean":{"confidence_interval":{"confidence_level":0.95,"lower_bound":600983.1094564543,"upper_bound":637070.0012709948},"point_estimate":616163.9753668769,"standard_error":9364.14790516699},"median":{"confidence_interval":{"confidence_level":0.95,"lower_bound":592519.0034870205,"upper_bound":594442.9680851063},"point_estimate":593672.5878942485,"standard_error":481.2995191565788},"median_abs_dev":{"confidence_interval":{"confidence_level":0.95,"lower_bound":4095.924232282808,"upper_bound":7221.327820973787},"point_estimate":5938.384937006102,"standard_error":837.4456271289174},"slope":{"confidence_interval":{"confidence_level":0.95,"lower_bound":591332.635337564,"upper_bound":593983.1242456769},"point_estimate":592518.987761194,"standard_error":679.1689128762229},"std_dev":{"confidence_interval":{"confidence_level":0.95,"lower_bound":27388.9898081058,"upper_bound":148851.06524499602},"point_estimate":94198.89628358572,"standard_error":33113.50695127135}}