{"mean":{"confidence_interval":{"confidence_level":0.95,"lower_bound":66727.87794468968,"upper_bound":70558.06980447429},"point_estimate":68198.89701652579,"standard_error":1025.4188782175675},"median":{"confidence_interval":{"confidence_level":0.95,"lower_bound":66127.53979166667,"upper_bound":66593.13446969698},"point_estimate":66381.18692260559,"standard_error":132.08293737274525},"median_abs_dev":{"confidence_interval":{"confidence_level":0.95,"lower_bound":721.4625036876909,"upper_bound":1313.083534670311},"point_estimate":1050.5354888663999,"standard_error":156.39522224611918},"slope":{"confidence_interval":{"confidence_level":0.95,"lower_bound":65982.8274048614,"upper_bound":66504.83741702035},"point_estimate":66220.27875886655,"standard_error":132.9871691600411},"std_dev":{"confidence_interval":{"confidence_level":0.95,"lower_bound":1979.400570488414,"upper_bound":17010.3065085169},"point_estimate":10267.117598007982,"standard_error":4702.855564229208}}