{"mean":{"confidence_interval":{"confidence_level":0.95,"lower_bound":930116.5641045128,"upper_bound":937282.8407877883},"point_estimate":933407.3514032603,"standard_error":1836.526681515449},"median":{"confidence_interval":{"confidence_level":0.95,"lower_bound":926125.7222222222,"upper_bound":930704.1352941176},"point_estimate":927745.2576923077,"standard_error":1232.703773873083},"median_abs_dev":{"confidence_interval":{"confidence_level":0.95,"lower_bound":5651.8443442639,"upper_bound":10770.896664460097},"point_estimate":7778.211411342113,"standard_error":1316.1795034511463},"slope":{"confidence_interval":{"confidence_level":0.95,"lower_bound":925340.6510120077,"upper_bound":929453.7806235048},"point_estimate":927294.3674523423,"standard_error":1047.750455631252},"std_dev":{"confidence_interval":{"confidence_level":0.95,"lower_bound":10953.355635328244,"upper_bound":25597.548709482322},"point_estimate":18484.031481602357,"standard_error":3836.322929216332}}