{"mean":{"confidence_interval":{"confidence_level":0.95,"lower_bound":111399409.57,"upper_bound":112448570.80525},"point_estimate":111896129.15,"standard_error":267542.5931783621},"median":{"confidence_interval":{"confidence_level":0.95,"lower_bound":110956535.0,"upper_bound":111973448.0},"point_estimate":111328940.5,"standard_error":256655.69911638583},"median_abs_dev":{"confidence_interval":{"confidence_level":0.95,"lower_bound":1309596.865350008,"upper_bound":2206653.616324067},"point_estimate":1652156.037068367,"standard_error":226314.86229481647},"slope":null,"std_dev":{"confidence_interval":{"confidence_level":0.95,"lower_bound":1848193.0578105394,"upper_bound":3580575.4158270606},"point_estimate":2677200.2371424944,"standard_error":467833.9843748478}}