{"mean":{"confidence_interval":{"confidence_level":0.95,"lower_bound":580276.7390692077,"upper_bound":586703.2003027378},"point_estimate":582927.208262293,"standard_error":1674.6269335484467},"median":{"confidence_interval":{"confidence_level":0.95,"lower_bound":578555.6666666666,"upper_bound":580024.3671875},"point_estimate":579340.231442577,"standard_error":360.79369575243857},"median_abs_dev":{"confidence_interval":{"confidence_level":0.95,"lower_bound":1756.3562824547773,"upper_bound":3091.0144075182834},"point_estimate":2352.3293946208087,"standard_error":351.1100754002564},"slope":{"confidence_interval":{"confidence_level":0.95,"lower_bound":578864.8945574552,"upper_bound":583168.0612527374},"point_estimate":580766.8497857249,"standard_error":1109.888967916336},"std_dev":{"confidence_interval":{"confidence_level":0.95,"lower_bound":5115.375528298964,"upper_bound":26840.734917280573},"point_estimate":16824.836064465446,"standard_error":6259.064392102771}}