{"mean":{"confidence_interval":{"confidence_level":0.95,"lower_bound":6635288.261375,"upper_bound":6679640.059937499},"point_estimate":6659063.0625,"standard_error":11340.883209915046},"median":{"confidence_interval":{"confidence_level":0.95,"lower_bound":6678769.0,"upper_bound":6705069.25},"point_estimate":6691312.875,"standard_error":6276.134291057253},"median_abs_dev":{"confidence_interval":{"confidence_level":0.95,"lower_bound":33645.938477665186,"upper_bound":59876.4678619802},"point_estimate":47422.5354205817,"standard_error":6978.027519196614},"slope":null,"std_dev":{"confidence_interval":{"confidence_level":0.95,"lower_bound":71219.20053499917,"upper_bound":149216.1316666618},"point_estimate":113897.43099954557,"standard_error":19832.948708735432}}