{"mean":{"confidence_interval":{"confidence_level":0.95,"lower_bound":6480.163914705624,"upper_bound":6680.42924489447},"point_estimate":6579.196463859993,"standard_error":51.1203038830506},"median":{"confidence_interval":{"confidence_level":0.95,"lower_bound":6161.283974107143,"upper_bound":7029.525814307459},"point_estimate":6176.177638888888,"standard_error":221.61277362513292},"median_abs_dev":{"confidence_interval":{"confidence_level":0.95,"lower_bound":52.81197761016299,"upper_bound":713.688776428284},"point_estimate":114.29615954134974,"standard_error":139.44356174954342},"slope":{"confidence_interval":{"confidence_level":0.95,"lower_bound":6467.911641264865,"upper_bound":6729.624086363476},"point_estimate":6598.3339305847,"standard_error":67.13779703545049},"std_dev":{"confidence_interval":{"confidence_level":0.95,"lower_bound":486.12398889824533,"upper_bound":528.206048513871},"point_estimate":513.4659602110781,"standard_error":10.558981590058828}}