{"mean":{"confidence_interval":{"confidence_level":0.95,"lower_bound":836218.0789978985,"upper_bound":852387.2998481542},"point_estimate":843607.0388660001,"standard_error":4133.169023448763},"median":{"confidence_interval":{"confidence_level":0.95,"lower_bound":831907.1655844155,"upper_bound":844901.375},"point_estimate":839155.0178571428,"standard_error":2808.078699211396},"median_abs_dev":{"confidence_interval":{"confidence_level":0.95,"lower_bound":17268.49599348615,"upper_bound":33973.4067952469},"point_estimate":23208.096872016467,"standard_error":4360.439078374684},"slope":{"confidence_interval":{"confidence_level":0.95,"lower_bound":833989.0143906556,"upper_bound":855807.2218140677},"point_estimate":843811.7209930546,"standard_error":5599.1492370417745},"std_dev":{"confidence_interval":{"confidence_level":0.95,"lower_bound":24032.343333742025,"upper_bound":59924.221742205526},"point_estimate":41691.620534020905,"standard_error":9776.623119421389}}