{"mean":{"confidence_interval":{"confidence_level":0.95,"lower_bound":156643.96059021857,"upper_bound":161636.20123706132},"point_estimate":158870.1474873864,"standard_error":1277.560093499476},"median":{"confidence_interval":{"confidence_level":0.95,"lower_bound":154749.4385088781,"upper_bound":155923.56259982253},"point_estimate":155077.27982954547,"standard_error":362.40734714667224},"median_abs_dev":{"confidence_interval":{"confidence_level":0.95,"lower_bound":2691.9032897012735,"upper_bound":4998.846022247268},"point_estimate":4095.6303941711417,"standard_error":589.783657419655},"slope":{"confidence_interval":{"confidence_level":0.95,"lower_bound":156384.5614947019,"upper_bound":161226.46552332555},"point_estimate":158448.32209799657,"standard_error":1249.6341239978406},"std_dev":{"confidence_interval":{"confidence_level":0.95,"lower_bound":7080.239567118,"upper_bound":18611.69943380663},"point_estimate":12851.476424468054,"standard_error":3198.8425930331555}}