{"mean":{"confidence_interval":{"confidence_level":0.95,"lower_bound":2216.0173092592727,"upper_bound":2268.2821437616694},"point_estimate":2241.003136196736,"standard_error":13.298803957196707},"median":{"confidence_interval":{"confidence_level":0.95,"lower_bound":2178.1390163934425,"upper_bound":2215.4532473306076},"point_estimate":2197.204609570129,"standard_error":10.308866211838042},"median_abs_dev":{"confidence_interval":{"confidence_level":0.95,"lower_bound":49.531059167975876,"upper_bound":106.08068719260004},"point_estimate":80.12216266767254,"standard_error":14.941919098632841},"slope":{"confidence_interval":{"confidence_level":0.95,"lower_bound":2224.778414622283,"upper_bound":2293.5473314992855},"point_estimate":2257.706288051015,"standard_error":17.599548546068995},"std_dev":{"confidence_interval":{"confidence_level":0.95,"lower_bound":99.43331954678551,"upper_bound":165.7749601296982},"point_estimate":134.19056714123198,"standard_error":16.986943311434636}}