{"mean":{"confidence_interval":{"confidence_level":0.95,"lower_bound":9303.40259580629,"upper_bound":9448.769298350566},"point_estimate":9368.88839053397,"standard_error":37.18834438511144},"median":{"confidence_interval":{"confidence_level":0.95,"lower_bound":9248.629192872117,"upper_bound":9331.663451346194},"point_estimate":9282.06432723461,"standard_error":21.333725925002046},"median_abs_dev":{"confidence_interval":{"confidence_level":0.95,"lower_bound":114.89929877892658,"upper_bound":201.46151800243848},"point_estimate":168.81139979638127,"standard_error":22.183962749714578},"slope":{"confidence_interval":{"confidence_level":0.95,"lower_bound":9279.350039134113,"upper_bound":9354.121390077065},"point_estimate":9314.731075000487,"standard_error":19.075464596444682},"std_dev":{"confidence_interval":{"confidence_level":0.95,"lower_bound":196.54810754145086,"upper_bound":533.9021921862684},"point_estimate":372.6620605912172,"standard_error":89.4171030664974}}