{"mean":{"confidence_interval":{"confidence_level":0.95,"lower_bound":1311891.7395946006,"upper_bound":1342056.940689654},"point_estimate":1326000.47659169,"standard_error":7722.15478113408},"median":{"confidence_interval":{"confidence_level":0.95,"lower_bound":1301137.2368421052,"upper_bound":1315866.3815789474},"point_estimate":1304600.3803030304,"standard_error":4364.875294543805},"median_abs_dev":{"confidence_interval":{"confidence_level":0.95,"lower_bound":26676.51729389557,"upper_bound":49175.973123807016},"point_estimate":38235.542122456274,"standard_error":5863.067438454234},"slope":{"confidence_interval":{"confidence_level":0.95,"lower_bound":1319562.8273612421,"upper_bound":1367374.156070537},"point_estimate":1342565.52517807,"standard_error":12229.996175453392},"std_dev":{"confidence_interval":{"confidence_level":0.95,"lower_bound":52314.597558782785,"upper_bound":99051.18461844425},"point_estimate":77381.6610029603,"standard_error":11951.68479738542}}