{"mean":{"confidence_interval":{"confidence_level":0.95,"lower_bound":238274.9149450919,"upper_bound":242966.1630218504},"point_estimate":240608.8913228673,"standard_error":1196.0882077056667},"median":{"confidence_interval":{"confidence_level":0.95,"lower_bound":239251.79897276638,"upper_bound":245984.117},"point_estimate":244018.63383838383,"standard_error":1949.087310414522},"median_abs_dev":{"confidence_interval":{"confidence_level":0.95,"lower_bound":7150.524267741691,"upper_bound":14010.390597071913},"point_estimate":9836.180570060393,"standard_error":1773.503117384083},"slope":{"confidence_interval":{"confidence_level":0.95,"lower_bound":241024.7813979298,"upper_bound":244789.78650882433},"point_estimate":243048.1124563322,"standard_error":961.0513156196716},"std_dev":{"confidence_interval":{"confidence_level":0.95,"lower_bound":10201.118683160952,"upper_bound":13768.574732833895},"point_estimate":12010.635978907538,"standard_error":913.1650776988773}}