{"mean":{"confidence_interval":{"confidence_level":0.95,"lower_bound":264337.71249240485,"upper_bound":280633.5268944531},"point_estimate":271866.50974325446,"standard_error":4166.5646566646765},"median":{"confidence_interval":{"confidence_level":0.95,"lower_bound":257056.2463235294,"upper_bound":265179.443877551},"point_estimate":260052.14583333334,"standard_error":2299.493728089991},"median_abs_dev":{"confidence_interval":{"confidence_level":0.95,"lower_bound":13445.510719717902,"upper_bound":24491.651075763217},"point_estimate":17308.83774827486,"standard_error":2780.970350637867},"slope":{"confidence_interval":{"confidence_level":0.95,"lower_bound":252327.89084958582,"upper_bound":258675.58499753542},"point_estimate":255431.87930397518,"standard_error":1615.3070351580861},"std_dev":{"confidence_interval":{"confidence_level":0.95,"lower_bound":25529.571981354893,"upper_bound":58381.51912440304},"point_estimate":41947.96522922441,"standard_error":8800.83106456399}}