{"mean":{"confidence_interval":{"confidence_level":0.95,"lower_bound":104876.73904946852,"upper_bound":109006.21777171023},"point_estimate":106877.67895415986,"standard_error":1055.8914997145591},"median":{"confidence_interval":{"confidence_level":0.95,"lower_bound":101640.18941764449,"upper_bound":107707.8},"point_estimate":104485.2265625,"standard_error":1427.034263739551},"median_abs_dev":{"confidence_interval":{"confidence_level":0.95,"lower_bound":6955.663700386905,"upper_bound":12119.862462271289},"point_estimate":8958.624646742088,"standard_error":1265.2908084306293},"slope":{"confidence_interval":{"confidence_level":0.95,"lower_bound":101943.4521647267,"upper_bound":106982.41755534995},"point_estimate":104257.64227634107,"standard_error":1291.0447811373494},"std_dev":{"confidence_interval":{"confidence_level":0.95,"lower_bound":8536.257968601307,"upper_bound":12557.312083053905},"point_estimate":10632.58758962904,"standard_error":1030.481231907879}}