{"mean":{"confidence_interval":{"confidence_level":0.95,"lower_bound":1788201.8758187634,"upper_bound":1866086.0957277974},"point_estimate":1823709.416277302,"standard_error":19907.84404489244},"median":{"confidence_interval":{"confidence_level":0.95,"lower_bound":1754374.066444884,"upper_bound":1809202.2727272727},"point_estimate":1774470.8269704434,"standard_error":13754.879306931767},"median_abs_dev":{"confidence_interval":{"confidence_level":0.95,"lower_bound":78496.1518244148,"upper_bound":125794.10217719218},"point_estimate":104951.49248522331,"standard_error":11852.37029134277},"slope":{"confidence_interval":{"confidence_level":0.95,"lower_bound":1732047.9487673189,"upper_bound":1771413.994374537},"point_estimate":1750857.742521058,"standard_error":10033.462995164207},"std_dev":{"confidence_interval":{"confidence_level":0.95,"lower_bound":113055.57192125874,"upper_bound":280615.1159495115},"point_estimate":200047.0129496824,"standard_error":43786.543310664834}}