{"mean":{"confidence_interval":{"confidence_level":0.95,"lower_bound":573900.183916774,"upper_bound":602456.2798259844},"point_estimate":587112.210441438,"standard_error":7308.203134606745},"median":{"confidence_interval":{"confidence_level":0.95,"lower_bound":554583.26,"upper_bound":575061.4725274725},"point_estimate":568898.239359319,"standard_error":5302.250179196069},"median_abs_dev":{"confidence_interval":{"confidence_level":0.95,"lower_bound":32129.66049034866,"upper_bound":59423.097577275024},"point_estimate":49859.90517911192,"standard_error":7369.866007776446},"slope":{"confidence_interval":{"confidence_level":0.95,"lower_bound":561990.1837119021,"upper_bound":582634.6540841669},"point_estimate":572088.0888828137,"standard_error":5257.563599464307},"std_dev":{"confidence_interval":{"confidence_level":0.95,"lower_bound":48609.292250836916,"upper_bound":99623.99988178142},"point_estimate":73194.54908604299,"standard_error":13912.81888552457}}