{"mean":{"confidence_interval":{"confidence_level":0.95,"lower_bound":3758619.0267142854,"upper_bound":3789634.1935892873},"point_estimate":3773852.859285715,"standard_error":7877.349087871741},"median":{"confidence_interval":{"confidence_level":0.95,"lower_bound":3753004.3571428573,"upper_bound":3773012.5357142854},"point_estimate":3760395.0714285714,"standard_error":5126.015235416895},"median_abs_dev":{"confidence_interval":{"confidence_level":0.95,"lower_bound":29171.63708210026,"upper_bound":54147.145588696},"point_estimate":37734.12848008555,"standard_error":6252.211358794995},"slope":null,"std_dev":{"confidence_interval":{"confidence_level":0.95,"lower_bound":51806.759608349326,"upper_bound":103585.97348242612},"point_estimate":79049.00178457375,"standard_error":13250.335499223196}}