{"mean":{"confidence_interval":{"confidence_level":0.95,"lower_bound":928494.8256901692,"upper_bound":945985.8403682946},"point_estimate":936443.804070602,"standard_error":4475.102236217439},"median":{"confidence_interval":{"confidence_level":0.95,"lower_bound":921865.7368421053,"upper_bound":928833.695496633},"point_estimate":925311.3827083333,"standard_error":1620.0594407301805},"median_abs_dev":{"confidence_interval":{"confidence_level":0.95,"lower_bound":12519.96260740989,"upper_bound":22174.596670705418},"point_estimate":18005.693327115983,"standard_error":2548.2687889230638},"slope":{"confidence_interval":{"confidence_level":0.95,"lower_bound":932708.777576147,"upper_bound":951900.2705407947},"point_estimate":941885.2603044185,"standard_error":4913.26363479286},"std_dev":{"confidence_interval":{"confidence_level":0.95,"lower_bound":25678.65167381825,"upper_bound":63023.63312053744},"point_estimate":45002.451665176566,"standard_error":9784.691953105854}}