{"mean":{"confidence_interval":{"confidence_level":0.95,"lower_bound":101298.59282202243,"upper_bound":106253.14136244728},"point_estimate":103637.83495897702,"standard_error":1266.2961551288759},"median":{"confidence_interval":{"confidence_level":0.95,"lower_bound":98058.48236621535,"upper_bound":101386.63430059524},"point_estimate":99246.15501886792,"standard_error":893.9478187794724},"median_abs_dev":{"confidence_interval":{"confidence_level":0.95,"lower_bound":4681.01057190909,"upper_bound":8837.771821063448},"point_estimate":6407.940486602985,"standard_error":1077.1997015862385},"slope":{"confidence_interval":{"confidence_level":0.95,"lower_bound":99512.77592205862,"upper_bound":103413.36433127694},"point_estimate":101389.5393769765,"standard_error":1000.7380274989692},"std_dev":{"confidence_interval":{"confidence_level":0.95,"lower_bound":9177.100562692996,"upper_bound":15831.161533391542},"point_estimate":12725.17065717657,"standard_error":1699.9719476621517}}