{"mean":{"confidence_interval":{"confidence_level":0.95,"lower_bound":350521.0637623318,"upper_bound":378574.86026605655},"point_estimate":361127.570328659,"standard_error":7711.872721783022},"median":{"confidence_interval":{"confidence_level":0.95,"lower_bound":343033.13333333336,"upper_bound":350967.6984126984},"point_estimate":347127.8395959596,"standard_error":1818.3516341150125},"median_abs_dev":{"confidence_interval":{"confidence_level":0.95,"lower_bound":10557.172269006309,"upper_bound":19860.280537328876},"point_estimate":15787.359042566775,"standard_error":2329.3661384859265},"slope":{"confidence_interval":{"confidence_level":0.95,"lower_bound":346754.7212219322,"upper_bound":355814.5592144301},"point_estimate":351038.3832362938,"standard_error":2310.153281724888},"std_dev":{"confidence_interval":{"confidence_level":0.95,"lower_bound":17548.384776951774,"upper_bound":129674.26936871026},"point_estimate":77521.44801762144,"standard_error":38185.5541413981}}