{"mean":{"confidence_interval":{"confidence_level":0.95,"lower_bound":2942.55376333499,"upper_bound":2947.827748255866},"point_estimate":2945.17067738457,"standard_error":1.3472861379368852},"median":{"confidence_interval":{"confidence_level":0.95,"lower_bound":2943.1726363309554,"upper_bound":2948.4627805145046},"point_estimate":2945.5133366052332,"standard_error":1.3271917632838979},"median_abs_dev":{"confidence_interval":{"confidence_level":0.95,"lower_bound":8.042654569835685,"upper_bound":14.506908845712044},"point_estimate":11.813708403710216,"standard_error":1.6268476417897633},"slope":{"confidence_interval":{"confidence_level":0.95,"lower_bound":2942.4840524886313,"upper_bound":2948.5167354025157},"point_estimate":2945.5370304154617,"standard_error":1.5419874183547049},"std_dev":{"confidence_interval":{"confidence_level":0.95,"lower_bound":11.361812753664976,"upper_bound":15.560736305407982},"point_estimate":13.56009559376216,"standard_error":1.0776527821966106}}