{"mean":{"confidence_interval":{"confidence_level":0.95,"lower_bound":194664.34304006482,"upper_bound":200589.1756123218},"point_estimate":197329.6900727962,"standard_error":1515.242965922424},"median":{"confidence_interval":{"confidence_level":0.95,"lower_bound":191693.8774509804,"upper_bound":196295.2619047619},"point_estimate":193544.93026951439,"standard_error":1105.4333362432567},"median_abs_dev":{"confidence_interval":{"confidence_level":0.95,"lower_bound":5778.298586875876,"upper_bound":10177.184048639758},"point_estimate":8201.207546268144,"standard_error":1160.1876375268478},"slope":{"confidence_interval":{"confidence_level":0.95,"lower_bound":191066.85491090192,"upper_bound":194454.26928748057},"point_estimate":192712.6578730112,"standard_error":862.002864729006},"std_dev":{"confidence_interval":{"confidence_level":0.95,"lower_bound":8767.485539128114,"upper_bound":22044.334206989402},"point_estimate":15233.030165668903,"standard_error":3722.7920509930523}}