{"mean":{"confidence_interval":{"confidence_level":0.95,"lower_bound":2088669.5681931807,"upper_bound":2106234.07428409},"point_estimate":2097304.08909091,"standard_error":4495.0948801761715},"median":{"confidence_interval":{"confidence_level":0.95,"lower_bound":2080689.7727272727,"upper_bound":2099464.8863636367},"point_estimate":2089485.2727272727,"standard_error":5069.271752526808},"median_abs_dev":{"confidence_interval":{"confidence_level":0.95,"lower_bound":27330.517478422607,"upper_bound":47477.1641752943},"point_estimate":35073.83388186046,"standard_error":4847.692294532117},"slope":null,"std_dev":{"confidence_interval":{"confidence_level":0.95,"lower_bound":38213.53467866958,"upper_bound":51478.5870537784},"point_estimate":45147.370921281814,"standard_error":3399.845200989574}}