{"mean":{"confidence_interval":{"confidence_level":0.95,"lower_bound":36995715.944125004,"upper_bound":37428614.643625},"point_estimate":37209874.135,"standard_error":110210.5261123424},"median":{"confidence_interval":{"confidence_level":0.95,"lower_bound":36861227.5,"upper_bound":37393460.25},"point_estimate":37188496.75,"standard_error":149454.1202487271},"median_abs_dev":{"confidence_interval":{"confidence_level":0.95,"lower_bound":770665.4738679528,"upper_bound":1286639.9167075753},"point_estimate":976006.6821724176,"standard_error":135028.78391958433},"slope":null,"std_dev":{"confidence_interval":{"confidence_level":0.95,"lower_bound":898488.2599709625,"upper_bound":1330434.6627478274},"point_estimate":1105629.0312703843,"standard_error":111917.19275179956}}