{"mean":{"confidence_interval":{"confidence_level":0.95,"lower_bound":49642.54191333497,"upper_bound":49971.06756776566},"point_estimate":49805.72014744494,"standard_error":83.94167838212229},"median":{"confidence_interval":{"confidence_level":0.95,"lower_bound":49733.09696969697,"upper_bound":50010.41872180451},"point_estimate":49884.94830238359,"standard_error":77.00486199937376},"median_abs_dev":{"confidence_interval":{"confidence_level":0.95,"lower_bound":567.3411666698237,"upper_bound":867.8916468242838},"point_estimate":684.9974670002018,"standard_error":79.22810676523477},"slope":{"confidence_interval":{"confidence_level":0.95,"lower_bound":49459.213402631365,"upper_bound":49841.280432200474},"point_estimate":49651.21054943106,"standard_error":97.63299808344539},"std_dev":{"confidence_interval":{"confidence_level":0.95,"lower_bound":672.5716266610821,"upper_bound":1000.5760275140343},"point_estimate":840.2618926785287,"standard_error":83.71721804656184}}