{"mean":{"confidence_interval":{"confidence_level":0.95,"lower_bound":125313.83095495048,"upper_bound":127936.39895528123},"point_estimate":126465.93478836266,"standard_error":674.4935009004689},"median":{"confidence_interval":{"confidence_level":0.95,"lower_bound":124708.90843023256,"upper_bound":125957.5064102564},"point_estimate":125386.63920802696,"standard_error":328.9332882765343},"median_abs_dev":{"confidence_interval":{"confidence_level":0.95,"lower_bound":1740.9555860649052,"upper_bound":3109.800580801152},"point_estimate":2346.0086654560437,"standard_error":347.1804904937074},"slope":{"confidence_interval":{"confidence_level":0.95,"lower_bound":125128.30486608668,"upper_bound":128483.01881406884},"point_estimate":126416.73632222551,"standard_error":894.8717914608293},"std_dev":{"confidence_interval":{"confidence_level":0.95,"lower_bound":2951.875510683527,"upper_bound":10074.778137531719},"point_estimate":6764.362891099049,"standard_error":1906.3372713579395}}