{"mean":{"confidence_interval":{"confidence_level":0.95,"lower_bound":786395.5240518943,"upper_bound":830532.1004207161},"point_estimate":806269.7319733603,"standard_error":11296.772563458226},"median":{"confidence_interval":{"confidence_level":0.95,"lower_bound":770253.3902777778,"upper_bound":787129.2436698718},"point_estimate":776580.5523041475,"standard_error":4480.756768394556},"median_abs_dev":{"confidence_interval":{"confidence_level":0.95,"lower_bound":25967.32550464759,"upper_bound":47520.83879059958},"point_estimate":32352.421891629743,"standard_error":5658.222760151574},"slope":{"confidence_interval":{"confidence_level":0.95,"lower_bound":764485.8790524917,"upper_bound":795843.9986121528},"point_estimate":778556.9724072706,"standard_error":8028.790864224992},"std_dev":{"confidence_interval":{"confidence_level":0.95,"lower_bound":60302.31665445803,"upper_bound":160550.8731573874},"point_estimate":113230.21632360302,"standard_error":26170.089028383365}}