{"mean":{"confidence_interval":{"confidence_level":0.95,"lower_bound":308076.79120863986,"upper_bound":315887.25936607015},"point_estimate":311823.2650315833,"standard_error":1992.341229021549},"median":{"confidence_interval":{"confidence_level":0.95,"lower_bound":302606.0865384615,"upper_bound":307007.2745777027},"point_estimate":304258.2838552577,"standard_error":1167.379072495331},"median_abs_dev":{"confidence_interval":{"confidence_level":0.95,"lower_bound":8692.593511320654,"upper_bound":17473.381779132313},"point_estimate":13651.647897439843,"standard_error":2236.908802591286},"slope":{"confidence_interval":{"confidence_level":0.95,"lower_bound":305414.09685826296,"upper_bound":312570.0916818262},"point_estimate":308982.2430523127,"standard_error":1822.6887180104638},"std_dev":{"confidence_interval":{"confidence_level":0.95,"lower_bound":15669.88315688578,"upper_bound":23832.857969224522},"point_estimate":19997.26098903735,"standard_error":2089.0195842915136}}