{"mean":{"confidence_interval":{"confidence_level":0.95,"lower_bound":177123.42410138855,"upper_bound":179332.5547616848},"point_estimate":178088.79669406998,"standard_error":570.040054551696},"median":{"confidence_interval":{"confidence_level":0.95,"lower_bound":176583.32795698923,"upper_bound":177241.04480286737},"point_estimate":176865.18589743588,"standard_error":164.2396077181945},"median_abs_dev":{"confidence_interval":{"confidence_level":0.95,"lower_bound":1206.1198721356843,"upper_bound":2153.3732140402562},"point_estimate":1544.9794942446856,"standard_error":274.975560365458},"slope":{"confidence_interval":{"confidence_level":0.95,"lower_bound":176470.44207355718,"upper_bound":177462.68481223477},"point_estimate":176936.9936643515,"standard_error":253.57078453044903},"std_dev":{"confidence_interval":{"confidence_level":0.95,"lower_bound":2284.0508770435918,"upper_bound":8698.937328687794},"point_estimate":5735.064366767293,"standard_error":1694.5823411580961}}