{"mean":{"confidence_interval":{"confidence_level":0.95,"lower_bound":86787.27722381052,"upper_bound":90094.05925047751},"point_estimate":88330.84593682415,"standard_error":846.5410847985194},"median":{"confidence_interval":{"confidence_level":0.95,"lower_bound":84332.35185185185,"upper_bound":86801.05262119908},"point_estimate":85148.13354700855,"standard_error":579.2331232281258},"median_abs_dev":{"confidence_interval":{"confidence_level":0.95,"lower_bound":2886.3461933294843,"upper_bound":5916.554573085163},"point_estimate":3920.1398519390427,"standard_error":716.9511319796362},"slope":{"confidence_interval":{"confidence_level":0.95,"lower_bound":88588.608457763,"upper_bound":94755.46858911832},"point_estimate":91306.65585710063,"standard_error":1598.0178925296987},"std_dev":{"confidence_interval":{"confidence_level":0.95,"lower_bound":5793.897518636016,"upper_bound":11348.019591820928},"point_estimate":8510.717739937008,"standard_error":1477.7619710447216}}