{"mean":{"confidence_interval":{"confidence_level":0.95,"lower_bound":753288.7943125196,"upper_bound":794038.577776132},"point_estimate":772377.8362214614,"standard_error":10404.302917754772},"median":{"confidence_interval":{"confidence_level":0.95,"lower_bound":721172.5384615385,"upper_bound":754674.7857142857},"point_estimate":735827.06875,"standard_error":8690.9830873891},"median_abs_dev":{"confidence_interval":{"confidence_level":0.95,"lower_bound":37887.753817798926,"upper_bound":79592.19635810991},"point_estimate":54928.47376964363,"standard_error":10935.783882569225},"slope":{"confidence_interval":{"confidence_level":0.95,"lower_bound":757065.4596609294,"upper_bound":800565.6701878519},"point_estimate":778334.8764977094,"standard_error":11082.09494735663},"std_dev":{"confidence_interval":{"confidence_level":0.95,"lower_bound":71011.0072172963,"upper_bound":139997.94895935492},"point_estimate":105133.34794882643,"standard_error":18211.6544538655}}