{"mean":{"confidence_interval":{"confidence_level":0.95,"lower_bound":1008.8538411587117,"upper_bound":1040.3849561957013},"point_estimate":1022.2503804726139,"standard_error":8.131844842703858},"median":{"confidence_interval":{"confidence_level":0.95,"lower_bound":993.6353886922653,"upper_bound":1015.7727296329551},"point_estimate":1004.6860057190895,"standard_error":5.699617354476005},"median_abs_dev":{"confidence_interval":{"confidence_level":0.95,"lower_bound":29.173449221942008,"upper_bound":56.21089157226126},"point_estimate":43.03117141858945,"standard_error":7.181351539416476},"slope":{"confidence_interval":{"confidence_level":0.95,"lower_bound":1006.7392710080879,"upper_bound":1025.6264108734686},"point_estimate":1015.6521642543105,"standard_error":4.806524796162547},"std_dev":{"confidence_interval":{"confidence_level":0.95,"lower_bound":38.840665472712935,"upper_bound":126.56238948923918},"point_estimate":81.45537062925261,"standard_error":28.114773197067947}}