{"mean":{"confidence_interval":{"confidence_level":0.95,"lower_bound":4304359.236395832,"upper_bound":4342229.835500001},"point_estimate":4323380.221666668,"standard_error":9692.094545265953},"median":{"confidence_interval":{"confidence_level":0.95,"lower_bound":4307314.583333333,"upper_bound":4364151.333333333},"point_estimate":4331782.708333334,"standard_error":13924.677460602368},"median_abs_dev":{"confidence_interval":{"confidence_level":0.95,"lower_bound":65121.165268866825,"upper_bound":114433.11991840624},"point_estimate":96980.38545325398,"standard_error":13064.331470515754},"slope":null,"std_dev":{"confidence_interval":{"confidence_level":0.95,"lower_bound":84521.65627360521,"upper_bound":107794.21571071351},"point_estimate":96927.67326605984,"standard_error":5944.997995203169}}