{"mean":{"confidence_interval":{"confidence_level":0.95,"lower_bound":27929321.23125,"upper_bound":30328813.699624997},"point_estimate":29038247.15,"standard_error":611996.172796755},"median":{"confidence_interval":{"confidence_level":0.95,"lower_bound":27201120.25,"upper_bound":29030392.0},"point_estimate":27897228.5,"standard_error":497841.1669211619},"median_abs_dev":{"confidence_interval":{"confidence_level":0.95,"lower_bound":2250787.948860527,"upper_bound":3871855.791860819},"point_estimate":2916345.6836745143,"standard_error":423310.7280870309},"slope":null,"std_dev":{"confidence_interval":{"confidence_level":0.95,"lower_bound":3393023.1478100913,"upper_bound":8612166.669566948},"point_estimate":6140517.237365373,"standard_error":1352573.1220426809}}