{"mean":{"confidence_interval":{"confidence_level":0.95,"lower_bound":429137.7951353963,"upper_bound":437900.2102228686},"point_estimate":433402.22565037734,"standard_error":2242.3815138182526},"median":{"confidence_interval":{"confidence_level":0.95,"lower_bound":427854.3333333333,"upper_bound":435058.4675925926},"point_estimate":430747.911965812,"standard_error":1825.743065051882},"median_abs_dev":{"confidence_interval":{"confidence_level":0.95,"lower_bound":13556.860447725334,"upper_bound":22799.220206741753},"point_estimate":18670.68971465708,"standard_error":2244.6538594677727},"slope":{"confidence_interval":{"confidence_level":0.95,"lower_bound":426132.8721752378,"upper_bound":434495.5447460028},"point_estimate":430117.3630126595,"standard_error":2138.029361998505},"std_dev":{"confidence_interval":{"confidence_level":0.95,"lower_bound":16873.0825177562,"upper_bound":28176.362999592842},"point_estimate":22611.30436744963,"standard_error":2903.0768031118014}}