{"mean":{"confidence_interval":{"confidence_level":0.95,"lower_bound":247923.12068743113,"upper_bound":256905.30226920627},"point_estimate":252120.88053473207,"standard_error":2290.62320205443},"median":{"confidence_interval":{"confidence_level":0.95,"lower_bound":243150.475,"upper_bound":250763.45554079697},"point_estimate":246993.075,"standard_error":2106.440685869102},"median_abs_dev":{"confidence_interval":{"confidence_level":0.95,"lower_bound":12236.95916048771,"upper_bound":20883.061220076812},"point_estimate":16778.003098901245,"standard_error":2328.344687260767},"slope":{"confidence_interval":{"confidence_level":0.95,"lower_bound":246287.85978467297,"upper_bound":256535.8328600397},"point_estimate":250958.03873917542,"standard_error":2607.020568273195},"std_dev":{"confidence_interval":{"confidence_level":0.95,"lower_bound":15416.85463081037,"upper_bound":31214.476470614405},"point_estimate":23033.44519147864,"standard_error":4261.442035583789}}