{"mean":{"confidence_interval":{"confidence_level":0.95,"lower_bound":9391357.529624999,"upper_bound":9514627.317375002},"point_estimate":9450611.028333332,"standard_error":31402.902309665707},"median":{"confidence_interval":{"confidence_level":0.95,"lower_bound":9348829.5,"upper_bound":9499548.833333334},"point_estimate":9420239.166666668,"standard_error":38178.50216061607},"median_abs_dev":{"confidence_interval":{"confidence_level":0.95,"lower_bound":220343.7609881172,"upper_bound":340263.3718366203},"point_estimate":277115.72628021514,"standard_error":30235.633431304286},"slope":null,"std_dev":{"confidence_interval":{"confidence_level":0.95,"lower_bound":238479.04497142186,"upper_bound":392654.64013431326},"point_estimate":315777.1107385824,"standard_error":39861.597219951575}}