{"mean":{"confidence_interval":{"confidence_level":0.95,"lower_bound":167170.9567901587,"upper_bound":175746.90098671825},"point_estimate":171138.2805673922,"standard_error":2185.0233151321013},"median":{"confidence_interval":{"confidence_level":0.95,"lower_bound":164129.65555555557,"upper_bound":168475.53333333333},"point_estimate":165974.68908450703,"standard_error":1140.162131620872},"median_abs_dev":{"confidence_interval":{"confidence_level":0.95,"lower_bound":6777.83726862515,"upper_bound":13973.280714591334},"point_estimate":10280.364980843831,"standard_error":1944.5002103861996},"slope":{"confidence_interval":{"confidence_level":0.95,"lower_bound":164197.88304553906,"upper_bound":171865.813654482},"point_estimate":167994.3377956751,"standard_error":1948.9851206617818},"std_dev":{"confidence_interval":{"confidence_level":0.95,"lower_bound":12989.950003635888,"upper_bound":31522.385305853124},"point_estimate":21930.52920561415,"standard_error":5075.652012184735}}