{"mean":{"confidence_interval":{"confidence_level":0.95,"lower_bound":1942775.1375856583,"upper_bound":2163740.506774335},"point_estimate":2039446.1362094104,"standard_error":57146.31819181874},"median":{"confidence_interval":{"confidence_level":0.95,"lower_bound":1885009.7166666668,"upper_bound":1981400.38},"point_estimate":1915391.5392857143,"standard_error":23756.814010927308},"median_abs_dev":{"confidence_interval":{"confidence_level":0.95,"lower_bound":135209.54847332707,"upper_bound":235872.23358508488},"point_estimate":180459.6106043467,"standard_error":26380.91075023901},"slope":{"confidence_interval":{"confidence_level":0.95,"lower_bound":1846444.7333874663,"upper_bound":1922763.2671414143},"point_estimate":1883525.0055800206,"standard_error":19492.87454854563},"std_dev":{"confidence_interval":{"confidence_level":0.95,"lower_bound":233935.9828462756,"upper_bound":877285.155563366},"point_estimate":575778.0303569125,"standard_error":174900.65453237295}}