{"mean":{"confidence_interval":{"confidence_level":0.95,"lower_bound":285276.9414149384,"upper_bound":296453.48278942576},"point_estimate":290397.81785411615,"standard_error":2867.3048120484473},"median":{"confidence_interval":{"confidence_level":0.95,"lower_bound":281358.1836466165,"upper_bound":287147.56481481483},"point_estimate":283650.7413277512,"standard_error":1531.2783617378457},"median_abs_dev":{"confidence_interval":{"confidence_level":0.95,"lower_bound":8963.625981183939,"upper_bound":18338.637546556714},"point_estimate":13884.851713866976,"standard_error":2384.6384075710716},"slope":{"confidence_interval":{"confidence_level":0.95,"lower_bound":287635.2334082067,"upper_bound":301171.8960999132},"point_estimate":293733.6175498744,"standard_error":3485.1175322830495},"std_dev":{"confidence_interval":{"confidence_level":0.95,"lower_bound":16989.620641025827,"upper_bound":39728.705751385496},"point_estimate":28891.844828733003,"standard_error":5888.916096100169}}