{"mean":{"confidence_interval":{"confidence_level":0.95,"lower_bound":261679.4542034705,"upper_bound":274737.4500697534},"point_estimate":267852.39579452033,"standard_error":3348.7236472430222},"median":{"confidence_interval":{"confidence_level":0.95,"lower_bound":254885.66370370373,"upper_bound":263520.7657258065},"point_estimate":258751.3997395833,"standard_error":2531.889023981586},"median_abs_dev":{"confidence_interval":{"confidence_level":0.95,"lower_bound":13469.371621666309,"upper_bound":23466.021419470453},"point_estimate":18355.055141091703,"standard_error":2577.039832217756},"slope":{"confidence_interval":{"confidence_level":0.95,"lower_bound":255591.24491772774,"upper_bound":266456.45428886416},"point_estimate":260563.4082798877,"standard_error":2755.724408126142},"std_dev":{"confidence_interval":{"confidence_level":0.95,"lower_bound":23382.83561176606,"upper_bound":42345.28953364701},"point_estimate":33722.28596665267,"standard_error":4850.206785808795}}