{"mean":{"confidence_interval":{"confidence_level":0.95,"lower_bound":520372.21114708687,"upper_bound":532403.6792416158},"point_estimate":526274.9745768736,"standard_error":3053.2459242103077},"median":{"confidence_interval":{"confidence_level":0.95,"lower_bound":515484.48214285716,"upper_bound":527133.1201923077},"point_estimate":522021.54816326534,"standard_error":2820.3826436981303},"median_abs_dev":{"confidence_interval":{"confidence_level":0.95,"lower_bound":20467.041933095632,"upper_bound":33697.42030760903},"point_estimate":26561.331008557685,"standard_error":3289.421581708944},"slope":{"confidence_interval":{"confidence_level":0.95,"lower_bound":521599.65218140604,"upper_bound":537937.3032318392},"point_estimate":529840.0585355401,"standard_error":4175.383336447284},"std_dev":{"confidence_interval":{"confidence_level":0.95,"lower_bound":25982.533804438317,"upper_bound":35052.85616111626},"point_estimate":30818.59530567493,"standard_error":2316.446544658721}}