{"mean":{"confidence_interval":{"confidence_level":0.95,"lower_bound":3109111.9260789463,"upper_bound":3262711.7474605264},"point_estimate":3182169.6478947345,"standard_error":39005.4164919887},"median":{"confidence_interval":{"confidence_level":0.95,"lower_bound":3041608.236842105,"upper_bound":3198166.3947368423},"point_estimate":3122611.0,"standard_error":36090.54361569217},"median_abs_dev":{"confidence_interval":{"confidence_level":0.95,"lower_bound":243935.13886928558,"upper_bound":377056.85412695527},"point_estimate":315139.07044200506,"standard_error":33441.21392328565},"slope":null,"std_dev":{"confidence_interval":{"confidence_level":0.95,"lower_bound":284135.70298414724,"upper_bound":503628.7970885738},"point_estimate":390702.78953530476,"standard_error":57872.966213325126}}