{"mean":{"confidence_interval":{"confidence_level":0.95,"lower_bound":1028411.5319090054,"upper_bound":1049000.568301556},"point_estimate":1037509.7470018045,"standard_error":5275.542343337795},"median":{"confidence_interval":{"confidence_level":0.95,"lower_bound":1018213.7953778678,"upper_bound":1023626.8594831096},"point_estimate":1021067.9851351351,"standard_error":1537.154491587955},"median_abs_dev":{"confidence_interval":{"confidence_level":0.95,"lower_bound":6689.194418685307,"upper_bound":13834.03044636804},"point_estimate":9302.268447692573,"standard_error":1793.5298458890436},"slope":{"confidence_interval":{"confidence_level":0.95,"lower_bound":1020966.4994853057,"upper_bound":1041421.2061751516},"point_estimate":1030694.8789951234,"standard_error":5229.052529868727},"std_dev":{"confidence_interval":{"confidence_level":0.95,"lower_bound":27242.502974623505,"upper_bound":78592.60230457474},"point_estimate":53041.525008778786,"standard_error":14400.750586252907}}