{"mean":{"confidence_interval":{"confidence_level":0.95,"lower_bound":135466.2158001132,"upper_bound":143265.12117414322},"point_estimate":139050.27764484702,"standard_error":1992.707385692166},"median":{"confidence_interval":{"confidence_level":0.95,"lower_bound":130828.505,"upper_bound":137060.7078313253},"point_estimate":135422.3440614618,"standard_error":1751.9975128830188},"median_abs_dev":{"confidence_interval":{"confidence_level":0.95,"lower_bound":8147.595307834491,"upper_bound":14306.967042739432},"point_estimate":11237.35002186488,"standard_error":1651.1447671704875},"slope":{"confidence_interval":{"confidence_level":0.95,"lower_bound":131218.64405786237,"upper_bound":137809.1976155184},"point_estimate":134099.03313506723,"standard_error":1683.305646069993},"std_dev":{"confidence_interval":{"confidence_level":0.95,"lower_bound":11902.292264050635,"upper_bound":28419.604032786996},"point_estimate":20183.46891689234,"standard_error":4403.033888341834}}