{"mean":{"confidence_interval":{"confidence_level":0.95,"lower_bound":119603.41672649737,"upper_bound":128226.88211043758},"point_estimate":123304.6232451919,"standard_error":2225.541086549549},"median":{"confidence_interval":{"confidence_level":0.95,"lower_bound":116478.78987150415,"upper_bound":119544.02071563089},"point_estimate":117739.18402777778,"standard_error":747.312286452978},"median_abs_dev":{"confidence_interval":{"confidence_level":0.95,"lower_bound":3451.1140380516877,"upper_bound":6296.850314394191},"point_estimate":4423.1523715004,"standard_error":703.8758417111661},"slope":{"confidence_interval":{"confidence_level":0.95,"lower_bound":117116.43426385622,"upper_bound":127571.50972694295},"point_estimate":120876.44927901746,"standard_error":2894.836940785142},"std_dev":{"confidence_interval":{"confidence_level":0.95,"lower_bound":7389.832417301258,"upper_bound":33660.94548000893},"point_estimate":22459.456646868137,"standard_error":6991.077866586104}}