{"mean":{"confidence_interval":{"confidence_level":0.95,"lower_bound":60869.441681070166,"upper_bound":61364.27875031746},"point_estimate":61092.70857979373,"standard_error":126.28525008345144},"median":{"confidence_interval":{"confidence_level":0.95,"lower_bound":60973.59749168514,"upper_bound":61262.92125},"point_estimate":61121.4728021978,"standard_error":66.40901134082421},"median_abs_dev":{"confidence_interval":{"confidence_level":0.95,"lower_bound":448.38186487617025,"upper_bound":799.5345362980347},"point_estimate":599.493086407761,"standard_error":85.69440783158932},"slope":{"confidence_interval":{"confidence_level":0.95,"lower_bound":61199.840795703334,"upper_bound":61476.31262688877},"point_estimate":61331.82075402689,"standard_error":70.3503105398074},"std_dev":{"confidence_interval":{"confidence_level":0.95,"lower_bound":717.6003792021473,"upper_bound":1865.6725234801056},"point_estimate":1271.7122125066946,"standard_error":329.8692321690023}}