{"mean":{"confidence_interval":{"confidence_level":0.95,"lower_bound":240466.50596167153,"upper_bound":247387.62836248006},"point_estimate":244032.74758076094,"standard_error":1772.4584224008627},"median":{"confidence_interval":{"confidence_level":0.95,"lower_bound":242966.5951923077,"upper_bound":249552.52777777778},"point_estimate":245413.66435185185,"standard_error":1556.5474118591585},"median_abs_dev":{"confidence_interval":{"confidence_level":0.95,"lower_bound":11848.341058505835,"upper_bound":22766.580772161746},"point_estimate":16179.088425263755,"standard_error":2809.985498566316},"slope":{"confidence_interval":{"confidence_level":0.95,"lower_bound":251069.88934582987,"upper_bound":257264.15323724845},"point_estimate":254418.22759051278,"standard_error":1587.9666957928373},"std_dev":{"confidence_interval":{"confidence_level":0.95,"lower_bound":14571.483758958766,"upper_bound":21239.8682777162},"point_estimate":17897.344653090306,"standard_error":1725.1281034093674}}