{"mean":{"confidence_interval":{"confidence_level":0.95,"lower_bound":630301.458864578,"upper_bound":660878.6957130098},"point_estimate":643920.93557535,"standard_error":7857.603755047562},"median":{"confidence_interval":{"confidence_level":0.95,"lower_bound":615866.3289473684,"upper_bound":635666.4751838236},"point_estimate":623844.9645969499,"standard_error":5418.205343675129},"median_abs_dev":{"confidence_interval":{"confidence_level":0.95,"lower_bound":25563.841308350078,"upper_bound":42850.70050429846},"point_estimate":35088.565265353296,"standard_error":4579.408405546235},"slope":{"confidence_interval":{"confidence_level":0.95,"lower_bound":612178.3816315524,"upper_bound":628977.1516701005},"point_estimate":620040.6797709472,"standard_error":4279.727502296232},"std_dev":{"confidence_interval":{"confidence_level":0.95,"lower_bound":40302.36795736228,"upper_bound":117086.34103856221},"point_estimate":79108.80458350491,"standard_error":21253.129540256814}}