{"mean":{"confidence_interval":{"confidence_level":0.95,"lower_bound":1804513.7535321086,"upper_bound":1894798.531401246},"point_estimate":1845823.4395894525,"standard_error":23043.036098025827},"median":{"confidence_interval":{"confidence_level":0.95,"lower_bound":1769140.3396313363,"upper_bound":1829487.8838522066},"point_estimate":1798846.666833167,"standard_error":15817.467568025835},"median_abs_dev":{"confidence_interval":{"confidence_level":0.95,"lower_bound":88261.68300668508,"upper_bound":161855.25459235557},"point_estimate":117773.6193874921,"standard_error":18544.082687647806},"slope":{"confidence_interval":{"confidence_level":0.95,"lower_bound":1753196.6400270525,"upper_bound":1805206.4380917528},"point_estimate":1779006.0137017881,"standard_error":13267.881747150388},"std_dev":{"confidence_interval":{"confidence_level":0.95,"lower_bound":143642.64348000856,"upper_bound":325447.0233429501},"point_estimate":231769.3353149815,"standard_error":50174.92690600984}}