{"mean":{"confidence_interval":{"confidence_level":0.95,"lower_bound":2868208.1347916657,"upper_bound":2882718.027013889},"point_estimate":2875326.8100000005,"standard_error":3691.2280308433706},"median":{"confidence_interval":{"confidence_level":0.95,"lower_bound":2865612.722222222,"upper_bound":2879190.6944444445},"point_estimate":2870862.8333333335,"standard_error":3794.1314654613047},"median_abs_dev":{"confidence_interval":{"confidence_level":0.95,"lower_bound":22581.06836577226,"upper_bound":36913.07402799523},"point_estimate":31003.18343291699,"standard_error":3530.726349622031},"slope":null,"std_dev":{"confidence_interval":{"confidence_level":0.95,"lower_bound":29922.524873486942,"upper_bound":43334.155650316934},"point_estimate":36994.101115586534,"standard_error":3419.414639356448}}