{"mean":{"confidence_interval":{"confidence_level":0.95,"lower_bound":30767563.89275,"upper_bound":30797522.432375003},"point_estimate":30782273.76,"standard_error":7634.101127796927},"median":{"confidence_interval":{"confidence_level":0.95,"lower_bound":30756912.0,"upper_bound":30799214.75},"point_estimate":30783939.75,"standard_error":9489.511035291242},"median_abs_dev":{"confidence_interval":{"confidence_level":0.95,"lower_bound":54263.90033662319,"upper_bound":87547.52844572067},"point_estimate":68014.27379250526,"standard_error":8736.643245944657},"slope":null,"std_dev":{"confidence_interval":{"confidence_level":0.95,"lower_bound":62045.238818797916,"upper_bound":90762.57615582086},"point_estimate":76691.8687549315,"standard_error":7383.629323011575}}