{"mean":{"confidence_interval":{"confidence_level":0.95,"lower_bound":41532.60791480287,"upper_bound":42264.44314599109},"point_estimate":41886.62728314347,"standard_error":186.61337050073305},"median":{"confidence_interval":{"confidence_level":0.95,"lower_bound":41145.784817351596,"upper_bound":41772.228693181816},"point_estimate":41518.95823863636,"standard_error":176.5200948957679},"median_abs_dev":{"confidence_interval":{"confidence_level":0.95,"lower_bound":1016.6181842014216,"upper_bound":1946.8282688035029},"point_estimate":1491.5756002237806,"standard_error":252.20596663621947},"slope":{"confidence_interval":{"confidence_level":0.95,"lower_bound":41625.79659687685,"upper_bound":42477.61866368218},"point_estimate":42025.11124673661,"standard_error":218.23120047388977},"std_dev":{"confidence_interval":{"confidence_level":0.95,"lower_bound":1443.8244369429926,"upper_bound":2334.1563670743817},"point_estimate":1882.0775911346898,"standard_error":230.86448279471279}}