{"mean":{"confidence_interval":{"confidence_level":0.95,"lower_bound":549517.1863748685,"upper_bound":550162.41292883},"point_estimate":549821.8876992655,"standard_error":164.38409180233757},"median":{"confidence_interval":{"confidence_level":0.95,"lower_bound":549418.4978025693,"upper_bound":550020.5020294266},"point_estimate":549659.0596390845,"standard_error":134.27213200869755},"median_abs_dev":{"confidence_interval":{"confidence_level":0.95,"lower_bound":948.9688259445863,"upper_bound":1562.4024107233654},"point_estimate":1194.0713064018357,"standard_error":148.82517489930026},"slope":{"confidence_interval":{"confidence_level":0.95,"lower_bound":549043.3673746655,"upper_bound":549585.8123915896},"point_estimate":549311.4394044628,"standard_error":138.20534123538602},"std_dev":{"confidence_interval":{"confidence_level":0.95,"lower_bound":1137.3660940120833,"upper_bound":2123.623031423993},"point_estimate":1648.9021313665223,"standard_error":252.86346491089958}}