{"mean":{"confidence_interval":{"confidence_level":0.95,"lower_bound":147707.26321819233,"upper_bound":152594.47866461202},"point_estimate":149967.1901507247,"standard_error":1248.8743854666063},"median":{"confidence_interval":{"confidence_level":0.95,"lower_bound":145641.5892857143,"upper_bound":148612.11948051947},"point_estimate":146992.41781874042,"standard_error":713.1065626168339},"median_abs_dev":{"confidence_interval":{"confidence_level":0.95,"lower_bound":5037.200369923127,"upper_bound":8997.26297929105},"point_estimate":7332.662100236703,"standard_error":1019.1170562690362},"slope":{"confidence_interval":{"confidence_level":0.95,"lower_bound":147586.10500214182,"upper_bound":156365.31003311212},"point_estimate":151491.93430555848,"standard_error":2272.577671176927},"std_dev":{"confidence_interval":{"confidence_level":0.95,"lower_bound":8125.306809112586,"upper_bound":17467.33769986496},"point_estimate":12578.257969211036,"standard_error":2644.958800843483}}