{"mean":{"confidence_interval":{"confidence_level":0.95,"lower_bound":411429.5127207439,"upper_bound":428898.60239923466},"point_estimate":419454.6064070314,"standard_error":4481.074202937133},"median":{"confidence_interval":{"confidence_level":0.95,"lower_bound":399909.1640926641,"upper_bound":410065.42680776014},"point_estimate":404652.72165661136,"standard_error":2845.5127600948954},"median_abs_dev":{"confidence_interval":{"confidence_level":0.95,"lower_bound":11556.269484842438,"upper_bound":23854.611104134852},"point_estimate":16892.953605505765,"standard_error":3158.6096721957942},"slope":{"confidence_interval":{"confidence_level":0.95,"lower_bound":397870.03190711304,"upper_bound":404216.10661939386},"point_estimate":400763.915647505,"standard_error":1620.5143429074228},"std_dev":{"confidence_interval":{"confidence_level":0.95,"lower_bound":26940.997725144563,"upper_bound":61379.840841643585},"point_estimate":44835.09704499446,"standard_error":8922.202939337925}}