{"mean":{"confidence_interval":{"confidence_level":0.95,"lower_bound":223915.64880188022,"upper_bound":240838.76802037103},"point_estimate":231532.81535090262,"standard_error":4334.394668788911},"median":{"confidence_interval":{"confidence_level":0.95,"lower_bound":217566.59746835442,"upper_bound":223303.03499249247},"point_estimate":220094.3979261796,"standard_error":1450.8625493003947},"median_abs_dev":{"confidence_interval":{"confidence_level":0.95,"lower_bound":10843.067432951602,"upper_bound":18709.61433934957},"point_estimate":14396.21221921615,"standard_error":1986.8981639357958},"slope":{"confidence_interval":{"confidence_level":0.95,"lower_bound":217813.29063548407,"upper_bound":232676.13468423267},"point_estimate":224556.93685237181,"standard_error":3797.5646140071417},"std_dev":{"confidence_interval":{"confidence_level":0.95,"lower_bound":24359.252415760406,"upper_bound":62703.1930387852},"point_estimate":43619.99955488339,"standard_error":10549.805171255548}}