{"mean":{"confidence_interval":{"confidence_level":0.95,"lower_bound":1457843.6876019405,"upper_bound":1526957.0212492861},"point_estimate":1489598.1728946639,"standard_error":17646.341933996802},"median":{"confidence_interval":{"confidence_level":0.95,"lower_bound":1422370.5,"upper_bound":1453560.268041237},"point_estimate":1432952.061302682,"standard_error":7154.237667108869},"median_abs_dev":{"confidence_interval":{"confidence_level":0.95,"lower_bound":52050.74567902455,"upper_bound":117992.88952187398},"point_estimate":81291.73388490465,"standard_error":16076.301074643601},"slope":{"confidence_interval":{"confidence_level":0.95,"lower_bound":1412262.6793520518,"upper_bound":1453973.8660997574},"point_estimate":1431896.8643505245,"standard_error":10642.793357008608},"std_dev":{"confidence_interval":{"confidence_level":0.95,"lower_bound":102649.57755840984,"upper_bound":242333.17872798955},"point_estimate":177070.0994516333,"standard_error":35491.6854628003}}