{"mean":{"confidence_interval":{"confidence_level":0.95,"lower_bound":5825.078437381893,"upper_bound":5840.183472834979},"point_estimate":5832.6433173682135,"standard_error":3.8600429364952342},"median":{"confidence_interval":{"confidence_level":0.95,"lower_bound":5822.223325337598,"upper_bound":5844.263097781848},"point_estimate":5831.940042162699,"standard_error":5.980184718950393},"median_abs_dev":{"confidence_interval":{"confidence_level":0.95,"lower_bound":30.421524921761446,"upper_bound":49.684297776683586},"point_estimate":39.173670018814185,"standard_error":4.914234985238691},"slope":{"confidence_interval":{"confidence_level":0.95,"lower_bound":5831.8795245328,"upper_bound":5847.412204587849},"point_estimate":5839.633114624895,"standard_error":3.9584892934229465},"std_dev":{"confidence_interval":{"confidence_level":0.95,"lower_bound":33.52652119803406,"upper_bound":43.714136555074276},"point_estimate":38.86610290751097,"standard_error":2.6061969664790863}}