{"mean":{"confidence_interval":{"confidence_level":0.95,"lower_bound":10024.324340888748,"upper_bound":10036.29206893091},"point_estimate":10030.163629724639,"standard_error":3.0618620051721317},"median":{"confidence_interval":{"confidence_level":0.95,"lower_bound":10021.988806988807,"upper_bound":10034.256899825321},"point_estimate":10028.665207631875,"standard_error":3.0711230001260525},"median_abs_dev":{"confidence_interval":{"confidence_level":0.95,"lower_bound":17.827293607373242,"upper_bound":32.40180333211392},"point_estimate":24.867053016174896,"standard_error":3.7172999157641},"slope":{"confidence_interval":{"confidence_level":0.95,"lower_bound":10022.193364227907,"upper_bound":10034.652989613338},"point_estimate":10028.570550846129,"standard_error":3.1802383212835115},"std_dev":{"confidence_interval":{"confidence_level":0.95,"lower_bound":24.12345048456201,"upper_bound":37.63070450098335},"point_estimate":30.768421091916455,"standard_error":3.4853028169641513}}