{"mean":{"confidence_interval":{"confidence_level":0.95,"lower_bound":93979.74444674664,"upper_bound":98123.69625393492},"point_estimate":95957.6047815743,"standard_error":1055.39982259485},"median":{"confidence_interval":{"confidence_level":0.95,"lower_bound":91178.43192488264,"upper_bound":94381.60917207792},"point_estimate":92438.1124431449,"standard_error":955.5225283859035},"median_abs_dev":{"confidence_interval":{"confidence_level":0.95,"lower_bound":5324.182709643535,"upper_bound":9815.18132714216},"point_estimate":7652.396883694079,"standard_error":1151.0845484594197},"slope":{"confidence_interval":{"confidence_level":0.95,"lower_bound":91732.1036788437,"upper_bound":95206.18416611933},"point_estimate":93368.6836392296,"standard_error":883.7088874101039},"std_dev":{"confidence_interval":{"confidence_level":0.95,"lower_bound":7895.729027357109,"upper_bound":13053.950644524595},"point_estimate":10615.222582981625,"standard_error":1320.833029941626}}