{"mean":{"confidence_interval":{"confidence_level":0.95,"lower_bound":9507734.489458334,"upper_bound":9729645.01812499},"point_estimate":9615292.166666666,"standard_error":56841.122131717326},"median":{"confidence_interval":{"confidence_level":0.95,"lower_bound":9353509.833333332,"upper_bound":9589644.833333334},"point_estimate":9475144.166666666,"standard_error":66456.42945378422},"median_abs_dev":{"confidence_interval":{"confidence_level":0.95,"lower_bound":325309.1210246086,"upper_bound":574016.8727591615},"point_estimate":433119.713960588,"standard_error":65482.00371226863},"slope":null,"std_dev":{"confidence_interval":{"confidence_level":0.95,"lower_bound":460348.60936099436,"upper_bound":676217.1678966131},"point_estimate":574093.5485440628,"standard_error":55271.6118345462}}