{"mean":{"confidence_interval":{"confidence_level":0.95,"lower_bound":992036.9371048529,"upper_bound":1046412.0867033795},"point_estimate":1018531.4404282084,"standard_error":13854.904748155364},"median":{"confidence_interval":{"confidence_level":0.95,"lower_bound":951500.1365079365,"upper_bound":1018844.7567567568},"point_estimate":977641.0464419476,"standard_error":17845.945629058442},"median_abs_dev":{"confidence_interval":{"confidence_level":0.95,"lower_bound":88765.74198667252,"upper_bound":164473.78955572288},"point_estimate":118543.39362026558,"standard_error":19147.120550475458},"slope":{"confidence_interval":{"confidence_level":0.95,"lower_bound":973815.7720052437,"upper_bound":1034704.4905576276},"point_estimate":1002158.9175469188,"standard_error":15513.780591697428},"std_dev":{"confidence_interval":{"confidence_level":0.95,"lower_bound":115439.26943573244,"upper_bound":161285.3647949124},"point_estimate":139101.4765608398,"standard_error":11750.153343116255}}