{"mean":{"confidence_interval":{"confidence_level":0.95,"lower_bound":678857.3436259234,"upper_bound":680420.828660271},"point_estimate":679615.9707929167,"standard_error":399.00015864513944},"median":{"confidence_interval":{"confidence_level":0.95,"lower_bound":678181.0249999999,"upper_bound":679179.8749113475},"point_estimate":678912.1489661655,"standard_error":233.58647555216712},"median_abs_dev":{"confidence_interval":{"confidence_level":0.95,"lower_bound":1696.7753924519252,"upper_bound":2967.038717820846},"point_estimate":2283.4496837527545,"standard_error":312.7268274859669},"slope":{"confidence_interval":{"confidence_level":0.95,"lower_bound":678165.8036041314,"upper_bound":679787.8128143348},"point_estimate":678932.9226230235,"standard_error":415.605657223728},"std_dev":{"confidence_interval":{"confidence_level":0.95,"lower_bound":3135.589876362589,"upper_bound":4753.822127574722},"point_estimate":4000.2137163712946,"standard_error":415.4003671041001}}