{"mean":{"confidence_interval":{"confidence_level":0.95,"lower_bound":1721353.886973866,"upper_bound":1788911.2705613994},"point_estimate":1752248.6136188358,"standard_error":17343.3083528384},"median":{"confidence_interval":{"confidence_level":0.95,"lower_bound":1698513.75,"upper_bound":1732909.9047619049},"point_estimate":1715874.6333333333,"standard_error":8003.714805866693},"median_abs_dev":{"confidence_interval":{"confidence_level":0.95,"lower_bound":61746.476495481664,"upper_bound":104199.98508740934},"point_estimate":87426.30811416074,"standard_error":11029.277801150283},"slope":{"confidence_interval":{"confidence_level":0.95,"lower_bound":1707911.0162586337,"upper_bound":1752014.600888697},"point_estimate":1729042.3656125313,"standard_error":11188.408442231736},"std_dev":{"confidence_interval":{"confidence_level":0.95,"lower_bound":96391.4244049596,"upper_bound":238015.9640720783},"point_estimate":173834.2488297032,"standard_error":36039.78291999587}}