{"mean":{"confidence_interval":{"confidence_level":0.95,"lower_bound":366404.97710706224,"upper_bound":384747.785279337},"point_estimate":374981.1631878213,"standard_error":4694.030718093407},"median":{"confidence_interval":{"confidence_level":0.95,"lower_bound":358937.13293650793,"upper_bound":374504.8416666667},"point_estimate":365363.6742184756,"standard_error":4758.171282050792},"median_abs_dev":{"confidence_interval":{"confidence_level":0.95,"lower_bound":21588.83584772458,"upper_bound":39764.24517426352},"point_estimate":30448.6900712699,"standard_error":4630.9615500333975},"slope":{"confidence_interval":{"confidence_level":0.95,"lower_bound":357293.86244206835,"upper_bound":373694.7641459481},"point_estimate":364905.0162080686,"standard_error":4187.57858920777},"std_dev":{"confidence_interval":{"confidence_level":0.95,"lower_bound":31287.78802562687,"upper_bound":64047.26488575578},"point_estimate":46921.26105487676,"standard_error":8905.737917442957}}