{"mean":{"confidence_interval":{"confidence_level":0.95,"lower_bound":125915153.7345,"upper_bound":127541098.98625},"point_estimate":126689201.27,"standard_error":414592.1152263465},"median":{"confidence_interval":{"confidence_level":0.95,"lower_bound":125420675.0,"upper_bound":126282511.0},"point_estimate":125778986.0,"standard_error":226941.69429087054},"median_abs_dev":{"confidence_interval":{"confidence_level":0.95,"lower_bound":1562036.9389683008,"upper_bound":3279488.9027774334},"point_estimate":2347046.9382315874,"standard_error":439042.4572747119},"slope":null,"std_dev":{"confidence_interval":{"confidence_level":0.95,"lower_bound":2839565.1942731277,"upper_bound":5411679.080498759},"point_estimate":4172781.5020863614,"standard_error":663762.6591006626}}