{"mean":{"confidence_interval":{"confidence_level":0.95,"lower_bound":1350900.4569809996,"upper_bound":1426851.4768943125},"point_estimate":1386973.3867920772,"standard_error":19472.469907982482},"median":{"confidence_interval":{"confidence_level":0.95,"lower_bound":1311735.0263157894,"upper_bound":1373855.0350877193},"point_estimate":1326862.6119281047,"standard_error":16730.14643466693},"median_abs_dev":{"confidence_interval":{"confidence_level":0.95,"lower_bound":91478.70023337223,"upper_bound":160528.19477161352},"point_estimate":117159.07803761851,"standard_error":17652.39999365538},"slope":{"confidence_interval":{"confidence_level":0.95,"lower_bound":1334273.8661274088,"upper_bound":1394697.1186903145},"point_estimate":1362575.5203960396,"standard_error":15418.331899396168},"std_dev":{"confidence_interval":{"confidence_level":0.95,"lower_bound":145910.316368902,"upper_bound":239467.34993380692},"point_estimate":195968.6512056789,"standard_error":23928.64082084293}}