{"mean":{"confidence_interval":{"confidence_level":0.95,"lower_bound":161804.83419062852,"upper_bound":167726.78175421173},"point_estimate":164690.1962000537,"standard_error":1509.9090177773023},"median":{"confidence_interval":{"confidence_level":0.95,"lower_bound":156941.34343434343,"upper_bound":163748.12380952382},"point_estimate":160646.37675535848,"standard_error":1659.1822454652824},"median_abs_dev":{"confidence_interval":{"confidence_level":0.95,"lower_bound":8080.756292021783,"upper_bound":15489.557946672048},"point_estimate":11007.657866426203,"standard_error":1819.2870427300463},"slope":{"confidence_interval":{"confidence_level":0.95,"lower_bound":156455.3481272759,"upper_bound":162168.99702742297},"point_estimate":159108.80982513176,"standard_error":1461.852690877558},"std_dev":{"confidence_interval":{"confidence_level":0.95,"lower_bound":12286.799846763752,"upper_bound":17761.340109183875},"point_estimate":15205.28257933551,"standard_error":1399.1808514042975}}