{"mean":{"confidence_interval":{"confidence_level":0.95,"lower_bound":11225.26288658872,"upper_bound":11309.347147482638},"point_estimate":11267.355787045399,"standard_error":21.523666644938345},"median":{"confidence_interval":{"confidence_level":0.95,"lower_bound":11211.083183183184,"upper_bound":11335.213015873016},"point_estimate":11249.206031746031,"standard_error":34.12000896815065},"median_abs_dev":{"confidence_interval":{"confidence_level":0.95,"lower_bound":174.00997547878532,"upper_bound":282.74443243767973},"point_estimate":234.80560895582062,"standard_error":28.080737041855063},"slope":{"confidence_interval":{"confidence_level":0.95,"lower_bound":11163.871987097937,"upper_bound":11277.236551127835},"point_estimate":11220.151155049833,"standard_error":28.96896012328682},"std_dev":{"confidence_interval":{"confidence_level":0.95,"lower_bound":189.17753951554482,"upper_bound":242.39544671057652},"point_estimate":217.21719272906287,"standard_error":13.625314137158409}}