{"mean":{"confidence_interval":{"confidence_level":0.95,"lower_bound":1351442.1588875386,"upper_bound":1470311.1044621011},"point_estimate":1409807.5671059894,"standard_error":30440.796918990436},"median":{"confidence_interval":{"confidence_level":0.95,"lower_bound":1351108.3614457832,"upper_bound":1473176.0161290322},"point_estimate":1400869.2916666665,"standard_error":35005.7880701576},"median_abs_dev":{"confidence_interval":{"confidence_level":0.95,"lower_bound":210479.36307315322,"upper_bound":347392.82608809543},"point_estimate":293692.92950981396,"standard_error":35886.355667095835},"slope":{"confidence_interval":{"confidence_level":0.95,"lower_bound":1376552.013775583,"upper_bound":1490558.390619994},"point_estimate":1433710.479624649,"standard_error":29043.07238867786},"std_dev":{"confidence_interval":{"confidence_level":0.95,"lower_bound":248709.83196267366,"upper_bound":363912.8165991074},"point_estimate":305141.6287160972,"standard_error":29746.356531336085}}