{"mean":{"confidence_interval":{"confidence_level":0.95,"lower_bound":827828.9737847613,"upper_bound":884977.501341853},"point_estimate":851456.5460383393,"standard_error":14844.962847880946},"median":{"confidence_interval":{"confidence_level":0.95,"lower_bound":816463.0373134328,"upper_bound":845686.058076923},"point_estimate":825365.9777777777,"standard_error":8096.662497492314},"median_abs_dev":{"confidence_interval":{"confidence_level":0.95,"lower_bound":40862.083777929976,"upper_bound":69373.06343088186},"point_estimate":54367.10600620222,"standard_error":7122.130250425297},"slope":{"confidence_interval":{"confidence_level":0.95,"lower_bound":809531.3979821715,"upper_bound":830205.6781241846},"point_estimate":820009.9305497266,"standard_error":5288.819522592774},"std_dev":{"confidence_interval":{"confidence_level":0.95,"lower_bound":60278.34809084013,"upper_bound":236977.82497812744},"point_estimate":149266.7750238667,"standard_error":56425.79058492906}}