{"mean":{"confidence_interval":{"confidence_level":0.95,"lower_bound":3474173.0173333324,"upper_bound":3566051.603333333},"point_estimate":3519561.0180000006,"standard_error":23362.899524335513},"median":{"confidence_interval":{"confidence_level":0.95,"lower_bound":3442079.6,"upper_bound":3609961.7666666666},"point_estimate":3508285.7333333334,"standard_error":46570.37477144798},"median_abs_dev":{"confidence_interval":{"confidence_level":0.95,"lower_bound":203470.4883676769,"upper_bound":313876.792627573},"point_estimate":263631.7760396003,"standard_error":28750.58414153784},"slope":null,"std_dev":{"confidence_interval":{"confidence_level":0.95,"lower_bound":200389.3296009391,"upper_bound":267872.0544391248},"point_estimate":234338.83580460434,"standard_error":17346.508135521675}}