{"mean":{"confidence_interval":{"confidence_level":0.95,"lower_bound":13483.535099449064,"upper_bound":13724.766432813398},"point_estimate":13606.3217434866,"standard_error":61.668487860010366},"median":{"confidence_interval":{"confidence_level":0.95,"lower_bound":13479.754549359754,"upper_bound":13814.150549265089},"point_estimate":13662.08779218521,"standard_error":81.94369366726599},"median_abs_dev":{"confidence_interval":{"confidence_level":0.95,"lower_bound":503.69062744723834,"upper_bound":792.7454349097047},"point_estimate":682.294129526168,"standard_error":73.14498780699091},"slope":{"confidence_interval":{"confidence_level":0.95,"lower_bound":13497.469602611485,"upper_bound":13769.797128177885},"point_estimate":13632.336710298736,"standard_error":69.45313644556792},"std_dev":{"confidence_interval":{"confidence_level":0.95,"lower_bound":536.1646241698102,"upper_bound":697.5792177072133},"point_estimate":620.583387952328,"standard_error":41.250303026498365}}