{"mean":{"confidence_interval":{"confidence_level":0.95,"lower_bound":1879649.832443658,"upper_bound":1938877.1475989434},"point_estimate":1906981.5958090264,"standard_error":15136.014141248537},"median":{"confidence_interval":{"confidence_level":0.95,"lower_bound":1865359.59375,"upper_bound":1895163.6829268292},"point_estimate":1880444.0048267131,"standard_error":8675.99176053093},"median_abs_dev":{"confidence_interval":{"confidence_level":0.95,"lower_bound":61686.832871875995,"upper_bound":114143.02087321518},"point_estimate":87316.8555264709,"standard_error":14184.365032817837},"slope":{"confidence_interval":{"confidence_level":0.95,"lower_bound":1831242.1770479726,"upper_bound":1872747.9560990145},"point_estimate":1851179.7255563766,"standard_error":10593.455123606267},"std_dev":{"confidence_interval":{"confidence_level":0.95,"lower_bound":83727.38972398736,"upper_bound":207278.91180061066},"point_estimate":151728.96332367987,"standard_error":30868.853485178104}}