{"mean":{"confidence_interval":{"confidence_level":0.95,"lower_bound":163849.27386158297,"upper_bound":170893.7870604278},"point_estimate":166844.53385334605,"standard_error":1809.4804931973163},"median":{"confidence_interval":{"confidence_level":0.95,"lower_bound":161318.6392760356,"upper_bound":162803.24514991182},"point_estimate":161871.93951978255,"standard_error":361.6314327239854},"median_abs_dev":{"confidence_interval":{"confidence_level":0.95,"lower_bound":2143.3255549010855,"upper_bound":4330.111014422819},"point_estimate":3086.009299972895,"standard_error":563.1774482232502},"slope":{"confidence_interval":{"confidence_level":0.95,"lower_bound":161621.57023669514,"upper_bound":166604.17956391416},"point_estimate":163733.85913994384,"standard_error":1300.8025123833165},"std_dev":{"confidence_interval":{"confidence_level":0.95,"lower_bound":7483.329757569472,"upper_bound":28088.73549208747},"point_estimate":18257.618160401613,"standard_error":5822.334388521099}}