{"mean":{"confidence_interval":{"confidence_level":0.95,"lower_bound":4001.236886197322,"upper_bound":4087.0029996941626},"point_estimate":4043.5198055201486,"standard_error":21.902965784073782},"median":{"confidence_interval":{"confidence_level":0.95,"lower_bound":3995.1804773816966,"upper_bound":4107.855806105231},"point_estimate":4062.929513837563,"standard_error":30.45362379116018},"median_abs_dev":{"confidence_interval":{"confidence_level":0.95,"lower_bound":185.26999742720307,"upper_bound":295.9082972082936},"point_estimate":238.10458659349737,"standard_error":27.61825222772082},"slope":{"confidence_interval":{"confidence_level":0.95,"lower_bound":4027.9132063487236,"upper_bound":4129.1257608825745},"point_estimate":4077.7270116935247,"standard_error":25.77935426341523},"std_dev":{"confidence_interval":{"confidence_level":0.95,"lower_bound":186.92008411285488,"upper_bound":253.3080607092309},"point_estimate":219.6575821972521,"standard_error":17.08028660017205}}