{"mean":{"confidence_interval":{"confidence_level":0.95,"lower_bound":197715.22023001214,"upper_bound":206506.3217565743},"point_estimate":201718.53561813917,"standard_error":2247.3364207184654},"median":{"confidence_interval":{"confidence_level":0.95,"lower_bound":195009.13953488372,"upper_bound":201756.28125},"point_estimate":198136.16604554866,"standard_error":1285.1092474488505},"median_abs_dev":{"confidence_interval":{"confidence_level":0.95,"lower_bound":9016.968770583466,"upper_bound":17128.845529549257},"point_estimate":12835.659196407207,"standard_error":2074.896553452146},"slope":{"confidence_interval":{"confidence_level":0.95,"lower_bound":192623.2123864531,"upper_bound":197079.60186940077},"point_estimate":194861.00133412148,"standard_error":1137.1573556261862},"std_dev":{"confidence_interval":{"confidence_level":0.95,"lower_bound":13548.13022800608,"upper_bound":32482.635696865767},"point_estimate":22658.736861405196,"standard_error":5473.020805092445}}