{"mean":{"confidence_interval":{"confidence_level":0.95,"lower_bound":290015.3010020916,"upper_bound":305417.1854526645},"point_estimate":297928.43266694434,"standard_error":3926.45634337352},"median":{"confidence_interval":{"confidence_level":0.95,"lower_bound":288619.625,"upper_bound":303419.1224489796},"point_estimate":294927.23315779015,"standard_error":4076.3062021132787},"median_abs_dev":{"confidence_interval":{"confidence_level":0.95,"lower_bound":18999.270050960262,"upper_bound":29756.95696170842},"point_estimate":25246.9243437345,"standard_error":2764.5983105123273},"slope":{"confidence_interval":{"confidence_level":0.95,"lower_bound":286469.08670715615,"upper_bound":301900.9028022169},"point_estimate":294999.2539574405,"standard_error":3942.289817345584},"std_dev":{"confidence_interval":{"confidence_level":0.95,"lower_bound":28199.141294012028,"upper_bound":50161.20152301573},"point_estimate":39346.07596154835,"standard_error":5660.321237296839}}