{"mean":{"confidence_interval":{"confidence_level":0.95,"lower_bound":2198715.9933695653,"upper_bound":2206799.410195652},"point_estimate":2202636.6330434782,"standard_error":2060.744022646014},"median":{"confidence_interval":{"confidence_level":0.95,"lower_bound":2195157.565217391,"upper_bound":2201675.1739130435},"point_estimate":2199370.7826086953,"standard_error":1501.3176194301718},"median_abs_dev":{"confidence_interval":{"confidence_level":0.95,"lower_bound":8173.799267929593,"upper_bound":14465.486214924931},"point_estimate":11190.632370891522,"standard_error":1613.6542810356693},"slope":null,"std_dev":{"confidence_interval":{"confidence_level":0.95,"lower_bound":15571.372256083998,"upper_bound":25351.45037999965},"point_estimate":20674.51093293908,"standard_error":2493.3735834585095}}