{"mean":{"confidence_interval":{"confidence_level":0.95,"lower_bound":36880.45451469682,"upper_bound":37037.786591296666},"point_estimate":36948.01844153603,"standard_error":40.71605612310687},"median":{"confidence_interval":{"confidence_level":0.95,"lower_bound":36822.77533658859,"upper_bound":36856.53016704618},"point_estimate":36837.628682405164,"standard_error":9.145512347653018},"median_abs_dev":{"confidence_interval":{"confidence_level":0.95,"lower_bound":74.68467353843495,"upper_bound":154.12017227157668},"point_estimate":103.93510976855066,"standard_error":19.785134953825107},"slope":{"confidence_interval":{"confidence_level":0.95,"lower_bound":36812.783390931145,"upper_bound":36947.812245239584},"point_estimate":36874.3007256937,"standard_error":34.69931248584907},"std_dev":{"confidence_interval":{"confidence_level":0.95,"lower_bound":196.2235140424403,"upper_bound":620.459995179347},"point_estimate":406.9815436580169,"standard_error":128.48407354610256}}