{"mean":{"confidence_interval":{"confidence_level":0.95,"lower_bound":1626415.311364773,"upper_bound":1668555.8453759619},"point_estimate":1646090.119715135,"standard_error":10754.277127290597},"median":{"confidence_interval":{"confidence_level":0.95,"lower_bound":1626679.217013889,"upper_bound":1652953.6790123456},"point_estimate":1641971.588095238,"standard_error":6234.895115718652},"median_abs_dev":{"confidence_interval":{"confidence_level":0.95,"lower_bound":36752.355936746026,"upper_bound":77954.1083648749},"point_estimate":57168.356679535704,"standard_error":10573.404660738996},"slope":{"confidence_interval":{"confidence_level":0.95,"lower_bound":1653281.189099975,"upper_bound":1707124.4435338536},"point_estimate":1676256.6272528446,"standard_error":13900.455933374538},"std_dev":{"confidence_interval":{"confidence_level":0.95,"lower_bound":66045.7834183814,"upper_bound":148354.45432976598},"point_estimate":108309.43230205272,"standard_error":21600.149731705256}}