{"mean":{"confidence_interval":{"confidence_level":0.95,"lower_bound":180596.0327083281,"upper_bound":188362.9495287807},"point_estimate":183968.06778267855,"standard_error":1998.0506260835125},"median":{"confidence_interval":{"confidence_level":0.95,"lower_bound":177672.209604754,"upper_bound":180095.4712643678},"point_estimate":178896.9937430786,"standard_error":598.237139659198},"median_abs_dev":{"confidence_interval":{"confidence_level":0.95,"lower_bound":3484.89784032368,"upper_bound":6609.906780086587},"point_estimate":5415.035559182855,"standard_error":885.2151664208147},"slope":{"confidence_interval":{"confidence_level":0.95,"lower_bound":177061.76015466813,"upper_bound":179310.68297376376},"point_estimate":178086.83234865277,"standard_error":574.9987731129296},"std_dev":{"confidence_interval":{"confidence_level":0.95,"lower_bound":8206.574775048573,"upper_bound":30520.147818567537},"point_estimate":20129.69439800282,"standard_error":5937.991548698622}}