{"mean":{"confidence_interval":{"confidence_level":0.95,"lower_bound":2018469.380249999,"upper_bound":2025338.70107},"point_estimate":2021659.4836,"standard_error":1753.439708322533},"median":{"confidence_interval":{"confidence_level":0.95,"lower_bound":2016673.64,"upper_bound":2020539.7},"point_estimate":2018631.64,"standard_error":929.6908948607793},"median_abs_dev":{"confidence_interval":{"confidence_level":0.95,"lower_bound":6526.434736132649,"upper_bound":10923.826258063344},"point_estimate":9043.948795437724,"standard_error":1177.8280595482127},"slope":null,"std_dev":{"confidence_interval":{"confidence_level":0.95,"lower_bound":10492.473360314048,"upper_bound":23748.48157821067},"point_estimate":17678.89274991147,"standard_error":3369.5979012286725}}