{"mean":{"confidence_interval":{"confidence_level":0.95,"lower_bound":106213.84603739093,"upper_bound":107298.88718672356},"point_estimate":106682.4922946128,"standard_error":280.3803181482801},"median":{"confidence_interval":{"confidence_level":0.95,"lower_bound":105876.65103383458,"upper_bound":106441.78148148148},"point_estimate":106080.48152777778,"standard_error":155.8469125326574},"median_abs_dev":{"confidence_interval":{"confidence_level":0.95,"lower_bound":817.8552966433148,"upper_bound":1340.3962158717984},"point_estimate":1084.2793623960333,"standard_error":136.78474241810153},"slope":{"confidence_interval":{"confidence_level":0.95,"lower_bound":105899.9253635904,"upper_bound":106354.03139830717},"point_estimate":106113.23632362937,"standard_error":115.66184179902119},"std_dev":{"confidence_interval":{"confidence_level":0.95,"lower_bound":1223.4040322138896,"upper_bound":4304.55774441015},"point_estimate":2813.1837974500995,"standard_error":872.5147731029572}}