{"mean":{"confidence_interval":{"confidence_level":0.95,"lower_bound":1335367.6093579489,"upper_bound":1366426.1225797182},"point_estimate":1350570.7425818923,"standard_error":7928.270044589597},"median":{"confidence_interval":{"confidence_level":0.95,"lower_bound":1328113.3529411764,"upper_bound":1353032.8333333333},"point_estimate":1340904.114348371,"standard_error":6595.321237605781},"median_abs_dev":{"confidence_interval":{"confidence_level":0.95,"lower_bound":44903.94469168468,"upper_bound":84989.19227733044},"point_estimate":63321.82991304508,"standard_error":10507.988299787423},"slope":{"confidence_interval":{"confidence_level":0.95,"lower_bound":1349059.8222515518,"upper_bound":1397408.6303138426},"point_estimate":1372511.2015073148,"standard_error":12391.90606917055},"std_dev":{"confidence_interval":{"confidence_level":0.95,"lower_bound":64460.42023186479,"upper_bound":95083.62987464202},"point_estimate":79966.9994766272,"standard_error":7833.471318266393}}