{"mean":{"confidence_interval":{"confidence_level":0.95,"lower_bound":1549277.4676411222,"upper_bound":1753361.518957295},"point_estimate":1634729.3027808717,"standard_error":53119.82969969034},"median":{"confidence_interval":{"confidence_level":0.95,"lower_bound":1502962.875952381,"upper_bound":1626357.71875},"point_estimate":1558118.9737988296,"standard_error":29081.238376584286},"median_abs_dev":{"confidence_interval":{"confidence_level":0.95,"lower_bound":169126.6436958212,"upper_bound":268708.1358821708},"point_estimate":230308.0480258121,"standard_error":25217.487381346837},"slope":{"confidence_interval":{"confidence_level":0.95,"lower_bound":1481613.5922338413,"upper_bound":1594357.3683144664},"point_estimate":1537643.3195655385,"standard_error":28630.89175349102},"std_dev":{"confidence_interval":{"confidence_level":0.95,"lower_bound":209240.7258390908,"upper_bound":849217.4047370611},"point_estimate":533898.8590733579,"standard_error":200533.77827177063}}