{"mean":{"confidence_interval":{"confidence_level":0.95,"lower_bound":155401.16954305302,"upper_bound":157860.76164048913},"point_estimate":156458.66915816392,"standard_error":632.9137921033503},"median":{"confidence_interval":{"confidence_level":0.95,"lower_bound":154838.5229110512,"upper_bound":155558.6977443609},"point_estimate":155230.36957128893,"standard_error":170.2700153933567},"median_abs_dev":{"confidence_interval":{"confidence_level":0.95,"lower_bound":1415.3696937910913,"upper_bound":2572.3596951724858},"point_estimate":2071.3508093411256,"standard_error":312.0213891620303},"slope":{"confidence_interval":{"confidence_level":0.95,"lower_bound":155230.82478138563,"upper_bound":156717.5392393296},"point_estimate":155941.68137769427,"standard_error":380.6956775130533},"std_dev":{"confidence_interval":{"confidence_level":0.95,"lower_bound":2515.2087349367557,"upper_bound":9840.719012318707},"point_estimate":6368.589491329716,"standard_error":2043.6186914714863}}