{"mean":{"confidence_interval":{"confidence_level":0.95,"lower_bound":990697.1523212363,"upper_bound":1062428.154842214},"point_estimate":1024016.5219912789,"standard_error":18348.584369222637},"median":{"confidence_interval":{"confidence_level":0.95,"lower_bound":976360.0064102565,"upper_bound":1022550.8333333334},"point_estimate":1004720.8082549635,"standard_error":10275.179440222626},"median_abs_dev":{"confidence_interval":{"confidence_level":0.95,"lower_bound":88695.18493062665,"upper_bound":141628.39292892462},"point_estimate":117870.79774035189,"standard_error":13373.699244491945},"slope":{"confidence_interval":{"confidence_level":0.95,"lower_bound":979629.1634970338,"upper_bound":1031724.7887714566},"point_estimate":1005514.4276518398,"standard_error":13303.6126450221},"std_dev":{"confidence_interval":{"confidence_level":0.95,"lower_bound":113983.07396987278,"upper_bound":244952.93283406756},"point_estimate":183749.15143030536,"standard_error":33591.57344177883}}