{"mean":{"confidence_interval":{"confidence_level":0.95,"lower_bound":78047.22558538755,"upper_bound":81773.63927186823},"point_estimate":79818.30880947204,"standard_error":949.093865826185},"median":{"confidence_interval":{"confidence_level":0.95,"lower_bound":76177.11848316912,"upper_bound":78876.9857142857},"point_estimate":77380.29158885777,"standard_error":712.628462888158},"median_abs_dev":{"confidence_interval":{"confidence_level":0.95,"lower_bound":4788.98141442062,"upper_bound":8341.654644080458},"point_estimate":6506.353114459342,"standard_error":959.079766953375},"slope":{"confidence_interval":{"confidence_level":0.95,"lower_bound":76468.97739732887,"upper_bound":80597.11908499361},"point_estimate":78420.66915028816,"standard_error":1054.0135378069256},"std_dev":{"confidence_interval":{"confidence_level":0.95,"lower_bound":6799.54466606,"upper_bound":12031.739216293518},"point_estimate":9529.197074838354,"standard_error":1341.0485363891303}}