{"mean":{"confidence_interval":{"confidence_level":0.95,"lower_bound":1089518.8220411013,"upper_bound":1109300.7365969627},"point_estimate":1099003.3259745075,"standard_error":5037.34869027889},"median":{"confidence_interval":{"confidence_level":0.95,"lower_bound":1077877.3125,"upper_bound":1096247.2112676057},"point_estimate":1088351.8743589744,"standard_error":4601.000763245374},"median_abs_dev":{"confidence_interval":{"confidence_level":0.95,"lower_bound":24770.742039498702,"upper_bound":44806.6981464742},"point_estimate":38315.63916516377,"standard_error":4994.131645992014},"slope":{"confidence_interval":{"confidence_level":0.95,"lower_bound":1077096.444731071,"upper_bound":1092443.115399985},"point_estimate":1084516.7916211025,"standard_error":3902.7522070865048},"std_dev":{"confidence_interval":{"confidence_level":0.95,"lower_bound":36514.10332447184,"upper_bound":65506.140352762064},"point_estimate":50762.1704778193,"standard_error":7561.427563246791}}