{"mean":{"confidence_interval":{"confidence_level":0.95,"lower_bound":33469.449645774635,"upper_bound":33546.22522758431},"point_estimate":33506.5008778039,"standard_error":19.57683740384246},"median":{"confidence_interval":{"confidence_level":0.95,"lower_bound":33427.60264780881,"upper_bound":33510.82945736434},"point_estimate":33465.879166666666,"standard_error":20.422542884123555},"median_abs_dev":{"confidence_interval":{"confidence_level":0.95,"lower_bound":111.75950919768857,"upper_bound":183.28888822032934},"point_estimate":151.4148813269981,"standard_error":18.543469030637233},"slope":{"confidence_interval":{"confidence_level":0.95,"lower_bound":33429.98596727671,"upper_bound":33566.74865293906},"point_estimate":33491.40376966652,"standard_error":35.14535444446075},"std_dev":{"confidence_interval":{"confidence_level":0.95,"lower_bound":145.35935754426202,"upper_bound":249.29650189407798},"point_estimate":198.4702602323678,"standard_error":26.923060956920313}}