{"mean":{"confidence_interval":{"confidence_level":0.95,"lower_bound":1601846.4609643947,"upper_bound":1661794.965299209},"point_estimate":1628944.0456159082,"standard_error":15346.944535458808},"median":{"confidence_interval":{"confidence_level":0.95,"lower_bound":1568520.469375963,"upper_bound":1604644.01010101},"point_estimate":1587977.9572557472,"standard_error":9732.134223380855},"median_abs_dev":{"confidence_interval":{"confidence_level":0.95,"lower_bound":45578.401373201916,"upper_bound":81516.01705501566},"point_estimate":67270.39537008492,"standard_error":9905.932452058149},"slope":{"confidence_interval":{"confidence_level":0.95,"lower_bound":1566081.5292789808,"upper_bound":1600191.4788826124},"point_estimate":1581843.992079208,"standard_error":8726.542598423446},"std_dev":{"confidence_interval":{"confidence_level":0.95,"lower_bound":88658.42353875178,"upper_bound":214785.3754733971},"point_estimate":153503.8634525233,"standard_error":33036.43286619474}}