{"mean":{"confidence_interval":{"confidence_level":0.95,"lower_bound":482436.092634622,"upper_bound":501771.2364121079},"point_estimate":491475.38131168624,"standard_error":4942.761638179915},"median":{"confidence_interval":{"confidence_level":0.95,"lower_bound":471964.27131782944,"upper_bound":480546.89831573656},"point_estimate":475386.0190677966,"standard_error":2186.1363284762024},"median_abs_dev":{"confidence_interval":{"confidence_level":0.95,"lower_bound":13069.565692275124,"upper_bound":23653.25036344338},"point_estimate":16260.867081227116,"standard_error":2756.0970124726678},"slope":{"confidence_interval":{"confidence_level":0.95,"lower_bound":474296.55576498643,"upper_bound":496113.1414739396},"point_estimate":483863.7907068617,"standard_error":5621.101292771862},"std_dev":{"confidence_interval":{"confidence_level":0.95,"lower_bound":32020.246271520806,"upper_bound":66472.74177175958},"point_estimate":49783.71124073706,"standard_error":8942.620838811785}}