{"mean":{"confidence_interval":{"confidence_level":0.95,"lower_bound":162093.95125316922,"upper_bound":181394.6137103946},"point_estimate":171049.17934984816,"standard_error":4949.615107072586},"median":{"confidence_interval":{"confidence_level":0.95,"lower_bound":149140.01136363635,"upper_bound":166659.65031982944},"point_estimate":156945.16785714286,"standard_error":5038.07148548024},"median_abs_dev":{"confidence_interval":{"confidence_level":0.95,"lower_bound":20036.00526482508,"upper_bound":35124.72409030039},"point_estimate":28764.723559778606,"standard_error":3984.480787799454},"slope":{"confidence_interval":{"confidence_level":0.95,"lower_bound":147618.96611205986,"upper_bound":159230.61558588975},"point_estimate":152989.95882539212,"standard_error":2967.07560771309},"std_dev":{"confidence_interval":{"confidence_level":0.95,"lower_bound":29878.241843850665,"upper_bound":66820.91327357567},"point_estimate":49722.251182345026,"standard_error":9409.356195102439}}