{"mean":{"confidence_interval":{"confidence_level":0.95,"lower_bound":218062.020974237,"upper_bound":231741.50044717087},"point_estimate":223816.23853699333,"standard_error":3543.9193003187506},"median":{"confidence_interval":{"confidence_level":0.95,"lower_bound":212065.07027027028,"upper_bound":218976.24648493543},"point_estimate":215004.9814516129,"standard_error":1935.3392181489785},"median_abs_dev":{"confidence_interval":{"confidence_level":0.95,"lower_bound":9554.463226919832,"upper_bound":17597.642660019577},"point_estimate":13776.88468435878,"standard_error":2050.2195563678233},"slope":{"confidence_interval":{"confidence_level":0.95,"lower_bound":214389.57706918995,"upper_bound":221590.00102096424},"point_estimate":217859.78723570268,"standard_error":1836.7336421499722},"std_dev":{"confidence_interval":{"confidence_level":0.95,"lower_bound":14826.681716298446,"upper_bound":55768.14831693539},"point_estimate":35429.54862913822,"standard_error":12882.554731256589}}