{"mean":{"confidence_interval":{"confidence_level":0.95,"lower_bound":121046.60833069871,"upper_bound":126568.6853301046},"point_estimate":123568.46865151657,"standard_error":1415.2726982834686},"median":{"confidence_interval":{"confidence_level":0.95,"lower_bound":118483.71336553946,"upper_bound":121927.06895477208},"point_estimate":119924.65833333333,"standard_error":851.1583429919021},"median_abs_dev":{"confidence_interval":{"confidence_level":0.95,"lower_bound":4919.517773271021,"upper_bound":8786.221108362071},"point_estimate":7066.233387940081,"standard_error":996.2923091936595},"slope":{"confidence_interval":{"confidence_level":0.95,"lower_bound":117570.94011396299,"upper_bound":121044.18652049216},"point_estimate":119234.31353824935,"standard_error":885.3878515259883},"std_dev":{"confidence_interval":{"confidence_level":0.95,"lower_bound":8293.261086368773,"upper_bound":19960.197380579244},"point_estimate":14248.426923700694,"standard_error":3072.868943279554}}