{"mean":{"confidence_interval":{"confidence_level":0.95,"lower_bound":40993901.102874994,"upper_bound":41800556.98325},"point_estimate":41376824.89,"standard_error":205665.96068941825},"median":{"confidence_interval":{"confidence_level":0.95,"lower_bound":40741356.25,"upper_bound":41195333.75},"point_estimate":40947732.0,"standard_error":115479.20403537108},"median_abs_dev":{"confidence_interval":{"confidence_level":0.95,"lower_bound":1041680.6719064713,"upper_bound":1864231.9557532668},"point_estimate":1493098.6347422004,"standard_error":207526.8981074273},"slope":null,"std_dev":{"confidence_interval":{"confidence_level":0.95,"lower_bound":1510562.989369581,"upper_bound":2557830.4979217513},"point_estimate":2063955.2668524412,"standard_error":268684.9258514264}}