{"mean":{"confidence_interval":{"confidence_level":0.95,"lower_bound":9935795.383333337,"upper_bound":9961768.355},"point_estimate":9948720.700000001,"standard_error":6626.026251296792},"median":{"confidence_interval":{"confidence_level":0.95,"lower_bound":9929892.0,"upper_bound":9959892.666666666},"point_estimate":9951317.916666666,"standard_error":7672.068457976358},"median_abs_dev":{"confidence_interval":{"confidence_level":0.95,"lower_bound":52310.815793798225,"upper_bound":83978.41610908417},"point_estimate":64111.08226180031,"standard_error":7865.056440808572},"slope":null,"std_dev":{"confidence_interval":{"confidence_level":0.95,"lower_bound":56673.09429635109,"upper_bound":75557.59845539453},"point_estimate":66467.30665742222,"standard_error":4829.933439290679}}