{"mean":{"confidence_interval":{"confidence_level":0.95,"lower_bound":6313.985288290614,"upper_bound":6325.542233933616},"point_estimate":6319.803333196414,"standard_error":2.947313656014674},"median":{"confidence_interval":{"confidence_level":0.95,"lower_bound":6317.388746438746,"upper_bound":6328.134615384615},"point_estimate":6325.213423831071,"standard_error":3.2595284961089828},"median_abs_dev":{"confidence_interval":{"confidence_level":0.95,"lower_bound":22.25335137260115,"upper_bound":36.89393525515106},"point_estimate":27.336060510476948,"standard_error":3.8552315414616904},"slope":{"confidence_interval":{"confidence_level":0.95,"lower_bound":6311.632155513607,"upper_bound":6325.69476029807},"point_estimate":6318.593594006358,"standard_error":3.5944242574828},"std_dev":{"confidence_interval":{"confidence_level":0.95,"lower_bound":25.119946758464188,"upper_bound":33.79609646792656},"point_estimate":29.57163187252508,"standard_error":2.216687342281877}}