{"mean":{"confidence_interval":{"confidence_level":0.95,"lower_bound":172422.1388186073,"upper_bound":180298.8793898658},"point_estimate":175980.8626899105,"standard_error":2018.5626256586702},"median":{"confidence_interval":{"confidence_level":0.95,"lower_bound":168872.2867798354,"upper_bound":172602.86666666667},"point_estimate":170590.28051643193,"standard_error":1058.5708223594831},"median_abs_dev":{"confidence_interval":{"confidence_level":0.95,"lower_bound":5080.032823708048,"upper_bound":9686.588371580732},"point_estimate":7651.399256609628,"standard_error":1128.4199071320832},"slope":{"confidence_interval":{"confidence_level":0.95,"lower_bound":170619.3353654358,"upper_bound":174477.1411423268},"point_estimate":172438.50735431752,"standard_error":986.457462846513},"std_dev":{"confidence_interval":{"confidence_level":0.95,"lower_bound":10679.978078288112,"upper_bound":28480.771371003015},"point_estimate":20258.763666886647,"standard_error":4594.642322644847}}