{"mean":{"confidence_interval":{"confidence_level":0.95,"lower_bound":690351.7311666951,"upper_bound":737696.6698530394},"point_estimate":712879.7944155283,"standard_error":12085.800141876982},"median":{"confidence_interval":{"confidence_level":0.95,"lower_bound":661533.5579710145,"upper_bound":697922.8085106383},"point_estimate":675815.7734634551,"standard_error":7448.9205731681595},"median_abs_dev":{"confidence_interval":{"confidence_level":0.95,"lower_bound":57233.94240930294,"upper_bound":102686.22239964418},"point_estimate":77894.57638825255,"standard_error":11978.092920269364},"slope":{"confidence_interval":{"confidence_level":0.95,"lower_bound":644940.3899405097,"upper_bound":672119.2819488163},"point_estimate":657752.596315945,"standard_error":6911.827115916961},"std_dev":{"confidence_interval":{"confidence_level":0.95,"lower_bound":90263.10299509043,"upper_bound":150908.82571136445},"point_estimate":121302.92004608561,"standard_error":15630.816969642558}}