{"mean":{"confidence_interval":{"confidence_level":0.95,"lower_bound":1743600.0864259345,"upper_bound":1809218.0415225055},"point_estimate":1773212.9008932796,"standard_error":16794.484571087196},"median":{"confidence_interval":{"confidence_level":0.95,"lower_bound":1706793.5384615385,"upper_bound":1733588.202247191},"point_estimate":1719520.5546218487,"standard_error":5951.985924244296},"median_abs_dev":{"confidence_interval":{"confidence_level":0.95,"lower_bound":38388.07957252946,"upper_bound":82489.7553970525},"point_estimate":60003.504350405085,"standard_error":11052.082578472331},"slope":{"confidence_interval":{"confidence_level":0.95,"lower_bound":1708785.403719364,"upper_bound":1747132.471288304},"point_estimate":1726874.2423703265,"standard_error":9808.00070053894},"std_dev":{"confidence_interval":{"confidence_level":0.95,"lower_bound":95869.06370452898,"upper_bound":242551.23784217608},"point_estimate":169083.3225760983,"standard_error":39885.57225562929}}