{"mean":{"confidence_interval":{"confidence_level":0.95,"lower_bound":5171787.187525,"upper_bound":5279023.991374998},"point_estimate":5225365.596999998,"standard_error":27334.693466279223},"median":{"confidence_interval":{"confidence_level":0.95,"lower_bound":5175700.75,"upper_bound":5294302.7},"point_estimate":5235506.8,"standard_error":30221.90433713786},"median_abs_dev":{"confidence_interval":{"confidence_level":0.95,"lower_bound":196256.8734857436,"upper_bound":366042.5916114444},"point_estimate":277400.08895516366,"standard_error":46285.75417659534},"slope":null,"std_dev":{"confidence_interval":{"confidence_level":0.95,"lower_bound":239099.76378693982,"upper_bound":306202.0926321522},"point_estimate":274981.8291201126,"standard_error":17078.370121995435}}