{"mean":{"confidence_interval":{"confidence_level":0.95,"lower_bound":1123635.1250111135,"upper_bound":1148981.0018021837},"point_estimate":1134636.4431802845,"standard_error":6544.684984603697},"median":{"confidence_interval":{"confidence_level":0.95,"lower_bound":1114115.1117744609,"upper_bound":1119726.0333333334},"point_estimate":1116727.1742749054,"standard_error":1369.380864952646},"median_abs_dev":{"confidence_interval":{"confidence_level":0.95,"lower_bound":8799.386952838562,"upper_bound":16762.49553216566},"point_estimate":12579.807595768945,"standard_error":2103.18445960235},"slope":{"confidence_interval":{"confidence_level":0.95,"lower_bound":1110364.7750633839,"upper_bound":1114184.9420679654},"point_estimate":1112105.3029436974,"standard_error":974.7535969776359},"std_dev":{"confidence_interval":{"confidence_level":0.95,"lower_bound":27133.143378016157,"upper_bound":100043.6587723977},"point_estimate":65745.44620525054,"standard_error":20079.961008235594}}