{"mean":{"confidence_interval":{"confidence_level":0.95,"lower_bound":5319669.595136363,"upper_bound":5471213.835863635},"point_estimate":5391589.502727273,"standard_error":38701.41926735693},"median":{"confidence_interval":{"confidence_level":0.95,"lower_bound":5180545.136363637,"upper_bound":5269682.318181818},"point_estimate":5206536.363636363,"standard_error":22545.997355218053},"median_abs_dev":{"confidence_interval":{"confidence_level":0.95,"lower_bound":83341.85394811278,"upper_bound":209634.58196006026},"point_estimate":129782.42128681047,"standard_error":31471.6834993567},"slope":null,"std_dev":{"confidence_interval":{"confidence_level":0.95,"lower_bound":293069.13629767415,"upper_bound":485376.308702638},"point_estimate":388759.26841499854,"standard_error":49924.903629041044}}