{"mean":{"confidence_interval":{"confidence_level":0.95,"lower_bound":2600543.179833334,"upper_bound":2666847.179892856},"point_estimate":2633178.270952381,"standard_error":16831.921906888078},"median":{"confidence_interval":{"confidence_level":0.95,"lower_bound":2573572.1904761903,"upper_bound":2641644.3095238097},"point_estimate":2605470.1904761903,"standard_error":17459.489789705178},"median_abs_dev":{"confidence_interval":{"confidence_level":0.95,"lower_bound":104397.31244657752,"upper_bound":192315.38498571914},"point_estimate":136354.11947923034,"standard_error":21730.588509773654},"slope":null,"std_dev":{"confidence_interval":{"confidence_level":0.95,"lower_bound":138523.03252426625,"upper_bound":198394.03587973036},"point_estimate":169341.9326043681,"standard_error":15340.606691214589}}