{"mean":{"confidence_interval":{"confidence_level":0.95,"lower_bound":32110.71015748514,"upper_bound":34052.3988510395},"point_estimate":33054.97862444096,"standard_error":495.42693603351523},"median":{"confidence_interval":{"confidence_level":0.95,"lower_bound":31247.986006996503,"upper_bound":33897.20452729972},"point_estimate":32849.746264367815,"standard_error":598.2818192796651},"median_abs_dev":{"confidence_interval":{"confidence_level":0.95,"lower_bound":3695.826439235102,"upper_bound":5729.582154314063},"point_estimate":4760.843595420396,"standard_error":501.1217143221604},"slope":{"confidence_interval":{"confidence_level":0.95,"lower_bound":33422.037834654395,"upper_bound":35919.97517529007},"point_estimate":34602.42945063009,"standard_error":640.5908757979842},"std_dev":{"confidence_interval":{"confidence_level":0.95,"lower_bound":4015.3230478088735,"upper_bound":5932.264171271219},"point_estimate":4985.784855218288,"standard_error":492.0052575085437}}