{"mean":{"confidence_interval":{"confidence_level":0.95,"lower_bound":42658284.6535,"upper_bound":43448010.02725},"point_estimate":43044738.83,"standard_error":200640.19932719128},"median":{"confidence_interval":{"confidence_level":0.95,"lower_bound":42511996.0,"upper_bound":43303955.75},"point_estimate":42993001.0,"standard_error":237005.62598219138},"median_abs_dev":{"confidence_interval":{"confidence_level":0.95,"lower_bound":1244690.4917523265,"upper_bound":2139780.9445112944},"point_estimate":1607705.8366075158,"standard_error":224354.80432314306},"slope":null,"std_dev":{"confidence_interval":{"confidence_level":0.95,"lower_bound":1615996.5538818568,"upper_bound":2383752.530603966},"point_estimate":2011729.1390056242,"standard_error":197256.07474926198}}