{"mean":{"confidence_interval":{"confidence_level":0.95,"lower_bound":15208820.875,"upper_bound":15507594.148875},"point_estimate":15355507.295,"standard_error":76036.55332081293},"median":{"confidence_interval":{"confidence_level":0.95,"lower_bound":15068679.5,"upper_bound":15416466.125},"point_estimate":15231258.5,"standard_error":110362.7889379972},"median_abs_dev":{"confidence_interval":{"confidence_level":0.95,"lower_bound":481344.6232206748,"upper_bound":882486.1290827394},"point_estimate":626854.5736961067,"standard_error":101908.91741846934},"slope":null,"std_dev":{"confidence_interval":{"confidence_level":0.95,"lower_bound":632864.5526398591,"upper_bound":883682.5077337746},"point_estimate":763969.1465609292,"standard_error":64041.01511089147}}