{"mean":{"confidence_interval":{"confidence_level":0.95,"lower_bound":724979.1114127731,"upper_bound":766944.1548574425},"point_estimate":743545.0146057426,"standard_error":10794.782694250514},"median":{"confidence_interval":{"confidence_level":0.95,"lower_bound":705453.3181818182,"upper_bound":715339.1990665584},"point_estimate":710571.4450464395,"standard_error":2685.485120063317},"median_abs_dev":{"confidence_interval":{"confidence_level":0.95,"lower_bound":10552.484225236596,"upper_bound":21986.14986002166},"point_estimate":16728.884828198898,"standard_error":2952.9836125141924},"slope":{"confidence_interval":{"confidence_level":0.95,"lower_bound":702731.4948660505,"upper_bound":712281.4396722524},"point_estimate":706660.5286581942,"standard_error":2472.770547207876},"std_dev":{"confidence_interval":{"confidence_level":0.95,"lower_bound":47361.07149617887,"upper_bound":157156.73047088378},"point_estimate":108123.16006736484,"standard_error":28118.20456321437}}