{"mean":{"confidence_interval":{"confidence_level":0.95,"lower_bound":144066.96474590286,"upper_bound":146296.0753626967},"point_estimate":145150.085772679,"standard_error":568.458618125475},"median":{"confidence_interval":{"confidence_level":0.95,"lower_bound":144217.66666666666,"upper_bound":146209.96527777778},"point_estimate":145353.30951257862,"standard_error":479.28146897083434},"median_abs_dev":{"confidence_interval":{"confidence_level":0.95,"lower_bound":3595.0301845087906,"upper_bound":6349.316095489313},"point_estimate":4885.549042822714,"standard_error":698.5374251350842},"slope":{"confidence_interval":{"confidence_level":0.95,"lower_bound":143746.23644942045,"upper_bound":147386.59118998575},"point_estimate":145301.47261600415,"standard_error":941.5087191730656},"std_dev":{"confidence_interval":{"confidence_level":0.95,"lower_bound":4338.747489612535,"upper_bound":7270.924284344574},"point_estimate":5714.362606685095,"standard_error":778.3120012457084}}