{"mean":{"confidence_interval":{"confidence_level":0.95,"lower_bound":358022.530037596,"upper_bound":369831.27080978575},"point_estimate":363598.41425471543,"standard_error":3014.193347676916},"median":{"confidence_interval":{"confidence_level":0.95,"lower_bound":350115.8876984127,"upper_bound":362158.77562189056},"point_estimate":355426.32945736434,"standard_error":3145.2977963744747},"median_abs_dev":{"confidence_interval":{"confidence_level":0.95,"lower_bound":15426.439362146963,"upper_bound":27343.466368799873},"point_estimate":21097.222867225773,"standard_error":3140.532383939331},"slope":{"confidence_interval":{"confidence_level":0.95,"lower_bound":358024.832149942,"upper_bound":370802.1533800056},"point_estimate":364158.42465888377,"standard_error":3273.5777035772458},"std_dev":{"confidence_interval":{"confidence_level":0.95,"lower_bound":22090.069069294892,"upper_bound":38860.54552128589},"point_estimate":30242.274200320117,"standard_error":4397.410789935865}}