{"mean":{"confidence_interval":{"confidence_level":0.95,"lower_bound":2838631.3339375,"upper_bound":3171389.0310312496},"point_estimate":3002700.151875,"standard_error":85027.95416679322},"median":{"confidence_interval":{"confidence_level":0.95,"lower_bound":2765096.53125,"upper_bound":3197488.625},"point_estimate":3045770.3125,"standard_error":108779.58128249214},"median_abs_dev":{"confidence_interval":{"confidence_level":0.95,"lower_bound":624394.2917022854,"upper_bound":1070966.376524046},"point_estimate":881365.468827635,"standard_error":114739.2312597543},"slope":null,"std_dev":{"confidence_interval":{"confidence_level":0.95,"lower_bound":716019.2265477222,"upper_bound":986605.2554796672},"point_estimate":854979.5649669437,"standard_error":69567.09596883095}}