{"mean":{"confidence_interval":{"confidence_level":0.95,"lower_bound":6523.6801773283405,"upper_bound":6685.774448529119},"point_estimate":6601.740265683839,"standard_error":41.38427831277581},"median":{"confidence_interval":{"confidence_level":0.95,"lower_bound":6427.349181073703,"upper_bound":6607.42853950162},"point_estimate":6517.829924857417,"standard_error":47.13206989724881},"median_abs_dev":{"confidence_interval":{"confidence_level":0.95,"lower_bound":264.63164676697585,"upper_bound":490.97770481458844},"point_estimate":364.81762960724456,"standard_error":62.18379502836752},"slope":{"confidence_interval":{"confidence_level":0.95,"lower_bound":6716.785543106045,"upper_bound":6982.796422219299},"point_estimate":6843.013173992558,"standard_error":68.00019964576016},"std_dev":{"confidence_interval":{"confidence_level":0.95,"lower_bound":321.09868184728117,"upper_bound":521.856057955497},"point_estimate":413.0735976695075,"standard_error":54.21383259108633}}