{"mean":{"confidence_interval":{"confidence_level":0.95,"lower_bound":267186.11266226496,"upper_bound":270670.2500370352},"point_estimate":268773.74614273466,"standard_error":891.2343801588482},"median":{"confidence_interval":{"confidence_level":0.95,"lower_bound":265374.66503647214,"upper_bound":267385.16949152545},"point_estimate":266416.8713235294,"standard_error":511.40873870315545},"median_abs_dev":{"confidence_interval":{"confidence_level":0.95,"lower_bound":3066.2800786176736,"upper_bound":5390.082159136439},"point_estimate":4287.064468695749,"standard_error":593.0634404201445},"slope":{"confidence_interval":{"confidence_level":0.95,"lower_bound":265002.4470016587,"upper_bound":266786.03014213586},"point_estimate":265810.1810920644,"standard_error":455.3686065069584},"std_dev":{"confidence_interval":{"confidence_level":0.95,"lower_bound":5113.33203997824,"upper_bound":12304.329130464528},"point_estimate":8962.819688303767,"standard_error":1849.993495361094}}