{"mean":{"confidence_interval":{"confidence_level":0.95,"lower_bound":746385.4053540825,"upper_bound":779602.2603659097},"point_estimate":761046.8557985476,"standard_error":8517.044762397438},"median":{"confidence_interval":{"confidence_level":0.95,"lower_bound":737732.4615384615,"upper_bound":756307.3032786886},"point_estimate":744366.5214285714,"standard_error":4809.605700377736},"median_abs_dev":{"confidence_interval":{"confidence_level":0.95,"lower_bound":30311.3951240398,"upper_bound":56641.20350441768},"point_estimate":43990.893936409935,"standard_error":6773.488670293251},"slope":{"confidence_interval":{"confidence_level":0.95,"lower_bound":748659.3795863675,"upper_bound":774017.7612199448},"point_estimate":761165.7140195065,"standard_error":6482.594768910853},"std_dev":{"confidence_interval":{"confidence_level":0.95,"lower_bound":44229.0077043263,"upper_bound":128281.5226786635},"point_estimate":85580.83991593623,"standard_error":24509.307148527347}}