{"mean":{"confidence_interval":{"confidence_level":0.95,"lower_bound":110869238.95650001,"upper_bound":112397665.37925},"point_estimate":111557258.52,"standard_error":390912.5942935241},"median":{"confidence_interval":{"confidence_level":0.95,"lower_bound":110422145.0,"upper_bound":111598046.5},"point_estimate":111386239.0,"standard_error":347899.68933065044},"median_abs_dev":{"confidence_interval":{"confidence_level":0.95,"lower_bound":1641534.6908569336,"upper_bound":2631803.9847761393},"point_estimate":2016791.863694787,"standard_error":253018.19776592238},"slope":null,"std_dev":{"confidence_interval":{"confidence_level":0.95,"lower_bound":2289238.179165209,"upper_bound":5663543.457707269},"point_estimate":3910796.5026682816,"standard_error":974992.563214289}}