{"mean":{"confidence_interval":{"confidence_level":0.95,"lower_bound":169771.73506367244,"upper_bound":174359.25217661646},"point_estimate":172005.84086049703,"standard_error":1170.5545465665277},"median":{"confidence_interval":{"confidence_level":0.95,"lower_bound":166016.05018059857,"upper_bound":171477.44444444444},"point_estimate":169089.17192982457,"standard_error":1433.6899765401533},"median_abs_dev":{"confidence_interval":{"confidence_level":0.95,"lower_bound":6912.713949627758,"upper_bound":13653.354683992256},"point_estimate":10184.52695752183,"standard_error":1845.4091923775059},"slope":{"confidence_interval":{"confidence_level":0.95,"lower_bound":168420.47497559246,"upper_bound":173966.2984254504},"point_estimate":171084.40380227574,"standard_error":1417.5171150243636},"std_dev":{"confidence_interval":{"confidence_level":0.95,"lower_bound":9995.17667202609,"upper_bound":13231.855977945705},"point_estimate":11739.698046448508,"standard_error":825.3599183399639}}