{"mean":{"confidence_interval":{"confidence_level":0.95,"lower_bound":419149.84609035717,"upper_bound":443479.4384806012},"point_estimate":430808.04856310075,"standard_error":6225.904691036309},"median":{"confidence_interval":{"confidence_level":0.95,"lower_bound":407444.1247184685,"upper_bound":426725.961038961},"point_estimate":416934.0451923077,"standard_error":4433.888177538517},"median_abs_dev":{"confidence_interval":{"confidence_level":0.95,"lower_bound":36762.30295046356,"upper_bound":60420.082469086556},"point_estimate":50182.1327208331,"standard_error":6442.589063988018},"slope":{"confidence_interval":{"confidence_level":0.95,"lower_bound":424105.7881663532,"upper_bound":451589.17163185345},"point_estimate":437521.21163686516,"standard_error":7028.284673035244},"std_dev":{"confidence_interval":{"confidence_level":0.95,"lower_bound":49296.78036405474,"upper_bound":74447.30528266748},"point_estimate":62831.67522215742,"standard_error":6432.394463083187}}