{"mean":{"confidence_interval":{"confidence_level":0.95,"lower_bound":960050.7915785671,"upper_bound":989445.9611798766},"point_estimate":973016.3149774207,"standard_error":7546.5842997688},"median":{"confidence_interval":{"confidence_level":0.95,"lower_bound":946218.4076923077,"upper_bound":959039.0189285714},"point_estimate":950486.790625,"standard_error":3601.3374062198186},"median_abs_dev":{"confidence_interval":{"confidence_level":0.95,"lower_bound":14753.458238073745,"upper_bound":27468.427863460194},"point_estimate":18472.23584824275,"standard_error":3420.094632846583},"slope":{"confidence_interval":{"confidence_level":0.95,"lower_bound":948242.5122467655,"upper_bound":962311.573609791},"point_estimate":954390.2476148958,"standard_error":3613.1722587906115},"std_dev":{"confidence_interval":{"confidence_level":0.95,"lower_bound":38056.316864019725,"upper_bound":112259.75868400616},"point_estimate":75711.6485568665,"standard_error":20800.41190072279}}