{"mean":{"confidence_interval":{"confidence_level":0.95,"lower_bound":278763.2875556819,"upper_bound":291180.1088572897},"point_estimate":284222.24306913407,"standard_error":3202.8683918839165},"median":{"confidence_interval":{"confidence_level":0.95,"lower_bound":275649.61082175927,"upper_bound":281151.7159090909},"point_estimate":278317.83187645685,"standard_error":1415.7873153813039},"median_abs_dev":{"confidence_interval":{"confidence_level":0.95,"lower_bound":9348.195829512788,"upper_bound":15179.195389661176},"point_estimate":11807.276954499663,"standard_error":1553.68019996803},"slope":{"confidence_interval":{"confidence_level":0.95,"lower_bound":274833.23415611644,"upper_bound":279591.1983190138},"point_estimate":277190.6507085858,"standard_error":1211.7180341563424},"std_dev":{"confidence_interval":{"confidence_level":0.95,"lower_bound":13336.559915679614,"upper_bound":47903.333028037385},"point_estimate":32200.486209683702,"standard_error":9113.670684420918}}