{"mean":{"confidence_interval":{"confidence_level":0.95,"lower_bound":31642072.290375,"upper_bound":32180204.127875},"point_estimate":31909542.535,"standard_error":137397.49959745657},"median":{"confidence_interval":{"confidence_level":0.95,"lower_bound":31453397.5,"upper_bound":32172358.0},"point_estimate":31668659.75,"standard_error":179930.8693160028},"median_abs_dev":{"confidence_interval":{"confidence_level":0.95,"lower_bound":1120860.40610075,"upper_bound":1759031.1094209552},"point_estimate":1493016.7210936546,"standard_error":163736.29983530956},"slope":null,"std_dev":{"confidence_interval":{"confidence_level":0.95,"lower_bound":1199212.0320409557,"upper_bound":1535776.4244395285},"point_estimate":1376935.5038234864,"standard_error":86059.50363142394}}