{"mean":{"confidence_interval":{"confidence_level":0.95,"lower_bound":93857011.57949999,"upper_bound":95679152.9},"point_estimate":94700533.21,"standard_error":464800.6464726305},"median":{"confidence_interval":{"confidence_level":0.95,"lower_bound":92914306.0,"upper_bound":93911139.0},"point_estimate":93574729.0,"standard_error":272274.74924356677},"median_abs_dev":{"confidence_interval":{"confidence_level":0.95,"lower_bound":1783620.400634408,"upper_bound":3277760.191208124},"point_estimate":2411674.212384224,"standard_error":369633.3441005032},"slope":null,"std_dev":{"confidence_interval":{"confidence_level":0.95,"lower_bound":2911466.9138767915,"upper_bound":6399930.974950869},"point_estimate":4660984.511992243,"standard_error":925698.4843206286}}