{"mean":{"confidence_interval":{"confidence_level":0.95,"lower_bound":55608.312477082065,"upper_bound":55855.90374581093},"point_estimate":55727.59756807782,"standard_error":63.11606811768266},"median":{"confidence_interval":{"confidence_level":0.95,"lower_bound":55486.53520620205,"upper_bound":55667.018685121104},"point_estimate":55563.85329592363,"standard_error":40.57064096729034},"median_abs_dev":{"confidence_interval":{"confidence_level":0.95,"lower_bound":300.8922432570976,"upper_bound":532.4572226947364},"point_estimate":426.3335860962274,"standard_error":57.73743332587755},"slope":{"confidence_interval":{"confidence_level":0.95,"lower_bound":55768.4722250982,"upper_bound":56052.30002587207},"point_estimate":55902.978336216416,"standard_error":72.60585355116633},"std_dev":{"confidence_interval":{"confidence_level":0.95,"lower_bound":496.2135526316691,"upper_bound":749.2561653953439},"point_estimate":632.3800805464749,"standard_error":64.49893641287862}}