{"mean":{"confidence_interval":{"confidence_level":0.95,"lower_bound":2731586.8345131585,"upper_bound":2766711.4627236854},"point_estimate":2749073.1642105267,"standard_error":8970.551907669533},"median":{"confidence_interval":{"confidence_level":0.95,"lower_bound":2727783.8684210526,"upper_bound":2762254.763157895},"point_estimate":2751438.2105263155,"standard_error":9148.70488461812},"median_abs_dev":{"confidence_interval":{"confidence_level":0.95,"lower_bound":59042.905288620525,"upper_bound":112685.71328363892},"point_estimate":84564.84942498952,"standard_error":13971.155765522908},"slope":null,"std_dev":{"confidence_interval":{"confidence_level":0.95,"lower_bound":76982.04630351356,"upper_bound":101653.61283252183},"point_estimate":90026.24151523254,"standard_error":6278.639306916965}}