{"mean":{"confidence_interval":{"confidence_level":0.95,"lower_bound":2081298.5641492067,"upper_bound":2201328.2365676817},"point_estimate":2136007.984010413,"standard_error":30778.516315759185},"median":{"confidence_interval":{"confidence_level":0.95,"lower_bound":2034326.5257575759,"upper_bound":2142256.75},"point_estimate":2076373.055992736,"standard_error":27816.76521010931},"median_abs_dev":{"confidence_interval":{"confidence_level":0.95,"lower_bound":128758.72289113108,"upper_bound":196361.88263943358},"point_estimate":157101.42422692105,"standard_error":17262.718723834343},"slope":{"confidence_interval":{"confidence_level":0.95,"lower_bound":2018661.5938108426,"upper_bound":2091643.5338130516},"point_estimate":2053849.9527973991,"standard_error":18617.224585695178},"std_dev":{"confidence_interval":{"confidence_level":0.95,"lower_bound":168866.41031101457,"upper_bound":440047.9998614708},"point_estimate":308107.13549035933,"standard_error":71136.34701376711}}