{"mean":{"confidence_interval":{"confidence_level":0.95,"lower_bound":518861.95694584254,"upper_bound":540150.2742552817},"point_estimate":528020.9337116196,"standard_error":5513.173817461074},"median":{"confidence_interval":{"confidence_level":0.95,"lower_bound":510468.39743589744,"upper_bound":519792.8693094136},"point_estimate":512629.2481027068,"standard_error":2631.1663835878544},"median_abs_dev":{"confidence_interval":{"confidence_level":0.95,"lower_bound":11725.000370930535,"upper_bound":21290.95373787961},"point_estimate":14334.697192282452,"standard_error":2461.246496719277},"slope":{"confidence_interval":{"confidence_level":0.95,"lower_bound":506330.2013813107,"upper_bound":511494.5149447403},"point_estimate":508734.0810787646,"standard_error":1319.8882825372875},"std_dev":{"confidence_interval":{"confidence_level":0.95,"lower_bound":22210.55511190839,"upper_bound":84835.24875857949},"point_estimate":55371.23897608899,"standard_error":16986.44014400959}}