{"mean":{"confidence_interval":{"confidence_level":0.95,"lower_bound":233576.3868151384,"upper_bound":246162.62024112314},"point_estimate":239487.01050457213,"standard_error":3211.328861310028},"median":{"confidence_interval":{"confidence_level":0.95,"lower_bound":227724.9344262295,"upper_bound":234614.54885714286},"point_estimate":231844.21140151515,"standard_error":2017.897789649726},"median_abs_dev":{"confidence_interval":{"confidence_level":0.95,"lower_bound":11010.897599228643,"upper_bound":20446.942780356025},"point_estimate":16083.338412463674,"standard_error":2367.3661877114473},"slope":{"confidence_interval":{"confidence_level":0.95,"lower_bound":227694.64718365853,"upper_bound":238198.11597577098},"point_estimate":232594.44667119847,"standard_error":2692.5853259740134},"std_dev":{"confidence_interval":{"confidence_level":0.95,"lower_bound":21852.61579275725,"upper_bound":41760.508358842206},"point_estimate":32351.097620302404,"standard_error":5118.108333084633}}