{"mean":{"confidence_interval":{"confidence_level":0.95,"lower_bound":4694.054169877223,"upper_bound":4705.744379076112},"point_estimate":4699.888510275585,"standard_error":2.971101627492972},"median":{"confidence_interval":{"confidence_level":0.95,"lower_bound":4693.798867924528,"upper_bound":4708.446164889254},"point_estimate":4701.670710734967,"standard_error":3.4282370842781793},"median_abs_dev":{"confidence_interval":{"confidence_level":0.95,"lower_bound":23.40270071659434,"upper_bound":37.524636732726265},"point_estimate":29.639105813770218,"standard_error":3.578471151390836},"slope":{"confidence_interval":{"confidence_level":0.95,"lower_bound":4700.129496755376,"upper_bound":4716.97003110979},"point_estimate":4708.711865727406,"standard_error":4.303288412902128},"std_dev":{"confidence_interval":{"confidence_level":0.95,"lower_bound":25.52381987158047,"upper_bound":34.00089976030672},"point_estimate":29.876298684897947,"standard_error":2.16988938530873}}