{"mean":{"confidence_interval":{"confidence_level":0.95,"lower_bound":98103242.05325,"upper_bound":99038221.51024999},"point_estimate":98595744.91,"standard_error":239647.3232998829},"median":{"confidence_interval":{"confidence_level":0.95,"lower_bound":98654103.0,"upper_bound":98924707.0},"point_estimate":98805761.5,"standard_error":72078.14427904903},"median_abs_dev":{"confidence_interval":{"confidence_level":0.95,"lower_bound":491065.2806818485,"upper_bound":848364.5725335155},"point_estimate":644992.5164490938,"standard_error":93025.80028336603},"slope":null,"std_dev":{"confidence_interval":{"confidence_level":0.95,"lower_bound":1501546.4869496608,"upper_bound":3154695.0318893124},"point_estimate":2408350.1113954433,"standard_error":423261.4509901984}}