{"mean":{"confidence_interval":{"confidence_level":0.95,"lower_bound":35342.0748001353,"upper_bound":36439.543072005545},"point_estimate":35889.78378962499,"standard_error":280.35537459622606},"median":{"confidence_interval":{"confidence_level":0.95,"lower_bound":35201.60652065704,"upper_bound":36389.96118012422},"point_estimate":35920.530333011586,"standard_error":360.8101318819107},"median_abs_dev":{"confidence_interval":{"confidence_level":0.95,"lower_bound":2101.508856798734,"upper_bound":3573.71461879907},"point_estimate":2707.5942588454873,"standard_error":367.75906684273906},"slope":{"confidence_interval":{"confidence_level":0.95,"lower_bound":35058.896383393374,"upper_bound":36326.06900410933},"point_estimate":35690.55645685997,"standard_error":322.45061795330923},"std_dev":{"confidence_interval":{"confidence_level":0.95,"lower_bound":2430.374986840208,"upper_bound":3173.627539616106},"point_estimate":2820.7267061934754,"standard_error":189.96270361856568}}