{"mean":{"confidence_interval":{"confidence_level":0.95,"lower_bound":506981.4860951077,"upper_bound":553214.0824492923},"point_estimate":526274.7668137895,"standard_error":12090.22233465981},"median":{"confidence_interval":{"confidence_level":0.95,"lower_bound":490021.6494089834,"upper_bound":505683.44444444444},"point_estimate":500579.815929336,"standard_error":4186.793601666507},"median_abs_dev":{"confidence_interval":{"confidence_level":0.95,"lower_bound":23081.71991324785,"upper_bound":47506.79681050459},"point_estimate":36939.55169969208,"standard_error":6431.378864015862},"slope":{"confidence_interval":{"confidence_level":0.95,"lower_bound":502575.8644561512,"upper_bound":524871.6781426353},"point_estimate":513531.4467573026,"standard_error":5693.951222586389},"std_dev":{"confidence_interval":{"confidence_level":0.95,"lower_bound":45999.4553678161,"upper_bound":192014.9207863377},"point_estimate":121263.3054755964,"standard_error":44914.70906992467}}