{"mean":{"confidence_interval":{"confidence_level":0.95,"lower_bound":3813615.7332321415,"upper_bound":3825839.3372321404},"point_estimate":3819813.3671428566,"standard_error":3123.8838177429675},"median":{"confidence_interval":{"confidence_level":0.95,"lower_bound":3817323.2142857146,"upper_bound":3828674.25},"point_estimate":3822027.2142857146,"standard_error":3066.8574801100676},"median_abs_dev":{"confidence_interval":{"confidence_level":0.95,"lower_bound":20811.14993052902,"upper_bound":36814.175196417644},"point_estimate":25826.044341495814,"standard_error":3956.912434162499},"slope":null,"std_dev":{"confidence_interval":{"confidence_level":0.95,"lower_bound":26179.116513833247,"upper_bound":35943.38842287973},"point_estimate":31392.15033551199,"standard_error":2487.6707962785536}}