{"mean":{"confidence_interval":{"confidence_level":0.95,"lower_bound":263534.29348491377,"upper_bound":274829.59124351793},"point_estimate":268747.9201022338,"standard_error":2893.699705827396},"median":{"confidence_interval":{"confidence_level":0.95,"lower_bound":256658.47222222222,"upper_bound":262581.56666666665},"point_estimate":258644.50980392157,"standard_error":1379.0877174603988},"median_abs_dev":{"confidence_interval":{"confidence_level":0.95,"lower_bound":7786.851329905965,"upper_bound":15185.42550211183},"point_estimate":11008.81938295393,"standard_error":1781.2737103037082},"slope":{"confidence_interval":{"confidence_level":0.95,"lower_bound":257945.6367987258,"upper_bound":265261.0932584465},"point_estimate":261421.3948389242,"standard_error":1869.1128655933435},"std_dev":{"confidence_interval":{"confidence_level":0.95,"lower_bound":17472.105808495508,"upper_bound":38880.541271123024},"point_estimate":29186.016946287116,"standard_error":5434.672877659849}}