{"mean":{"confidence_interval":{"confidence_level":0.95,"lower_bound":2144507.3182599996,"upper_bound":2268331.496799999},"point_estimate":2202440.340399999,"standard_error":31630.18126946617},"median":{"confidence_interval":{"confidence_level":0.95,"lower_bound":2101574.8,"upper_bound":2173269.8},"point_estimate":2143871.48,"standard_error":20242.197933133808},"median_abs_dev":{"confidence_interval":{"confidence_level":0.95,"lower_bound":175035.0412445067,"upper_bound":316337.819627881},"point_estimate":225705.237852931,"standard_error":36977.893934638094},"slope":null,"std_dev":{"confidence_interval":{"confidence_level":0.95,"lower_bound":228383.82839195366,"upper_bound":428184.8559550223},"point_estimate":320281.5843195473,"standard_error":56001.65105445644}}