{"mean":{"confidence_interval":{"confidence_level":0.95,"lower_bound":35144.505720297275,"upper_bound":35948.54003629431},"point_estimate":35533.56237038589,"standard_error":204.9605348512525},"median":{"confidence_interval":{"confidence_level":0.95,"lower_bound":34785.761521883294,"upper_bound":35508.06254406876},"point_estimate":35013.59124032755,"standard_error":152.3846880319491},"median_abs_dev":{"confidence_interval":{"confidence_level":0.95,"lower_bound":1143.5406872031656,"upper_bound":2051.531543240892},"point_estimate":1496.8881528166457,"standard_error":226.74442758147282},"slope":{"confidence_interval":{"confidence_level":0.95,"lower_bound":35819.06529592239,"upper_bound":37051.28583365057},"point_estimate":36445.301947381566,"standard_error":314.17888177641606},"std_dev":{"confidence_interval":{"confidence_level":0.95,"lower_bound":1680.5306246061532,"upper_bound":2376.5335628041776},"point_estimate":2053.1143231979668,"standard_error":178.22345050857504}}