{"mean":{"confidence_interval":{"confidence_level":0.95,"lower_bound":68888.41454333991,"upper_bound":70044.91103611776},"point_estimate":69412.7238667348,"standard_error":296.1210579365649},"median":{"confidence_interval":{"confidence_level":0.95,"lower_bound":68245.17333333334,"upper_bound":68899.91203703704},"point_estimate":68579.8803245436,"standard_error":182.7930903998194},"median_abs_dev":{"confidence_interval":{"confidence_level":0.95,"lower_bound":910.9799531645132,"upper_bound":1552.5797151928755},"point_estimate":1237.224944971883,"standard_error":161.94628968328792},"slope":{"confidence_interval":{"confidence_level":0.95,"lower_bound":68237.16091916387,"upper_bound":69001.25750546833},"point_estimate":68590.58958218807,"standard_error":196.19525245539037},"std_dev":{"confidence_interval":{"confidence_level":0.95,"lower_bound":1836.7128362425963,"upper_bound":4154.886396015363},"point_estimate":2985.5012597093437,"standard_error":618.2781600029596}}