{"mean":{"confidence_interval":{"confidence_level":0.95,"lower_bound":95150005.58225,"upper_bound":95768807.61825},"point_estimate":95424131.17,"standard_error":158612.98034434332},"median":{"confidence_interval":{"confidence_level":0.95,"lower_bound":94963031.0,"upper_bound":95184778.0},"point_estimate":95081177.0,"standard_error":58885.27088970647},"median_abs_dev":{"confidence_interval":{"confidence_level":0.95,"lower_bound":347599.27032887936,"upper_bound":650425.504052639},"point_estimate":481183.75185728073,"standard_error":78666.96617889196},"slope":null,"std_dev":{"confidence_interval":{"confidence_level":0.95,"lower_bound":782358.2016482471,"upper_bound":2376986.8485954753},"point_estimate":1605672.479414992,"standard_error":440323.3878800527}}