{"mean":{"confidence_interval":{"confidence_level":0.95,"lower_bound":6132686.464749998,"upper_bound":6296615.650555556},"point_estimate":6212374.891111109,"standard_error":41874.42022521379},"median":{"confidence_interval":{"confidence_level":0.95,"lower_bound":6106276.222222222,"upper_bound":6206402.888888889},"point_estimate":6172328.555555556,"standard_error":26905.903342527145},"median_abs_dev":{"confidence_interval":{"confidence_level":0.95,"lower_bound":220205.46735723736,"upper_bound":430101.1815975099},"point_estimate":335273.6754477031,"standard_error":53351.70403335413},"slope":null,"std_dev":{"confidence_interval":{"confidence_level":0.95,"lower_bound":331137.0849790704,"upper_bound":513586.2163518328},"point_estimate":421618.69557651685,"standard_error":47216.45606984042}}