{"mean":{"confidence_interval":{"confidence_level":0.95,"lower_bound":117691138.19525,"upper_bound":119263107.29975},"point_estimate":118446790.18,"standard_error":401228.7294488537},"median":{"confidence_interval":{"confidence_level":0.95,"lower_bound":116936174.0,"upper_bound":118336982.0},"point_estimate":117560729.0,"standard_error":306710.2202519987},"median_abs_dev":{"confidence_interval":{"confidence_level":0.95,"lower_bound":2119682.8192681074,"upper_bound":3956189.0435636044},"point_estimate":2830376.012250781,"standard_error":484868.8785596886},"slope":null,"std_dev":{"confidence_interval":{"confidence_level":0.95,"lower_bound":3090921.6075926134,"upper_bound":4884678.758524127},"point_estimate":4031867.855941432,"standard_error":458346.90841343405}}