{"mean":{"confidence_interval":{"confidence_level":0.95,"lower_bound":117404957.05025,"upper_bound":120855485.5865},"point_estimate":119107177.53,"standard_error":878681.0481877354},"median":{"confidence_interval":{"confidence_level":0.95,"lower_bound":116453183.5,"upper_bound":121519542.5},"point_estimate":119572363.0,"standard_error":1342217.9536511404},"median_abs_dev":{"confidence_interval":{"confidence_level":0.95,"lower_bound":7237264.328312874,"upper_bound":10827690.39862006},"point_estimate":9580270.4403162,"standard_error":919536.852560397},"slope":null,"std_dev":{"confidence_interval":{"confidence_level":0.95,"lower_bound":7381248.573981683,"upper_bound":10347716.099030135},"point_estimate":8841492.287053615,"standard_error":764350.3634365532}}