{"mean":{"confidence_interval":{"confidence_level":0.95,"lower_bound":249046.99416086674,"upper_bound":258316.6354508372},"point_estimate":253326.1775019213,"standard_error":2364.6445810849546},"median":{"confidence_interval":{"confidence_level":0.95,"lower_bound":243717.4131558542,"upper_bound":253324.2025071225},"point_estimate":247498.3925170068,"standard_error":2222.589759465043},"median_abs_dev":{"confidence_interval":{"confidence_level":0.95,"lower_bound":12200.733347607733,"upper_bound":21044.36637851894},"point_estimate":16330.975674067226,"standard_error":2178.1376785637704},"slope":{"confidence_interval":{"confidence_level":0.95,"lower_bound":243424.64980896303,"upper_bound":249212.88714028857},"point_estimate":246112.61195921383,"standard_error":1473.898790800054},"std_dev":{"confidence_interval":{"confidence_level":0.95,"lower_bound":14741.837110914767,"upper_bound":32796.616539560324},"point_estimate":23728.382889375673,"standard_error":4821.150756416807}}