{"mean":{"confidence_interval":{"confidence_level":0.95,"lower_bound":11553309.597999996,"upper_bound":12839612.00599999},"point_estimate":12169740.180000005,"standard_error":329601.0079248136},"median":{"confidence_interval":{"confidence_level":0.95,"lower_bound":10772017.0,"upper_bound":11429437.459999979},"point_estimate":11054430.7,"standard_error":163308.62534186125},"median_abs_dev":{"confidence_interval":{"confidence_level":0.95,"lower_bound":969205.996093154,"upper_bound":1736193.3618164053},"point_estimate":1361918.411461114,"standard_error":205563.78997201295},"slope":null,"std_dev":{"confidence_interval":{"confidence_level":0.95,"lower_bound":2488596.4143183446,"upper_bound":4011410.269180871},"point_estimate":3325163.1847770317,"standard_error":389214.6222875947}}