{"mean":{"confidence_interval":{"confidence_level":0.95,"lower_bound":38007.59743969676,"upper_bound":38635.58086941053},"point_estimate":38321.99892049289,"standard_error":160.59459529336144},"median":{"confidence_interval":{"confidence_level":0.95,"lower_bound":37727.54426377597,"upper_bound":38947.476287123034},"point_estimate":38475.16384631758,"standard_error":315.17638352506054},"median_abs_dev":{"confidence_interval":{"confidence_level":0.95,"lower_bound":1508.1692483593708,"upper_bound":2224.8694198548933},"point_estimate":1938.1253127287935,"standard_error":175.87544234544566},"slope":{"confidence_interval":{"confidence_level":0.95,"lower_bound":37687.95912806769,"upper_bound":38326.89799331992},"point_estimate":37994.397680464564,"standard_error":163.21936618226198},"std_dev":{"confidence_interval":{"confidence_level":0.95,"lower_bound":1429.5490231793567,"upper_bound":1783.706850449445},"point_estimate":1616.023694324796,"standard_error":90.05465323350971}}