{"mean":{"confidence_interval":{"confidence_level":0.95,"lower_bound":2599541.58275,"upper_bound":2626817.7447375},"point_estimate":2612307.003,"standard_error":6935.418433461265},"median":{"confidence_interval":{"confidence_level":0.95,"lower_bound":2582276.6,"upper_bound":2598516.8},"point_estimate":2588224.15,"standard_error":5126.802987888093},"median_abs_dev":{"confidence_interval":{"confidence_level":0.95,"lower_bound":19963.24756383138,"upper_bound":41365.50295561597},"point_estimate":29759.932751655648,"standard_error":5385.167673664547},"slope":null,"std_dev":{"confidence_interval":{"confidence_level":0.95,"lower_bound":45540.867722112205,"upper_bound":90488.73496929213},"point_estimate":69397.13677239142,"standard_error":11484.267884498617}}