{"mean":{"confidence_interval":{"confidence_level":0.95,"lower_bound":140680.09787390265,"upper_bound":145682.81287546342},"point_estimate":143086.6919045326,"standard_error":1279.5340712576456},"median":{"confidence_interval":{"confidence_level":0.95,"lower_bound":136568.74761904762,"upper_bound":144025.70995670996},"point_estimate":139623.20556703693,"standard_error":1742.3873089850067},"median_abs_dev":{"confidence_interval":{"confidence_level":0.95,"lower_bound":8050.703447843648,"upper_bound":13837.65544501573},"point_estimate":10332.248455371138,"standard_error":1503.1664766649064},"slope":{"confidence_interval":{"confidence_level":0.95,"lower_bound":141601.93248146639,"upper_bound":148868.0878467989},"point_estimate":145043.6355384323,"standard_error":1858.8011855011946},"std_dev":{"confidence_interval":{"confidence_level":0.95,"lower_bound":10053.508552004267,"upper_bound":15524.943873818182},"point_estimate":12909.113350745898,"standard_error":1403.3950524664438}}