{"mean":{"confidence_interval":{"confidence_level":0.95,"lower_bound":1457984.4826415647,"upper_bound":1681372.9168855303},"point_estimate":1539690.4784913315,"standard_error":64046.83652851261},"median":{"confidence_interval":{"confidence_level":0.95,"lower_bound":1410125.8666666667,"upper_bound":1462800.3235294118},"point_estimate":1431091.2183257919,"standard_error":13453.661118568232},"median_abs_dev":{"confidence_interval":{"confidence_level":0.95,"lower_bound":51196.11800626571,"upper_bound":97349.56468432726},"point_estimate":67629.70214778386,"standard_error":11747.435558787065},"slope":{"confidence_interval":{"confidence_level":0.95,"lower_bound":1414448.608270584,"upper_bound":1455357.9363625008},"point_estimate":1433218.1000265996,"standard_error":10456.093876026536},"std_dev":{"confidence_interval":{"confidence_level":0.95,"lower_bound":104742.27274526835,"upper_bound":1092512.1737596053},"point_estimate":644837.7839826676,"standard_error":345186.7175641895}}