{"mean":{"confidence_interval":{"confidence_level":0.95,"lower_bound":496068.6603544386,"upper_bound":524606.2827112589},"point_estimate":509107.1448201481,"standard_error":7311.379877326394},"median":{"confidence_interval":{"confidence_level":0.95,"lower_bound":483131.88974358974,"upper_bound":495481.3309523809},"point_estimate":488228.11138750694,"standard_error":3558.7555629109333},"median_abs_dev":{"confidence_interval":{"confidence_level":0.95,"lower_bound":20803.74515348323,"upper_bound":37785.81702494117},"point_estimate":27646.985835931595,"standard_error":4369.555851994559},"slope":{"confidence_interval":{"confidence_level":0.95,"lower_bound":480176.7781313281,"upper_bound":497346.6892717901},"point_estimate":488112.9378789222,"standard_error":4384.911285597479},"std_dev":{"confidence_interval":{"confidence_level":0.95,"lower_bound":44511.91286231394,"upper_bound":103049.31225413973},"point_estimate":73417.30963378801,"standard_error":15921.869885221076}}