{"mean":{"confidence_interval":{"confidence_level":0.95,"lower_bound":3405040.0010166666,"upper_bound":3416112.696983334},"point_estimate":3409919.667333334,"standard_error":2849.8114870674794},"median":{"confidence_interval":{"confidence_level":0.95,"lower_bound":3402150.933333333,"upper_bound":3407771.1333333333},"point_estimate":3403484.4000000004,"standard_error":1368.758501656311},"median_abs_dev":{"confidence_interval":{"confidence_level":0.95,"lower_bound":7156.213552951882,"upper_bound":13699.470856785543},"point_estimate":9083.544098734763,"standard_error":1734.94778982389},"slope":null,"std_dev":{"confidence_interval":{"confidence_level":0.95,"lower_bound":12520.392459379744,"upper_bound":41919.064671759945},"point_estimate":28721.952029032178,"standard_error":7918.336946883136}}