{"mean":{"confidence_interval":{"confidence_level":0.95,"lower_bound":39933.475535364596,"upper_bound":40208.22470001172},"point_estimate":40067.84759953825,"standard_error":70.33740532995894},"median":{"confidence_interval":{"confidence_level":0.95,"lower_bound":39936.356804395604,"upper_bound":40232.61846153846},"point_estimate":40070.665185185186,"standard_error":69.74542731431897},"median_abs_dev":{"confidence_interval":{"confidence_level":0.95,"lower_bound":518.5987008404599,"upper_bound":835.1835464765946},"point_estimate":676.8921820567662,"standard_error":80.37179997404486},"slope":{"confidence_interval":{"confidence_level":0.95,"lower_bound":40026.094287038184,"upper_bound":40356.862817880065},"point_estimate":40178.79033651544,"standard_error":84.70589665653908},"std_dev":{"confidence_interval":{"confidence_level":0.95,"lower_bound":546.0384461814006,"upper_bound":901.5322047504188},"point_estimate":709.7961499814844,"standard_error":95.69468485285407}}