{"mean":{"confidence_interval":{"confidence_level":0.95,"lower_bound":3750960.507553574,"upper_bound":3834257.583982144},"point_estimate":3791323.0442857165,"standard_error":21227.447504230917},"median":{"confidence_interval":{"confidence_level":0.95,"lower_bound":3670447.214285714,"upper_bound":3783077.4642857146},"point_estimate":3740976.6071428573,"standard_error":29866.414460057364},"median_abs_dev":{"confidence_interval":{"confidence_level":0.95,"lower_bound":121187.03349850037,"upper_bound":227850.83535483934},"point_estimate":196021.21421992814,"standard_error":28052.10101357414},"slope":null,"std_dev":{"confidence_interval":{"confidence_level":0.95,"lower_bound":172018.24330198,"upper_bound":249724.14391226994},"point_estimate":212515.96276049342,"standard_error":19838.148128086148}}