{"mean":{"confidence_interval":{"confidence_level":0.95,"lower_bound":45824.05627923277,"upper_bound":47165.5486253452},"point_estimate":46452.198694304476,"standard_error":343.2951721055665},"median":{"confidence_interval":{"confidence_level":0.95,"lower_bound":44889.940801056335,"upper_bound":45685.89487603305},"point_estimate":45263.362633689845,"standard_error":216.29189557371237},"median_abs_dev":{"confidence_interval":{"confidence_level":0.95,"lower_bound":1049.688805253225,"upper_bound":2113.0833940690673},"point_estimate":1547.8959044426895,"standard_error":297.6519432775103},"slope":{"confidence_interval":{"confidence_level":0.95,"lower_bound":45655.80128411241,"upper_bound":47193.57172422483},"point_estimate":46363.13403173153,"standard_error":395.01599879378847},"std_dev":{"confidence_interval":{"confidence_level":0.95,"lower_bound":2314.2862224820137,"upper_bound":4549.204080476746},"point_estimate":3450.8192708265788,"standard_error":579.8525440194211}}