{"mean":{"confidence_interval":{"confidence_level":0.95,"lower_bound":178566.29670895592,"upper_bound":180183.10665337642},"point_estimate":179338.37597879115,"standard_error":413.2902549013524},"median":{"confidence_interval":{"confidence_level":0.95,"lower_bound":177544.0107832988,"upper_bound":178647.6216931217},"point_estimate":178128.91054360813,"standard_error":292.92785208350745},"median_abs_dev":{"confidence_interval":{"confidence_level":0.95,"lower_bound":1399.8084698852706,"upper_bound":2621.0489932119267},"point_estimate":2006.2672203377285,"standard_error":346.28895355486014},"slope":{"confidence_interval":{"confidence_level":0.95,"lower_bound":177535.48658084965,"upper_bound":179200.20583137692},"point_estimate":178308.68308802522,"standard_error":425.2705962645008},"std_dev":{"confidence_interval":{"confidence_level":0.95,"lower_bound":3101.9072223211683,"upper_bound":5062.287558336592},"point_estimate":4153.107111129359,"standard_error":503.46561681845606}}