{"mean":{"confidence_interval":{"confidence_level":0.95,"lower_bound":64573.15571695085,"upper_bound":67743.72064720567},"point_estimate":65786.24276349884,"standard_error":852.9908513922459},"median":{"confidence_interval":{"confidence_level":0.95,"lower_bound":63933.57152917505,"upper_bound":64318.50311515368},"point_estimate":64166.60669642857,"standard_error":98.68046409486206},"median_abs_dev":{"confidence_interval":{"confidence_level":0.95,"lower_bound":694.9820662097208,"upper_bound":1408.051745618597},"point_estimate":994.031435477414,"standard_error":181.3458112016286},"slope":{"confidence_interval":{"confidence_level":0.95,"lower_bound":64322.472550315586,"upper_bound":65313.89922719865},"point_estimate":64781.89122821536,"standard_error":253.35543246577018},"std_dev":{"confidence_interval":{"confidence_level":0.95,"lower_bound":2141.582333393351,"upper_bound":14197.928922352767},"point_estimate":8561.529206168932,"standard_error":4012.8139895007885}}