{"mean":{"confidence_interval":{"confidence_level":0.95,"lower_bound":1726873.5674787946,"upper_bound":1755122.7431617877},"point_estimate":1740921.4078096163,"standard_error":7236.025748803285},"median":{"confidence_interval":{"confidence_level":0.95,"lower_bound":1713070.8024891773,"upper_bound":1761249.8846153845},"point_estimate":1729863.7402597403,"standard_error":12224.897507716432},"median_abs_dev":{"confidence_interval":{"confidence_level":0.95,"lower_bound":59596.1679364871,"upper_bound":94743.10535940438},"point_estimate":77466.04350873623,"standard_error":9037.824388001807},"slope":{"confidence_interval":{"confidence_level":0.95,"lower_bound":1725196.6480116267,"upper_bound":1763856.5830606031},"point_estimate":1744075.10409635,"standard_error":9876.286390842206},"std_dev":{"confidence_interval":{"confidence_level":0.95,"lower_bound":63315.48554009957,"upper_bound":80386.11460027004},"point_estimate":72348.80499763481,"standard_error":4358.660219959103}}