{"mean":{"confidence_interval":{"confidence_level":0.95,"lower_bound":9559.03089437902,"upper_bound":9665.997924633772},"point_estimate":9611.101030087251,"standard_error":27.2880528245397},"median":{"confidence_interval":{"confidence_level":0.95,"lower_bound":9509.776935827611,"upper_bound":9635.01814001022},"point_estimate":9554.568005974608,"standard_error":29.803896746185842},"median_abs_dev":{"confidence_interval":{"confidence_level":0.95,"lower_bound":200.51853697381475,"upper_bound":320.87372603468594},"point_estimate":258.9462001894517,"standard_error":30.259033580122054},"slope":{"confidence_interval":{"confidence_level":0.95,"lower_bound":9567.742518963401,"upper_bound":9687.065134062288},"point_estimate":9625.69498302011,"standard_error":30.600616997915886},"std_dev":{"confidence_interval":{"confidence_level":0.95,"lower_bound":226.13674035479417,"upper_bound":323.31500973969656},"point_estimate":275.41163060134465,"standard_error":24.894704519478847}}