{"mean":{"confidence_interval":{"confidence_level":0.95,"lower_bound":3512.295746741584,"upper_bound":3529.3373165250805},"point_estimate":3520.8664113396967,"standard_error":4.35536439890433},"median":{"confidence_interval":{"confidence_level":0.95,"lower_bound":3513.4152209492636,"upper_bound":3537.9491134751775},"point_estimate":3530.502791286727,"standard_error":6.698168937636381},"median_abs_dev":{"confidence_interval":{"confidence_level":0.95,"lower_bound":30.167636818355486,"upper_bound":51.92947180197513},"point_estimate":43.824464664650854,"standard_error":5.603237133777291},"slope":{"confidence_interval":{"confidence_level":0.95,"lower_bound":3501.4808796505013,"upper_bound":3521.24161028754},"point_estimate":3511.3429461183655,"standard_error":5.042819404205903},"std_dev":{"confidence_interval":{"confidence_level":0.95,"lower_bound":37.09830268225014,"upper_bound":49.556194627953325},"point_estimate":43.592544551886675,"standard_error":3.181722343143057}}