{"mean":{"confidence_interval":{"confidence_level":0.95,"lower_bound":12486533.834999999,"upper_bound":12818121.582625},"point_estimate":12647948.3925,"standard_error":84809.59912419412},"median":{"confidence_interval":{"confidence_level":0.95,"lower_bound":12252459.0,"upper_bound":12648599.5},"point_estimate":12451410.75,"standard_error":100663.90136382895},"median_abs_dev":{"confidence_interval":{"confidence_level":0.95,"lower_bound":482089.24979120493,"upper_bound":904057.7733747661},"point_estimate":712838.7004695833,"standard_error":110704.86366978726},"slope":null,"std_dev":{"confidence_interval":{"confidence_level":0.95,"lower_bound":701554.6550654243,"upper_bound":991698.7493328732},"point_estimate":852269.1895719682,"standard_error":74364.6910100184}}