{"mean":{"confidence_interval":{"confidence_level":0.95,"lower_bound":107194.49888675581,"upper_bound":114170.63805238162},"point_estimate":110147.99014346935,"standard_error":1814.3600918456004},"median":{"confidence_interval":{"confidence_level":0.95,"lower_bound":105164.932,"upper_bound":106295.55537103215},"point_estimate":105862.37125064868,"standard_error":291.46711060841744},"median_abs_dev":{"confidence_interval":{"confidence_level":0.95,"lower_bound":1764.2240746787659,"upper_bound":3465.526782974604},"point_estimate":2492.7470754591773,"standard_error":437.4244391387847},"slope":{"confidence_interval":{"confidence_level":0.95,"lower_bound":104042.85095605197,"upper_bound":105007.55881864138},"point_estimate":104507.23749519727,"standard_error":245.99060628314842},"std_dev":{"confidence_interval":{"confidence_level":0.95,"lower_bound":6462.449684358806,"upper_bound":28498.113614727426},"point_estimate":18204.398789682687,"standard_error":6261.1259158250205}}