{"mean":{"confidence_interval":{"confidence_level":0.95,"lower_bound":9851.271666899973,"upper_bound":9893.264183972591},"point_estimate":9871.387370158587,"standard_error":10.753233972906619},"median":{"confidence_interval":{"confidence_level":0.95,"lower_bound":9817.609405940595,"upper_bound":9842.3986112897},"point_estimate":9830.836243183141,"standard_error":6.162806204121852},"median_abs_dev":{"confidence_interval":{"confidence_level":0.95,"lower_bound":34.944010260788836,"upper_bound":73.18174962493654},"point_estimate":52.00506945853682,"standard_error":9.711561893165971},"slope":{"confidence_interval":{"confidence_level":0.95,"lower_bound":9844.503645637169,"upper_bound":9886.184999264988},"point_estimate":9864.063874481139,"standard_error":10.728275455221914},"std_dev":{"confidence_interval":{"confidence_level":0.95,"lower_bound":83.80662603570012,"upper_bound":135.4582515302683},"point_estimate":108.70424484156987,"standard_error":13.631674864715867}}