{"mean":{"confidence_interval":{"confidence_level":0.95,"lower_bound":23045350.96583333,"upper_bound":23323082.746250004},"point_estimate":23185757.663333327,"standard_error":70964.08744976408},"median":{"confidence_interval":{"confidence_level":0.95,"lower_bound":23128553.5,"upper_bound":23450588.833333332},"point_estimate":23305199.166666664,"standard_error":96076.3431236999},"median_abs_dev":{"confidence_interval":{"confidence_level":0.95,"lower_bound":485845.78747451305,"upper_bound":821214.5964205284},"point_estimate":637183.6623877342,"standard_error":88741.87558209},"slope":null,"std_dev":{"confidence_interval":{"confidence_level":0.95,"lower_bound":609726.2285569841,"upper_bound":799922.0165345093},"point_estimate":712939.8351818109,"standard_error":48483.82062516488}}