{"mean":{"confidence_interval":{"confidence_level":0.95,"lower_bound":6420487.821361112,"upper_bound":6535116.708916666},"point_estimate":6476304.263333335,"standard_error":29257.4842494083},"median":{"confidence_interval":{"confidence_level":0.95,"lower_bound":6397854.555555556,"upper_bound":6468982.333333333},"point_estimate":6426004.555555556,"standard_error":19981.963180012233},"median_abs_dev":{"confidence_interval":{"confidence_level":0.95,"lower_bound":181534.28097878915,"upper_bound":304147.316785305},"point_estimate":224202.22741961433,"standard_error":32432.74128544842},"slope":null,"std_dev":{"confidence_interval":{"confidence_level":0.95,"lower_bound":232031.05966798667,"upper_bound":352385.94946374744},"point_estimate":293545.7641679805,"standard_error":30720.281879033544}}