{"mean":{"confidence_interval":{"confidence_level":0.95,"lower_bound":26119496.759,"upper_bound":26699423.660375003},"point_estimate":26386682.185,"standard_error":147763.97298475791},"median":{"confidence_interval":{"confidence_level":0.95,"lower_bound":26327874.0,"upper_bound":26503576.25},"point_estimate":26419450.0,"standard_error":38375.655991986736},"median_abs_dev":{"confidence_interval":{"confidence_level":0.95,"lower_bound":262274.9005436897,"upper_bound":430403.9614588022},"point_estimate":322247.1814289689,"standard_error":42131.96947685214},"slope":null,"std_dev":{"confidence_interval":{"confidence_level":0.95,"lower_bound":849738.9523494914,"upper_bound":2146914.8652436445},"point_estimate":1486727.6000069403,"standard_error":353482.7594163832}}