{"mean":{"confidence_interval":{"confidence_level":0.95,"lower_bound":214879.8126034469,"upper_bound":222119.54393565957},"point_estimate":218091.95373412978,"standard_error":1859.8970118249788},"median":{"confidence_interval":{"confidence_level":0.95,"lower_bound":212231.03116395493,"upper_bound":214275.9923076923},"point_estimate":213206.7185897436,"standard_error":608.1240631701369},"median_abs_dev":{"confidence_interval":{"confidence_level":0.95,"lower_bound":3762.106036691037,"upper_bound":8040.967486664996},"point_estimate":5390.357912302027,"standard_error":1047.7209399498527},"slope":{"confidence_interval":{"confidence_level":0.95,"lower_bound":209113.1155683422,"upper_bound":216433.04685092802},"point_estimate":212436.38512250627,"standard_error":1881.8179493000732},"std_dev":{"confidence_interval":{"confidence_level":0.95,"lower_bound":9888.02172323245,"upper_bound":27427.25826284174},"point_estimate":18705.055150848173,"standard_error":4844.537159719942}}