{"mean":{"confidence_interval":{"confidence_level":0.95,"lower_bound":1635376.239669474,"upper_bound":1653467.3951292185},"point_estimate":1643765.4063288935,"standard_error":4622.5268180954245},"median":{"confidence_interval":{"confidence_level":0.95,"lower_bound":1623783.551724138,"upper_bound":1630951.4666666666},"point_estimate":1628989.285238095,"standard_error":2341.821629094175},"median_abs_dev":{"confidence_interval":{"confidence_level":0.95,"lower_bound":9417.11376635735,"upper_bound":18163.471472588706},"point_estimate":14336.981785467538,"standard_error":2583.1664430160463},"slope":{"confidence_interval":{"confidence_level":0.95,"lower_bound":1623393.1332816326,"upper_bound":1642708.215516395},"point_estimate":1631066.390799468,"standard_error":5097.225038881656},"std_dev":{"confidence_interval":{"confidence_level":0.95,"lower_bound":30737.176137367023,"upper_bound":59835.667452193185},"point_estimate":46525.241908037686,"standard_error":7478.348698870046}}