{"mean":{"confidence_interval":{"confidence_level":0.95,"lower_bound":119865381.47125,"upper_bound":121050691.31824999},"point_estimate":120447427.57,"standard_error":302557.5751599888},"median":{"confidence_interval":{"confidence_level":0.95,"lower_bound":119090612.0,"upper_bound":121150539.5},"point_estimate":120273981.0,"standard_error":473530.7913502153},"median_abs_dev":{"confidence_interval":{"confidence_level":0.95,"lower_bound":2676099.0311497464,"upper_bound":4010544.216461107},"point_estimate":3350005.805325508,"standard_error":338222.71823522216},"slope":null,"std_dev":{"confidence_interval":{"confidence_level":0.95,"lower_bound":2565646.267160451,"upper_bound":3461163.467985927},"point_estimate":3032964.9846546287,"standard_error":228885.13737459958}}