{"mean":{"confidence_interval":{"confidence_level":0.95,"lower_bound":220728.5980587839,"upper_bound":238733.8758038592},"point_estimate":228725.37504575972,"standard_error":4622.4108104993875},"median":{"confidence_interval":{"confidence_level":0.95,"lower_bound":212509.30666666667,"upper_bound":219210.21407563024},"point_estimate":214432.03794871795,"standard_error":1930.0197179319719},"median_abs_dev":{"confidence_interval":{"confidence_level":0.95,"lower_bound":8731.762565941755,"upper_bound":18085.971738840584},"point_estimate":11702.005174400974,"standard_error":2421.824057516459},"slope":{"confidence_interval":{"confidence_level":0.95,"lower_bound":214428.4116681942,"upper_bound":221151.1000491548},"point_estimate":217593.8783455002,"standard_error":1709.253726489912},"std_dev":{"confidence_interval":{"confidence_level":0.95,"lower_bound":21626.782538414867,"upper_bound":66323.16203853977},"point_estimate":46296.43334096829,"standard_error":11559.159301465254}}