{"mean":{"confidence_interval":{"confidence_level":0.95,"lower_bound":64556.108849669756,"upper_bound":65744.18893113334},"point_estimate":65145.2811580282,"standard_error":302.29732877506257},"median":{"confidence_interval":{"confidence_level":0.95,"lower_bound":64516.93734939759,"upper_bound":65679.26593406593},"point_estimate":65057.29773049646,"standard_error":274.41926292273166},"median_abs_dev":{"confidence_interval":{"confidence_level":0.95,"lower_bound":1917.0788803735513,"upper_bound":3231.6429876773705},"point_estimate":2690.3327430726085,"standard_error":340.24925834369407},"slope":{"confidence_interval":{"confidence_level":0.95,"lower_bound":64780.289805584,"upper_bound":65739.34981216936},"point_estimate":65260.85303265849,"standard_error":244.33095158472517},"std_dev":{"confidence_interval":{"confidence_level":0.95,"lower_bound":2337.866912732137,"upper_bound":3784.419374532015},"point_estimate":3038.2237560135663,"standard_error":375.79538560861914}}