{"mean":{"confidence_interval":{"confidence_level":0.95,"lower_bound":1108016.8026105773,"upper_bound":1184280.3151781322},"point_estimate":1139266.8898350901,"standard_error":19952.366371794826},"median":{"confidence_interval":{"confidence_level":0.95,"lower_bound":1086044.5340909092,"upper_bound":1115196.8536585367},"point_estimate":1095898.7226125423,"standard_error":7189.803712138518},"median_abs_dev":{"confidence_interval":{"confidence_level":0.95,"lower_bound":31445.667862227303,"upper_bound":58907.48453739227},"point_estimate":46845.47852139777,"standard_error":6099.087516437461},"slope":{"confidence_interval":{"confidence_level":0.95,"lower_bound":1088346.5667760274,"upper_bound":1137566.129064583},"point_estimate":1110368.9670902912,"standard_error":12674.928702308984},"std_dev":{"confidence_interval":{"confidence_level":0.95,"lower_bound":70513.25149669689,"upper_bound":322272.6273193964},"point_estimate":200882.073907178,"standard_error":79403.5228099471}}