{"mean":{"confidence_interval":{"confidence_level":0.95,"lower_bound":114174.5153303823,"upper_bound":120382.07539335081},"point_estimate":117071.469279772,"standard_error":1593.5621737685374},"median":{"confidence_interval":{"confidence_level":0.95,"lower_bound":110780.74169516366,"upper_bound":117430.8872053872},"point_estimate":113569.04396135265,"standard_error":1744.0060084027589},"median_abs_dev":{"confidence_interval":{"confidence_level":0.95,"lower_bound":7774.8522903943485,"upper_bound":12649.752504661763},"point_estimate":10314.456630050177,"standard_error":1224.6747853055406},"slope":{"confidence_interval":{"confidence_level":0.95,"lower_bound":109195.89677471027,"upper_bound":113452.5872169565},"point_estimate":111258.30115856361,"standard_error":1092.8327507238298},"std_dev":{"confidence_interval":{"confidence_level":0.95,"lower_bound":10139.370812647534,"upper_bound":21622.359767758815},"point_estimate":15987.718188279083,"standard_error":3021.1274085002524}}