{"mean":{"confidence_interval":{"confidence_level":0.95,"lower_bound":2816913.407425,"upper_bound":2906077.0836},"point_estimate":2860483.2229999993,"standard_error":22773.82167801611},"median":{"confidence_interval":{"confidence_level":0.95,"lower_bound":2768205.25,"upper_bound":2858978.35},"point_estimate":2815386.175,"standard_error":23147.727980149957},"median_abs_dev":{"confidence_interval":{"confidence_level":0.95,"lower_bound":132694.5879592,"upper_bound":254477.01401563027},"point_estimate":193516.65808439214,"standard_error":31573.547553166147},"slope":null,"std_dev":{"confidence_interval":{"confidence_level":0.95,"lower_bound":190972.88996784095,"upper_bound":259911.52662996505},"point_estimate":228336.9631691039,"standard_error":17602.33571362989}}