{"mean":{"confidence_interval":{"confidence_level":0.95,"lower_bound":723129.9778512446,"upper_bound":749677.3034257707},"point_estimate":736142.7486363626,"standard_error":6778.960993843102},"median":{"confidence_interval":{"confidence_level":0.95,"lower_bound":712601.2941176471,"upper_bound":747382.3611111111},"point_estimate":729720.40625,"standard_error":9168.728038022522},"median_abs_dev":{"confidence_interval":{"confidence_level":0.95,"lower_bound":46726.6821063387,"upper_bound":75527.74621097463},"point_estimate":60087.75439980167,"standard_error":7184.372402754669},"slope":{"confidence_interval":{"confidence_level":0.95,"lower_bound":712603.0891288705,"upper_bound":739439.7390442725},"point_estimate":725727.0344332792,"standard_error":6858.069071589932},"std_dev":{"confidence_interval":{"confidence_level":0.95,"lower_bound":55300.04423818124,"upper_bound":80625.98800960096},"point_estimate":68175.91281446046,"standard_error":6505.092838717155}}