{"mean":{"confidence_interval":{"confidence_level":0.95,"lower_bound":72694.80269474091,"upper_bound":74512.68078927275},"point_estimate":73560.19078713693,"standard_error":464.0357720494387},"median":{"confidence_interval":{"confidence_level":0.95,"lower_bound":71848.80606060606,"upper_bound":73515.12211476467},"point_estimate":72959.29522366522,"standard_error":481.8646377574095},"median_abs_dev":{"confidence_interval":{"confidence_level":0.95,"lower_bound":2077.109563415671,"upper_bound":4276.376882397311},"point_estimate":2830.886386663771,"standard_error":537.2666255523662},"slope":{"confidence_interval":{"confidence_level":0.95,"lower_bound":72626.43507943169,"upper_bound":74526.81199287393},"point_estimate":73539.94983596867,"standard_error":483.32801648098103},"std_dev":{"confidence_interval":{"confidence_level":0.95,"lower_bound":3495.6586275827367,"upper_bound":5681.491332077639},"point_estimate":4631.457059227497,"standard_error":559.3190413395959}}