{"mean":{"confidence_interval":{"confidence_level":0.95,"lower_bound":159908.94037290575,"upper_bound":172916.17671369898},"point_estimate":165673.006338157,"standard_error":3330.4406319930717},"median":{"confidence_interval":{"confidence_level":0.95,"lower_bound":155726.9512987013,"upper_bound":160297.54554865425},"point_estimate":158066.27111376467,"standard_error":1172.0562808547977},"median_abs_dev":{"confidence_interval":{"confidence_level":0.95,"lower_bound":10512.654479354598,"upper_bound":17472.848198547294},"point_estimate":14799.432261861091,"standard_error":1900.493108332259},"slope":{"confidence_interval":{"confidence_level":0.95,"lower_bound":152167.4896135669,"upper_bound":158893.6881395609},"point_estimate":155338.5993041863,"standard_error":1715.066913922448},"std_dev":{"confidence_interval":{"confidence_level":0.95,"lower_bound":15008.28903300515,"upper_bound":48642.70785150795},"point_estimate":33506.2380223348,"standard_error":8851.12361341535}}