{"mean":{"confidence_interval":{"confidence_level":0.95,"lower_bound":10676.933251979402,"upper_bound":10703.346964417946},"point_estimate":10690.251605701864,"standard_error":6.727191730061892},"median":{"confidence_interval":{"confidence_level":0.95,"lower_bound":10687.334169653524,"upper_bound":10711.387901927174},"point_estimate":10704.354910394264,"standard_error":7.247114795976179},"median_abs_dev":{"confidence_interval":{"confidence_level":0.95,"lower_bound":47.59792233870964,"upper_bound":88.82921655786498},"point_estimate":66.98114339686688,"standard_error":10.525638503615605},"slope":{"confidence_interval":{"confidence_level":0.95,"lower_bound":10680.374619872939,"upper_bound":10720.217904284436},"point_estimate":10701.151732744771,"standard_error":10.14693511605523},"std_dev":{"confidence_interval":{"confidence_level":0.95,"lower_bound":58.7796129751037,"upper_bound":76.78456972167334},"point_estimate":68.24706186696818,"standard_error":4.600866460932411}}