{"mean":{"confidence_interval":{"confidence_level":0.95,"lower_bound":2754698.982052632,"upper_bound":2813910.573644738},"point_estimate":2776259.273157895,"standard_error":16963.99535713509},"median":{"confidence_interval":{"confidence_level":0.95,"lower_bound":2745852.947368421,"upper_bound":2761353.263157895},"point_estimate":2751737.289473684,"standard_error":4288.487773112853},"median_abs_dev":{"confidence_interval":{"confidence_level":0.95,"lower_bound":19929.34294091995,"upper_bound":35661.329284385254},"point_estimate":27892.855589013405,"standard_error":3815.029280555863},"slope":null,"std_dev":{"confidence_interval":{"confidence_level":0.95,"lower_bound":28839.079139541125,"upper_bound":289709.05221752357},"point_estimate":170810.85141426336,"standard_error":91612.63497246595}}