{"mean":{"confidence_interval":{"confidence_level":0.95,"lower_bound":183191.77343193133,"upper_bound":193045.1481919853},"point_estimate":188073.05856896643,"standard_error":2522.980823203077},"median":{"confidence_interval":{"confidence_level":0.95,"lower_bound":179545.98235294118,"upper_bound":191167.08245614034},"point_estimate":185244.79106789545,"standard_error":2940.691648305186},"median_abs_dev":{"confidence_interval":{"confidence_level":0.95,"lower_bound":19152.53477338364,"upper_bound":32324.640413543744},"point_estimate":24342.485567959935,"standard_error":3494.574794607185},"slope":{"confidence_interval":{"confidence_level":0.95,"lower_bound":187198.3099593639,"upper_bound":198410.78951151832},"point_estimate":192752.01474360868,"standard_error":2848.824624051194},"std_dev":{"confidence_interval":{"confidence_level":0.95,"lower_bound":21611.83668882234,"upper_bound":29069.49811491441},"point_estimate":25488.590586666025,"standard_error":1911.0183706178243}}