{"mean":{"confidence_interval":{"confidence_level":0.95,"lower_bound":4566361.2941666655,"upper_bound":4678160.507583334},"point_estimate":4621538.057500001,"standard_error":28540.60735210991},"median":{"confidence_interval":{"confidence_level":0.95,"lower_bound":4521538.333333333,"upper_bound":4613318.541666666},"point_estimate":4557681.125,"standard_error":26751.189662583656},"median_abs_dev":{"confidence_interval":{"confidence_level":0.95,"lower_bound":199596.25695645763,"upper_bound":354386.4276833832},"point_estimate":288503.57667803764,"standard_error":36323.493395518824},"slope":null,"std_dev":{"confidence_interval":{"confidence_level":0.95,"lower_bound":246248.4107171502,"upper_bound":323685.1854090109},"point_estimate":287295.83410747524,"standard_error":19763.48938574283}}