{"mean":{"confidence_interval":{"confidence_level":0.95,"lower_bound":130914.70668553637,"upper_bound":138312.2812502181},"point_estimate":134311.3657897771,"standard_error":1889.8148895301347},"median":{"confidence_interval":{"confidence_level":0.95,"lower_bound":127679.74037698413,"upper_bound":130957.78953391594},"point_estimate":129444.31292517006,"standard_error":941.1884996700447},"median_abs_dev":{"confidence_interval":{"confidence_level":0.95,"lower_bound":5019.047465232698,"upper_bound":8477.837377920501},"point_estimate":6605.187720147613,"standard_error":865.9977498569542},"slope":{"confidence_interval":{"confidence_level":0.95,"lower_bound":127620.70558497243,"upper_bound":137524.35743440612},"point_estimate":131704.47028684957,"standard_error":2587.227659930683},"std_dev":{"confidence_interval":{"confidence_level":0.95,"lower_bound":11327.255361667289,"upper_bound":25313.235909218358},"point_estimate":18979.665301501984,"standard_error":3568.007456194145}}