{"mean":{"confidence_interval":{"confidence_level":0.95,"lower_bound":3039799.9358888883,"upper_bound":3127783.886847222},"point_estimate":3081895.077222222,"standard_error":22488.260218378055},"median":{"confidence_interval":{"confidence_level":0.95,"lower_bound":2986667.638888889,"upper_bound":3052585.666666667},"point_estimate":3028097.555555556,"standard_error":17462.796723143125},"median_abs_dev":{"confidence_interval":{"confidence_level":0.95,"lower_bound":108827.2446845969,"upper_bound":191735.5118960141},"point_estimate":146768.66652766813,"standard_error":20556.786511511655},"slope":null,"std_dev":{"confidence_interval":{"confidence_level":0.95,"lower_bound":168180.64669053358,"upper_bound":275533.20277659106},"point_estimate":225070.93038163424,"standard_error":27489.15156522135}}