{"mean":{"confidence_interval":{"confidence_level":0.95,"lower_bound":85940.38345395129,"upper_bound":89192.28942321028},"point_estimate":87458.29680415866,"standard_error":830.7908096347109},"median":{"confidence_interval":{"confidence_level":0.95,"lower_bound":84221.6700937951,"upper_bound":85870.53144654087},"point_estimate":84955.70844409004,"standard_error":434.7466219656828},"median_abs_dev":{"confidence_interval":{"confidence_level":0.95,"lower_bound":2324.863516233147,"upper_bound":4076.9648512734907},"point_estimate":3061.439515222029,"standard_error":458.2062466141806},"slope":{"confidence_interval":{"confidence_level":0.95,"lower_bound":84130.52739464537,"upper_bound":86314.95792030898},"point_estimate":85089.18682109256,"standard_error":557.3142592655122},"std_dev":{"confidence_interval":{"confidence_level":0.95,"lower_bound":5477.4176202742665,"upper_bound":10877.830929044461},"point_estimate":8382.426461394956,"standard_error":1380.6043832949854}}