{"mean":{"confidence_interval":{"confidence_level":0.95,"lower_bound":382351.483011902,"upper_bound":412310.3761760984},"point_estimate":396540.8766722001,"standard_error":7662.134582411656},"median":{"confidence_interval":{"confidence_level":0.95,"lower_bound":358577.975,"upper_bound":387419.2619047619},"point_estimate":371111.65086517663,"standard_error":6272.570645281277},"median_abs_dev":{"confidence_interval":{"confidence_level":0.95,"lower_bound":33936.08420522624,"upper_bound":60687.17369876353},"point_estimate":47691.688771940084,"standard_error":6823.892517550135},"slope":{"confidence_interval":{"confidence_level":0.95,"lower_bound":362642.0099143923,"upper_bound":386377.7013232159},"point_estimate":373573.2220205901,"standard_error":6072.090574982473},"std_dev":{"confidence_interval":{"confidence_level":0.95,"lower_bound":57084.37209407877,"upper_bound":96730.37429468025},"point_estimate":77138.21145029156,"standard_error":10246.83751863301}}