{"mean":{"confidence_interval":{"confidence_level":0.95,"lower_bound":186453.02030212941,"upper_bound":189819.97929505698},"point_estimate":187929.88502703691,"standard_error":864.3617256644922},"median":{"confidence_interval":{"confidence_level":0.95,"lower_bound":185895.28392857144,"upper_bound":187810.3115497076},"point_estimate":187013.62447390571,"standard_error":492.84557915995987},"median_abs_dev":{"confidence_interval":{"confidence_level":0.95,"lower_bound":2724.9880496323062,"upper_bound":4428.999120974695},"point_estimate":3389.3059064944464,"standard_error":433.76652800975984},"slope":{"confidence_interval":{"confidence_level":0.95,"lower_bound":186520.92689585415,"upper_bound":188034.6023484958},"point_estimate":187260.16979951726,"standard_error":385.8644679721915},"std_dev":{"confidence_interval":{"confidence_level":0.95,"lower_bound":3976.747215026321,"upper_bound":13180.709929723693},"point_estimate":8671.257129916885,"standard_error":2548.2097734754216}}