{"mean":{"confidence_interval":{"confidence_level":0.95,"lower_bound":1074689.3646139316,"upper_bound":1118225.3741101352},"point_estimate":1093896.4913864627,"standard_error":11239.615764186849},"median":{"confidence_interval":{"confidence_level":0.95,"lower_bound":1054638.675,"upper_bound":1063689.4348648647},"point_estimate":1058197.1313844086,"standard_error":2520.006955757586},"median_abs_dev":{"confidence_interval":{"confidence_level":0.95,"lower_bound":9911.837629348867,"upper_bound":23299.8191451189},"point_estimate":15947.019688869566,"standard_error":3432.3602207381473},"slope":{"confidence_interval":{"confidence_level":0.95,"lower_bound":1051397.5620327059,"upper_bound":1056544.0115866577},"point_estimate":1053726.4710979755,"standard_error":1316.8463897175304},"std_dev":{"confidence_interval":{"confidence_level":0.95,"lower_bound":51529.563502948804,"upper_bound":167366.26018975794},"point_estimate":113009.05885754578,"standard_error":30913.692688917807}}