{"mean":{"confidence_interval":{"confidence_level":0.95,"lower_bound":19285188.42699999,"upper_bound":19545510.181500006},"point_estimate":19416214.000000004,"standard_error":66404.85601681973},"median":{"confidence_interval":{"confidence_level":0.95,"lower_bound":19452332.82916667,"upper_bound":19524487.666666668},"point_estimate":19480919.166666664,"standard_error":17458.686370376476},"median_abs_dev":{"confidence_interval":{"confidence_level":0.95,"lower_bound":197685.432690382,"upper_bound":332627.23449469166},"point_estimate":273470.7542449236,"standard_error":33086.562277609395},"slope":null,"std_dev":{"confidence_interval":{"confidence_level":0.95,"lower_bound":495780.2851898962,"upper_bound":820686.5923198034},"point_estimate":666314.1321269494,"standard_error":82667.36752884659}}