{"mean":{"confidence_interval":{"confidence_level":0.95,"lower_bound":463244.5087165205,"upper_bound":482657.02264887805},"point_estimate":472571.3436928041,"standard_error":4986.16139329097},"median":{"confidence_interval":{"confidence_level":0.95,"lower_bound":446793.5416666667,"upper_bound":473209.49033892935},"point_estimate":462970.3946843854,"standard_error":6233.568105505031},"median_abs_dev":{"confidence_interval":{"confidence_level":0.95,"lower_bound":27857.336267199782,"upper_bound":48280.62287063411},"point_estimate":38595.21970598665,"standard_error":5194.218345149711},"slope":{"confidence_interval":{"confidence_level":0.95,"lower_bound":452171.7656233512,"upper_bound":467901.08962680656},"point_estimate":459721.6771942269,"standard_error":4017.0553863713335},"std_dev":{"confidence_interval":{"confidence_level":0.95,"lower_bound":38152.238479179134,"upper_bound":60252.259896681},"point_estimate":49986.037447584444,"standard_error":5658.484503892303}}