{"mean":{"confidence_interval":{"confidence_level":0.95,"lower_bound":4409.922219729979,"upper_bound":4513.011849004513},"point_estimate":4459.539038179826,"standard_error":26.289178497934056},"median":{"confidence_interval":{"confidence_level":0.95,"lower_bound":4385.52258965999,"upper_bound":4500.238305941846},"point_estimate":4450.890953930244,"standard_error":31.281575153215275},"median_abs_dev":{"confidence_interval":{"confidence_level":0.95,"lower_bound":165.34864491763764,"upper_bound":288.18604151917333},"point_estimate":233.43514696874774,"standard_error":31.94211529062887},"slope":{"confidence_interval":{"confidence_level":0.95,"lower_bound":4310.31975511821,"upper_bound":4418.039465753222},"point_estimate":4361.976497474077,"standard_error":27.583177684744484},"std_dev":{"confidence_interval":{"confidence_level":0.95,"lower_bound":204.09416230691758,"upper_bound":325.6019126642926},"point_estimate":265.2884415705212,"standard_error":31.204290421071697}}