{"mean":{"confidence_interval":{"confidence_level":0.95,"lower_bound":280029.4003421996,"upper_bound":281429.29124414205},"point_estimate":280716.51105595153,"standard_error":358.01727692045495},"median":{"confidence_interval":{"confidence_level":0.95,"lower_bound":279292.9244791667,"upper_bound":280026.6945187166},"point_estimate":279618.0657296651,"standard_error":200.06072776452066},"median_abs_dev":{"confidence_interval":{"confidence_level":0.95,"lower_bound":2028.7282620960616,"upper_bound":3913.4127950083603},"point_estimate":2978.769021519687,"standard_error":468.780737295728},"slope":{"confidence_interval":{"confidence_level":0.95,"lower_bound":279810.6973246524,"upper_bound":281911.3913376315},"point_estimate":280833.71507093246,"standard_error":536.7285428089425},"std_dev":{"confidence_interval":{"confidence_level":0.95,"lower_bound":3127.012075378657,"upper_bound":3992.8140520354973},"point_estimate":3612.9338547186635,"standard_error":221.0709579350978}}