{"mean":{"confidence_interval":{"confidence_level":0.95,"lower_bound":124810.4458146759,"upper_bound":133297.77153720916},"point_estimate":128821.62970754306,"standard_error":2166.366802230081},"median":{"confidence_interval":{"confidence_level":0.95,"lower_bound":118262.77777777778,"upper_bound":122443.83333333333},"point_estimate":119798.13855082262,"standard_error":1241.6849651519062},"median_abs_dev":{"confidence_interval":{"confidence_level":0.95,"lower_bound":4056.1266439425167,"upper_bound":9639.20266359215},"point_estimate":5739.144601108334,"standard_error":1647.3791186923686},"slope":{"confidence_interval":{"confidence_level":0.95,"lower_bound":120322.18243656856,"upper_bound":124793.22625291716},"point_estimate":122399.9786683743,"standard_error":1139.793268577239},"std_dev":{"confidence_interval":{"confidence_level":0.95,"lower_bound":15102.0426431732,"upper_bound":27605.6127700029},"point_estimate":21899.161781514136,"standard_error":3191.61310253918}}