{"mean":{"confidence_interval":{"confidence_level":0.95,"lower_bound":537247.2973972266,"upper_bound":547805.7504736404},"point_estimate":542033.3602781087,"standard_error":2713.581759442648},"median":{"confidence_interval":{"confidence_level":0.95,"lower_bound":532447.1527777778,"upper_bound":534079.9615384615},"point_estimate":533107.1062081559,"standard_error":412.2168944483095},"median_abs_dev":{"confidence_interval":{"confidence_level":0.95,"lower_bound":1987.3209790472326,"upper_bound":4039.379494627589},"point_estimate":2689.9464632079566,"standard_error":536.0830716943636},"slope":{"confidence_interval":{"confidence_level":0.95,"lower_bound":532339.4297224113,"upper_bound":536927.9729228847},"point_estimate":534206.8363735777,"standard_error":1191.053748881995},"std_dev":{"confidence_interval":{"confidence_level":0.95,"lower_bound":13955.692750262018,"upper_bound":37663.63687713727},"point_estimate":27240.65438908017,"standard_error":6022.994206745976}}