{"mean":{"confidence_interval":{"confidence_level":0.95,"lower_bound":585411.3707826458,"upper_bound":611832.1465012592},"point_estimate":597635.1768192083,"standard_error":6770.328233044714},"median":{"confidence_interval":{"confidence_level":0.95,"lower_bound":588532.0809620596,"upper_bound":603589.5833333334},"point_estimate":595929.5585034013,"standard_error":3741.3054843199675},"median_abs_dev":{"confidence_interval":{"confidence_level":0.95,"lower_bound":22848.251785107954,"upper_bound":46599.43366169055},"point_estimate":29945.258617925436,"standard_error":6336.325154316371},"slope":{"confidence_interval":{"confidence_level":0.95,"lower_bound":587350.6370008969,"upper_bound":620122.1302201515},"point_estimate":602155.3476237623,"standard_error":8393.186966281326},"std_dev":{"confidence_interval":{"confidence_level":0.95,"lower_bound":39854.10879135683,"upper_bound":96321.42121810527},"point_estimate":68040.8225785258,"standard_error":15128.604426419342}}