{"mean":{"confidence_interval":{"confidence_level":0.95,"lower_bound":2995273.7500147065,"upper_bound":3071969.9840441193},"point_estimate":3032736.9241176476,"standard_error":19538.442272726897},"median":{"confidence_interval":{"confidence_level":0.95,"lower_bound":2976584.6470588236,"upper_bound":3050562.3529411764},"point_estimate":3008135.2647058824,"standard_error":17003.36255898477},"median_abs_dev":{"confidence_interval":{"confidence_level":0.95,"lower_bound":117371.46591035742,"upper_bound":208125.24761680292},"point_estimate":147477.40261116426,"standard_error":21921.595371157677},"slope":null,"std_dev":{"confidence_interval":{"confidence_level":0.95,"lower_bound":160687.72186236616,"upper_bound":231772.71484617886},"point_estimate":197166.15009668263,"standard_error":18219.38153420512}}