{"mean":{"confidence_interval":{"confidence_level":0.95,"lower_bound":4595824.6844772715,"upper_bound":4694291.548431817},"point_estimate":4642930.335454544,"standard_error":25128.72935249684},"median":{"confidence_interval":{"confidence_level":0.95,"lower_bound":4548450.7272727275,"upper_bound":4620921.318181818},"point_estimate":4590266.363636363,"standard_error":20432.11626101911},"median_abs_dev":{"confidence_interval":{"confidence_level":0.95,"lower_bound":116547.11653996604,"upper_bound":220952.7905936674},"point_estimate":171185.97988811426,"standard_error":25893.383816982903},"slope":null,"std_dev":{"confidence_interval":{"confidence_level":0.95,"lower_bound":190318.2228201555,"upper_bound":308996.6901594591},"point_estimate":252392.77775370143,"standard_error":30455.897946134857}}