{"mean":{"confidence_interval":{"confidence_level":0.95,"lower_bound":144168.93025486983,"upper_bound":145026.0337853985},"point_estimate":144569.4223426962,"standard_error":218.63147664378087},"median":{"confidence_interval":{"confidence_level":0.95,"lower_bound":143871.6010781671,"upper_bound":144275.9475108225},"point_estimate":144053.2866419295,"standard_error":108.62874147689665},"median_abs_dev":{"confidence_interval":{"confidence_level":0.95,"lower_bound":744.9283453075318,"upper_bound":1265.2185078043779},"point_estimate":907.3723774187015,"standard_error":127.42515739467908},"slope":{"confidence_interval":{"confidence_level":0.95,"lower_bound":144121.4855782006,"upper_bound":145002.50086741723},"point_estimate":144512.7581810889,"standard_error":227.2825362025725},"std_dev":{"confidence_interval":{"confidence_level":0.95,"lower_bound":1436.9355790629631,"upper_bound":2859.9487884642076},"point_estimate":2196.8746833776336,"standard_error":363.7256577322573}}