{"mean":{"confidence_interval":{"confidence_level":0.95,"lower_bound":595619.6556958804,"upper_bound":627774.2320961802},"point_estimate":609163.0460163524,"standard_error":8360.48712525389},"median":{"confidence_interval":{"confidence_level":0.95,"lower_bound":585834.4023297491,"upper_bound":588726.0176470588},"point_estimate":587444.8588068183,"standard_error":743.961720364988},"median_abs_dev":{"confidence_interval":{"confidence_level":0.95,"lower_bound":5508.2190963470775,"upper_bound":10099.072971549147},"point_estimate":7866.997036989334,"standard_error":1158.4046953136703},"slope":{"confidence_interval":{"confidence_level":0.95,"lower_bound":585329.9950353381,"upper_bound":589852.2717078661},"point_estimate":587235.7772986552,"standard_error":1166.7137549480883},"std_dev":{"confidence_interval":{"confidence_level":0.95,"lower_bound":27998.45592126021,"upper_bound":131864.2520183043},"point_estimate":83869.582068397,"standard_error":29092.743545167978}}