{"mean":{"confidence_interval":{"confidence_level":0.95,"lower_bound":212601.32758616324,"upper_bound":220088.08763318518},"point_estimate":216107.64549298043,"standard_error":1913.1989013360935},"median":{"confidence_interval":{"confidence_level":0.95,"lower_bound":210769.6349206349,"upper_bound":217690.966},"point_estimate":213838.9209643606,"standard_error":1603.422734624254},"median_abs_dev":{"confidence_interval":{"confidence_level":0.95,"lower_bound":9644.027899829052,"upper_bound":15267.798148625718},"point_estimate":12212.703728096885,"standard_error":1528.8982079488505},"slope":{"confidence_interval":{"confidence_level":0.95,"lower_bound":212676.08067742392,"upper_bound":218840.5592300879},"point_estimate":215611.5618714349,"standard_error":1577.7065794357945},"std_dev":{"confidence_interval":{"confidence_level":0.95,"lower_bound":12891.948291482926,"upper_bound":25379.77385118698},"point_estimate":19245.74876891199,"standard_error":3243.315183079106}}