{"mean":{"confidence_interval":{"confidence_level":0.95,"lower_bound":3744051.3210357144,"upper_bound":3769984.238178571},"point_estimate":3756658.5392857133,"standard_error":6635.826019968538},"median":{"confidence_interval":{"confidence_level":0.95,"lower_bound":3721089.4285714286,"upper_bound":3737496.6428571427},"point_estimate":3729362.75,"standard_error":4039.0993396968197},"median_abs_dev":{"confidence_interval":{"confidence_level":0.95,"lower_bound":23470.33197706823,"upper_bound":44943.8533020875},"point_estimate":34624.16323529832,"standard_error":5882.715786471089},"slope":null,"std_dev":{"confidence_interval":{"confidence_level":0.95,"lower_bound":56888.70309403059,"upper_bound":73800.95616311407},"point_estimate":66569.66513511649,"standard_error":4320.656732940582}}