{"mean":{"confidence_interval":{"confidence_level":0.95,"lower_bound":33975.59312409847,"upper_bound":34112.09037049285},"point_estimate":34043.1739972981,"standard_error":34.96608035140302},"median":{"confidence_interval":{"confidence_level":0.95,"lower_bound":33950.37423935091,"upper_bound":34126.389759665624},"point_estimate":34038.3922588301,"standard_error":45.30449341922759},"median_abs_dev":{"confidence_interval":{"confidence_level":0.95,"lower_bound":221.3886681266397,"upper_bound":372.98346512640995},"point_estimate":298.00201951411117,"standard_error":39.753586830885816},"slope":{"confidence_interval":{"confidence_level":0.95,"lower_bound":33892.415126552034,"upper_bound":34064.53212346723},"point_estimate":33975.85074565717,"standard_error":43.78072205325142},"std_dev":{"confidence_interval":{"confidence_level":0.95,"lower_bound":287.17609574077596,"upper_bound":410.5090844754843},"point_estimate":351.60625002718257,"standard_error":31.577158210646477}}