{"mean":{"confidence_interval":{"confidence_level":0.95,"lower_bound":382013.0995130681,"upper_bound":406214.0446510448},"point_estimate":393125.4977576182,"standard_error":6231.874330210147},"median":{"confidence_interval":{"confidence_level":0.95,"lower_bound":371492.4583333333,"upper_bound":379855.6739916286},"point_estimate":374698.6646602461,"standard_error":2132.600576586384},"median_abs_dev":{"confidence_interval":{"confidence_level":0.95,"lower_bound":11646.760754259565,"upper_bound":20199.09086872348},"point_estimate":15076.061518953029,"standard_error":2160.327507637828},"slope":{"confidence_interval":{"confidence_level":0.95,"lower_bound":375254.98609714734,"upper_bound":409780.64940770966},"point_estimate":390345.2876823802,"standard_error":8915.940507622146},"std_dev":{"confidence_interval":{"confidence_level":0.95,"lower_bound":35224.355132285076,"upper_bound":84317.09498305043},"point_estimate":62521.350921283316,"standard_error":12485.150597659433}}