{"mean":{"confidence_interval":{"confidence_level":0.95,"lower_bound":138148.86547172337,"upper_bound":139531.03006013966},"point_estimate":138818.6777729534,"standard_error":353.87412303763057},"median":{"confidence_interval":{"confidence_level":0.95,"lower_bound":136941.30555555556,"upper_bound":139087.60227272726},"point_estimate":137777.23611111112,"standard_error":575.5951815534805},"median_abs_dev":{"confidence_interval":{"confidence_level":0.95,"lower_bound":2360.5068831609306,"upper_bound":4332.864426769472},"point_estimate":3292.200554694908,"standard_error":539.492441423624},"slope":{"confidence_interval":{"confidence_level":0.95,"lower_bound":138592.89169112244,"upper_bound":140911.95228602723},"point_estimate":139766.3908744643,"standard_error":591.8081415281705},"std_dev":{"confidence_interval":{"confidence_level":0.95,"lower_bound":2924.6705651416587,"upper_bound":4127.614891472437},"point_estimate":3553.467924752451,"standard_error":308.133365855713}}