{"mean":{"confidence_interval":{"confidence_level":0.95,"lower_bound":11484816.947850002,"upper_bound":11537972.805549994},"point_estimate":11509329.629999997,"standard_error":13637.768953984762},"median":{"confidence_interval":{"confidence_level":0.95,"lower_bound":11459880.2,"upper_bound":11496139.7},"point_estimate":11471269.3,"standard_error":9584.327685353737},"median_abs_dev":{"confidence_interval":{"confidence_level":0.95,"lower_bound":53982.20634162426,"upper_bound":88394.68607068117},"point_estimate":70009.55683708025,"standard_error":8475.81339465549},"slope":null,"std_dev":{"confidence_interval":{"confidence_level":0.95,"lower_bound":83522.39527801357,"upper_bound":181302.23731351568},"point_estimate":136619.5194134362,"standard_error":24892.818053523864}}