{"mean":{"confidence_interval":{"confidence_level":0.95,"lower_bound":173868.7143521833,"upper_bound":179403.7777393603},"point_estimate":176311.49069256312,"standard_error":1419.9426005209623},"median":{"confidence_interval":{"confidence_level":0.95,"lower_bound":171367.8827193215,"upper_bound":173895.33613445377},"point_estimate":172146.8266169154,"standard_error":658.9913222783231},"median_abs_dev":{"confidence_interval":{"confidence_level":0.95,"lower_bound":3424.097148246032,"upper_bound":6344.431777414768},"point_estimate":4864.753258587402,"standard_error":757.4898874668925},"slope":{"confidence_interval":{"confidence_level":0.95,"lower_bound":170498.446670549,"upper_bound":172184.74082702774},"point_estimate":171298.35382507546,"standard_error":430.0920097341873},"std_dev":{"confidence_interval":{"confidence_level":0.95,"lower_bound":6634.503822178318,"upper_bound":21192.379558838547},"point_estimate":14268.28096195028,"standard_error":3861.0363677659006}}