{"mean":{"confidence_interval":{"confidence_level":0.95,"lower_bound":159855.69463207092,"upper_bound":168806.63276456879},"point_estimate":163375.67621251746,"standard_error":2376.6969686563148},"median":{"confidence_interval":{"confidence_level":0.95,"lower_bound":157539.73912696194,"upper_bound":159930.55032467534},"point_estimate":159083.26556245686,"standard_error":708.3413742286067},"median_abs_dev":{"confidence_interval":{"confidence_level":0.95,"lower_bound":3564.040345897985,"upper_bound":6571.576632072043},"point_estimate":5103.103524773442,"standard_error":817.5370617497612},"slope":{"confidence_interval":{"confidence_level":0.95,"lower_bound":159574.29108675593,"upper_bound":163274.57532021785},"point_estimate":161348.21185163292,"standard_error":945.3668632257954},"std_dev":{"confidence_interval":{"confidence_level":0.95,"lower_bound":6771.061709926051,"upper_bound":39400.58887176879},"point_estimate":23969.332796397135,"standard_error":10626.682568873523}}