{"mean":{"confidence_interval":{"confidence_level":0.95,"lower_bound":1656966.711082717,"upper_bound":1701693.1695843227},"point_estimate":1678613.3092455107,"standard_error":11418.781981072047},"median":{"confidence_interval":{"confidence_level":0.95,"lower_bound":1644686.3181818181,"upper_bound":1688634.3333333333},"point_estimate":1664869.15955335,"standard_error":10696.924728228687},"median_abs_dev":{"confidence_interval":{"confidence_level":0.95,"lower_bound":58329.28616658359,"upper_bound":103084.96246176798},"point_estimate":71763.6767444679,"standard_error":11293.928193796552},"slope":{"confidence_interval":{"confidence_level":0.95,"lower_bound":1645482.984748179,"upper_bound":1675454.8940367368},"point_estimate":1660274.3701196986,"standard_error":7622.413373734584},"std_dev":{"confidence_interval":{"confidence_level":0.95,"lower_bound":86370.0388452047,"upper_bound":144501.9137698705},"point_estimate":114961.9653913733,"standard_error":15080.965953291081}}