{"mean":{"confidence_interval":{"confidence_level":0.95,"lower_bound":1994005.0491399122,"upper_bound":2105181.6148575554},"point_estimate":2044608.938915099,"standard_error":28400.965412847607},"median":{"confidence_interval":{"confidence_level":0.95,"lower_bound":1951659.9478990012,"upper_bound":2006978.9107142857},"point_estimate":1981025.4838709678,"standard_error":13570.711735048622},"median_abs_dev":{"confidence_interval":{"confidence_level":0.95,"lower_bound":105815.05081080123,"upper_bound":191993.84043555762},"point_estimate":161791.71530120785,"standard_error":21924.922049140532},"slope":{"confidence_interval":{"confidence_level":0.95,"lower_bound":1898057.8087484876,"upper_bound":1977469.401311488},"point_estimate":1932165.24563322,"standard_error":20371.141187567955},"std_dev":{"confidence_interval":{"confidence_level":0.95,"lower_bound":167144.7854564546,"upper_bound":401908.99837585806},"point_estimate":285629.1924338832,"standard_error":62225.359421250294}}