{"mean":{"confidence_interval":{"confidence_level":0.95,"lower_bound":24116820.50825001,"upper_bound":24256136.85066666},"point_estimate":24185013.41666666,"standard_error":35604.42043799938},"median":{"confidence_interval":{"confidence_level":0.95,"lower_bound":23995007.333333332,"upper_bound":24154622.333333332},"point_estimate":24078395.833333336,"standard_error":42486.817086486575},"median_abs_dev":{"confidence_interval":{"confidence_level":0.95,"lower_bound":202629.4094026107,"upper_bound":437157.69853890035},"point_estimate":291942.9615169773,"standard_error":54926.773157300566},"slope":null,"std_dev":{"confidence_interval":{"confidence_level":0.95,"lower_bound":309245.83319357166,"upper_bound":399095.9746348364},"point_estimate":357810.6191146052,"standard_error":22926.834516486695}}