{"mean":{"confidence_interval":{"confidence_level":0.95,"lower_bound":64230.59597329686,"upper_bound":65394.01625281138},"point_estimate":64786.773503832475,"standard_error":297.06230110280427},"median":{"confidence_interval":{"confidence_level":0.95,"lower_bound":64061.735518292684,"upper_bound":64796.12424698795},"point_estimate":64492.89458363374,"standard_error":173.7851928015734},"median_abs_dev":{"confidence_interval":{"confidence_level":0.95,"lower_bound":1481.8784851372147,"upper_bound":2663.483754887253},"point_estimate":2106.5674623588297,"standard_error":297.865931252},"slope":{"confidence_interval":{"confidence_level":0.95,"lower_bound":63893.83414085959,"upper_bound":64668.46723518894},"point_estimate":64276.07089533767,"standard_error":196.85106933845458},"std_dev":{"confidence_interval":{"confidence_level":0.95,"lower_bound":2133.3020986096753,"upper_bound":3831.2076600147693},"point_estimate":2981.8186840904887,"standard_error":442.6695460643638}}