{"mean":{"confidence_interval":{"confidence_level":0.95,"lower_bound":27445.958969988984,"upper_bound":27552.202610063337},"point_estimate":27499.517040182265,"standard_error":27.166308331028766},"median":{"confidence_interval":{"confidence_level":0.95,"lower_bound":27467.90115830116,"upper_bound":27588.821714285714},"point_estimate":27532.514435751793,"standard_error":29.24072808895335},"median_abs_dev":{"confidence_interval":{"confidence_level":0.95,"lower_bound":200.46961731051763,"upper_bound":337.1544761843998},"point_estimate":251.5088714528526,"standard_error":32.61439583425874},"slope":{"confidence_interval":{"confidence_level":0.95,"lower_bound":27551.922191244204,"upper_bound":27664.34937141914},"point_estimate":27609.692299858558,"standard_error":28.618096172002307},"std_dev":{"confidence_interval":{"confidence_level":0.95,"lower_bound":234.39819227431983,"upper_bound":309.27701271555327},"point_estimate":273.17564139546107,"standard_error":19.05453638132136}}