{"mean":{"confidence_interval":{"confidence_level":0.95,"lower_bound":773.8066716237068,"upper_bound":780.5465350572312},"point_estimate":777.203087824604,"standard_error":1.7204626680455708},"median":{"confidence_interval":{"confidence_level":0.95,"lower_bound":771.9291764705882,"upper_bound":779.678912645638},"point_estimate":775.7737752002209,"standard_error":1.8599931034670472},"median_abs_dev":{"confidence_interval":{"confidence_level":0.95,"lower_bound":11.35072725730783,"upper_bound":19.366694956017497},"point_estimate":15.389885995330223,"standard_error":2.1411796061890067},"slope":{"confidence_interval":{"confidence_level":0.95,"lower_bound":775.6142487948532,"upper_bound":783.1647227193366},"point_estimate":779.3418789430831,"standard_error":1.9297272650360537},"std_dev":{"confidence_interval":{"confidence_level":0.95,"lower_bound":14.132177096965858,"upper_bound":20.480592312457258},"point_estimate":17.29200087688964,"standard_error":1.6312899346033756}}