{"mean":{"confidence_interval":{"confidence_level":0.95,"lower_bound":73922.85114666382,"upper_bound":78287.71641191539},"point_estimate":75773.89524412969,"standard_error":1135.6263765624249},"median":{"confidence_interval":{"confidence_level":0.95,"lower_bound":72331.11705472568,"upper_bound":73211.28425655977},"point_estimate":72545.80743901488,"standard_error":183.15492028151797},"median_abs_dev":{"confidence_interval":{"confidence_level":0.95,"lower_bound":990.2016204569907,"upper_bound":2124.7000377963595},"point_estimate":1392.2299810621957,"standard_error":284.2338506715886},"slope":{"confidence_interval":{"confidence_level":0.95,"lower_bound":72099.32931287492,"upper_bound":72604.14998527076},"point_estimate":72332.23404589499,"standard_error":128.8575499572163},"std_dev":{"confidence_interval":{"confidence_level":0.95,"lower_bound":3914.852981993628,"upper_bound":17916.263920291374},"point_estimate":11423.90314653701,"standard_error":3955.187645572838}}