{"mean":{"confidence_interval":{"confidence_level":0.95,"lower_bound":70886.58569671767,"upper_bound":70915.8897716198},"point_estimate":70899.9763145545,"standard_error":7.479160017259504},"median":{"confidence_interval":{"confidence_level":0.95,"lower_bound":70873.8874362245,"upper_bound":70902.10714285714},"point_estimate":70889.3765521759,"standard_error":6.664411979470548},"median_abs_dev":{"confidence_interval":{"confidence_level":0.95,"lower_bound":34.583629012536264,"upper_bound":55.58732693991669},"point_estimate":43.020994710471825,"standard_error":5.399846862162164},"slope":{"confidence_interval":{"confidence_level":0.95,"lower_bound":70894.27371433133,"upper_bound":70918.60958256158},"point_estimate":70906.18536637885,"standard_error":6.211901815023757},"std_dev":{"confidence_interval":{"confidence_level":0.95,"lower_bound":46.275673836600156,"upper_bound":106.20463454604655},"point_estimate":75.31826501142305,"standard_error":16.733627411584347}}