{"mean":{"confidence_interval":{"confidence_level":0.95,"lower_bound":245702.55951122625,"upper_bound":255223.32696249097},"point_estimate":249880.8155905396,"standard_error":2452.8228065892627},"median":{"confidence_interval":{"confidence_level":0.95,"lower_bound":241815.82971014493,"upper_bound":244831.22295081968},"point_estimate":242586.07860759494,"standard_error":757.9723742687494},"median_abs_dev":{"confidence_interval":{"confidence_level":0.95,"lower_bound":4170.468646820249,"upper_bound":7586.321866082398},"point_estimate":5544.376233058686,"standard_error":853.224134954169},"slope":{"confidence_interval":{"confidence_level":0.95,"lower_bound":240540.67407189505,"upper_bound":242670.45514659208},"point_estimate":241530.0211585636,"standard_error":544.4642499734879},"std_dev":{"confidence_interval":{"confidence_level":0.95,"lower_bound":10967.550370900217,"upper_bound":37218.40227552854},"point_estimate":24793.491906683965,"standard_error":7168.0439453356885}}