{"mean":{"confidence_interval":{"confidence_level":0.95,"lower_bound":82364826.33700001,"upper_bound":85162574.29075},"point_estimate":83869808.72,"standard_error":713170.0317439495},"median":{"confidence_interval":{"confidence_level":0.95,"lower_bound":83149907.0,"upper_bound":84762219.5},"point_estimate":83670896.5,"standard_error":445182.6480632463},"median_abs_dev":{"confidence_interval":{"confidence_level":0.95,"lower_bound":2536095.484775305,"upper_bound":4394172.945647835},"point_estimate":3271944.69281137,"standard_error":448682.4773555294},"slope":null,"std_dev":{"confidence_interval":{"confidence_level":0.95,"lower_bound":4018266.585319251,"upper_bound":10046164.480185091},"point_estimate":7157832.996847822,"standard_error":1581966.842822264}}