{"mean":{"confidence_interval":{"confidence_level":0.95,"lower_bound":3385.7337532111897,"upper_bound":3480.6396597884527},"point_estimate":3431.551414012823,"standard_error":24.212676229097227},"median":{"confidence_interval":{"confidence_level":0.95,"lower_bound":3332.5393252361673,"upper_bound":3399.650343249428},"point_estimate":3363.2243404808314,"standard_error":18.983266527589002},"median_abs_dev":{"confidence_interval":{"confidence_level":0.95,"lower_bound":124.71808976985969,"upper_bound":223.12787771832714},"point_estimate":174.21681484215148,"standard_error":24.509631286605096},"slope":{"confidence_interval":{"confidence_level":0.95,"lower_bound":3332.7322575675453,"upper_bound":3412.5457608373995},"point_estimate":3370.998353983081,"standard_error":20.365180819940633},"std_dev":{"confidence_interval":{"confidence_level":0.95,"lower_bound":195.16796643702912,"upper_bound":291.20323774387225},"point_estimate":244.21441851462384,"standard_error":24.579494830065958}}