{"mean":{"confidence_interval":{"confidence_level":0.95,"lower_bound":1699448.6158575537,"upper_bound":1737801.3480681938},"point_estimate":1717963.6068664526,"standard_error":9800.422801167075},"median":{"confidence_interval":{"confidence_level":0.95,"lower_bound":1685121.857142857,"upper_bound":1716786.935483871},"point_estimate":1705022.5488095237,"standard_error":7584.1173966313145},"median_abs_dev":{"confidence_interval":{"confidence_level":0.95,"lower_bound":56034.886562240536,"upper_bound":89943.50369860217},"point_estimate":70720.07706969486,"standard_error":8607.931433866983},"slope":{"confidence_interval":{"confidence_level":0.95,"lower_bound":1704595.3227186182,"upper_bound":1737027.43506684},"point_estimate":1720451.872028964,"standard_error":8241.706672727727},"std_dev":{"confidence_interval":{"confidence_level":0.95,"lower_bound":75607.81157964942,"upper_bound":121085.14402905777},"point_estimate":98395.65598381152,"standard_error":11733.2862742852}}