{"mean":{"confidence_interval":{"confidence_level":0.95,"lower_bound":6512.384114828743,"upper_bound":6525.643540475272},"point_estimate":6518.938011640549,"standard_error":3.384088675877249},"median":{"confidence_interval":{"confidence_level":0.95,"lower_bound":6508.343451066961,"upper_bound":6522.103994205298},"point_estimate":6515.714274315806,"standard_error":3.763296233218464},"median_abs_dev":{"confidence_interval":{"confidence_level":0.95,"lower_bound":23.47622571135175,"upper_bound":37.93846757853219},"point_estimate":30.47140486160376,"standard_error":3.755872009266586},"slope":{"confidence_interval":{"confidence_level":0.95,"lower_bound":6506.2726892047085,"upper_bound":6521.883736230604},"point_estimate":6513.950751572934,"standard_error":3.9885003022605976},"std_dev":{"confidence_interval":{"confidence_level":0.95,"lower_bound":28.35835158889592,"upper_bound":38.96297368177718},"point_estimate":34.01297041075138,"standard_error":2.7099530779316368}}