{"mean":{"confidence_interval":{"confidence_level":0.95,"lower_bound":2743205.531337499,"upper_bound":2815472.1704749996},"point_estimate":2777493.5919999997,"standard_error":18453.570853315217},"median":{"confidence_interval":{"confidence_level":0.95,"lower_bound":2694394.425,"upper_bound":2774970.0999999996},"point_estimate":2724825.0999999996,"standard_error":18179.488120590286},"median_abs_dev":{"confidence_interval":{"confidence_level":0.95,"lower_bound":110039.42346803435,"upper_bound":181904.71270054553},"point_estimate":144075.87785214267,"standard_error":18516.814857658886},"slope":null,"std_dev":{"confidence_interval":{"confidence_level":0.95,"lower_bound":137304.16902476078,"upper_bound":238863.15989988792},"point_estimate":185509.18139438142,"standard_error":27220.565108996117}}