{"mean":{"confidence_interval":{"confidence_level":0.95,"lower_bound":34849.32290086896,"upper_bound":36697.230666320764},"point_estimate":35633.90717651825,"standard_error":475.5287550260113},"median":{"confidence_interval":{"confidence_level":0.95,"lower_bound":34182.43370243095,"upper_bound":35163.389083820664},"point_estimate":34616.219421558126,"standard_error":228.56555105708634},"median_abs_dev":{"confidence_interval":{"confidence_level":0.95,"lower_bound":1313.68793580436,"upper_bound":2338.5975763243505},"point_estimate":1815.7323747589733,"standard_error":269.41570927854343},"slope":{"confidence_interval":{"confidence_level":0.95,"lower_bound":35179.60062984958,"upper_bound":36807.3516814004},"point_estimate":35932.362154245275,"standard_error":417.810564009532},"std_dev":{"confidence_interval":{"confidence_level":0.95,"lower_bound":2119.8139045358366,"upper_bound":7417.628584908558},"point_estimate":4790.2958446339035,"standard_error":1597.172908048815}}