{"mean":{"confidence_interval":{"confidence_level":0.95,"lower_bound":3515863.5409833337,"upper_bound":3556363.632816665},"point_estimate":3535696.175999999,"standard_error":10332.851494720799},"median":{"confidence_interval":{"confidence_level":0.95,"lower_bound":3486979.6666666665,"upper_bound":3576209.2333333334},"point_estimate":3536282.466666667,"standard_error":24138.39432971255},"median_abs_dev":{"confidence_interval":{"confidence_level":0.95,"lower_bound":93102.63286709755,"upper_bound":147359.96034383812},"point_estimate":130617.25536108013,"standard_error":13497.031608904093},"slope":null,"std_dev":{"confidence_interval":{"confidence_level":0.95,"lower_bound":87488.33121771242,"upper_bound":123580.84785958301},"point_estimate":103617.83246477996,"standard_error":9625.134195507677}}