{"mean":{"confidence_interval":{"confidence_level":0.95,"lower_bound":452696.25105996756,"upper_bound":502897.43215618195},"point_estimate":477829.29627750657,"standard_error":12844.326434412487},"median":{"confidence_interval":{"confidence_level":0.95,"lower_bound":452022.56868131866,"upper_bound":516060.56026785716},"point_estimate":478343.9989417989,"standard_error":15226.021102939223},"median_abs_dev":{"confidence_interval":{"confidence_level":0.95,"lower_bound":119618.12811372045,"upper_bound":185633.57212534707},"point_estimate":139748.90713739104,"standard_error":16815.20230984488},"slope":{"confidence_interval":{"confidence_level":0.95,"lower_bound":441544.70937358344,"upper_bound":511319.49680610513},"point_estimate":476093.1148682331,"standard_error":17819.120609717094},"std_dev":{"confidence_interval":{"confidence_level":0.95,"lower_bound":115161.61022125863,"upper_bound":141207.05605553553},"point_estimate":129012.92751748911,"standard_error":6639.056372426326}}