{"mean":{"confidence_interval":{"confidence_level":0.95,"lower_bound":1049568.1256146203,"upper_bound":1065436.6738446432},"point_estimate":1057325.169166085,"standard_error":4043.6761137261315},"median":{"confidence_interval":{"confidence_level":0.95,"lower_bound":1047685.9156626506,"upper_bound":1064027.6186986454},"point_estimate":1055960.835,"standard_error":4580.930782530794},"median_abs_dev":{"confidence_interval":{"confidence_level":0.95,"lower_bound":22698.17900187534,"upper_bound":40911.25082172134},"point_estimate":31633.519244158553,"standard_error":4722.126541518833},"slope":{"confidence_interval":{"confidence_level":0.95,"lower_bound":1055451.168349558,"upper_bound":1068018.3256903603},"point_estimate":1061774.0187527707,"standard_error":3202.7568166508504},"std_dev":{"confidence_interval":{"confidence_level":0.95,"lower_bound":31130.656998538005,"upper_bound":49460.38024590203},"point_estimate":40536.20491662796,"standard_error":4718.318596589902}}