{"mean":{"confidence_interval":{"confidence_level":0.95,"lower_bound":136240.66550665998,"upper_bound":145130.1836266005},"point_estimate":140084.52092479786,"standard_error":2292.2265419680084},"median":{"confidence_interval":{"confidence_level":0.95,"lower_bound":133788.4681818182,"upper_bound":135714.38662790696},"point_estimate":135018.30671296298,"standard_error":489.85607229833397},"median_abs_dev":{"confidence_interval":{"confidence_level":0.95,"lower_bound":3434.585080842408,"upper_bound":5550.213819360252},"point_estimate":4615.475988997251,"standard_error":543.9117207881307},"slope":{"confidence_interval":{"confidence_level":0.95,"lower_bound":132686.54073004436,"upper_bound":134490.02693169386},"point_estimate":133549.81953081128,"standard_error":461.6807309572482},"std_dev":{"confidence_interval":{"confidence_level":0.95,"lower_bound":8246.803815089239,"upper_bound":35247.49825468371},"point_estimate":23040.791856558837,"standard_error":7078.8908680742015}}