{"mean":{"confidence_interval":{"confidence_level":0.95,"lower_bound":426967.3857255143,"upper_bound":435763.0378871914},"point_estimate":431323.0460572109,"standard_error":2240.411445560591},"median":{"confidence_interval":{"confidence_level":0.95,"lower_bound":424221.5949820789,"upper_bound":434907.8645833333},"point_estimate":429146.5942113442,"standard_error":2319.7885734715705},"median_abs_dev":{"confidence_interval":{"confidence_level":0.95,"lower_bound":17775.71541712235,"upper_bound":28124.04880372834},"point_estimate":23381.218892403987,"standard_error":2551.616207351318},"slope":{"confidence_interval":{"confidence_level":0.95,"lower_bound":431113.7159156103,"upper_bound":440456.10010694776},"point_estimate":435973.1080035466,"standard_error":2382.5875040840474},"std_dev":{"confidence_interval":{"confidence_level":0.95,"lower_bound":19580.81867169719,"upper_bound":25099.926651492635},"point_estimate":22516.86779921397,"standard_error":1414.2259679361066}}