{"mean":{"confidence_interval":{"confidence_level":0.95,"lower_bound":260841.497742909,"upper_bound":277232.4071778476},"point_estimate":268342.2805947026,"standard_error":4212.274762343648},"median":{"confidence_interval":{"confidence_level":0.95,"lower_bound":253030.62698412698,"upper_bound":260753.70635190216},"point_estimate":256773.17175404646,"standard_error":2207.3539523975037},"median_abs_dev":{"confidence_interval":{"confidence_level":0.95,"lower_bound":10605.524901328095,"upper_bound":19232.638963536785},"point_estimate":14759.386545676465,"standard_error":2253.4629507008617},"slope":{"confidence_interval":{"confidence_level":0.95,"lower_bound":252252.48840966367,"upper_bound":267469.36585027794},"point_estimate":258290.7058430619,"standard_error":3966.7462419500457},"std_dev":{"confidence_interval":{"confidence_level":0.95,"lower_bound":23777.57832482699,"upper_bound":57875.43329256807},"point_estimate":42466.996973629604,"standard_error":8668.302427038265}}