{"mean":{"confidence_interval":{"confidence_level":0.95,"lower_bound":91170.71319971727,"upper_bound":94640.93295867351},"point_estimate":92546.17465081617,"standard_error":928.8012107211005},"median":{"confidence_interval":{"confidence_level":0.95,"lower_bound":90499.43333333333,"upper_bound":91361.38622159092},"point_estimate":90929.74610938579,"standard_error":219.1364816393842},"median_abs_dev":{"confidence_interval":{"confidence_level":0.95,"lower_bound":1656.6576198638036,"upper_bound":3309.333444457965},"point_estimate":2516.308769457382,"standard_error":447.64982477411166},"slope":{"confidence_interval":{"confidence_level":0.95,"lower_bound":89768.72293262373,"upper_bound":90910.48847400481},"point_estimate":90308.34330303926,"standard_error":291.59877081562865},"std_dev":{"confidence_interval":{"confidence_level":0.95,"lower_bound":2870.809044188438,"upper_bound":15436.554714003598},"point_estimate":9384.814183979428,"standard_error":4219.781207547336}}