{"mean":{"confidence_interval":{"confidence_level":0.95,"lower_bound":284928.22741418326,"upper_bound":292889.85687200323},"point_estimate":288758.31023956614,"standard_error":2042.3199903782033},"median":{"confidence_interval":{"confidence_level":0.95,"lower_bound":280851.9070121951,"upper_bound":288671.58960040985},"point_estimate":285120.8815972222,"standard_error":2124.1890621955317},"median_abs_dev":{"confidence_interval":{"confidence_level":0.95,"lower_bound":10825.065743650024,"upper_bound":18754.77100891327},"point_estimate":14063.26075576201,"standard_error":2007.8858050110532},"slope":{"confidence_interval":{"confidence_level":0.95,"lower_bound":279503.8502818144,"upper_bound":287234.2959811737},"point_estimate":283193.10415028816,"standard_error":1970.2758077673984},"std_dev":{"confidence_interval":{"confidence_level":0.95,"lower_bound":15280.721799625207,"upper_bound":25026.234758362392},"point_estimate":20365.578188517098,"standard_error":2492.5940766776594}}