{"mean":{"confidence_interval":{"confidence_level":0.95,"lower_bound":103699117.1505,"upper_bound":104256157.69475001},"point_estimate":103959599.6,"standard_error":142883.96000826044},"median":{"confidence_interval":{"confidence_level":0.95,"lower_bound":103371316.0,"upper_bound":103586221.0},"point_estimate":103408016.0,"standard_error":54768.968128112494},"median_abs_dev":{"confidence_interval":{"confidence_level":0.95,"lower_bound":281775.5379974842,"upper_bound":647760.5305999517},"point_estimate":399496.1998075247,"standard_error":97247.98720070644},"slope":null,"std_dev":{"confidence_interval":{"confidence_level":0.95,"lower_bound":963750.3217015485,"upper_bound":1828513.6191312012},"point_estimate":1432012.657791456,"standard_error":221669.27668188614}}