{"mean":{"confidence_interval":{"confidence_level":0.95,"lower_bound":1363183.35980813,"upper_bound":1693959.353277288},"point_estimate":1504661.7998241722,"standard_error":85482.37941770842},"median":{"confidence_interval":{"confidence_level":0.95,"lower_bound":1245341.7404341926,"upper_bound":1324822.077472237},"point_estimate":1269560.1436781608,"standard_error":18844.86118845377},"median_abs_dev":{"confidence_interval":{"confidence_level":0.95,"lower_bound":117925.75688724154,"upper_bound":203255.5653174496},"point_estimate":146731.1362337604,"standard_error":23183.588906522516},"slope":{"confidence_interval":{"confidence_level":0.95,"lower_bound":1225417.1078747206,"upper_bound":1271589.7587821493},"point_estimate":1247458.534133294,"standard_error":11782.53369481012},"std_dev":{"confidence_interval":{"confidence_level":0.95,"lower_bound":354574.7813961426,"upper_bound":1326553.3894762928},"point_estimate":860396.0745009781,"standard_error":277795.14195826394}}