{"mean":{"confidence_interval":{"confidence_level":0.95,"lower_bound":116845.08850891262,"upper_bound":119246.85471852018},"point_estimate":117960.98029468926,"standard_error":612.2842184359689},"median":{"confidence_interval":{"confidence_level":0.95,"lower_bound":115553.3253968254,"upper_bound":117573.80233943206},"point_estimate":116551.4198067633,"standard_error":534.7003957322629},"median_abs_dev":{"confidence_interval":{"confidence_level":0.95,"lower_bound":2751.2238817438592,"upper_bound":5023.808892773041},"point_estimate":3674.611937158429,"standard_error":582.5231531208033},"slope":{"confidence_interval":{"confidence_level":0.95,"lower_bound":117088.94329630218,"upper_bound":118989.27982441506},"point_estimate":118029.53166740555,"standard_error":484.25556776352573},"std_dev":{"confidence_interval":{"confidence_level":0.95,"lower_bound":4089.711078879526,"upper_bound":8519.060487430816},"point_estimate":6163.498073734364,"standard_error":1265.9478649248717}}