{"mean":{"confidence_interval":{"confidence_level":0.95,"lower_bound":436475.4435047564,"upper_bound":447215.1051240388},"point_estimate":441868.47568776936,"standard_error":2734.483536385308},"median":{"confidence_interval":{"confidence_level":0.95,"lower_bound":438456.54255589435,"upper_bound":447229.16228070174},"point_estimate":443564.14817204303,"standard_error":2573.420644299321},"median_abs_dev":{"confidence_interval":{"confidence_level":0.95,"lower_bound":17230.97123384846,"upper_bound":28514.268508043588},"point_estimate":21375.7617423089,"standard_error":2804.797661923458},"slope":{"confidence_interval":{"confidence_level":0.95,"lower_bound":444327.20559250336,"upper_bound":451270.44138696365},"point_estimate":447892.7792709719,"standard_error":1773.5570886079313},"std_dev":{"confidence_interval":{"confidence_level":0.95,"lower_bound":21689.129852996706,"upper_bound":32966.86582658626},"point_estimate":27495.784734670884,"standard_error":2883.073875715689}}