{"mean":{"confidence_interval":{"confidence_level":0.95,"lower_bound":182523.52706866534,"upper_bound":189800.31150512188},"point_estimate":185733.72725883525,"standard_error":1878.928941485923},"median":{"confidence_interval":{"confidence_level":0.95,"lower_bound":179262.0387306803,"upper_bound":182445.20075757575},"point_estimate":180903.31364240614,"standard_error":787.6329486682324},"median_abs_dev":{"confidence_interval":{"confidence_level":0.95,"lower_bound":5042.334819571701,"upper_bound":8838.525249494594},"point_estimate":7393.450728740004,"standard_error":894.9661339475912},"slope":{"confidence_interval":{"confidence_level":0.95,"lower_bound":178326.39426458927,"upper_bound":181408.93617741406},"point_estimate":179799.48188660658,"standard_error":789.6015184945578},"std_dev":{"confidence_interval":{"confidence_level":0.95,"lower_bound":9149.737153442875,"upper_bound":28407.48302232686},"point_estimate":18929.871440493112,"standard_error":5384.611119276502}}