{"mean":{"confidence_interval":{"confidence_level":0.95,"lower_bound":676956.3501776151,"upper_bound":677650.8075985843},"point_estimate":677289.7317682165,"standard_error":177.4572424838665},"median":{"confidence_interval":{"confidence_level":0.95,"lower_bound":676766.8333333334,"upper_bound":677225.5555555555},"point_estimate":676960.6302083333,"standard_error":119.72618813286026},"median_abs_dev":{"confidence_interval":{"confidence_level":0.95,"lower_bound":922.6071343690768,"upper_bound":1707.956768560067},"point_estimate":1212.2555903530806,"standard_error":199.7679311671262},"slope":{"confidence_interval":{"confidence_level":0.95,"lower_bound":676547.3278158449,"upper_bound":677079.1007936157},"point_estimate":676807.6941850155,"standard_error":136.18561072884938},"std_dev":{"confidence_interval":{"confidence_level":0.95,"lower_bound":1342.3620354273653,"upper_bound":2183.2047874363066},"point_estimate":1783.5553902328834,"standard_error":214.95040018960566}}