{"mean":{"confidence_interval":{"confidence_level":0.95,"lower_bound":447155.74555355374,"upper_bound":459381.3947113746},"point_estimate":452524.3761244656,"standard_error":3148.899219417702},"median":{"confidence_interval":{"confidence_level":0.95,"lower_bound":442879.48007246375,"upper_bound":449568.2787698413},"point_estimate":446808.77033492824,"standard_error":1921.7643895730068},"median_abs_dev":{"confidence_interval":{"confidence_level":0.95,"lower_bound":9747.136839261393,"upper_bound":15462.113081547177},"point_estimate":12556.325744681255,"standard_error":1468.8237985260382},"slope":{"confidence_interval":{"confidence_level":0.95,"lower_bound":441599.83900280704,"upper_bound":446104.7208473348},"point_estimate":443783.3974040688,"standard_error":1148.214264736448},"std_dev":{"confidence_interval":{"confidence_level":0.95,"lower_bound":13125.361906817026,"upper_bound":47360.835090207125},"point_estimate":31727.075085405813,"standard_error":8992.40837585823}}