{"mean":{"confidence_interval":{"confidence_level":0.95,"lower_bound":120429785.19325,"upper_bound":122479157.368},"point_estimate":121435118.26,"standard_error":522379.3627063917},"median":{"confidence_interval":{"confidence_level":0.95,"lower_bound":118990491.0,"upper_bound":122771341.0},"point_estimate":121656875.0,"standard_error":1009865.3029649557},"median_abs_dev":{"confidence_interval":{"confidence_level":0.95,"lower_bound":4639112.305076794,"upper_bound":7039356.50562644},"point_estimate":6167619.597002864,"standard_error":622580.0322058218},"slope":null,"std_dev":{"confidence_interval":{"confidence_level":0.95,"lower_bound":4418020.722678659,"upper_bound":6109095.48350111},"point_estimate":5272155.184989089,"standard_error":434216.1723096995}}