{"mean":{"confidence_interval":{"confidence_level":0.95,"lower_bound":1635467.2303990612,"upper_bound":1733320.3103555986},"point_estimate":1680885.4263976351,"standard_error":25003.533064258572},"median":{"confidence_interval":{"confidence_level":0.95,"lower_bound":1568411.25,"upper_bound":1647804.657142857},"point_estimate":1594739.1896338447,"standard_error":22597.38970831725},"median_abs_dev":{"confidence_interval":{"confidence_level":0.95,"lower_bound":79198.33159679678,"upper_bound":154539.23669851595},"point_estimate":111508.41330611498,"standard_error":20183.06379416054},"slope":{"confidence_interval":{"confidence_level":0.95,"lower_bound":1586549.0227582294,"upper_bound":1660250.0256758104},"point_estimate":1621093.3876045514,"standard_error":18782.90058972913},"std_dev":{"confidence_interval":{"confidence_level":0.95,"lower_bound":158874.34979864696,"upper_bound":342528.1320548108},"point_estimate":252833.4003824689,"standard_error":47882.57923937782}}