{"mean":{"confidence_interval":{"confidence_level":0.95,"lower_bound":239899.35290160027,"upper_bound":266746.01023369684},"point_estimate":251186.66539984764,"standard_error":6956.25388835709},"median":{"confidence_interval":{"confidence_level":0.95,"lower_bound":233452.88965686274,"upper_bound":247379.91714285716},"point_estimate":241189.9276219512,"standard_error":3801.3890818026903},"median_abs_dev":{"confidence_interval":{"confidence_level":0.95,"lower_bound":23417.848634087677,"upper_bound":35951.098111529085},"point_estimate":29658.207598885787,"standard_error":3115.5007207668377},"slope":{"confidence_interval":{"confidence_level":0.95,"lower_bound":237197.35825834205,"upper_bound":249108.2972771072},"point_estimate":243122.52364474657,"standard_error":3032.444966865496},"std_dev":{"confidence_interval":{"confidence_level":0.95,"lower_bound":27863.35501207702,"upper_bound":110123.88328482192},"point_estimate":69849.00562069505,"standard_error":25113.9032186646}}