{"mean":{"confidence_interval":{"confidence_level":0.95,"lower_bound":35815147.703875,"upper_bound":36195915.89},"point_estimate":36004283.735,"standard_error":96947.97632724907},"median":{"confidence_interval":{"confidence_level":0.95,"lower_bound":35579034.0,"upper_bound":35992590.5},"point_estimate":35763293.25,"standard_error":121233.19964546607},"median_abs_dev":{"confidence_interval":{"confidence_level":0.95,"lower_bound":676678.2724365592,"upper_bound":1352131.5466448665},"point_estimate":1010370.7550123334,"standard_error":177167.58373799146},"slope":null,"std_dev":{"confidence_interval":{"confidence_level":0.95,"lower_bound":857288.6868907169,"upper_bound":1070608.1514668795},"point_estimate":971787.6434194146,"standard_error":54611.37165872165}}