{"mean":{"confidence_interval":{"confidence_level":0.95,"lower_bound":30614.092643146356,"upper_bound":30825.8553103916},"point_estimate":30713.326455960138,"standard_error":53.989338322316804},"median":{"confidence_interval":{"confidence_level":0.95,"lower_bound":30621.693675889328,"upper_bound":30756.452978056426},"point_estimate":30719.006258498448,"standard_error":29.849572913971823},"median_abs_dev":{"confidence_interval":{"confidence_level":0.95,"lower_bound":211.99199059345528,"upper_bound":388.2985120630724},"point_estimate":278.21112327708056,"standard_error":45.162190404449774},"slope":{"confidence_interval":{"confidence_level":0.95,"lower_bound":30711.102620179277,"upper_bound":30892.869063860766},"point_estimate":30797.10481695931,"standard_error":46.20147746634678},"std_dev":{"confidence_interval":{"confidence_level":0.95,"lower_bound":363.6550070736378,"upper_bound":750.5072703240738},"point_estimate":543.2743122637444,"standard_error":109.44516431770634}}