{"mean":{"confidence_interval":{"confidence_level":0.95,"lower_bound":855975.5356900573,"upper_bound":874436.0128737601},"point_estimate":864905.6016926712,"standard_error":4708.578527444629},"median":{"confidence_interval":{"confidence_level":0.95,"lower_bound":844288.0969607844,"upper_bound":873035.2093023256},"point_estimate":860542.59193729,"standard_error":7483.447312653971},"median_abs_dev":{"confidence_interval":{"confidence_level":0.95,"lower_bound":32647.26433750043,"upper_bound":51883.12666399897},"point_estimate":37899.22612911585,"standard_error":5156.223723777603},"slope":{"confidence_interval":{"confidence_level":0.95,"lower_bound":857747.6639231713,"upper_bound":880954.3812384182},"point_estimate":869352.8829924634,"standard_error":5937.021248047537},"std_dev":{"confidence_interval":{"confidence_level":0.95,"lower_bound":36740.749168773866,"upper_bound":59143.110634059405},"point_estimate":47169.75994130676,"standard_error":5970.58545138699}}