{"mean":{"confidence_interval":{"confidence_level":0.95,"lower_bound":9852182.675833333,"upper_bound":9927095.197666664},"point_estimate":9884009.108333334,"standard_error":19345.44019487442},"median":{"confidence_interval":{"confidence_level":0.95,"lower_bound":9834004.333333332,"upper_bound":9875763.333333334},"point_estimate":9856688.0,"standard_error":10332.312518983008},"median_abs_dev":{"confidence_interval":{"confidence_level":0.95,"lower_bound":69129.9302726984,"upper_bound":111218.59607547706},"point_estimate":91539.42887485027,"standard_error":11179.337272972263},"slope":null,"std_dev":{"confidence_interval":{"confidence_level":0.95,"lower_bound":77924.0641521867,"upper_bound":302681.2990478339},"point_estimate":194239.6932579657,"standard_error":64665.07527631395}}