{"mean":{"confidence_interval":{"confidence_level":0.95,"lower_bound":25387.129500754298,"upper_bound":25981.559357974587},"point_estimate":25665.975711380433,"standard_error":152.00215406267026},"median":{"confidence_interval":{"confidence_level":0.95,"lower_bound":25561.697318955285,"upper_bound":26083.485304169513},"point_estimate":25879.202007422402,"standard_error":131.69616756872082},"median_abs_dev":{"confidence_interval":{"confidence_level":0.95,"lower_bound":696.9958372025893,"upper_bound":1343.8016968977302},"point_estimate":1106.184589282351,"standard_error":161.5300049715161},"slope":{"confidence_interval":{"confidence_level":0.95,"lower_bound":26197.899197113613,"upper_bound":26833.66798099098},"point_estimate":26459.022062719232,"standard_error":166.6512296986651},"std_dev":{"confidence_interval":{"confidence_level":0.95,"lower_bound":1017.2685229287167,"upper_bound":2164.7123743491866},"point_estimate":1536.9395238129646,"standard_error":341.057141360232}}