{"mean":{"confidence_interval":{"confidence_level":0.95,"lower_bound":345502.4597775211,"upper_bound":358417.0804437105},"point_estimate":351378.9779544503,"standard_error":3306.9982379005874},"median":{"confidence_interval":{"confidence_level":0.95,"lower_bound":338877.2131147541,"upper_bound":347529.5287280702},"point_estimate":343075.8474496518,"standard_error":1992.8729486289335},"median_abs_dev":{"confidence_interval":{"confidence_level":0.95,"lower_bound":11371.555525892327,"upper_bound":19892.710459551723},"point_estimate":15411.199937024167,"standard_error":2200.668650588841},"slope":{"confidence_interval":{"confidence_level":0.95,"lower_bound":340440.853270706,"upper_bound":351944.79130622774},"point_estimate":345859.73853800306,"standard_error":2929.151062079441},"std_dev":{"confidence_interval":{"confidence_level":0.95,"lower_bound":19327.07477832481,"upper_bound":46124.78890283745},"point_estimate":33221.10097195348,"standard_error":6997.159272399071}}