{"mean":{"confidence_interval":{"confidence_level":0.95,"lower_bound":254543599.28625,"upper_bound":257660564.03975},"point_estimate":256099607.09,"standard_error":799374.9502208463},"median":{"confidence_interval":{"confidence_level":0.95,"lower_bound":253603672.0,"upper_bound":258019092.5},"point_estimate":256295587.0,"standard_error":1078172.3721643963},"median_abs_dev":{"confidence_interval":{"confidence_level":0.95,"lower_bound":7115062.230094896,"upper_bound":10453051.414373737},"point_estimate":8889361.061382294,"standard_error":834755.6996135331},"slope":null,"std_dev":{"confidence_interval":{"confidence_level":0.95,"lower_bound":7081678.667925615,"upper_bound":8827219.664286833},"point_estimate":8015532.427714076,"standard_error":445941.32062698045}}