{"mean":{"confidence_interval":{"confidence_level":0.95,"lower_bound":768497.3000522753,"upper_bound":809602.5381638134},"point_estimate":786718.315077686,"standard_error":10580.374436831105},"median":{"confidence_interval":{"confidence_level":0.95,"lower_bound":755054.8333333334,"upper_bound":780505.8913043478},"point_estimate":764764.5,"standard_error":6420.62547552187},"median_abs_dev":{"confidence_interval":{"confidence_level":0.95,"lower_bound":42760.81734914078,"upper_bound":72284.85164283222},"point_estimate":60607.14376356748,"standard_error":7375.392040175051},"slope":{"confidence_interval":{"confidence_level":0.95,"lower_bound":745144.6332859005,"upper_bound":767795.2663179348},"point_estimate":755918.3318974435,"standard_error":5778.04479507132},"std_dev":{"confidence_interval":{"confidence_level":0.95,"lower_bound":56434.794248818085,"upper_bound":157390.98879852195},"point_estimate":106584.0169301728,"standard_error":28666.931159531778}}