{"mean":{"confidence_interval":{"confidence_level":0.95,"lower_bound":27855.837117884777,"upper_bound":28209.066786356507},"point_estimate":28035.02925766235,"standard_error":89.9900383269246},"median":{"confidence_interval":{"confidence_level":0.95,"lower_bound":28057.603883597883,"upper_bound":28426.512536443148},"point_estimate":28303.02036004646,"standard_error":117.05610319683288},"median_abs_dev":{"confidence_interval":{"confidence_level":0.95,"lower_bound":594.1312685866765,"upper_bound":1110.1621608755502},"point_estimate":852.6562472561473,"standard_error":134.5255504115851},"slope":{"confidence_interval":{"confidence_level":0.95,"lower_bound":28461.89997343067,"upper_bound":28697.520025976297},"point_estimate":28583.493228482763,"standard_error":59.996048067089696},"std_dev":{"confidence_interval":{"confidence_level":0.95,"lower_bound":790.7958115975197,"upper_bound":995.3659883391102},"point_estimate":902.8648138675679,"standard_error":52.34893762353108}}