{"mean":{"confidence_interval":{"confidence_level":0.95,"lower_bound":125752.64841002895,"upper_bound":133748.414287361},"point_estimate":129313.70007284243,"standard_error":2059.5350210917777},"median":{"confidence_interval":{"confidence_level":0.95,"lower_bound":122022.58379549946,"upper_bound":127373.28673835125},"point_estimate":124534.22685185185,"standard_error":1478.0114494792278},"median_abs_dev":{"confidence_interval":{"confidence_level":0.95,"lower_bound":7121.294525199792,"upper_bound":11974.81962666211},"point_estimate":8976.695118965135,"standard_error":1289.700688271566},"slope":{"confidence_interval":{"confidence_level":0.95,"lower_bound":121346.30880199319,"upper_bound":128671.03646415273},"point_estimate":124768.43947326076,"standard_error":1878.1609232854928},"std_dev":{"confidence_interval":{"confidence_level":0.95,"lower_bound":10522.645492268279,"upper_bound":30569.883917764062},"point_estimate":20701.28699273002,"standard_error":5475.1411114428965}}