{"mean":{"confidence_interval":{"confidence_level":0.95,"lower_bound":671721.2763070934,"upper_bound":704068.3762802235},"point_estimate":687006.6999775915,"standard_error":8235.032993302222},"median":{"confidence_interval":{"confidence_level":0.95,"lower_bound":649743.1597094259,"upper_bound":671842.9528985508},"point_estimate":660954.2472826086,"standard_error":5904.190726954241},"median_abs_dev":{"confidence_interval":{"confidence_level":0.95,"lower_bound":31157.062006765336,"upper_bound":58043.88163201511},"point_estimate":44495.52474594796,"standard_error":7216.04935428009},"slope":{"confidence_interval":{"confidence_level":0.95,"lower_bound":663700.2925834092,"upper_bound":688739.030790325},"point_estimate":675391.7190143343,"standard_error":6408.096996906216},"std_dev":{"confidence_interval":{"confidence_level":0.95,"lower_bound":59269.11584413043,"upper_bound":103984.0044369378},"point_estimate":82956.9838713859,"standard_error":11459.970975669581}}