{"mean":{"confidence_interval":{"confidence_level":0.95,"lower_bound":9574196.740291664,"upper_bound":9846690.038833333},"point_estimate":9707036.703333337,"standard_error":69507.64360533806},"median":{"confidence_interval":{"confidence_level":0.95,"lower_bound":9456791.166666668,"upper_bound":9783888.0},"point_estimate":9672643.583333332,"standard_error":89006.30111961937},"median_abs_dev":{"confidence_interval":{"confidence_level":0.95,"lower_bound":482738.38147968147,"upper_bound":752114.6887972942},"point_estimate":613628.978855906,"standard_error":69636.90907589992},"slope":null,"std_dev":{"confidence_interval":{"confidence_level":0.95,"lower_bound":551708.4763955397,"upper_bound":837149.3599419403},"point_estimate":698507.3137147626,"standard_error":73330.02268171204}}