{"mean":{"confidence_interval":{"confidence_level":0.95,"lower_bound":138989.2261121122,"upper_bound":145871.84464728413},"point_estimate":141685.1845678429,"standard_error":1823.3154279534979},"median":{"confidence_interval":{"confidence_level":0.95,"lower_bound":138584.48511904763,"upper_bound":140687.41428571427},"point_estimate":139484.35430194804,"standard_error":543.2698654708635},"median_abs_dev":{"confidence_interval":{"confidence_level":0.95,"lower_bound":4427.858783582727,"upper_bound":6826.15514154684},"point_estimate":5678.367436205856,"standard_error":587.8725759178659},"slope":{"confidence_interval":{"confidence_level":0.95,"lower_bound":136968.62373197204,"upper_bound":139178.6110520759},"point_estimate":138035.30640608838,"standard_error":562.7052467770125},"std_dev":{"confidence_interval":{"confidence_level":0.95,"lower_bound":5470.810825593831,"upper_bound":30084.893631729636},"point_estimate":18296.323598481304,"standard_error":8101.547238615108}}