{"mean":{"confidence_interval":{"confidence_level":0.95,"lower_bound":1584734.878990546,"upper_bound":1685967.1837465023},"point_estimate":1629698.6168455826,"standard_error":26032.35513569708},"median":{"confidence_interval":{"confidence_level":0.95,"lower_bound":1552310.5151515151,"upper_bound":1623998.6583710406},"point_estimate":1587772.3946428571,"standard_error":18992.323772971085},"median_abs_dev":{"confidence_interval":{"confidence_level":0.95,"lower_bound":104656.16088579744,"upper_bound":173798.43767984546},"point_estimate":133044.45148138498,"standard_error":17324.23902713904},"slope":{"confidence_interval":{"confidence_level":0.95,"lower_bound":1564961.8650288708,"upper_bound":1644477.354130558},"point_estimate":1603044.9434668242,"standard_error":20340.1306407446},"std_dev":{"confidence_interval":{"confidence_level":0.95,"lower_bound":135610.76245263653,"upper_bound":389179.9247320874},"point_estimate":261162.34092834647,"standard_error":72847.58834202544}}