{"mean":{"confidence_interval":{"confidence_level":0.95,"lower_bound":1465478.727841957,"upper_bound":1520491.1375008859},"point_estimate":1491663.8879780038,"standard_error":14034.96279926693},"median":{"confidence_interval":{"confidence_level":0.95,"lower_bound":1448261.9150462963,"upper_bound":1483130.5577777778},"point_estimate":1466312.177777778,"standard_error":9802.628093862964},"median_abs_dev":{"confidence_interval":{"confidence_level":0.95,"lower_bound":89761.49332641816,"upper_bound":133058.6565207397},"point_estimate":110057.1045770546,"standard_error":10619.124490808215},"slope":{"confidence_interval":{"confidence_level":0.95,"lower_bound":1432345.1396646139,"upper_bound":1467129.2631534855},"point_estimate":1449645.028228166,"standard_error":8949.833707034832},"std_dev":{"confidence_interval":{"confidence_level":0.95,"lower_bound":100370.20261761069,"upper_bound":183003.99983187436},"point_estimate":141416.3401822243,"standard_error":21637.236779205363}}