{"mean":{"confidence_interval":{"confidence_level":0.95,"lower_bound":487178.69111162034,"upper_bound":502902.189415927},"point_estimate":494614.99628893257,"standard_error":4022.3581009763384},"median":{"confidence_interval":{"confidence_level":0.95,"lower_bound":477389.0299258474,"upper_bound":487957.3748251748},"point_estimate":484491.23116615065,"standard_error":2495.985614693255},"median_abs_dev":{"confidence_interval":{"confidence_level":0.95,"lower_bound":16159.1716040265,"upper_bound":29197.528609798188},"point_estimate":21488.88452950981,"standard_error":3381.2359934308734},"slope":{"confidence_interval":{"confidence_level":0.95,"lower_bound":478454.4936111842,"upper_bound":490444.8182991085},"point_estimate":484067.79631939315,"standard_error":3063.2484880197985},"std_dev":{"confidence_interval":{"confidence_level":0.95,"lower_bound":28937.245916728883,"upper_bound":51313.254866299634},"point_estimate":40427.47186923882,"standard_error":5762.156846759803}}