{"mean":{"confidence_interval":{"confidence_level":0.95,"lower_bound":746404.2846829875,"upper_bound":758831.2953440256},"point_estimate":752232.5522008431,"standard_error":3179.255433818679},"median":{"confidence_interval":{"confidence_level":0.95,"lower_bound":738008.0,"upper_bound":755359.3235294118},"point_estimate":751804.8484848485,"standard_error":4491.536231402324},"median_abs_dev":{"confidence_interval":{"confidence_level":0.95,"lower_bound":18428.35638267975,"upper_bound":29993.485853391507},"point_estimate":24206.726468723304,"standard_error":2913.7275620419437},"slope":{"confidence_interval":{"confidence_level":0.95,"lower_bound":740500.0084047992,"upper_bound":754983.3083063889},"point_estimate":747094.6698950791,"standard_error":3702.8748147092774},"std_dev":{"confidence_interval":{"confidence_level":0.95,"lower_bound":21530.15983020232,"upper_bound":42605.15007933026},"point_estimate":32057.248746225512,"standard_error":5516.847130845948}}