{"mean":{"confidence_interval":{"confidence_level":0.95,"lower_bound":2934454.7547499994,"upper_bound":3083747.012785714},"point_estimate":3005530.9323809524,"standard_error":38067.61949381386},"median":{"confidence_interval":{"confidence_level":0.95,"lower_bound":2922824.6666666665,"upper_bound":3084427.619047619},"point_estimate":3012374.4285714286,"standard_error":42358.25937149229},"median_abs_dev":{"confidence_interval":{"confidence_level":0.95,"lower_bound":248778.43998329944,"upper_bound":389950.2301294998},"point_estimate":322676.8706713407,"standard_error":35666.04784926246},"slope":null,"std_dev":{"confidence_interval":{"confidence_level":0.95,"lower_bound":274644.46392084647,"upper_bound":511039.6305617336},"point_estimate":381719.7757420762,"standard_error":66548.58737432829}}