{"mean":{"confidence_interval":{"confidence_level":0.95,"lower_bound":1129163.3143586798,"upper_bound":1179839.3837000125},"point_estimate":1151815.2902395374,"standard_error":12986.824069886312},"median":{"confidence_interval":{"confidence_level":0.95,"lower_bound":1111434.846153846,"upper_bound":1143475.431372549},"point_estimate":1127940.0125,"standard_error":8824.946878652996},"median_abs_dev":{"confidence_interval":{"confidence_level":0.95,"lower_bound":56010.436801070486,"upper_bound":100757.238971624},"point_estimate":84204.24697257586,"standard_error":11779.746717266966},"slope":{"confidence_interval":{"confidence_level":0.95,"lower_bound":1112520.9331773615,"upper_bound":1143474.6158683684},"point_estimate":1127627.8996778484,"standard_error":7914.0002693863435},"std_dev":{"confidence_interval":{"confidence_level":0.95,"lower_bound":72078.52686173106,"upper_bound":194079.48397863624},"point_estimate":130777.15067290181,"standard_error":36866.7082460397}}