{"mean":{"confidence_interval":{"confidence_level":0.95,"lower_bound":14212868.550625,"upper_bound":14528281.6785625},"point_estimate":14368871.2725,"standard_error":80589.6835006762},"median":{"confidence_interval":{"confidence_level":0.95,"lower_bound":14138758.75,"upper_bound":14509149.0},"point_estimate":14350710.75,"standard_error":118062.15661072014},"median_abs_dev":{"confidence_interval":{"confidence_level":0.95,"lower_bound":529404.9453511834,"upper_bound":880321.9408361604},"point_estimate":681959.8495177925,"standard_error":88119.566892817},"slope":null,"std_dev":{"confidence_interval":{"confidence_level":0.95,"lower_bound":683690.328738366,"upper_bound":924245.8438929449},"point_estimate":811406.5869939283,"standard_error":61450.25812028718}}