{"mean":{"confidence_interval":{"confidence_level":0.95,"lower_bound":1811449.481416027,"upper_bound":1842730.0546321634},"point_estimate":1826799.215647059,"standard_error":7944.60278678466},"median":{"confidence_interval":{"confidence_level":0.95,"lower_bound":1805589.8484848484,"upper_bound":1843299.5881840796},"point_estimate":1826145.8862359552,"standard_error":9545.716825341255},"median_abs_dev":{"confidence_interval":{"confidence_level":0.95,"lower_bound":54736.69943521598,"upper_bound":89885.40427403302},"point_estimate":72510.83622399479,"standard_error":8864.911432369941},"slope":{"confidence_interval":{"confidence_level":0.95,"lower_bound":1793975.0035461625,"upper_bound":1833909.704542186},"point_estimate":1813561.388432097,"standard_error":10169.207703687644},"std_dev":{"confidence_interval":{"confidence_level":0.95,"lower_bound":65260.080251986576,"upper_bound":93454.61804499433},"point_estimate":79546.94197162062,"standard_error":7184.539022608787}}