{"mean":{"confidence_interval":{"confidence_level":0.95,"lower_bound":82943.3834622282,"upper_bound":86002.1428269706},"point_estimate":84244.17702093947,"standard_error":785.768216551084},"median":{"confidence_interval":{"confidence_level":0.95,"lower_bound":81838.92956718827,"upper_bound":82408.93991545893},"point_estimate":82102.64635416667,"standard_error":164.38766089546183},"median_abs_dev":{"confidence_interval":{"confidence_level":0.95,"lower_bound":922.9466528728078,"upper_bound":1870.7136381607509},"point_estimate":1413.041718577723,"standard_error":255.34985470632083},"slope":{"confidence_interval":{"confidence_level":0.95,"lower_bound":81692.63610684586,"upper_bound":82499.64411343331},"point_estimate":82064.30910620166,"standard_error":207.19768135163758},"std_dev":{"confidence_interval":{"confidence_level":0.95,"lower_bound":3209.0762536398647,"upper_bound":12162.070320355453},"point_estimate":7861.542880623832,"standard_error":2539.729101020387}}