{"mean":{"confidence_interval":{"confidence_level":0.95,"lower_bound":203239.6309428015,"upper_bound":215170.5959938169},"point_estimate":208704.6189150381,"standard_error":3057.190697785142},"median":{"confidence_interval":{"confidence_level":0.95,"lower_bound":197851.77173913043,"upper_bound":205606.30556787935},"point_estimate":203536.65285231563,"standard_error":2049.8174663148307},"median_abs_dev":{"confidence_interval":{"confidence_level":0.95,"lower_bound":12861.208790779883,"upper_bound":21227.759980055027},"point_estimate":18770.133280213817,"standard_error":2206.1287793384095},"slope":{"confidence_interval":{"confidence_level":0.95,"lower_bound":195090.5945676694,"upper_bound":201280.67870261526},"point_estimate":198030.5790650707,"standard_error":1582.8899516636095},"std_dev":{"confidence_interval":{"confidence_level":0.95,"lower_bound":17835.497712066084,"upper_bound":42794.74310712239},"point_estimate":30575.871106583152,"standard_error":6513.4241479664815}}