{"mean":{"confidence_interval":{"confidence_level":0.95,"lower_bound":163015.96429525487,"upper_bound":170734.9518767279},"point_estimate":166597.62431354087,"standard_error":1966.4769731326617},"median":{"confidence_interval":{"confidence_level":0.95,"lower_bound":159341.65546218486,"upper_bound":164139.8},"point_estimate":161504.82395382394,"standard_error":1261.4912397232454},"median_abs_dev":{"confidence_interval":{"confidence_level":0.95,"lower_bound":9026.243811710894,"upper_bound":14219.47924079527},"point_estimate":12038.086006176736,"standard_error":1322.9872616254695},"slope":{"confidence_interval":{"confidence_level":0.95,"lower_bound":160367.0035179117,"upper_bound":166028.17489862107},"point_estimate":163054.8767907281,"standard_error":1443.8849591078533},"std_dev":{"confidence_interval":{"confidence_level":0.95,"lower_bound":12666.127383736659,"upper_bound":26115.55157899627},"point_estimate":19724.33270745219,"standard_error":3461.5756435776025}}