{"mean":{"confidence_interval":{"confidence_level":0.95,"lower_bound":3478703.721453125,"upper_bound":3567095.55878125},"point_estimate":3520743.871875,"standard_error":22561.568336251577},"median":{"confidence_interval":{"confidence_level":0.95,"lower_bound":3420214.0,"upper_bound":3506777.25},"point_estimate":3450629.90625,"standard_error":21927.91280551366},"median_abs_dev":{"confidence_interval":{"confidence_level":0.95,"lower_bound":105509.92209557444,"upper_bound":194675.80107506365},"point_estimate":147056.96015171707,"standard_error":22060.307770288327},"slope":null,"std_dev":{"confidence_interval":{"confidence_level":0.95,"lower_bound":164815.9138302513,"upper_bound":283883.9655482205},"point_estimate":226265.437419691,"standard_error":30514.23702069779}}