{"mean":{"confidence_interval":{"confidence_level":0.95,"lower_bound":293669.97006427316,"upper_bound":299835.4001937715},"point_estimate":296654.4155518643,"standard_error":1569.900469847484},"median":{"confidence_interval":{"confidence_level":0.95,"lower_bound":290090.05263157893,"upper_bound":295877.3827160494},"point_estimate":293698.5224206349,"standard_error":1363.2650611587317},"median_abs_dev":{"confidence_interval":{"confidence_level":0.95,"lower_bound":9235.137499653132,"upper_bound":15940.501485539933},"point_estimate":12882.208303226596,"standard_error":1744.8976472670943},"slope":{"confidence_interval":{"confidence_level":0.95,"lower_bound":289221.47703635757,"upper_bound":296922.56689387583},"point_estimate":292825.89472661447,"standard_error":1969.6121639170813},"std_dev":{"confidence_interval":{"confidence_level":0.95,"lower_bound":12837.874538136362,"upper_bound":18408.48493066079},"point_estimate":15804.56221928831,"standard_error":1415.4914351051304}}