{"mean":{"confidence_interval":{"confidence_level":0.95,"lower_bound":846817.7093099185,"upper_bound":869435.9996649076},"point_estimate":857692.2419859151,"standard_error":5773.639182351383},"median":{"confidence_interval":{"confidence_level":0.95,"lower_bound":846906.7011494252,"upper_bound":862050.2333333333},"point_estimate":855228.7395357686,"standard_error":4399.836732293208},"median_abs_dev":{"confidence_interval":{"confidence_level":0.95,"lower_bound":35194.13504164102,"upper_bound":56541.35760619238},"point_estimate":44940.80136388196,"standard_error":5258.986499751949},"slope":{"confidence_interval":{"confidence_level":0.95,"lower_bound":839965.7154741178,"upper_bound":856653.3303472295},"point_estimate":848346.8119595094,"standard_error":4276.491924126482},"std_dev":{"confidence_interval":{"confidence_level":0.95,"lower_bound":42364.352699221796,"upper_bound":75008.07500233725},"point_estimate":58010.68444972473,"standard_error":8654.383061718741}}