{"mean":{"confidence_interval":{"confidence_level":0.95,"lower_bound":97218.44730874992,"upper_bound":103190.58242372843},"point_estimate":99776.3238012687,"standard_error":1542.0562823554123},"median":{"confidence_interval":{"confidence_level":0.95,"lower_bound":94848.11471861471,"upper_bound":96363.3422459893},"point_estimate":95530.31209415584,"standard_error":373.91837257230657},"median_abs_dev":{"confidence_interval":{"confidence_level":0.95,"lower_bound":2365.8670568806456,"upper_bound":4219.007453981768},"point_estimate":3257.5045970437577,"standard_error":473.06639411708693},"slope":{"confidence_interval":{"confidence_level":0.95,"lower_bound":94979.81106222593,"upper_bound":99004.75998487031},"point_estimate":96732.21786100998,"standard_error":1042.7623841879729},"std_dev":{"confidence_interval":{"confidence_level":0.95,"lower_bound":6278.535815062513,"upper_bound":23956.699083608924},"point_estimate":15475.373188680156,"standard_error":5068.541130633934}}