{"mean":{"confidence_interval":{"confidence_level":0.95,"lower_bound":9762017.480750002,"upper_bound":9951075.147874996},"point_estimate":9853833.721666662,"standard_error":48401.41134153745},"median":{"confidence_interval":{"confidence_level":0.95,"lower_bound":9704573.333333332,"upper_bound":9870858.0},"point_estimate":9757161.416666666,"standard_error":40686.62933484666},"median_abs_dev":{"confidence_interval":{"confidence_level":0.95,"lower_bound":316599.7110292297,"upper_bound":554096.4124128227},"point_estimate":465336.8584886184,"standard_error":61350.9340315049},"slope":null,"std_dev":{"confidence_interval":{"confidence_level":0.95,"lower_bound":382431.19520874217,"upper_bound":594099.6346619593},"point_estimate":486359.49947043194,"standard_error":54650.01248422771}}