{"mean":{"confidence_interval":{"confidence_level":0.95,"lower_bound":24122979.243333332,"upper_bound":24477604.333999995},"point_estimate":24292353.32333333,"standard_error":90233.90357528883},"median":{"confidence_interval":{"confidence_level":0.95,"lower_bound":23890942.333333332,"upper_bound":24157963.0},"point_estimate":23990960.5,"standard_error":74624.82845008784},"median_abs_dev":{"confidence_interval":{"confidence_level":0.95,"lower_bound":348322.2540285456,"upper_bound":635040.5641257791},"point_estimate":443655.68712353613,"standard_error":77014.19748656166},"slope":null,"std_dev":{"confidence_interval":{"confidence_level":0.95,"lower_bound":678832.0184316722,"upper_bound":1100752.810625188},"point_estimate":903618.7229267273,"standard_error":107896.22842934527}}