{"mean":{"confidence_interval":{"confidence_level":0.95,"lower_bound":3367047.7515,"upper_bound":3463392.7175333337},"point_estimate":3413182.684000001,"standard_error":24613.767322089683},"median":{"confidence_interval":{"confidence_level":0.95,"lower_bound":3320407.6666666665,"upper_bound":3421887.2666666666},"point_estimate":3388510.7,"standard_error":28118.00938486384},"median_abs_dev":{"confidence_interval":{"confidence_level":0.95,"lower_bound":154387.43479907568,"upper_bound":257205.39703369117},"point_estimate":219952.74995505824,"standard_error":26247.52804267975},"slope":null,"std_dev":{"confidence_interval":{"confidence_level":0.95,"lower_bound":185286.40773708618,"upper_bound":306460.14891191584},"point_estimate":246904.4401521832,"standard_error":31227.772115043204}}