{"mean":{"confidence_interval":{"confidence_level":0.95,"lower_bound":70942.5786706982,"upper_bound":72209.9953420415},"point_estimate":71492.34861313594,"standard_error":324.93692049120904},"median":{"confidence_interval":{"confidence_level":0.95,"lower_bound":70442.30881458966,"upper_bound":70973.85410557185},"point_estimate":70776.41064575085,"standard_error":148.66795009163357},"median_abs_dev":{"confidence_interval":{"confidence_level":0.95,"lower_bound":637.11309310458,"upper_bound":1053.411023374869},"point_estimate":808.0843327337008,"standard_error":109.50933043760139},"slope":{"confidence_interval":{"confidence_level":0.95,"lower_bound":70663.90454612659,"upper_bound":71626.1991022984},"point_estimate":71102.07983829087,"standard_error":246.96904825401052},"std_dev":{"confidence_interval":{"confidence_level":0.95,"lower_bound":1533.1674257263355,"upper_bound":4916.065213124056},"point_estimate":3252.2697848428697,"standard_error":964.290009171786}}