{"mean":{"confidence_interval":{"confidence_level":0.95,"lower_bound":1706410.0211616294,"upper_bound":1852815.9578342885},"point_estimate":1769418.701774747,"standard_error":37726.30892611255},"median":{"confidence_interval":{"confidence_level":0.95,"lower_bound":1668448.376154155,"upper_bound":1735281.99},"point_estimate":1694128.1988811728,"standard_error":16673.37181771651},"median_abs_dev":{"confidence_interval":{"confidence_level":0.95,"lower_bound":115433.32067278899,"upper_bound":204369.8655058837},"point_estimate":155337.5349220389,"standard_error":23997.098293430863},"slope":{"confidence_interval":{"confidence_level":0.95,"lower_bound":1673653.8570226135,"upper_bound":1726652.2974551285},"point_estimate":1699058.8330397517,"standard_error":13459.55973885626},"std_dev":{"confidence_interval":{"confidence_level":0.95,"lower_bound":154544.1600886952,"upper_bound":583348.1767462825},"point_estimate":378450.49090111174,"standard_error":119841.73552910972}}