{"mean":{"confidence_interval":{"confidence_level":0.95,"lower_bound":85455.63958173165,"upper_bound":86661.07570580982},"point_estimate":86022.77982913457,"standard_error":307.8443613255427},"median":{"confidence_interval":{"confidence_level":0.95,"lower_bound":84819.99173553719,"upper_bound":85640.48625792812},"point_estimate":85295.59551811824,"standard_error":217.17981682212573},"median_abs_dev":{"confidence_interval":{"confidence_level":0.95,"lower_bound":1096.7805115282645,"upper_bound":2297.0637036684493},"point_estimate":1650.6777116037038,"standard_error":317.7340126469405},"slope":{"confidence_interval":{"confidence_level":0.95,"lower_bound":85142.57806108706,"upper_bound":86386.27010639112},"point_estimate":85712.05311659524,"standard_error":317.2070690398809},"std_dev":{"confidence_interval":{"confidence_level":0.95,"lower_bound":2065.82668212665,"upper_bound":4002.3236792221505},"point_estimate":3100.809252638137,"standard_error":495.31357651661034}}