{"mean":{"confidence_interval":{"confidence_level":0.95,"lower_bound":2320580.9086956526,"upper_bound":2480490.344532608},"point_estimate":2390242.512173913,"standard_error":41215.21936661626},"median":{"confidence_interval":{"confidence_level":0.95,"lower_bound":2281732.652173913,"upper_bound":2308820.0},"point_estimate":2295108.9347826084,"standard_error":6699.574055683822},"median_abs_dev":{"confidence_interval":{"confidence_level":0.95,"lower_bound":45706.59113202403,"upper_bound":73657.24267493069},"point_estimate":57087.41529519136,"standard_error":6910.189726210723},"slope":null,"std_dev":{"confidence_interval":{"confidence_level":0.95,"lower_bound":163986.0154282726,"upper_bound":615790.5234780824},"point_estimate":413206.7966522819,"standard_error":116840.47753110115}}