{"mean":{"confidence_interval":{"confidence_level":0.95,"lower_bound":4364979.448812499,"upper_bound":4383788.599708332},"point_estimate":4374561.715833334,"standard_error":4789.634156498458},"median":{"confidence_interval":{"confidence_level":0.95,"lower_bound":4366693.375,"upper_bound":4390024.083333333},"point_estimate":4378990.0,"standard_error":6698.21183377055},"median_abs_dev":{"confidence_interval":{"confidence_level":0.95,"lower_bound":32242.534052580366,"upper_bound":57139.526535571546},"point_estimate":41762.679133564,"standard_error":6487.978785976258},"slope":null,"std_dev":{"confidence_interval":{"confidence_level":0.95,"lower_bound":39598.22398847885,"upper_bound":56595.41298312523},"point_estimate":48070.43172389348,"standard_error":4382.9433167708485}}