{"mean":{"confidence_interval":{"confidence_level":0.95,"lower_bound":381973.51457825763,"upper_bound":396777.7319604978},"point_estimate":388909.5631369597,"standard_error":3780.166706419982},"median":{"confidence_interval":{"confidence_level":0.95,"lower_bound":372999.51948051946,"upper_bound":385337.2},"point_estimate":380556.7702138758,"standard_error":3328.6666791583957},"median_abs_dev":{"confidence_interval":{"confidence_level":0.95,"lower_bound":13561.064461106926,"upper_bound":23489.204051801684},"point_estimate":17620.189051391677,"standard_error":2620.5111840998156},"slope":{"confidence_interval":{"confidence_level":0.95,"lower_bound":375886.707558896,"upper_bound":392362.9881629295},"point_estimate":382662.1121333924,"standard_error":4303.017487430866},"std_dev":{"confidence_interval":{"confidence_level":0.95,"lower_bound":24534.66255438351,"upper_bound":49499.222836369605},"point_estimate":37807.24860624614,"standard_error":6416.843981572709}}