{"mean":{"confidence_interval":{"confidence_level":0.95,"lower_bound":80591.02748884611,"upper_bound":83399.62940878521},"point_estimate":81942.41166076677,"standard_error":715.9685099003325},"median":{"confidence_interval":{"confidence_level":0.95,"lower_bound":78931.38640429339,"upper_bound":81919.00633484163},"point_estimate":80556.53638514655,"standard_error":778.2078434078621},"median_abs_dev":{"confidence_interval":{"confidence_level":0.95,"lower_bound":3946.136700319794,"upper_bound":6715.411266638787},"point_estimate":4961.932346378341,"standard_error":706.8781385168207},"slope":{"confidence_interval":{"confidence_level":0.95,"lower_bound":78852.72686239073,"upper_bound":81226.15776667323},"point_estimate":79992.61117822918,"standard_error":603.508996883721},"std_dev":{"confidence_interval":{"confidence_level":0.95,"lower_bound":5662.647015533883,"upper_bound":8593.836181209415},"point_estimate":7193.951624778638,"standard_error":753.0503950193772}}