{"mean":{"confidence_interval":{"confidence_level":0.95,"lower_bound":35968813.853125,"upper_bound":37042110.681375},"point_estimate":36506009.605,"standard_error":273868.3051747979},"median":{"confidence_interval":{"confidence_level":0.95,"lower_bound":35712085.0,"upper_bound":37117426.5},"point_estimate":36479080.75,"standard_error":337484.1958715375},"median_abs_dev":{"confidence_interval":{"confidence_level":0.95,"lower_bound":2314314.0960127115,"upper_bound":3827540.5079975724},"point_estimate":3086059.273311496,"standard_error":400690.89092195465},"slope":null,"std_dev":{"confidence_interval":{"confidence_level":0.95,"lower_bound":2394677.6248067487,"upper_bound":3097702.955997148},"point_estimate":2758778.059540079,"standard_error":179429.32976947114}}