{"mean":{"confidence_interval":{"confidence_level":0.95,"lower_bound":2600340.978,"upper_bound":2634336.776612501},"point_estimate":2616668.144500001,"standard_error":8652.722958007535},"median":{"confidence_interval":{"confidence_level":0.95,"lower_bound":2581646.0,"upper_bound":2607657.8},"point_estimate":2597487.0999999996,"standard_error":5706.743656207039},"median_abs_dev":{"confidence_interval":{"confidence_level":0.95,"lower_bound":42075.557148009124,"upper_bound":74219.88130733406},"point_estimate":63912.10499033298,"standard_error":8390.049884250402},"slope":null,"std_dev":{"confidence_interval":{"confidence_level":0.95,"lower_bound":67148.13017971693,"upper_bound":104958.29077568973},"point_estimate":87563.6413534502,"standard_error":9653.944228497578}}