{"mean":{"confidence_interval":{"confidence_level":0.95,"lower_bound":186071.1986822324,"upper_bound":196855.45322474095},"point_estimate":191006.7054710395,"standard_error":2761.1439873667878},"median":{"confidence_interval":{"confidence_level":0.95,"lower_bound":180270.83150584795,"upper_bound":183982.16666666666},"point_estimate":182434.65307156707,"standard_error":870.6279790301284},"median_abs_dev":{"confidence_interval":{"confidence_level":0.95,"lower_bound":7552.688985852792,"upper_bound":12249.62398752572},"point_estimate":10046.324310782347,"standard_error":1155.2015619440544},"slope":{"confidence_interval":{"confidence_level":0.95,"lower_bound":182745.40635365638,"upper_bound":192115.18540852497},"point_estimate":186746.92994581547,"standard_error":2403.8323593084947},"std_dev":{"confidence_interval":{"confidence_level":0.95,"lower_bound":16500.465828137556,"upper_bound":38786.97165164735},"point_estimate":27746.222541236883,"standard_error":5930.16713927627}}