{"mean":{"confidence_interval":{"confidence_level":0.95,"lower_bound":1494722.384021548,"upper_bound":1520763.4294085547},"point_estimate":1507096.204638181,"standard_error":6671.091608652683},"median":{"confidence_interval":{"confidence_level":0.95,"lower_bound":1477573.2692307692,"upper_bound":1500324.256414956},"point_estimate":1486942.7318388876,"standard_error":5696.104702945843},"median_abs_dev":{"confidence_interval":{"confidence_level":0.95,"lower_bound":30381.832843947956,"upper_bound":52831.61700016707},"point_estimate":39831.454892196954,"standard_error":5735.012376246012},"slope":{"confidence_interval":{"confidence_level":0.95,"lower_bound":1503036.7773715223,"upper_bound":1539152.8703305107},"point_estimate":1520361.081519137,"standard_error":9227.649086906647},"std_dev":{"confidence_interval":{"confidence_level":0.95,"lower_bound":49010.614680311395,"upper_bound":84196.50405337417},"point_estimate":67090.95200793765,"standard_error":9087.944937782837}}