{"mean":{"confidence_interval":{"confidence_level":0.95,"lower_bound":1138674.1640276436,"upper_bound":1206224.980290207},"point_estimate":1168456.6578992459,"standard_error":17351.80459578009},"median":{"confidence_interval":{"confidence_level":0.95,"lower_bound":1115422.4324324324,"upper_bound":1130787.4750453723},"point_estimate":1124329.0292119565,"standard_error":3997.386832608391},"median_abs_dev":{"confidence_interval":{"confidence_level":0.95,"lower_bound":17153.246679075608,"upper_bound":33280.8823729621},"point_estimate":25473.917659958377,"standard_error":3949.7011091784793},"slope":{"confidence_interval":{"confidence_level":0.95,"lower_bound":1113802.5266843135,"upper_bound":1155710.397411199},"point_estimate":1130496.7619447317,"standard_error":10881.448547102424},"std_dev":{"confidence_interval":{"confidence_level":0.95,"lower_bound":65631.67042853328,"upper_bound":251627.69423937766},"point_estimate":174521.6070892185,"standard_error":46438.57542524761}}