{"mean":{"confidence_interval":{"confidence_level":0.95,"lower_bound":389076.7631926187,"upper_bound":390772.5244738979},"point_estimate":389783.47019082983,"standard_error":440.3557971580125},"median":{"confidence_interval":{"confidence_level":0.95,"lower_bound":388703.5053763441,"upper_bound":390021.25},"point_estimate":389320.2230489418,"standard_error":356.55921733173676},"median_abs_dev":{"confidence_interval":{"confidence_level":0.95,"lower_bound":1668.0685237191844,"upper_bound":2653.0588334665954},"point_estimate":2065.1992889957646,"standard_error":244.2788467775117},"slope":{"confidence_interval":{"confidence_level":0.95,"lower_bound":389929.3440636842,"upper_bound":392527.57422804367},"point_estimate":390924.3198601054,"standard_error":703.8173241665654},"std_dev":{"confidence_interval":{"confidence_level":0.95,"lower_bound":1924.4828125270776,"upper_bound":7056.059138141114},"point_estimate":4440.957793688912,"standard_error":1689.475099047779}}