{"mean":{"confidence_interval":{"confidence_level":0.95,"lower_bound":768532.7348447947,"upper_bound":795356.6855031692},"point_estimate":779497.7436004295,"standard_error":7020.912655179653},"median":{"confidence_interval":{"confidence_level":0.95,"lower_bound":760655.0235752619,"upper_bound":768911.8125},"point_estimate":763636.3389550265,"standard_error":2308.703269206505},"median_abs_dev":{"confidence_interval":{"confidence_level":0.95,"lower_bound":14586.242505319371,"upper_bound":26363.43171187358},"point_estimate":18942.171246436516,"standard_error":3018.9649332694216},"slope":{"confidence_interval":{"confidence_level":0.95,"lower_bound":760446.5773260641,"upper_bound":768939.8326752968},"point_estimate":764534.9098078912,"standard_error":2170.1039689805693},"std_dev":{"confidence_interval":{"confidence_level":0.95,"lower_bound":24735.57819982048,"upper_bound":113593.4800711859},"point_estimate":70714.68521522082,"standard_error":28093.401148952536}}