{"mean":{"confidence_interval":{"confidence_level":0.95,"lower_bound":260818.78805459326,"upper_bound":277459.8468240605},"point_estimate":268013.549775749,"standard_error":4289.750637632252},"median":{"confidence_interval":{"confidence_level":0.95,"lower_bound":253007.96022727274,"upper_bound":262831.34720380197},"point_estimate":256765.68578473415,"standard_error":2353.816851040232},"median_abs_dev":{"confidence_interval":{"confidence_level":0.95,"lower_bound":11892.707495918186,"upper_bound":22913.17041321589},"point_estimate":15801.583980924152,"standard_error":2599.607267666272},"slope":{"confidence_interval":{"confidence_level":0.95,"lower_bound":252957.7358064977,"upper_bound":260188.21044229483},"point_estimate":256349.98040860056,"standard_error":1844.630693748997},"std_dev":{"confidence_interval":{"confidence_level":0.95,"lower_bound":20414.593806804372,"upper_bound":66063.08151652357},"point_estimate":43133.01113171603,"standard_error":13755.568737801908}}