{"mean":{"confidence_interval":{"confidence_level":0.95,"lower_bound":917439.8290413524,"upper_bound":967658.9340968622},"point_estimate":938747.7101563405,"standard_error":12980.032827350235},"median":{"confidence_interval":{"confidence_level":0.95,"lower_bound":902241.5602409638,"upper_bound":922720.625},"point_estimate":912683.4954394693,"standard_error":4654.509630425182},"median_abs_dev":{"confidence_interval":{"confidence_level":0.95,"lower_bound":28550.09410813454,"upper_bound":46515.3153761881},"point_estimate":37085.97137014969,"standard_error":4741.846628791666},"slope":{"confidence_interval":{"confidence_level":0.95,"lower_bound":895271.569891204,"upper_bound":911572.7694486668},"point_estimate":902758.9874818975,"standard_error":4175.366949172035},"std_dev":{"confidence_interval":{"confidence_level":0.95,"lower_bound":52780.1708528549,"upper_bound":202177.4478624471},"point_estimate":130226.80184112694,"standard_error":43824.35074525592}}