{"mean":{"confidence_interval":{"confidence_level":0.95,"lower_bound":30386.779565916793,"upper_bound":31075.574496194196},"point_estimate":30709.08887353893,"standard_error":176.28334589362194},"median":{"confidence_interval":{"confidence_level":0.95,"lower_bound":30309.135286854103,"upper_bound":30978.162990196077},"point_estimate":30441.63743622449,"standard_error":209.0151165364657},"median_abs_dev":{"confidence_interval":{"confidence_level":0.95,"lower_bound":1136.5916016334115,"upper_bound":1832.050571822502},"point_estimate":1567.6459190887933,"standard_error":167.74776823895294},"slope":{"confidence_interval":{"confidence_level":0.95,"lower_bound":31222.134692016996,"upper_bound":32050.48674365626},"point_estimate":31587.78197715014,"standard_error":213.0472519861807},"std_dev":{"confidence_interval":{"confidence_level":0.95,"lower_bound":1222.7874641393662,"upper_bound":2432.793150374797},"point_estimate":1776.1172788656438,"standard_error":348.39905955758417}}