{"mean":{"confidence_interval":{"confidence_level":0.95,"lower_bound":2468827.1574239135,"upper_bound":2551172.3955869568},"point_estimate":2509144.1669565225,"standard_error":20883.671494917784},"median":{"confidence_interval":{"confidence_level":0.95,"lower_bound":2416038.434782609,"upper_bound":2533566.8260869565},"point_estimate":2480668.1304347827,"standard_error":33995.1024717397},"median_abs_dev":{"confidence_interval":{"confidence_level":0.95,"lower_bound":154182.21073228423,"upper_bound":275593.9340985344},"point_estimate":211990.10515381445,"standard_error":29949.849987812304},"slope":null,"std_dev":{"confidence_interval":{"confidence_level":0.95,"lower_bound":176698.58926751636,"upper_bound":241992.6945378461},"point_estimate":209901.47242474023,"standard_error":16834.28604700413}}