{"mean":{"confidence_interval":{"confidence_level":0.95,"lower_bound":168624.1921668251,"upper_bound":173092.22042971497},"point_estimate":170681.15650837318,"standard_error":1142.5483819652625},"median":{"confidence_interval":{"confidence_level":0.95,"lower_bound":166245.17592592593,"upper_bound":167793.13008130083},"point_estimate":167179.30296248937,"standard_error":362.2654930727662},"median_abs_dev":{"confidence_interval":{"confidence_level":0.95,"lower_bound":3127.0615404921928,"upper_bound":5763.77831576023},"point_estimate":4038.968688851533,"standard_error":662.225716505111},"slope":{"confidence_interval":{"confidence_level":0.95,"lower_bound":168565.3621620751,"upper_bound":176920.36621647084},"point_estimate":172397.12479385253,"standard_error":2142.3957879143577},"std_dev":{"confidence_interval":{"confidence_level":0.95,"lower_bound":7608.27725647421,"upper_bound":14973.89308730459},"point_estimate":11539.727415630843,"standard_error":1886.8678331270444}}