{"mean":{"confidence_interval":{"confidence_level":0.95,"lower_bound":134375.08747785178,"upper_bound":137341.4615529175},"point_estimate":135815.75401514236,"standard_error":757.0349388182209},"median":{"confidence_interval":{"confidence_level":0.95,"lower_bound":132647.0,"upper_bound":135740.68229166666},"point_estimate":133988.6125890239,"standard_error":764.0095180236456},"median_abs_dev":{"confidence_interval":{"confidence_level":0.95,"lower_bound":4050.7249072128893,"upper_bound":7051.93051606646},"point_estimate":5170.324728476724,"standard_error":780.7933827050084},"slope":{"confidence_interval":{"confidence_level":0.95,"lower_bound":132263.95898795268,"upper_bound":134837.33841291172},"point_estimate":133486.98196357323,"standard_error":654.1332352313678},"std_dev":{"confidence_interval":{"confidence_level":0.95,"lower_bound":6067.381804986911,"upper_bound":9037.326659974853},"point_estimate":7614.746165402362,"standard_error":760.1495036037342}}