{"mean":{"confidence_interval":{"confidence_level":0.95,"lower_bound":4997275.459590908,"upper_bound":5017363.898022727},"point_estimate":5006854.609090908,"standard_error":5119.753924285826},"median":{"confidence_interval":{"confidence_level":0.95,"lower_bound":4986113.181818182,"upper_bound":5001463.363636363},"point_estimate":4992986.0,"standard_error":3079.7710047594533},"median_abs_dev":{"confidence_interval":{"confidence_level":0.95,"lower_bound":22286.442804336548,"upper_bound":39410.74206395558},"point_estimate":31005.74803135668,"standard_error":4016.5793588434403},"slope":null,"std_dev":{"confidence_interval":{"confidence_level":0.95,"lower_bound":39026.5736387462,"upper_bound":61957.277178981385},"point_estimate":51635.40848541951,"standard_error":5853.5169024674715}}