{"mean":{"confidence_interval":{"confidence_level":0.95,"lower_bound":377193.1588108708,"upper_bound":394281.5980168272},"point_estimate":384518.11049100495,"standard_error":4373.261310196852},"median":{"confidence_interval":{"confidence_level":0.95,"lower_bound":368953.8153846154,"upper_bound":382694.7581168831},"point_estimate":374080.779342723,"standard_error":3867.8075485154823},"median_abs_dev":{"confidence_interval":{"confidence_level":0.95,"lower_bound":17276.344588723103,"upper_bound":30870.401677429967},"point_estimate":23147.857834765317,"standard_error":3456.030570587831},"slope":{"confidence_interval":{"confidence_level":0.95,"lower_bound":376830.47613834706,"upper_bound":389166.700426643},"point_estimate":382745.3389951234,"standard_error":3155.219010411515},"std_dev":{"confidence_interval":{"confidence_level":0.95,"lower_bound":22116.849958029215,"upper_bound":67321.2987032395},"point_estimate":44000.66678720776,"standard_error":14163.33182645304}}