{"mean":{"confidence_interval":{"confidence_level":0.95,"lower_bound":4319172.335437499,"upper_bound":4406346.883875001},"point_estimate":4363818.4575,"standard_error":22323.18372131431},"median":{"confidence_interval":{"confidence_level":0.95,"lower_bound":4355180.166666667,"upper_bound":4459056.5},"point_estimate":4411321.25,"standard_error":24177.974110625353},"median_abs_dev":{"confidence_interval":{"confidence_level":0.95,"lower_bound":146575.51669776393,"upper_bound":263096.8169040978},"point_estimate":212415.99005386233,"standard_error":28955.764229667457},"slope":null,"std_dev":{"confidence_interval":{"confidence_level":0.95,"lower_bound":185310.57377672143,"upper_bound":258052.65679055362},"point_estimate":223904.6426752966,"standard_error":18677.19836433376}}