{"mean":{"confidence_interval":{"confidence_level":0.95,"lower_bound":1554677.0820187568,"upper_bound":1647184.3458490737},"point_estimate":1594702.2441278624,"standard_error":23941.079284746203},"median":{"confidence_interval":{"confidence_level":0.95,"lower_bound":1529753.0449438202,"upper_bound":1551917.1707317072},"point_estimate":1542582.7760364003,"standard_error":5272.545473274505},"median_abs_dev":{"confidence_interval":{"confidence_level":0.95,"lower_bound":34690.99222521297,"upper_bound":70836.11256493405},"point_estimate":54135.49695538565,"standard_error":9166.778649843021},"slope":{"confidence_interval":{"confidence_level":0.95,"lower_bound":1525385.1844782112,"upper_bound":1560466.15625501},"point_estimate":1541410.8599379342,"standard_error":8963.387191812182},"std_dev":{"confidence_interval":{"confidence_level":0.95,"lower_bound":89389.12442107842,"upper_bound":370565.011973775},"point_estimate":240864.691935382,"standard_error":75647.38089208378}}