{"mean":{"confidence_interval":{"confidence_level":0.95,"lower_bound":38135.43346420886,"upper_bound":39351.356605425775},"point_estimate":38723.711123554145,"standard_error":309.7871181604185},"median":{"confidence_interval":{"confidence_level":0.95,"lower_bound":37583.90187406297,"upper_bound":38386.613333333335},"point_estimate":38036.71592592592,"standard_error":250.97339839367928},"median_abs_dev":{"confidence_interval":{"confidence_level":0.95,"lower_bound":1613.345658264223,"upper_bound":2853.842437781367},"point_estimate":2153.4282244698556,"standard_error":320.2452713236129},"slope":{"confidence_interval":{"confidence_level":0.95,"lower_bound":39224.248092870235,"upper_bound":40873.05845071712},"point_estimate":40041.72403664844,"standard_error":422.1910960454848},"std_dev":{"confidence_interval":{"confidence_level":0.95,"lower_bound":2521.1874814238117,"upper_bound":3620.6541574989637},"point_estimate":3112.077816766858,"standard_error":281.5371588018061}}