{"mean":{"confidence_interval":{"confidence_level":0.95,"lower_bound":886237.4034718828,"upper_bound":894770.4303597783},"point_estimate":890121.5150386032,"standard_error":2181.3679602059733},"median":{"confidence_interval":{"confidence_level":0.95,"lower_bound":880872.1875,"upper_bound":885908.1546391753},"point_estimate":883551.1765255292,"standard_error":1332.3706134123909},"median_abs_dev":{"confidence_interval":{"confidence_level":0.95,"lower_bound":5428.873518216198,"upper_bound":10717.858227419982},"point_estimate":8470.615020426314,"standard_error":1378.5802148700848},"slope":{"confidence_interval":{"confidence_level":0.95,"lower_bound":880926.2999001706,"upper_bound":886518.9619948852},"point_estimate":883302.1818353776,"standard_error":1443.034148837154},"std_dev":{"confidence_interval":{"confidence_level":0.95,"lower_bound":13296.70253767869,"upper_bound":29676.97222117118},"point_estimate":21889.129117464134,"standard_error":4216.78875478922}}