{"mean":{"confidence_interval":{"confidence_level":0.95,"lower_bound":107618.58353581998,"upper_bound":115486.03443145029},"point_estimate":111104.89321898056,"standard_error":2017.851857498688},"median":{"confidence_interval":{"confidence_level":0.95,"lower_bound":103839.31428571428,"upper_bound":108492.2},"point_estimate":105801.38457446809,"standard_error":1260.0203041720795},"median_abs_dev":{"confidence_interval":{"confidence_level":0.95,"lower_bound":5516.6514671625955,"upper_bound":9858.335120434116},"point_estimate":7548.832719750611,"standard_error":1087.571856837723},"slope":{"confidence_interval":{"confidence_level":0.95,"lower_bound":105041.49379464111,"upper_bound":110442.83926614227},"point_estimate":107471.22418590217,"standard_error":1375.6305389881118},"std_dev":{"confidence_interval":{"confidence_level":0.95,"lower_bound":10025.392442116936,"upper_bound":30351.924418423583},"point_estimate":20367.507706653785,"standard_error":5715.051096460984}}