{"mean":{"confidence_interval":{"confidence_level":0.95,"lower_bound":800858.9529588947,"upper_bound":840633.9714719738},"point_estimate":818897.806402073,"standard_error":10179.894649092808},"median":{"confidence_interval":{"confidence_level":0.95,"lower_bound":784614.7739253393,"upper_bound":798913.4875},"point_estimate":791887.4862637363,"standard_error":3746.3069433014894},"median_abs_dev":{"confidence_interval":{"confidence_level":0.95,"lower_bound":27506.07704493473,"upper_bound":50242.31839305427},"point_estimate":38880.520715200044,"standard_error":5772.94120227134},"slope":{"confidence_interval":{"confidence_level":0.95,"lower_bound":790215.4903200322,"upper_bound":811772.107153621},"point_estimate":801001.835294813,"standard_error":5538.538369532975},"std_dev":{"confidence_interval":{"confidence_level":0.95,"lower_bound":54878.8415196529,"upper_bound":140889.4152114685},"point_estimate":102533.96645312523,"standard_error":22052.861307438623}}