{"mean":{"confidence_interval":{"confidence_level":0.95,"lower_bound":299065.81898679264,"upper_bound":302899.8370729233},"point_estimate":300766.9520000736,"standard_error":985.1960756945837},"median":{"confidence_interval":{"confidence_level":0.95,"lower_bound":297754.0691489362,"upper_bound":299009.49566993467},"point_estimate":298223.39766139654,"standard_error":289.82505303085287},"median_abs_dev":{"confidence_interval":{"confidence_level":0.95,"lower_bound":2075.9757182751828,"upper_bound":3402.7578206623366},"point_estimate":2828.9718190064664,"standard_error":324.49132810057324},"slope":{"confidence_interval":{"confidence_level":0.95,"lower_bound":298186.8066755217,"upper_bound":299372.6072057108},"point_estimate":298756.83786980936,"standard_error":302.82158781935556},"std_dev":{"confidence_interval":{"confidence_level":0.95,"lower_bound":4345.569261134235,"upper_bound":14480.695039240907},"point_estimate":9915.025218783781,"standard_error":2643.7043578629923}}