{"mean":{"confidence_interval":{"confidence_level":0.95,"lower_bound":2065018.1549711537,"upper_bound":2203006.5222788462},"point_estimate":2131600.598076923,"standard_error":35196.862929200164},"median":{"confidence_interval":{"confidence_level":0.95,"lower_bound":1987239.9038461538,"upper_bound":2150935.346153846},"point_estimate":2037217.2115384615,"standard_error":43973.37968362705},"median_abs_dev":{"confidence_interval":{"confidence_level":0.95,"lower_bound":217804.14326397274,"upper_bound":369133.23662349826},"point_estimate":285291.4097889114,"standard_error":37551.538741250435},"slope":null,"std_dev":{"confidence_interval":{"confidence_level":0.95,"lower_bound":274821.5224617983,"upper_bound":425665.63784903387},"point_estimate":353394.50087252964,"standard_error":38678.343870853205}}