{"mean":{"confidence_interval":{"confidence_level":0.95,"lower_bound":237143.9594088899,"upper_bound":241919.49388090885},"point_estimate":239295.20593272496,"standard_error":1223.7694398067715},"median":{"confidence_interval":{"confidence_level":0.95,"lower_bound":234891.49142857143,"upper_bound":238009.28846153847},"point_estimate":236816.54695238097,"standard_error":922.7168052173622},"median_abs_dev":{"confidence_interval":{"confidence_level":0.95,"lower_bound":4436.659039519275,"upper_bound":7069.70297659169},"point_estimate":5609.719571836134,"standard_error":667.8478409035953},"slope":{"confidence_interval":{"confidence_level":0.95,"lower_bound":233501.25886490667,"upper_bound":236047.0934896862},"point_estimate":234670.08941273828,"standard_error":649.7091834140293},"std_dev":{"confidence_interval":{"confidence_level":0.95,"lower_bound":6353.315882054371,"upper_bound":17753.30207291898},"point_estimate":12304.450180254751,"standard_error":3000.2908289179777}}