{"mean":{"confidence_interval":{"confidence_level":0.95,"lower_bound":27238248.40825,"upper_bound":27893170.236624997},"point_estimate":27550108.12,"standard_error":167525.47201206285},"median":{"confidence_interval":{"confidence_level":0.95,"lower_bound":27025353.5,"upper_bound":27305216.75},"point_estimate":27140515.5,"standard_error":84953.77055074675},"median_abs_dev":{"confidence_interval":{"confidence_level":0.95,"lower_bound":534792.343005538,"upper_bound":1081048.8903075457},"point_estimate":772904.9411281943,"standard_error":137976.61392488642},"slope":null,"std_dev":{"confidence_interval":{"confidence_level":0.95,"lower_bound":1218672.908302081,"upper_bound":2080789.6787494284},"point_estimate":1685184.0670417694,"standard_error":220840.61261237596}}