{"mean":{"confidence_interval":{"confidence_level":0.95,"lower_bound":8236777.2655000035,"upper_bound":8314142.1837500045},"point_estimate":8275275.120000002,"standard_error":19715.686500142958},"median":{"confidence_interval":{"confidence_level":0.95,"lower_bound":8217506.333333333,"upper_bound":8329591.0},"point_estimate":8273365.5,"standard_error":27929.143289475942},"median_abs_dev":{"confidence_interval":{"confidence_level":0.95,"lower_bound":166720.4673901205,"upper_bound":260224.46478009224},"point_estimate":207171.3544219737,"standard_error":23321.152925935592},"slope":null,"std_dev":{"confidence_interval":{"confidence_level":0.95,"lower_bound":174156.79780264094,"upper_bound":220771.77182102753},"point_estimate":198823.754589356,"standard_error":11875.059908600924}}