{"mean":{"confidence_interval":{"confidence_level":0.95,"lower_bound":972680.2269885797,"upper_bound":1001952.7641955885},"point_estimate":984241.6330102276,"standard_error":7762.182196975996},"median":{"confidence_interval":{"confidence_level":0.95,"lower_bound":962217.9035087719,"upper_bound":982471.7884615385},"point_estimate":972307.7415458937,"standard_error":4719.7163525701835},"median_abs_dev":{"confidence_interval":{"confidence_level":0.95,"lower_bound":23344.91248327224,"upper_bound":39332.510352281606},"point_estimate":32591.82754637938,"standard_error":3802.6842444279455},"slope":{"confidence_interval":{"confidence_level":0.95,"lower_bound":960195.5547843107,"upper_bound":969582.2315062089},"point_estimate":964683.8247125758,"standard_error":2397.024119081704},"std_dev":{"confidence_interval":{"confidence_level":0.95,"lower_bound":26521.643642129653,"upper_bound":128501.00406911719},"point_estimate":78384.80976281202,"standard_error":34544.38537377548}}