{"mean":{"confidence_interval":{"confidence_level":0.95,"lower_bound":680399.2204439101,"upper_bound":705700.0953744228},"point_estimate":691981.3007140313,"standard_error":6476.605826995257},"median":{"confidence_interval":{"confidence_level":0.95,"lower_bound":673317.2134453781,"upper_bound":688314.6637605347},"point_estimate":682091.5145833334,"standard_error":3845.864424938983},"median_abs_dev":{"confidence_interval":{"confidence_level":0.95,"lower_bound":26049.94339882855,"upper_bound":46916.516185236294},"point_estimate":33337.827728135286,"standard_error":5267.749124694178},"slope":{"confidence_interval":{"confidence_level":0.95,"lower_bound":674563.023082331,"upper_bound":695820.3527062332},"point_estimate":684962.4631092064,"standard_error":5406.543123352099},"std_dev":{"confidence_interval":{"confidence_level":0.95,"lower_bound":39575.03842029372,"upper_bound":92512.36310924431},"point_estimate":65091.34514824411,"standard_error":15028.44699976025}}