{"mean":{"confidence_interval":{"confidence_level":0.95,"lower_bound":105573.05596343448,"upper_bound":108188.87462707017},"point_estimate":106825.04143660428,"standard_error":670.416904505286},"median":{"confidence_interval":{"confidence_level":0.95,"lower_bound":104439.92727272728,"upper_bound":106308.93560606061},"point_estimate":105486.45009976721,"standard_error":495.0819861749456},"median_abs_dev":{"confidence_interval":{"confidence_level":0.95,"lower_bound":3656.230100679656,"upper_bound":6206.353815648531},"point_estimate":5134.926199558721,"standard_error":666.960781267126},"slope":{"confidence_interval":{"confidence_level":0.95,"lower_bound":105524.33535201542,"upper_bound":108510.33540645869},"point_estimate":106957.4617496675,"standard_error":763.3435682690196},"std_dev":{"confidence_interval":{"confidence_level":0.95,"lower_bound":4797.1365309741805,"upper_bound":8613.531785614492},"point_estimate":6728.156187313384,"standard_error":990.1662400395842}}