{"mean":{"confidence_interval":{"confidence_level":0.95,"lower_bound":189437.56455655585,"upper_bound":196463.72747774923},"point_estimate":192630.94107119003,"standard_error":1794.2779294948411},"median":{"confidence_interval":{"confidence_level":0.95,"lower_bound":185367.30555555556,"upper_bound":189583.29907407408},"point_estimate":188007.16815266007,"standard_error":1019.1476139306386},"median_abs_dev":{"confidence_interval":{"confidence_level":0.95,"lower_bound":5502.807608074873,"upper_bound":10530.480381997522},"point_estimate":7240.697885110155,"standard_error":1247.9894323650083},"slope":{"confidence_interval":{"confidence_level":0.95,"lower_bound":188746.79787741185,"upper_bound":194221.2432950874},"point_estimate":191477.24177084872,"standard_error":1397.360249375934},"std_dev":{"confidence_interval":{"confidence_level":0.95,"lower_bound":9793.86156312766,"upper_bound":25807.96912148602},"point_estimate":18128.959516559626,"standard_error":4194.349652998804}}