{"mean":{"confidence_interval":{"confidence_level":0.95,"lower_bound":15548309.8926875,"upper_bound":15939627.9665},"point_estimate":15739694.53,"standard_error":99910.90483484796},"median":{"confidence_interval":{"confidence_level":0.95,"lower_bound":15481401.0,"upper_bound":15817734.25},"point_estimate":15707132.25,"standard_error":80643.81831824564},"median_abs_dev":{"confidence_interval":{"confidence_level":0.95,"lower_bound":588716.7279481888,"upper_bound":1064494.9203014374},"point_estimate":749249.3172481656,"standard_error":123043.71186087519},"slope":null,"std_dev":{"confidence_interval":{"confidence_level":0.95,"lower_bound":811930.5481016322,"upper_bound":1166252.045224873},"point_estimate":1003509.4033050875,"standard_error":90339.53197999616}}