{"mean":{"confidence_interval":{"confidence_level":0.95,"lower_bound":433561.448117518,"upper_bound":447278.7039792106},"point_estimate":439637.1468764181,"standard_error":3525.45871753816},"median":{"confidence_interval":{"confidence_level":0.95,"lower_bound":430188.3736120955,"upper_bound":431876.8238993711},"point_estimate":431312.6103896104,"standard_error":510.59645711322383},"median_abs_dev":{"confidence_interval":{"confidence_level":0.95,"lower_bound":3159.023169719442,"upper_bound":5601.245696728441},"point_estimate":3884.474817820743,"standard_error":584.2540907847444},"slope":{"confidence_interval":{"confidence_level":0.95,"lower_bound":429220.95523927157,"upper_bound":430933.7535242522},"point_estimate":429997.8204147579,"standard_error":437.485913949968},"std_dev":{"confidence_interval":{"confidence_level":0.95,"lower_bound":15020.745131277607,"upper_bound":50658.95750765211},"point_estimate":35376.854639865334,"standard_error":9056.895645264605}}