{"mean":{"confidence_interval":{"confidence_level":0.95,"lower_bound":758803.3880141373,"upper_bound":774941.1683343993},"point_estimate":766092.6277347778,"standard_error":4133.519275142644},"median":{"confidence_interval":{"confidence_level":0.95,"lower_bound":752865.2996434937,"upper_bound":756070.5370370371},"point_estimate":754244.9805729984,"standard_error":718.8873943839071},"median_abs_dev":{"confidence_interval":{"confidence_level":0.95,"lower_bound":3823.1040407147925,"upper_bound":6761.607434456648},"point_estimate":5362.653421552028,"standard_error":730.958593520828},"slope":{"confidence_interval":{"confidence_level":0.95,"lower_bound":758648.1547519412,"upper_bound":783006.685215306},"point_estimate":769673.0528033102,"standard_error":6214.255110766646},"std_dev":{"confidence_interval":{"confidence_level":0.95,"lower_bound":21717.513548526033,"upper_bound":55679.61136047542},"point_estimate":41489.60640015806,"standard_error":8494.562342349218}}