{"mean":{"confidence_interval":{"confidence_level":0.95,"lower_bound":2417436.169011365,"upper_bound":2852669.9001818188},"point_estimate":2583083.0404545455,"standard_error":118097.602603856},"median":{"confidence_interval":{"confidence_level":0.95,"lower_bound":2313324.454545454,"upper_bound":2420568.295454546},"point_estimate":2351773.7727272725,"standard_error":27172.949019033906},"median_abs_dev":{"confidence_interval":{"confidence_level":0.95,"lower_bound":221870.3110655604,"upper_bound":380636.5509741684},"point_estimate":297058.8861306957,"standard_error":39848.18498847534},"slope":null,"std_dev":{"confidence_interval":{"confidence_level":0.95,"lower_bound":312652.1606136845,"upper_bound":1969202.7797402386},"point_estimate":1182716.2946151318,"standard_error":566953.680918792}}