{"mean":{"confidence_interval":{"confidence_level":0.95,"lower_bound":285632.44233664183,"upper_bound":297971.06188374094},"point_estimate":291451.2820747349,"standard_error":3147.09723349403},"median":{"confidence_interval":{"confidence_level":0.95,"lower_bound":278834.7801724138,"upper_bound":289626.6511627907},"point_estimate":282589.84996743733,"standard_error":2696.8136094049364},"median_abs_dev":{"confidence_interval":{"confidence_level":0.95,"lower_bound":16038.437932047233,"upper_bound":27050.451543350027},"point_estimate":21114.138307705027,"standard_error":2798.863672071123},"slope":{"confidence_interval":{"confidence_level":0.95,"lower_bound":280264.58787045727,"upper_bound":289735.6830486392},"point_estimate":284778.3650701936,"standard_error":2426.7921160346896},"std_dev":{"confidence_interval":{"confidence_level":0.95,"lower_bound":22065.575831459173,"upper_bound":41254.178592518656},"point_estimate":31719.3547475568,"standard_error":4992.773229554663}}