{"mean":{"confidence_interval":{"confidence_level":0.95,"lower_bound":507906.19163738354,"upper_bound":516644.3304206478},"point_estimate":512304.6444989648,"standard_error":2227.0190309935397},"median":{"confidence_interval":{"confidence_level":0.95,"lower_bound":508408.2727272727,"upper_bound":518155.34380032204},"point_estimate":513680.6060606061,"standard_error":2229.211218898403},"median_abs_dev":{"confidence_interval":{"confidence_level":0.95,"lower_bound":17140.338295698166,"upper_bound":28482.0149017188},"point_estimate":24234.990822278312,"standard_error":2865.735987754842},"slope":{"confidence_interval":{"confidence_level":0.95,"lower_bound":508268.39310600347,"upper_bound":520951.5904616337},"point_estimate":514550.74504211615,"standard_error":3250.4647274870413},"std_dev":{"confidence_interval":{"confidence_level":0.95,"lower_bound":19393.508372806467,"upper_bound":24915.232808374163},"point_estimate":22352.68719135709,"standard_error":1409.1464666127042}}