{"mean":{"confidence_interval":{"confidence_level":0.95,"lower_bound":3112.439595413078,"upper_bound":3123.168231413315},"point_estimate":3117.7628092988452,"standard_error":2.738135791886919},"median":{"confidence_interval":{"confidence_level":0.95,"lower_bound":3108.680290604386,"upper_bound":3124.9383097542814},"point_estimate":3113.3579023073316,"standard_error":4.311648593699599},"median_abs_dev":{"confidence_interval":{"confidence_level":0.95,"lower_bound":22.139728574215013,"upper_bound":39.4535232148246},"point_estimate":29.918440661201466,"standard_error":4.470785142855381},"slope":{"confidence_interval":{"confidence_level":0.95,"lower_bound":3109.9897805050805,"upper_bound":3122.212907732616},"point_estimate":3116.0441032710864,"standard_error":3.1186704137678745},"std_dev":{"confidence_interval":{"confidence_level":0.95,"lower_bound":24.1202880685038,"upper_bound":30.709616948876903},"point_estimate":27.57861103294655,"standard_error":1.6874856269239675}}