{"mean":{"confidence_interval":{"confidence_level":0.95,"lower_bound":22693250.166416675,"upper_bound":23365781.082166668},"point_estimate":23017537.640000004,"standard_error":172013.50393566908},"median":{"confidence_interval":{"confidence_level":0.95,"lower_bound":22125942.0,"upper_bound":22979579.666666664},"point_estimate":22558996.833333336,"standard_error":233041.37488388972},"median_abs_dev":{"confidence_interval":{"confidence_level":0.95,"lower_bound":922582.4276208831,"upper_bound":1651061.4582178032},"point_estimate":1264975.3010422038,"standard_error":190276.3301040625},"slope":null,"std_dev":{"confidence_interval":{"confidence_level":0.95,"lower_bound":1343097.4001832716,"upper_bound":2052096.7160382124},"point_estimate":1724984.3713292,"standard_error":180596.67273036556}}