{"mean":{"confidence_interval":{"confidence_level":0.95,"lower_bound":2632235.708407895,"upper_bound":2667903.221131579},"point_estimate":2650459.6900000004,"standard_error":9086.646425336077},"median":{"confidence_interval":{"confidence_level":0.95,"lower_bound":2635885.4210526315,"upper_bound":2680207.1052631577},"point_estimate":2663875.7894736845,"standard_error":10063.645619312612},"median_abs_dev":{"confidence_interval":{"confidence_level":0.95,"lower_bound":58407.533168322145,"upper_bound":91773.56262332496},"point_estimate":74235.302297849,"standard_error":8327.993865933744},"slope":null,"std_dev":{"confidence_interval":{"confidence_level":0.95,"lower_bound":74158.33670992474,"upper_bound":106573.79343828103},"point_estimate":91258.11444167982,"standard_error":8262.284799289606}}