{"mean":{"confidence_interval":{"confidence_level":0.95,"lower_bound":117366.7855517655,"upper_bound":119202.93776405134},"point_estimate":118302.7011331572,"standard_error":467.8768678095242},"median":{"confidence_interval":{"confidence_level":0.95,"lower_bound":118349.55468053964,"upper_bound":119844.00606060606},"point_estimate":118866.18193638958,"standard_error":394.8171642415988},"median_abs_dev":{"confidence_interval":{"confidence_level":0.95,"lower_bound":2214.629025636756,"upper_bound":4709.067431051723},"point_estimate":3763.144297279875,"standard_error":682.6208077605024},"slope":{"confidence_interval":{"confidence_level":0.95,"lower_bound":118837.6806370214,"upper_bound":120566.06134059893},"point_estimate":119657.62350261892,"standard_error":440.39934573295966},"std_dev":{"confidence_interval":{"confidence_level":0.95,"lower_bound":3812.1001642749306,"upper_bound":5546.393877048759},"point_estimate":4718.735869147265,"standard_error":441.5781584377883}}