{"mean":{"confidence_interval":{"confidence_level":0.95,"lower_bound":66496.27196100989,"upper_bound":67465.54726407459},"point_estimate":66985.93173941379,"standard_error":247.0810682936862},"median":{"confidence_interval":{"confidence_level":0.95,"lower_bound":66725.70925925925,"upper_bound":67743.056998557},"point_estimate":67077.11949074073,"standard_error":262.1713837356394},"median_abs_dev":{"confidence_interval":{"confidence_level":0.95,"lower_bound":1624.8853718680164,"upper_bound":2802.4574098865883},"point_estimate":2269.06150796526,"standard_error":309.53231937101424},"slope":{"confidence_interval":{"confidence_level":0.95,"lower_bound":67050.30720394009,"upper_bound":67943.92925780581},"point_estimate":67499.70374641643,"standard_error":227.94022216790117},"std_dev":{"confidence_interval":{"confidence_level":0.95,"lower_bound":2060.677231875987,"upper_bound":2846.6908583810136},"point_estimate":2472.389461224815,"standard_error":201.39478396094333}}