{"mean":{"confidence_interval":{"confidence_level":0.95,"lower_bound":463048.4092631083,"upper_bound":480043.6088185938},"point_estimate":470911.2511815809,"standard_error":4345.198988653207},"median":{"confidence_interval":{"confidence_level":0.95,"lower_bound":453904.2361111111,"upper_bound":467207.4666666667},"point_estimate":459647.6850029815,"standard_error":3191.8493716323283},"median_abs_dev":{"confidence_interval":{"confidence_level":0.95,"lower_bound":17186.0832592324,"upper_bound":32387.723906930638},"point_estimate":24725.136911461435,"standard_error":3806.615085264924},"slope":{"confidence_interval":{"confidence_level":0.95,"lower_bound":456845.75364058424,"upper_bound":473387.5399582171},"point_estimate":464772.38690606377,"standard_error":4237.811734102875},"std_dev":{"confidence_interval":{"confidence_level":0.95,"lower_bound":28249.050843434787,"upper_bound":60170.68386177779},"point_estimate":43712.541917259434,"standard_error":8605.465296264147}}