{"mean":{"confidence_interval":{"confidence_level":0.95,"lower_bound":206168.15233163233,"upper_bound":212452.0870256359},"point_estimate":209233.69424722844,"standard_error":1605.0842108112852},"median":{"confidence_interval":{"confidence_level":0.95,"lower_bound":201611.16727272727,"upper_bound":209385.49224390244},"point_estimate":206746.8732142857,"standard_error":1926.6923744001454},"median_abs_dev":{"confidence_interval":{"confidence_level":0.95,"lower_bound":10915.481000559308,"upper_bound":18361.13110961685},"point_estimate":15740.043624058357,"standard_error":1962.839752765745},"slope":{"confidence_interval":{"confidence_level":0.95,"lower_bound":202959.7503898795,"upper_bound":209158.74674584292},"point_estimate":206019.91152002366,"standard_error":1584.9757594682803},"std_dev":{"confidence_interval":{"confidence_level":0.95,"lower_bound":12833.821773371645,"upper_bound":18993.69670172646},"point_estimate":16081.845493009532,"standard_error":1579.0154432735822}}