{"mean":{"confidence_interval":{"confidence_level":0.95,"lower_bound":540821.1426207176,"upper_bound":569099.1011417154},"point_estimate":553918.8641382608,"standard_error":7278.489111624229},"median":{"confidence_interval":{"confidence_level":0.95,"lower_bound":523290.9929577465,"upper_bound":544581.5049833887},"point_estimate":531183.6755952381,"standard_error":5437.084717893455},"median_abs_dev":{"confidence_interval":{"confidence_level":0.95,"lower_bound":28437.57332359374,"upper_bound":46313.66983300266},"point_estimate":38758.41532440053,"standard_error":4337.898542395778},"slope":{"confidence_interval":{"confidence_level":0.95,"lower_bound":528142.0917285413,"upper_bound":558800.1420410335},"point_estimate":542015.7654026896,"standard_error":7824.901021648482},"std_dev":{"confidence_interval":{"confidence_level":0.95,"lower_bound":46385.36566400616,"upper_bound":97337.19020108502},"point_estimate":73141.5472212702,"standard_error":13077.270271700441}}