{"mean":{"confidence_interval":{"confidence_level":0.95,"lower_bound":175406.69364791724,"upper_bound":181490.17676221018},"point_estimate":178081.5971535933,"standard_error":1560.159046509603},"median":{"confidence_interval":{"confidence_level":0.95,"lower_bound":173957.14261168384,"upper_bound":176533.5393939394},"point_estimate":175318.2307936508,"standard_error":659.6431557280703},"median_abs_dev":{"confidence_interval":{"confidence_level":0.95,"lower_bound":4715.698965892606,"upper_bound":8152.316721311188},"point_estimate":6645.472128307544,"standard_error":902.1300468944247},"slope":{"confidence_interval":{"confidence_level":0.95,"lower_bound":174365.01389451636,"upper_bound":177191.2710156031},"point_estimate":175785.03478153786,"standard_error":723.6633172340663},"std_dev":{"confidence_interval":{"confidence_level":0.95,"lower_bound":7228.952125400423,"upper_bound":23381.618434893855},"point_estimate":15669.134178659431,"standard_error":4320.850143522231}}