{"mean":{"confidence_interval":{"confidence_level":0.95,"lower_bound":439521.0103026997,"upper_bound":456521.6915958354},"point_estimate":447075.6688740817,"standard_error":4368.636514145413},"median":{"confidence_interval":{"confidence_level":0.95,"lower_bound":437865.6380952381,"upper_bound":446498.4435856432},"point_estimate":443000.50952380954,"standard_error":2269.6048658887134},"median_abs_dev":{"confidence_interval":{"confidence_level":0.95,"lower_bound":17065.915811179693,"upper_bound":25843.294997583336},"point_estimate":21111.196930049817,"standard_error":2123.295966899473},"slope":{"confidence_interval":{"confidence_level":0.95,"lower_bound":426771.40304675465,"upper_bound":436570.3768006178},"point_estimate":431596.5035761785,"standard_error":2498.9357441592083},"std_dev":{"confidence_interval":{"confidence_level":0.95,"lower_bound":22393.876397219734,"upper_bound":65537.60244174632},"point_estimate":43913.55258955557,"standard_error":12195.753546778229}}