{"mean":{"confidence_interval":{"confidence_level":0.95,"lower_bound":97692.33815167822,"upper_bound":102337.70063560065},"point_estimate":99908.72432462384,"standard_error":1187.4220769169103},"median":{"confidence_interval":{"confidence_level":0.95,"lower_bound":95377.74933333334,"upper_bound":98454.11176470589},"point_estimate":96326.33570183086,"standard_error":750.2670427310325},"median_abs_dev":{"confidence_interval":{"confidence_level":0.95,"lower_bound":4314.969667510349,"upper_bound":9248.440632807356},"point_estimate":6883.687999052499,"standard_error":1203.1171747316373},"slope":{"confidence_interval":{"confidence_level":0.95,"lower_bound":97081.82430707634,"upper_bound":100654.12112352536},"point_estimate":98760.8927607507,"standard_error":912.1382730661509},"std_dev":{"confidence_interval":{"confidence_level":0.95,"lower_bound":8712.689216940858,"upper_bound":14632.346184294503},"point_estimate":11891.31109557335,"standard_error":1507.0175983476106}}