{"mean":{"confidence_interval":{"confidence_level":0.95,"lower_bound":1606909.1228395654,"upper_bound":1630312.8710096523},"point_estimate":1617892.193008775,"standard_error":5964.644875926367},"median":{"confidence_interval":{"confidence_level":0.95,"lower_bound":1596432.0256410257,"upper_bound":1612332.6},"point_estimate":1602008.2043219076,"standard_error":4307.617632264936},"median_abs_dev":{"confidence_interval":{"confidence_level":0.95,"lower_bound":16646.773947909125,"upper_bound":31768.641743686225},"point_estimate":22991.321962655784,"standard_error":3859.858392373111},"slope":{"confidence_interval":{"confidence_level":0.95,"lower_bound":1597144.883768971,"upper_bound":1606449.8140633053},"point_estimate":1601561.0947214423,"standard_error":2368.024715120358},"std_dev":{"confidence_interval":{"confidence_level":0.95,"lower_bound":40050.92300658292,"upper_bound":79820.06174230597},"point_estimate":60212.483134639944,"standard_error":10325.372893025316}}