{"mean":{"confidence_interval":{"confidence_level":0.95,"lower_bound":345571.64680702885,"upper_bound":361438.27246039326},"point_estimate":352967.6450939163,"standard_error":4055.7869107222873},"median":{"confidence_interval":{"confidence_level":0.95,"lower_bound":334924.7592753623,"upper_bound":350926.2046783626},"point_estimate":338319.2729166667,"standard_error":4251.5435598250615},"median_abs_dev":{"confidence_interval":{"confidence_level":0.95,"lower_bound":19119.45033616192,"upper_bound":36440.43898893231},"point_estimate":29279.947230936872,"standard_error":4420.612934361891},"slope":{"confidence_interval":{"confidence_level":0.95,"lower_bound":339382.14938258455,"upper_bound":357157.8752510085},"point_estimate":347743.8039357667,"standard_error":4537.853124764135},"std_dev":{"confidence_interval":{"confidence_level":0.95,"lower_bound":28412.917842938376,"upper_bound":54406.92185303094},"point_estimate":40871.27487927986,"standard_error":6957.3801245577415}}