{"mean":{"confidence_interval":{"confidence_level":0.95,"lower_bound":54671.117885324056,"upper_bound":56658.65439837702},"point_estimate":55607.25948801993,"standard_error":506.3952489152753},"median":{"confidence_interval":{"confidence_level":0.95,"lower_bound":53891.15611111111,"upper_bound":55404.73643410853},"point_estimate":54748.299031986535,"standard_error":368.1083270726974},"median_abs_dev":{"confidence_interval":{"confidence_level":0.95,"lower_bound":2809.074295288064,"upper_bound":4638.0703851051085},"point_estimate":4021.371505849464,"standard_error":477.09514639576105},"slope":{"confidence_interval":{"confidence_level":0.95,"lower_bound":54713.69264328108,"upper_bound":56798.672001760504},"point_estimate":55711.23681624879,"standard_error":532.3369760857125},"std_dev":{"confidence_interval":{"confidence_level":0.95,"lower_bound":3644.2190158747094,"upper_bound":6725.610662554136},"point_estimate":5099.764126950063,"standard_error":833.3012624527634}}