{"mean":{"confidence_interval":{"confidence_level":0.95,"lower_bound":662571.6689746659,"upper_bound":694186.5691396862},"point_estimate":676716.7301445447,"standard_error":8109.288779391821},"median":{"confidence_interval":{"confidence_level":0.95,"lower_bound":647081.3888888889,"upper_bound":661402.3696943973},"point_estimate":652857.833022388,"standard_error":3885.149162439029},"median_abs_dev":{"confidence_interval":{"confidence_level":0.95,"lower_bound":17914.08138877965,"upper_bound":31213.652647935953},"point_estimate":21817.006214594287,"standard_error":3381.344500451405},"slope":{"confidence_interval":{"confidence_level":0.95,"lower_bound":641933.7207514966,"upper_bound":649582.8297994232},"point_estimate":645601.9583833308,"standard_error":1957.743581368641},"std_dev":{"confidence_interval":{"confidence_level":0.95,"lower_bound":41323.261085980776,"upper_bound":118389.93824908843},"point_estimate":81636.45882108579,"standard_error":20288.095357125607}}