{"mean":{"confidence_interval":{"confidence_level":0.95,"lower_bound":122996.4580391128,"upper_bound":129641.08640188914},"point_estimate":126092.44227658081,"standard_error":1698.9003655793942},"median":{"confidence_interval":{"confidence_level":0.95,"lower_bound":118566.9312876506,"upper_bound":121876.56349206349},"point_estimate":119702.02151396053,"standard_error":953.4316769746716},"median_abs_dev":{"confidence_interval":{"confidence_level":0.95,"lower_bound":3952.7536775915746,"upper_bound":8105.9641077736305},"point_estimate":5831.669951983731,"standard_error":1102.5703590185124},"slope":{"confidence_interval":{"confidence_level":0.95,"lower_bound":123443.871611542,"upper_bound":134863.95305337297},"point_estimate":128873.3026668637,"standard_error":2927.24024345238},"std_dev":{"confidence_interval":{"confidence_level":0.95,"lower_bound":10686.978210155527,"upper_bound":22831.310494406844},"point_estimate":17139.71116555603,"standard_error":3122.9027978112554}}