{"mean":{"confidence_interval":{"confidence_level":0.95,"lower_bound":130719.67039750844,"upper_bound":135688.89822784957},"point_estimate":133021.82252887226,"standard_error":1275.069911787897},"median":{"confidence_interval":{"confidence_level":0.95,"lower_bound":129529.70221560847,"upper_bound":131875.70833333334},"point_estimate":130624.44690860214,"standard_error":521.770239152408},"median_abs_dev":{"confidence_interval":{"confidence_level":0.95,"lower_bound":4466.864992069299,"upper_bound":8536.842917632666},"point_estimate":6887.638878638973,"standard_error":1112.2726799160446},"slope":{"confidence_interval":{"confidence_level":0.95,"lower_bound":128825.15951795422,"upper_bound":134947.8535600301},"point_estimate":131606.52536722328,"standard_error":1575.1615016087308},"std_dev":{"confidence_interval":{"confidence_level":0.95,"lower_bound":7747.925087906786,"upper_bound":17217.1602852727},"point_estimate":12809.559267149369,"standard_error":2425.770235441068}}