{"mean":{"confidence_interval":{"confidence_level":0.95,"lower_bound":9444313.193041671,"upper_bound":9650603.885333333},"point_estimate":9544747.333333336,"standard_error":52816.645258485885},"median":{"confidence_interval":{"confidence_level":0.95,"lower_bound":9364321.333333332,"upper_bound":9627517.666666666},"point_estimate":9479561.75,"standard_error":66898.99400796522},"median_abs_dev":{"confidence_interval":{"confidence_level":0.95,"lower_bound":334680.7590082297,"upper_bound":548013.5394658153},"point_estimate":421189.2319723964,"standard_error":55847.61485454115},"slope":null,"std_dev":{"confidence_interval":{"confidence_level":0.95,"lower_bound":421558.56098867254,"upper_bound":642052.8364807748},"point_estimate":530816.8489884404,"standard_error":56672.56912249655}}