{"mean":{"confidence_interval":{"confidence_level":0.95,"lower_bound":43670.84776981278,"upper_bound":44383.091082144776},"point_estimate":44035.828737704585,"standard_error":181.813299393649},"median":{"confidence_interval":{"confidence_level":0.95,"lower_bound":44142.178488206875,"upper_bound":44913.303671903544},"point_estimate":44485.20960517173,"standard_error":204.58172754497508},"median_abs_dev":{"confidence_interval":{"confidence_level":0.95,"lower_bound":1162.8008667721876,"upper_bound":2067.728670536854},"point_estimate":1633.8271941163,"standard_error":237.00692872589303},"slope":{"confidence_interval":{"confidence_level":0.95,"lower_bound":44030.79711341825,"upper_bound":44747.16174375187},"point_estimate":44394.86731079857,"standard_error":182.86279600845918},"std_dev":{"confidence_interval":{"confidence_level":0.95,"lower_bound":1538.0177843527679,"upper_bound":2064.2297078352362},"point_estimate":1824.9067761061963,"standard_error":134.42695650927524}}