{"mean":{"confidence_interval":{"confidence_level":0.95,"lower_bound":835872.0731333157,"upper_bound":850838.7056762896},"point_estimate":843144.0125276996,"standard_error":3810.771722636827},"median":{"confidence_interval":{"confidence_level":0.95,"lower_bound":835791.460955711,"upper_bound":850301.225},"point_estimate":842065.195805921,"standard_error":3488.406969295851},"median_abs_dev":{"confidence_interval":{"confidence_level":0.95,"lower_bound":24923.354218211785,"upper_bound":40616.93681869594},"point_estimate":32081.85166452422,"standard_error":3968.883326719133},"slope":{"confidence_interval":{"confidence_level":0.95,"lower_bound":825869.2981183724,"upper_bound":841802.5068109888},"point_estimate":833816.37472292,"standard_error":4092.4886711981244},"std_dev":{"confidence_interval":{"confidence_level":0.95,"lower_bound":29294.977618261622,"upper_bound":47231.1662135376},"point_estimate":38277.34812087919,"standard_error":4629.516882130847}}