{"mean":{"confidence_interval":{"confidence_level":0.95,"lower_bound":114347.34249213434,"upper_bound":121611.50903381963},"point_estimate":117443.47021813446,"standard_error":1878.7506791818573},"median":{"confidence_interval":{"confidence_level":0.95,"lower_bound":110221.69373219373,"upper_bound":113999.80277777778},"point_estimate":111546.94856934002,"standard_error":1135.9737029626085},"median_abs_dev":{"confidence_interval":{"confidence_level":0.95,"lower_bound":4634.260299239812,"upper_bound":11392.513733909891},"point_estimate":6853.750739570315,"standard_error":1784.8566540799955},"slope":{"confidence_interval":{"confidence_level":0.95,"lower_bound":112124.60697448488,"upper_bound":118088.05439420382},"point_estimate":114964.77664154475,"standard_error":1519.1229091753646},"std_dev":{"confidence_interval":{"confidence_level":0.95,"lower_bound":8874.29227175958,"upper_bound":29052.019164496207},"point_estimate":18785.410241478377,"standard_error":6378.736275272658}}