{"mean":{"confidence_interval":{"confidence_level":0.95,"lower_bound":66939.1424855485,"upper_bound":68147.06899912402},"point_estimate":67517.56152408043,"standard_error":308.12271233408416},"median":{"confidence_interval":{"confidence_level":0.95,"lower_bound":66367.44390243903,"upper_bound":67701.21504322159},"point_estimate":66971.22641577061,"standard_error":357.6913171402473},"median_abs_dev":{"confidence_interval":{"confidence_level":0.95,"lower_bound":1846.2314432878798,"upper_bound":3000.1794559028676},"point_estimate":2196.1748966636114,"standard_error":293.8150659820923},"slope":{"confidence_interval":{"confidence_level":0.95,"lower_bound":66721.01974170448,"upper_bound":68077.9378805621},"point_estimate":67363.12797911433,"standard_error":347.21102549834933},"std_dev":{"confidence_interval":{"confidence_level":0.95,"lower_bound":2366.253982142947,"upper_bound":3793.6866134140555},"point_estimate":3095.86246314208,"standard_error":367.0169978281823}}