{"mean":{"confidence_interval":{"confidence_level":0.95,"lower_bound":285974.7698116303,"upper_bound":292797.9828172133},"point_estimate":289384.99069552054,"standard_error":1729.5426050366218},"median":{"confidence_interval":{"confidence_level":0.95,"lower_bound":285686.2825895279,"upper_bound":292668.23214285716},"point_estimate":288282.4021749804,"standard_error":2054.0181251687336},"median_abs_dev":{"confidence_interval":{"confidence_level":0.95,"lower_bound":10352.09678147795,"upper_bound":17320.761648138636},"point_estimate":13271.014529331082,"standard_error":1789.8836714960726},"slope":{"confidence_interval":{"confidence_level":0.95,"lower_bound":291807.28545625013,"upper_bound":297731.27304814477},"point_estimate":294698.00397074036,"standard_error":1509.2657945325789},"std_dev":{"confidence_interval":{"confidence_level":0.95,"lower_bound":14509.391701042267,"upper_bound":19955.131044793237},"point_estimate":17333.03862692087,"standard_error":1390.0452600133838}}