{"mean":{"confidence_interval":{"confidence_level":0.95,"lower_bound":815393.0252173116,"upper_bound":829383.8097369602},"point_estimate":822456.0523784269,"standard_error":3571.499895821941},"median":{"confidence_interval":{"confidence_level":0.95,"lower_bound":821998.8936170213,"upper_bound":838770.7818181819},"point_estimate":833155.3828671329,"standard_error":4761.957028879721},"median_abs_dev":{"confidence_interval":{"confidence_level":0.95,"lower_bound":21821.953983194802,"upper_bound":46135.531013205284},"point_estimate":29721.69285066783,"standard_error":6203.201844067723},"slope":{"confidence_interval":{"confidence_level":0.95,"lower_bound":832034.9683726149,"upper_bound":844168.5986380047},"point_estimate":838197.2619816758,"standard_error":3093.131749595509},"std_dev":{"confidence_interval":{"confidence_level":0.95,"lower_bound":31292.823112977087,"upper_bound":40039.82866793727},"point_estimate":35929.41271223177,"standard_error":2234.37580869017}}