{"mean":{"confidence_interval":{"confidence_level":0.95,"lower_bound":11000611.005350003,"upper_bound":11133869.0704},"point_estimate":11066242.104,"standard_error":33945.019044733475},"median":{"confidence_interval":{"confidence_level":0.95,"lower_bound":10956228.8,"upper_bound":11076129.2},"point_estimate":10995159.2,"standard_error":28079.08403136657},"median_abs_dev":{"confidence_interval":{"confidence_level":0.95,"lower_bound":181144.21304404817,"upper_bound":397204.1002482176},"point_estimate":257097.21665561365,"standard_error":51786.80227381069},"slope":null,"std_dev":{"confidence_interval":{"confidence_level":0.95,"lower_bound":291981.0425782324,"upper_bound":382438.500528743},"point_estimate":340901.93514362804,"standard_error":23076.186208680974}}