{"mean":{"confidence_interval":{"confidence_level":0.95,"lower_bound":114637.827672524,"upper_bound":116251.93067528568},"point_estimate":115396.22430765402,"standard_error":410.83794252319},"median":{"confidence_interval":{"confidence_level":0.95,"lower_bound":113528.7435897436,"upper_bound":114632.42660818713},"point_estimate":114009.84433811801,"standard_error":327.5422810023437},"median_abs_dev":{"confidence_interval":{"confidence_level":0.95,"lower_bound":1351.9723613846822,"upper_bound":2716.540864352773},"point_estimate":2032.0531791391436,"standard_error":349.9539495671538},"slope":{"confidence_interval":{"confidence_level":0.95,"lower_bound":113996.79221414351,"upper_bound":116056.7089119886},"point_estimate":114843.20956865836,"standard_error":540.857032177806},"std_dev":{"confidence_interval":{"confidence_level":0.95,"lower_bound":2852.9789485620777,"upper_bound":5192.918001729224},"point_estimate":4119.3778236685175,"standard_error":601.1989137652881}}