{"mean":{"confidence_interval":{"confidence_level":0.95,"lower_bound":3704683.912446428,"upper_bound":3720519.7294464274},"point_estimate":3712962.5057142866,"standard_error":4037.160516274279},"median":{"confidence_interval":{"confidence_level":0.95,"lower_bound":3719060.4285714286,"upper_bound":3730892.2142857146},"point_estimate":3728307.3214285714,"standard_error":3211.405806243907},"median_abs_dev":{"confidence_interval":{"confidence_level":0.95,"lower_bound":14499.93364257462,"upper_bound":28890.99282083242},"point_estimate":18690.92606816958,"standard_error":3959.062362349101},"slope":null,"std_dev":{"confidence_interval":{"confidence_level":0.95,"lower_bound":30873.05325757189,"upper_bound":48818.49883384789},"point_estimate":40561.9208032953,"standard_error":4582.880831644452}}