{"mean":{"confidence_interval":{"confidence_level":0.95,"lower_bound":267866.14361554204,"upper_bound":277477.7341993379},"point_estimate":272401.51375203475,"standard_error":2454.2157615198707},"median":{"confidence_interval":{"confidence_level":0.95,"lower_bound":262583.8951612903,"upper_bound":273189.3024425288},"point_estimate":269274.04581736913,"standard_error":2985.228059285095},"median_abs_dev":{"confidence_interval":{"confidence_level":0.95,"lower_bound":14202.980524834806,"upper_bound":25968.50598199196},"point_estimate":18624.53864401765,"standard_error":2914.0726550468576},"slope":{"confidence_interval":{"confidence_level":0.95,"lower_bound":262403.7253114434,"upper_bound":272082.22374715965},"point_estimate":267017.98918797105,"standard_error":2475.3151108646202},"std_dev":{"confidence_interval":{"confidence_level":0.95,"lower_bound":17885.18268995912,"upper_bound":32438.713667383698},"point_estimate":24774.323839954588,"standard_error":3886.9867659992956}}