{"mean":{"confidence_interval":{"confidence_level":0.95,"lower_bound":2290761.4989659092,"upper_bound":2295941.147181818},"point_estimate":2293311.2936363635,"standard_error":1320.114127212662},"median":{"confidence_interval":{"confidence_level":0.95,"lower_bound":2287540.3181818184,"upper_bound":2292240.227272727},"point_estimate":2289524.3636363633,"standard_error":1152.7637413687748},"median_abs_dev":{"confidence_interval":{"confidence_level":0.95,"lower_bound":7968.941163068499,"upper_bound":15890.573908794948},"point_estimate":11126.104111563138,"standard_error":2057.582476025099},"slope":null,"std_dev":{"confidence_interval":{"confidence_level":0.95,"lower_bound":11596.05256511656,"upper_bound":14664.336727193459},"point_estimate":13279.090757196393,"standard_error":779.9817999492996}}