{"mean":{"confidence_interval":{"confidence_level":0.95,"lower_bound":135190.37519975204,"upper_bound":137822.79734377877},"point_estimate":136347.39451327221,"standard_error":675.4332106680956},"median":{"confidence_interval":{"confidence_level":0.95,"lower_bound":134175.375,"upper_bound":135447.58576807228},"point_estimate":134688.08864553657,"standard_error":427.0852695817102},"median_abs_dev":{"confidence_interval":{"confidence_level":0.95,"lower_bound":2058.8096017883922,"upper_bound":3924.0103120536623},"point_estimate":2881.215095321035,"standard_error":430.0599697551867},"slope":{"confidence_interval":{"confidence_level":0.95,"lower_bound":133951.29128685355,"upper_bound":135231.9145121472},"point_estimate":134559.3439962317,"standard_error":327.97819885872826},"std_dev":{"confidence_interval":{"confidence_level":0.95,"lower_bound":3290.7120927795213,"upper_bound":10270.930579527698},"point_estimate":6788.3509278102,"standard_error":2009.799379472108}}