{"mean":{"confidence_interval":{"confidence_level":0.95,"lower_bound":97675.5568805633,"upper_bound":100747.97330800528},"point_estimate":98934.25008392897,"standard_error":804.7736522654751},"median":{"confidence_interval":{"confidence_level":0.95,"lower_bound":97687.95898004435,"upper_bound":98538.30808080808},"point_estimate":98151.54565947318,"standard_error":178.2521676824437},"median_abs_dev":{"confidence_interval":{"confidence_level":0.95,"lower_bound":1330.7175013104606,"upper_bound":2630.96711724742},"point_estimate":1838.4109458581804,"standard_error":340.31735031340156},"slope":{"confidence_interval":{"confidence_level":0.95,"lower_bound":97479.46481571355,"upper_bound":98993.70536230123},"point_estimate":98198.95711487567,"standard_error":385.41571734049796},"std_dev":{"confidence_interval":{"confidence_level":0.95,"lower_bound":2687.2998569956435,"upper_bound":13047.936233553546},"point_estimate":8097.253998056322,"standard_error":3190.967017570409}}