{"mean":{"confidence_interval":{"confidence_level":0.95,"lower_bound":158472.82128945182,"upper_bound":161725.19956619272},"point_estimate":159913.62349791848,"standard_error":836.1264403780764},"median":{"confidence_interval":{"confidence_level":0.95,"lower_bound":156899.60425685428,"upper_bound":157821.9942857143},"point_estimate":157326.91932882575,"standard_error":241.56256824964137},"median_abs_dev":{"confidence_interval":{"confidence_level":0.95,"lower_bound":1298.281457242547,"upper_bound":2579.409849549198},"point_estimate":1998.1143735011663,"standard_error":345.1025316198828},"slope":{"confidence_interval":{"confidence_level":0.95,"lower_bound":157055.7655370918,"upper_bound":158502.39790525913},"point_estimate":157705.6240114843,"standard_error":369.81337467342723},"std_dev":{"confidence_interval":{"confidence_level":0.95,"lower_bound":4095.90477544123,"upper_bound":12185.60612509259},"point_estimate":8405.892458281443,"standard_error":2135.2076139005376}}