{"mean":{"confidence_interval":{"confidence_level":0.95,"lower_bound":544625.1426281002,"upper_bound":580750.5593100374},"point_estimate":560670.5387563773,"standard_error":9329.057230551447},"median":{"confidence_interval":{"confidence_level":0.95,"lower_bound":529989.09375,"upper_bound":548068.5112260621},"point_estimate":533809.5996640538,"standard_error":5138.657875633391},"median_abs_dev":{"confidence_interval":{"confidence_level":0.95,"lower_bound":24980.69986198063,"upper_bound":50263.750685079154},"point_estimate":38907.78213100418,"standard_error":6948.348038201465},"slope":{"confidence_interval":{"confidence_level":0.95,"lower_bound":530942.1962277676,"upper_bound":582160.9438271185},"point_estimate":552494.9149253732,"standard_error":13236.87852517813},"std_dev":{"confidence_interval":{"confidence_level":0.95,"lower_bound":46244.1992751435,"upper_bound":140126.43515248495},"point_estimate":94071.41149901431,"standard_error":25758.428616509267}}