{"mean":{"confidence_interval":{"confidence_level":0.95,"lower_bound":368587.57294403896,"upper_bound":391265.2752900642},"point_estimate":379767.1259168315,"standard_error":5801.315236985502},"median":{"confidence_interval":{"confidence_level":0.95,"lower_bound":363707.9770114943,"upper_bound":387855.3715214761},"point_estimate":378719.3972222222,"standard_error":5065.89395853435},"median_abs_dev":{"confidence_interval":{"confidence_level":0.95,"lower_bound":38759.22190117857,"upper_bound":70682.1460815954},"point_estimate":52963.70451098832,"standard_error":8574.973798557461},"slope":{"confidence_interval":{"confidence_level":0.95,"lower_bound":381784.0051234365,"upper_bound":407926.29038867203},"point_estimate":395173.8741057091,"standard_error":6697.186218347999},"std_dev":{"confidence_interval":{"confidence_level":0.95,"lower_bound":47408.9821616828,"upper_bound":69862.70656693909},"point_estimate":58182.843390393944,"standard_error":5831.250480326857}}