{"mean":{"confidence_interval":{"confidence_level":0.95,"lower_bound":1845109.0421341762,"upper_bound":1983556.0054694386},"point_estimate":1907507.0997945117,"standard_error":35626.49692916331},"median":{"confidence_interval":{"confidence_level":0.95,"lower_bound":1803114.2419969512,"upper_bound":1845888.575091575},"point_estimate":1826354.4846547316,"standard_error":11798.891384595918},"median_abs_dev":{"confidence_interval":{"confidence_level":0.95,"lower_bound":84396.25131619048,"upper_bound":152686.41137260754},"point_estimate":111419.87427764088,"standard_error":17768.9855261304},"slope":{"confidence_interval":{"confidence_level":0.95,"lower_bound":1785624.9983184119,"upper_bound":1839607.1420402133},"point_estimate":1811442.9952061474,"standard_error":13772.781018117363},"std_dev":{"confidence_interval":{"confidence_level":0.95,"lower_bound":173848.1335955873,"upper_bound":494576.33907741966},"point_estimate":358752.72876328096,"standard_error":79517.97551008772}}