{"mean":{"confidence_interval":{"confidence_level":0.95,"lower_bound":2496591.3956704545,"upper_bound":2608154.102727272},"point_estimate":2545710.4554545456,"standard_error":28716.66462612144},"median":{"confidence_interval":{"confidence_level":0.95,"lower_bound":2472073.545454546,"upper_bound":2516562.5454545454},"point_estimate":2494462.2954545454,"standard_error":12629.657610348317},"median_abs_dev":{"confidence_interval":{"confidence_level":0.95,"lower_bound":59419.30479055132,"upper_bound":93518.83462152685},"point_estimate":78736.77375668833,"standard_error":8930.421335406976},"slope":null,"std_dev":{"confidence_interval":{"confidence_level":0.95,"lower_bound":76624.33963376058,"upper_bound":418436.88048182894},"point_estimate":288731.5999870717,"standard_error":80142.46364638228}}