{"mean":{"confidence_interval":{"confidence_level":0.95,"lower_bound":59828.82676169156,"upper_bound":60279.31470435294},"point_estimate":60047.13929042926,"standard_error":114.98404023847223},"median":{"confidence_interval":{"confidence_level":0.95,"lower_bound":59742.83014705883,"upper_bound":60181.49841427237},"point_estimate":59896.17370351947,"standard_error":123.23206404073015},"median_abs_dev":{"confidence_interval":{"confidence_level":0.95,"lower_bound":591.5992064200909,"upper_bound":1022.5063887987543},"point_estimate":770.3773967161198,"standard_error":110.31604438390372},"slope":{"confidence_interval":{"confidence_level":0.95,"lower_bound":59969.20617076222,"upper_bound":60330.06592437351},"point_estimate":60145.838895678855,"standard_error":92.24263375838659},"std_dev":{"confidence_interval":{"confidence_level":0.95,"lower_bound":899.9741001352238,"upper_bound":1377.5709565894354},"point_estimate":1154.411819504856,"standard_error":121.8546865234855}}