{"mean":{"confidence_interval":{"confidence_level":0.95,"lower_bound":164277.27139737448,"upper_bound":168421.68830367978},"point_estimate":166221.24338765233,"standard_error":1061.0906223752877},"median":{"confidence_interval":{"confidence_level":0.95,"lower_bound":163202.2849117175,"upper_bound":165683.59499263624},"point_estimate":164285.56003796868,"standard_error":737.4526242265815},"median_abs_dev":{"confidence_interval":{"confidence_level":0.95,"lower_bound":4474.016984291241,"upper_bound":7833.8021386731525},"point_estimate":6136.305673558801,"standard_error":892.1741842525571},"slope":{"confidence_interval":{"confidence_level":0.95,"lower_bound":164290.24102654352,"upper_bound":166907.94748187173},"point_estimate":165607.0764660432,"standard_error":666.9728133737382},"std_dev":{"confidence_interval":{"confidence_level":0.95,"lower_bound":6738.307996400204,"upper_bound":14019.84019822842},"point_estimate":10680.783600054787,"standard_error":1863.0811029001095}}