{"mean":{"confidence_interval":{"confidence_level":0.95,"lower_bound":59311018.00975,"upper_bound":63266974.382999994},"point_estimate":61264147.76,"standard_error":1011538.213238219},"median":{"confidence_interval":{"confidence_level":0.95,"lower_bound":56305318.5,"upper_bound":63603048.0},"point_estimate":58326843.5,"standard_error":1887319.2672366553},"median_abs_dev":{"confidence_interval":{"confidence_level":0.95,"lower_bound":7957074.769833684,"upper_bound":13016303.367814422},"point_estimate":10757826.952010393,"standard_error":1222992.1582921043},"slope":null,"std_dev":{"confidence_interval":{"confidence_level":0.95,"lower_bound":8917984.842923272,"upper_bound":11208364.947535714},"point_estimate":10160591.30819819,"standard_error":583485.068973735}}