{"mean":{"confidence_interval":{"confidence_level":0.95,"lower_bound":127184.68961209925,"upper_bound":133531.88684704257},"point_estimate":129867.42635652907,"standard_error":1644.0231574132943},"median":{"confidence_interval":{"confidence_level":0.95,"lower_bound":124852.10239651416,"upper_bound":125890.17328042327},"point_estimate":125195.27602171137,"standard_error":287.24122714213837},"median_abs_dev":{"confidence_interval":{"confidence_level":0.95,"lower_bound":1219.5353289845102,"upper_bound":2987.224525847927},"point_estimate":1925.4883193245214,"standard_error":451.4567919559907},"slope":{"confidence_interval":{"confidence_level":0.95,"lower_bound":124374.99254083786,"upper_bound":125147.18081392157},"point_estimate":124713.39242894438,"standard_error":196.85362835176377},"std_dev":{"confidence_interval":{"confidence_level":0.95,"lower_bound":5890.31801641265,"upper_bound":25883.44695665912},"point_estimate":16515.89132816721,"standard_error":5645.857840059652}}