{"mean":{"confidence_interval":{"confidence_level":0.95,"lower_bound":9834090.4005,"upper_bound":9913163.973124998},"point_estimate":9867618.56166667,"standard_error":20470.451150680576},"median":{"confidence_interval":{"confidence_level":0.95,"lower_bound":9793052.333333334,"upper_bound":9851628.166666666},"point_estimate":9817927.666666668,"standard_error":14104.478689139794},"median_abs_dev":{"confidence_interval":{"confidence_level":0.95,"lower_bound":50223.935869596484,"upper_bound":109244.14356052784},"point_estimate":75625.69495737644,"standard_error":14320.316135127956},"slope":null,"std_dev":{"confidence_interval":{"confidence_level":0.95,"lower_bound":85997.19056690573,"upper_bound":322085.8543372313},"point_estimate":205759.93117076714,"standard_error":71393.78419521176}}