{"mean":{"confidence_interval":{"confidence_level":0.95,"lower_bound":327418.8348119012,"upper_bound":339711.44236326346},"point_estimate":332818.35495205247,"standard_error":3166.4286113622506},"median":{"confidence_interval":{"confidence_level":0.95,"lower_bound":327903.20087837835,"upper_bound":335175.0989010989},"point_estimate":330482.2166380298,"standard_error":2169.338881650314},"median_abs_dev":{"confidence_interval":{"confidence_level":0.95,"lower_bound":11273.592125921337,"upper_bound":20713.114023480884},"point_estimate":15078.25041765192,"standard_error":2354.212267140471},"slope":{"confidence_interval":{"confidence_level":0.95,"lower_bound":323061.3063839723,"upper_bound":331798.0639461541},"point_estimate":327570.7297532141,"standard_error":2228.562584639408},"std_dev":{"confidence_interval":{"confidence_level":0.95,"lower_bound":16412.876921091476,"upper_bound":48519.340756933416},"point_estimate":31856.847892449416,"standard_error":9914.279742137958}}