{"mean":{"confidence_interval":{"confidence_level":0.95,"lower_bound":63437.71536311911,"upper_bound":66946.65523115134},"point_estimate":65060.364444127175,"standard_error":901.5399597309055},"median":{"confidence_interval":{"confidence_level":0.95,"lower_bound":61650.42442293373,"upper_bound":62701.23827705524},"point_estimate":62122.05549206486,"standard_error":262.846948711701},"median_abs_dev":{"confidence_interval":{"confidence_level":0.95,"lower_bound":1523.1867132194686,"upper_bound":2719.7394284466254},"point_estimate":2019.2214161745294,"standard_error":311.2412858628888},"slope":{"confidence_interval":{"confidence_level":0.95,"lower_bound":63596.18810624521,"upper_bound":67350.6205238627},"point_estimate":65270.34444457966,"standard_error":961.5818412111273},"std_dev":{"confidence_interval":{"confidence_level":0.95,"lower_bound":5564.183263195346,"upper_bound":11904.127316084245},"point_estimate":9108.898774297131,"standard_error":1614.4581682527082}}