{"mean":{"confidence_interval":{"confidence_level":0.95,"lower_bound":115957.85974023343,"upper_bound":123046.40755383832},"point_estimate":119021.2091657198,"standard_error":1836.562670221481},"median":{"confidence_interval":{"confidence_level":0.95,"lower_bound":114037.680866465,"upper_bound":116204.68166666667},"point_estimate":114743.78985042735,"standard_error":527.427328970341},"median_abs_dev":{"confidence_interval":{"confidence_level":0.95,"lower_bound":3461.7424580562365,"upper_bound":5678.1203788175535},"point_estimate":4575.238660552243,"standard_error":577.0337193963464},"slope":{"confidence_interval":{"confidence_level":0.95,"lower_bound":113641.18114076245,"upper_bound":115809.03103641997},"point_estimate":114737.88210551205,"standard_error":554.4639277448338},"std_dev":{"confidence_interval":{"confidence_level":0.95,"lower_bound":6301.295130910831,"upper_bound":28582.48902115672},"point_estimate":18522.270457420287,"standard_error":5975.97462059695}}