{"mean":{"confidence_interval":{"confidence_level":0.95,"lower_bound":309774.6409320095,"upper_bound":330167.5088696863},"point_estimate":319280.01067343005,"standard_error":5212.8226166073855},"median":{"confidence_interval":{"confidence_level":0.95,"lower_bound":301876.140625,"upper_bound":315093.82723880594},"point_estimate":309678.7754081306,"standard_error":3113.8987337550257},"median_abs_dev":{"confidence_interval":{"confidence_level":0.95,"lower_bound":26540.028234767524,"upper_bound":48215.762912399725},"point_estimate":35123.00076522076,"standard_error":5586.891297890684},"slope":{"confidence_interval":{"confidence_level":0.95,"lower_bound":305936.71030615666,"upper_bound":321004.75682474487},"point_estimate":313325.6948101079,"standard_error":3852.05332013911},"std_dev":{"confidence_interval":{"confidence_level":0.95,"lower_bound":34690.2794443549,"upper_bound":71971.1841314606},"point_estimate":52433.60518863373,"standard_error":10274.001009683292}}