{"mean":{"confidence_interval":{"confidence_level":0.95,"lower_bound":8526.00905886075,"upper_bound":8557.384141754674},"point_estimate":8541.846047825702,"standard_error":8.020748868682224},"median":{"confidence_interval":{"confidence_level":0.95,"lower_bound":8522.054187192118,"upper_bound":8570.68271072797},"point_estimate":8555.058729543383,"standard_error":10.683853056140252},"median_abs_dev":{"confidence_interval":{"confidence_level":0.95,"lower_bound":63.01317425130414,"upper_bound":105.7515240221942},"point_estimate":86.99903948994098,"standard_error":11.020580800245952},"slope":{"confidence_interval":{"confidence_level":0.95,"lower_bound":8524.771833012077,"upper_bound":8564.283905590833},"point_estimate":8544.830609575883,"standard_error":10.109252989901778},"std_dev":{"confidence_interval":{"confidence_level":0.95,"lower_bound":69.00604143630595,"upper_bound":91.42776003732965},"point_estimate":80.42586878308877,"standard_error":5.713453871965258}}