{"mean":{"confidence_interval":{"confidence_level":0.95,"lower_bound":53744.061786872466,"upper_bound":54221.27906778683},"point_estimate":53972.53335312602,"standard_error":121.21856379770296},"median":{"confidence_interval":{"confidence_level":0.95,"lower_bound":53482.58532695375,"upper_bound":53803.98126566416},"point_estimate":53661.036070394366,"standard_error":84.73222621593817},"median_abs_dev":{"confidence_interval":{"confidence_level":0.95,"lower_bound":504.1451765106101,"upper_bound":888.2083658100948},"point_estimate":651.6481568317444,"standard_error":95.01674982213872},"slope":{"confidence_interval":{"confidence_level":0.95,"lower_bound":53710.47163154897,"upper_bound":54168.59579137212},"point_estimate":53928.64429950301,"standard_error":117.71300177941205},"std_dev":{"confidence_interval":{"confidence_level":0.95,"lower_bound":923.912539059085,"upper_bound":1477.9402240766365},"point_estimate":1217.5170828188568,"standard_error":141.7134355986497}}