{"mean":{"confidence_interval":{"confidence_level":0.95,"lower_bound":11550.341442063662,"upper_bound":12119.033640309037},"point_estimate":11801.892346510562,"standard_error":146.54210368004513},"median":{"confidence_interval":{"confidence_level":0.95,"lower_bound":11418.790843373494,"upper_bound":11670.496683362664},"point_estimate":11500.949093995026,"standard_error":62.187274599345365},"median_abs_dev":{"confidence_interval":{"confidence_level":0.95,"lower_bound":363.07558814645523,"upper_bound":678.0761033546207},"point_estimate":453.135828019488,"standard_error":83.64458006961742},"slope":{"confidence_interval":{"confidence_level":0.95,"lower_bound":11767.193791795336,"upper_bound":12212.797532960823},"point_estimate":11981.412318783037,"standard_error":113.80391448287848},"std_dev":{"confidence_interval":{"confidence_level":0.95,"lower_bound":752.2599684362061,"upper_bound":2211.9943041830775},"point_estimate":1476.2432210764684,"standard_error":422.6869853157313}}