{"mean":{"confidence_interval":{"confidence_level":0.95,"lower_bound":73151.94044444573,"upper_bound":76162.5734959809},"point_estimate":74563.42707477535,"standard_error":770.2342942750471},"median":{"confidence_interval":{"confidence_level":0.95,"lower_bound":71024.17711442786,"upper_bound":72275.26258503401},"point_estimate":71631.03881606326,"standard_error":324.78960168107824},"median_abs_dev":{"confidence_interval":{"confidence_level":0.95,"lower_bound":1610.8950949973455,"upper_bound":3437.576613766835},"point_estimate":2254.059597713533,"standard_error":470.13131359907294},"slope":{"confidence_interval":{"confidence_level":0.95,"lower_bound":70911.46660220022,"upper_bound":72834.28843709911},"point_estimate":71747.09442116151,"standard_error":500.363008013554},"std_dev":{"confidence_interval":{"confidence_level":0.95,"lower_bound":5422.259090279818,"upper_bound":9753.397861114185},"point_estimate":7731.123948965623,"standard_error":1109.736248925535}}