{"mean":{"confidence_interval":{"confidence_level":0.95,"lower_bound":2372797.024260418,"upper_bound":2442402.4045833335},"point_estimate":2406869.9333333336,"standard_error":17714.83095835625},"median":{"confidence_interval":{"confidence_level":0.95,"lower_bound":2346040.8333333335,"upper_bound":2423766.2708333335},"point_estimate":2386380.520833333,"standard_error":19920.64605326871},"median_abs_dev":{"confidence_interval":{"confidence_level":0.95,"lower_bound":122815.09153209615,"upper_bound":215855.9239181037},"point_estimate":166264.38257321657,"standard_error":23712.099767952215},"slope":null,"std_dev":{"confidence_interval":{"confidence_level":0.95,"lower_bound":147677.13598870518,"upper_bound":208648.3028493764},"point_estimate":178220.9744607448,"standard_error":15655.785007003191}}