{"mean":{"confidence_interval":{"confidence_level":0.95,"lower_bound":3889.820488785282,"upper_bound":4010.225214023427},"point_estimate":3950.609683519375,"standard_error":30.805061815187322},"median":{"confidence_interval":{"confidence_level":0.95,"lower_bound":3970.95406626506,"upper_bound":4052.571619812584},"point_estimate":4009.1600224824024,"standard_error":20.173866453637693},"median_abs_dev":{"confidence_interval":{"confidence_level":0.95,"lower_bound":175.9015405671309,"upper_bound":316.54143953056456},"point_estimate":234.13209318654333,"standard_error":34.65922014018598},"slope":{"confidence_interval":{"confidence_level":0.95,"lower_bound":3987.053442320059,"upper_bound":4057.93844400345},"point_estimate":4023.0386738619914,"standard_error":18.174811458065015},"std_dev":{"confidence_interval":{"confidence_level":0.95,"lower_bound":256.3543431210135,"upper_bound":356.284393785275},"point_estimate":309.1709872457958,"standard_error":25.527733260416554}}