{"mean":{"confidence_interval":{"confidence_level":0.95,"lower_bound":1575019.4548659557,"upper_bound":1652829.21178225},"point_estimate":1610690.1806202722,"standard_error":19966.28985074784},"median":{"confidence_interval":{"confidence_level":0.95,"lower_bound":1534418.0,"upper_bound":1584383.435897436},"point_estimate":1560614.807936508,"standard_error":11948.298023670155},"median_abs_dev":{"confidence_interval":{"confidence_level":0.95,"lower_bound":63942.664701385394,"upper_bound":109018.66176442035},"point_estimate":84335.19496775098,"standard_error":11225.006607004882},"slope":{"confidence_interval":{"confidence_level":0.95,"lower_bound":1534991.8270220235,"upper_bound":1613155.3020270935},"point_estimate":1567234.21226245,"standard_error":20323.991050024313},"std_dev":{"confidence_interval":{"confidence_level":0.95,"lower_bound":118967.71070523985,"upper_bound":271317.68039717426},"point_estimate":201063.9985223567,"standard_error":39069.95537076621}}