{"mean":{"confidence_interval":{"confidence_level":0.95,"lower_bound":117825.49332831978,"upper_bound":119178.18199399255},"point_estimate":118436.58931253065,"standard_error":347.2646734114804},"median":{"confidence_interval":{"confidence_level":0.95,"lower_bound":117409.12700617284,"upper_bound":117789.7149758454},"point_estimate":117625.15389009139,"standard_error":108.06375669798673},"median_abs_dev":{"confidence_interval":{"confidence_level":0.95,"lower_bound":780.2191494883941,"upper_bound":1481.0206352730988},"point_estimate":1063.8503863229378,"standard_error":177.76914018002694},"slope":{"confidence_interval":{"confidence_level":0.95,"lower_bound":117392.08667130333,"upper_bound":118142.06746036866},"point_estimate":117735.20316437614,"standard_error":191.85111540821774},"std_dev":{"confidence_interval":{"confidence_level":0.95,"lower_bound":1863.8835736148114,"upper_bound":4960.846087814205},"point_estimate":3482.6750480881515,"standard_error":812.7891427117834}}