{"mean":{"confidence_interval":{"confidence_level":0.95,"lower_bound":1959154.548273869,"upper_bound":1986611.346743887},"point_estimate":1972607.2108241834,"standard_error":7004.427676685406},"median":{"confidence_interval":{"confidence_level":0.95,"lower_bound":1941641.7116596638,"upper_bound":1975271.080209895},"point_estimate":1960271.3885710095,"standard_error":8794.17182266474},"median_abs_dev":{"confidence_interval":{"confidence_level":0.95,"lower_bound":49969.88162003638,"upper_bound":80367.94450710916},"point_estimate":64207.54278273966,"standard_error":7552.428869136235},"slope":{"confidence_interval":{"confidence_level":0.95,"lower_bound":1957321.1194084769,"upper_bound":1988603.9975860852},"point_estimate":1972337.450036944,"standard_error":7997.633991712447},"std_dev":{"confidence_interval":{"confidence_level":0.95,"lower_bound":59953.01677612996,"upper_bound":79039.50560723482},"point_estimate":70358.47399816405,"standard_error":4859.744341879739}}