{"mean":{"confidence_interval":{"confidence_level":0.95,"lower_bound":1856980.2376270744,"upper_bound":1880340.7732274598},"point_estimate":1866638.6590946608,"standard_error":6074.62326898291},"median":{"confidence_interval":{"confidence_level":0.95,"lower_bound":1851492.4916666667,"upper_bound":1859154.4838709678},"point_estimate":1855403.1237704917,"standard_error":2079.4651231375765},"median_abs_dev":{"confidence_interval":{"confidence_level":0.95,"lower_bound":9551.803885421405,"upper_bound":15000.767746399837},"point_estimate":11574.630436854542,"standard_error":1414.3281051665767},"slope":{"confidence_interval":{"confidence_level":0.95,"lower_bound":1852135.931120214,"upper_bound":1862063.6482224967},"point_estimate":1856141.9243505246,"standard_error":2571.6777492556516},"std_dev":{"confidence_interval":{"confidence_level":0.95,"lower_bound":19914.91949174081,"upper_bound":96508.22889011327},"point_estimate":60728.49212592996,"standard_error":22372.62737026152}}