{"mean":{"confidence_interval":{"confidence_level":0.95,"lower_bound":157959.72950451178,"upper_bound":168009.9977777837},"point_estimate":162512.99064302898,"standard_error":2580.474479692164},"median":{"confidence_interval":{"confidence_level":0.95,"lower_bound":150948.11822106465,"upper_bound":156546.73142857142},"point_estimate":153870.1482786663,"standard_error":1430.5685574252198},"median_abs_dev":{"confidence_interval":{"confidence_level":0.95,"lower_bound":3452.5975020635824,"upper_bound":9949.363246598748},"point_estimate":6862.713905567696,"standard_error":1692.869656662149},"slope":{"confidence_interval":{"confidence_level":0.95,"lower_bound":153845.53018013545,"upper_bound":158138.58917284562},"point_estimate":155878.56437881314,"standard_error":1100.7448198674008},"std_dev":{"confidence_interval":{"confidence_level":0.95,"lower_bound":14593.941995394973,"upper_bound":36620.722531422296},"point_estimate":25908.608985143186,"standard_error":5778.445619374863}}