{"mean":{"confidence_interval":{"confidence_level":0.95,"lower_bound":12761961.495249998,"upper_bound":13034085.256000005},"point_estimate":12894971.158000002,"standard_error":69671.03225258512},"median":{"confidence_interval":{"confidence_level":0.95,"lower_bound":12607680.0,"upper_bound":12926262.6},"point_estimate":12833562.0,"standard_error":68169.67037157743},"median_abs_dev":{"confidence_interval":{"confidence_level":0.95,"lower_bound":395975.91443002445,"upper_bound":728421.975207924},"point_estimate":581894.9889492999,"standard_error":84613.44415577463},"slope":null,"std_dev":{"confidence_interval":{"confidence_level":0.95,"lower_bound":567450.2045819389,"upper_bound":812316.9481285329},"point_estimate":698228.6130601489,"standard_error":62881.028602644685}}