{"mean":{"confidence_interval":{"confidence_level":0.95,"lower_bound":646370.1636312457,"upper_bound":679118.0076461216},"point_estimate":660832.5799418319,"standard_error":8451.305724038166},"median":{"confidence_interval":{"confidence_level":0.95,"lower_bound":636972.6722222222,"upper_bound":647118.7669878297},"point_estimate":643382.3332122093,"standard_error":2911.4747526589813},"median_abs_dev":{"confidence_interval":{"confidence_level":0.95,"lower_bound":22961.686299447985,"upper_bound":39804.970103775624},"point_estimate":31811.64439459698,"standard_error":4357.109696315936},"slope":{"confidence_interval":{"confidence_level":0.95,"lower_bound":626542.5449090967,"upper_bound":640020.2133907306},"point_estimate":632778.7582340771,"standard_error":3436.4302543038048},"std_dev":{"confidence_interval":{"confidence_level":0.95,"lower_bound":37538.47293557899,"upper_bound":126539.83110794},"point_estimate":84623.00667562558,"standard_error":23393.899433597904}}