{"mean":{"confidence_interval":{"confidence_level":0.95,"lower_bound":15204058.4354375,"upper_bound":15463006.345625},"point_estimate":15327866.42,"standard_error":65981.44246323335},"median":{"confidence_interval":{"confidence_level":0.95,"lower_bound":15052896.0,"upper_bound":15258334.625},"point_estimate":15118588.125,"standard_error":51887.0288447658},"median_abs_dev":{"confidence_interval":{"confidence_level":0.95,"lower_bound":267627.64242365956,"upper_bound":487588.58374357224},"point_estimate":354106.216288358,"standard_error":57767.87032630062},"slope":null,"std_dev":{"confidence_interval":{"confidence_level":0.95,"lower_bound":489740.502509003,"upper_bound":824812.4307170317},"point_estimate":665373.027825789,"standard_error":85651.77958653875}}