{"mean":{"confidence_interval":{"confidence_level":0.95,"lower_bound":2234033.5115217376,"upper_bound":2253352.9663043483},"point_estimate":2243454.7895652167,"standard_error":4912.0893311452355},"median":{"confidence_interval":{"confidence_level":0.95,"lower_bound":2227326.6739130435,"upper_bound":2239137.913043478},"point_estimate":2230011.5869565215,"standard_error":3287.0450726909503},"median_abs_dev":{"confidence_interval":{"confidence_level":0.95,"lower_bound":18885.487386455035,"upper_bound":41178.60189067279},"point_estimate":29556.726310045524,"standard_error":5717.783044573151},"slope":null,"std_dev":{"confidence_interval":{"confidence_level":0.95,"lower_bound":38074.676945800195,"upper_bound":60082.10289423709},"point_estimate":49370.47296980043,"standard_error":5639.359356780161}}