{"mean":{"confidence_interval":{"confidence_level":0.95,"lower_bound":1532984.6305247347,"upper_bound":1633024.7815823283},"point_estimate":1578878.5432733914,"standard_error":25721.114193089776},"median":{"confidence_interval":{"confidence_level":0.95,"lower_bound":1507375.0784313725,"upper_bound":1595233.875},"point_estimate":1558015.0615060045,"standard_error":21095.141278879262},"median_abs_dev":{"confidence_interval":{"confidence_level":0.95,"lower_bound":117217.57219031846,"upper_bound":200868.2400471323},"point_estimate":156150.84305390652,"standard_error":20891.70230531179},"slope":{"confidence_interval":{"confidence_level":0.95,"lower_bound":1472490.8390559081,"upper_bound":1546837.4910529228},"point_estimate":1508385.4739589184,"standard_error":18974.051985729646},"std_dev":{"confidence_interval":{"confidence_level":0.95,"lower_bound":149359.64554049514,"upper_bound":356124.71633197507},"point_estimate":258456.21961024933,"standard_error":54865.93280226059}}