{"mean":{"confidence_interval":{"confidence_level":0.95,"lower_bound":304600.7101782412,"upper_bound":323187.90528375685},"point_estimate":312948.0440109326,"standard_error":4771.415513199515},"median":{"confidence_interval":{"confidence_level":0.95,"lower_bound":293271.771978022,"upper_bound":307174.90555555554},"point_estimate":297681.8866284911,"standard_error":3737.4693177033064},"median_abs_dev":{"confidence_interval":{"confidence_level":0.95,"lower_bound":17659.79039182176,"upper_bound":33778.465901533185},"point_estimate":24163.879920335916,"standard_error":4584.52392136015},"slope":{"confidence_interval":{"confidence_level":0.95,"lower_bound":299122.9825680984,"upper_bound":316887.98700747394},"point_estimate":307373.506863455,"standard_error":4552.16805173716},"std_dev":{"confidence_interval":{"confidence_level":0.95,"lower_bound":27177.76944668723,"upper_bound":70078.93419604741},"point_estimate":47953.535354886626,"standard_error":12632.268356626693}}