{"mean":{"confidence_interval":{"confidence_level":0.95,"lower_bound":21598604.222166665,"upper_bound":21877594.449666664},"point_estimate":21733068.26333333,"standard_error":71163.89960397387},"median":{"confidence_interval":{"confidence_level":0.95,"lower_bound":21468000.0,"upper_bound":21846473.666666668},"point_estimate":21591727.0,"standard_error":85909.78156293322},"median_abs_dev":{"confidence_interval":{"confidence_level":0.95,"lower_bound":479291.9542908641,"upper_bound":918857.6608195157},"point_estimate":730047.3001390714,"standard_error":117235.71538819725},"slope":null,"std_dev":{"confidence_interval":{"confidence_level":0.95,"lower_bound":557253.1654287719,"upper_bound":922445.8366613548},"point_estimate":719657.5124430697,"standard_error":102469.3013349943}}