{"mean":{"confidence_interval":{"confidence_level":0.95,"lower_bound":31322806.065375,"upper_bound":31856412.97375},"point_estimate":31582568.59,"standard_error":136593.77228900246},"median":{"confidence_interval":{"confidence_level":0.95,"lower_bound":30940687.0,"upper_bound":31526667.0},"point_estimate":31344607.5,"standard_error":149721.1434621181},"median_abs_dev":{"confidence_interval":{"confidence_level":0.95,"lower_bound":865994.0576255322,"upper_bound":1524560.5181336403},"point_estimate":1186399.8498871922,"standard_error":169572.87921727714},"slope":null,"std_dev":{"confidence_interval":{"confidence_level":0.95,"lower_bound":1138706.8297330495,"upper_bound":1581141.025903415},"point_estimate":1376299.9452341662,"standard_error":112693.09475706311}}