{"mean":{"confidence_interval":{"confidence_level":0.95,"lower_bound":4534.692503532626,"upper_bound":4646.125515357971},"point_estimate":4589.368474278186,"standard_error":28.459811391355903},"median":{"confidence_interval":{"confidence_level":0.95,"lower_bound":4492.172327672328,"upper_bound":4616.145849802371},"point_estimate":4541.505432037769,"standard_error":29.235784247515298},"median_abs_dev":{"confidence_interval":{"confidence_level":0.95,"lower_bound":180.02340536535718,"upper_bound":300.8825602598708},"point_estimate":231.8571823840098,"standard_error":31.51934030776528},"slope":{"confidence_interval":{"confidence_level":0.95,"lower_bound":4550.876753934861,"upper_bound":4663.688277526053},"point_estimate":4604.553737737953,"standard_error":28.87737255024878},"std_dev":{"confidence_interval":{"confidence_level":0.95,"lower_bound":236.1262962849054,"upper_bound":332.2904549731871},"point_estimate":286.1162019773085,"standard_error":24.57606149076399}}