{"mean":{"confidence_interval":{"confidence_level":0.95,"lower_bound":1622068.9034771444,"upper_bound":1697609.5875868292},"point_estimate":1656652.7294444374,"standard_error":19330.729672478574},"median":{"confidence_interval":{"confidence_level":0.95,"lower_bound":1602943.5409836066,"upper_bound":1634482.4583333335},"point_estimate":1624962.0477272728,"standard_error":8245.354848730198},"median_abs_dev":{"confidence_interval":{"confidence_level":0.95,"lower_bound":76930.56710037115,"upper_bound":126352.92896332336},"point_estimate":99245.18465402289,"standard_error":12124.550627198467},"slope":{"confidence_interval":{"confidence_level":0.95,"lower_bound":1582576.441468046,"upper_bound":1629652.6353104387},"point_estimate":1606247.0097443475,"standard_error":12044.26399391672},"std_dev":{"confidence_interval":{"confidence_level":0.95,"lower_bound":113932.34394710265,"upper_bound":272503.802620739},"point_estimate":194479.92846164713,"standard_error":41983.492678629686}}