{"mean":{"confidence_interval":{"confidence_level":0.95,"lower_bound":59920.73901561017,"upper_bound":60566.06829219031},"point_estimate":60212.81394528196,"standard_error":165.48568851944273},"median":{"confidence_interval":{"confidence_level":0.95,"lower_bound":59791.60154061625,"upper_bound":60147.83737024222},"point_estimate":59995.14634146342,"standard_error":91.07942450664932},"median_abs_dev":{"confidence_interval":{"confidence_level":0.95,"lower_bound":625.5207974380419,"upper_bound":1065.953778155123},"point_estimate":820.5202246241191,"standard_error":111.52287522779517},"slope":{"confidence_interval":{"confidence_level":0.95,"lower_bound":59827.99361673068,"upper_bound":60142.8618662681},"point_estimate":59984.1711928998,"standard_error":80.19859096157232},"std_dev":{"confidence_interval":{"confidence_level":0.95,"lower_bound":863.4122838933107,"upper_bound":2399.1027289934887},"point_estimate":1661.5037897725638,"standard_error":410.08234387701293}}