{"mean":{"confidence_interval":{"confidence_level":0.95,"lower_bound":297376.82047344407,"upper_bound":308554.98765712255},"point_estimate":301894.21580003464,"standard_error":2909.3657641062036},"median":{"confidence_interval":{"confidence_level":0.95,"lower_bound":293789.375,"upper_bound":298218.0993975904},"point_estimate":295454.47887073865,"standard_error":977.102878997506},"median_abs_dev":{"confidence_interval":{"confidence_level":0.95,"lower_bound":5436.498293053629,"upper_bound":10751.336298476637},"point_estimate":7937.804987543557,"standard_error":1288.8204058222263},"slope":{"confidence_interval":{"confidence_level":0.95,"lower_bound":293504.1827370938,"upper_bound":300956.14029311377},"point_estimate":296415.63822003844,"standard_error":1945.3059892889182},"std_dev":{"confidence_interval":{"confidence_level":0.95,"lower_bound":10595.701601262954,"upper_bound":46610.52975568305},"point_estimate":29067.15043158637,"standard_error":11427.413747101265}}