{"mean":{"confidence_interval":{"confidence_level":0.95,"lower_bound":928767.0802661617,"upper_bound":948864.4939497776},"point_estimate":938479.6207781784,"standard_error":5114.477738334544},"median":{"confidence_interval":{"confidence_level":0.95,"lower_bound":931483.5846354167,"upper_bound":940886.852887427},"point_estimate":936978.5468594836,"standard_error":2300.596111048036},"median_abs_dev":{"confidence_interval":{"confidence_level":0.95,"lower_bound":20696.524330684926,"upper_bound":39392.9480563172},"point_estimate":29146.570502007904,"standard_error":4618.135681371231},"slope":{"confidence_interval":{"confidence_level":0.95,"lower_bound":908327.493036454,"upper_bound":932520.3527240118},"point_estimate":920139.0266380967,"standard_error":6135.087786759737},"std_dev":{"confidence_interval":{"confidence_level":0.95,"lower_bound":37890.53943992312,"upper_bound":65094.491706880566},"point_estimate":51313.08652422539,"standard_error":7112.214470177986}}