{"mean":{"confidence_interval":{"confidence_level":0.95,"lower_bound":139685.8337418129,"upper_bound":155564.91983692048},"point_estimate":146517.25205446736,"standard_error":4094.045290002392},"median":{"confidence_interval":{"confidence_level":0.95,"lower_bound":134382.0262340634,"upper_bound":138394.76483951817},"point_estimate":136421.37085921323,"standard_error":995.468783439745},"median_abs_dev":{"confidence_interval":{"confidence_level":0.95,"lower_bound":5484.751522626219,"upper_bound":9690.13850352121},"point_estimate":7415.117668766063,"standard_error":1064.1233820957889},"slope":{"confidence_interval":{"confidence_level":0.95,"lower_bound":135084.34502193835,"upper_bound":138782.06540168784},"point_estimate":136931.30429183642,"standard_error":943.267686086257},"std_dev":{"confidence_interval":{"confidence_level":0.95,"lower_bound":16367.394979446619,"upper_bound":62699.62671019871},"point_estimate":41062.942266685226,"standard_error":12487.905107988685}}