{"mean":{"confidence_interval":{"confidence_level":0.95,"lower_bound":106911.37417224314,"upper_bound":111017.61619945674},"point_estimate":108879.36445900443,"standard_error":1047.8630225271334},"median":{"confidence_interval":{"confidence_level":0.95,"lower_bound":105393.41439634665,"upper_bound":107476.23271604939},"point_estimate":106326.5322273493,"standard_error":644.9927581892293},"median_abs_dev":{"confidence_interval":{"confidence_level":0.95,"lower_bound":3721.866287659294,"upper_bound":8285.683497982294},"point_estimate":5177.804331967393,"standard_error":1203.8339339691615},"slope":{"confidence_interval":{"confidence_level":0.95,"lower_bound":106865.53090013424,"upper_bound":109783.09735750232},"point_estimate":108188.5726154705,"standard_error":746.5105565689482},"std_dev":{"confidence_interval":{"confidence_level":0.95,"lower_bound":7998.477355199362,"upper_bound":12836.70542988318},"point_estimate":10545.097664826228,"standard_error":1240.7128069979601}}