{"mean":{"confidence_interval":{"confidence_level":0.95,"lower_bound":281791.3768678054,"upper_bound":288242.4986511129},"point_estimate":284848.82394871087,"standard_error":1646.1998775002842},"median":{"confidence_interval":{"confidence_level":0.95,"lower_bound":277709.01045879675,"upper_bound":285110.9},"point_estimate":281494.9766954787,"standard_error":1841.4783966635403},"median_abs_dev":{"confidence_interval":{"confidence_level":0.95,"lower_bound":9532.826627351571,"upper_bound":15880.100769761024},"point_estimate":12678.661600518539,"standard_error":1712.0424943169623},"slope":{"confidence_interval":{"confidence_level":0.95,"lower_bound":278074.9904203934,"upper_bound":286075.74547654274},"point_estimate":281763.8744753953,"standard_error":2039.6061004387313},"std_dev":{"confidence_interval":{"confidence_level":0.95,"lower_bound":11498.58589298679,"upper_bound":22009.84902108677},"point_estimate":16551.326674313394,"standard_error":2775.1333590842064}}