{"mean":{"confidence_interval":{"confidence_level":0.95,"lower_bound":1601032.7846064928,"upper_bound":1619479.4199308741},"point_estimate":1609651.5411678741,"standard_error":4713.492886470056},"median":{"confidence_interval":{"confidence_level":0.95,"lower_bound":1588213.7627118644,"upper_bound":1601724.4761904762},"point_estimate":1593403.9597839136,"standard_error":3407.99263908259},"median_abs_dev":{"confidence_interval":{"confidence_level":0.95,"lower_bound":16532.86450474821,"upper_bound":33954.2091139757},"point_estimate":25871.07619976097,"standard_error":4862.961397892212},"slope":{"confidence_interval":{"confidence_level":0.95,"lower_bound":1586806.0093783694,"upper_bound":1598314.289043581},"point_estimate":1592117.6253465347,"standard_error":2936.8236346796994},"std_dev":{"confidence_interval":{"confidence_level":0.95,"lower_bound":32072.32033327982,"upper_bound":62303.28101598674},"point_estimate":47495.28704169429,"standard_error":7812.453950214223}}