{"mean":{"confidence_interval":{"confidence_level":0.95,"lower_bound":224658.80754258556,"upper_bound":233863.1263558306},"point_estimate":228890.16195762306,"standard_error":2355.8635722536287},"median":{"confidence_interval":{"confidence_level":0.95,"lower_bound":222853.4108108108,"upper_bound":228591.92},"point_estimate":225484.99203843513,"standard_error":1457.9545435380292},"median_abs_dev":{"confidence_interval":{"confidence_level":0.95,"lower_bound":9074.319712181914,"upper_bound":16792.305704267335},"point_estimate":13101.727256075821,"standard_error":1950.897866946047},"slope":{"confidence_interval":{"confidence_level":0.95,"lower_bound":225435.6407397499,"upper_bound":233424.2927728602},"point_estimate":229223.96505925816,"standard_error":2042.7535233901035},"std_dev":{"confidence_interval":{"confidence_level":0.95,"lower_bound":15011.347657854198,"upper_bound":33341.451961910934},"point_estimate":23674.97608813105,"standard_error":5281.727974954681}}