{"mean":{"confidence_interval":{"confidence_level":0.95,"lower_bound":1220345.863854283,"upper_bound":1297073.5880430518},"point_estimate":1252587.2945979128,"standard_error":19877.07729672068},"median":{"confidence_interval":{"confidence_level":0.95,"lower_bound":1194920.3030303032,"upper_bound":1221441.9350649351},"point_estimate":1207757.7942039617,"standard_error":7229.793170689774},"median_abs_dev":{"confidence_interval":{"confidence_level":0.95,"lower_bound":41988.640539167885,"upper_bound":76508.18150830457},"point_estimate":58533.9426983149,"standard_error":9016.189793569722},"slope":{"confidence_interval":{"confidence_level":0.95,"lower_bound":1197979.4262933508,"upper_bound":1238470.6353060915},"point_estimate":1216146.9083316093,"standard_error":10371.194381126199},"std_dev":{"confidence_interval":{"confidence_level":0.95,"lower_bound":77494.13330044427,"upper_bound":314101.46651720715},"point_estimate":199696.99409267915,"standard_error":71394.58790140037}}