{"mean":{"confidence_interval":{"confidence_level":0.95,"lower_bound":101282.76061266153,"upper_bound":103123.89147927744},"point_estimate":102126.77924574826,"standard_error":469.2691836736211},"median":{"confidence_interval":{"confidence_level":0.95,"lower_bound":100429.82105263158,"upper_bound":101679.27212643679},"point_estimate":101124.01323891626,"standard_error":351.9450684412993},"median_abs_dev":{"confidence_interval":{"confidence_level":0.95,"lower_bound":1531.3540363813486,"upper_bound":2582.500268186535},"point_estimate":2120.3030059802786,"standard_error":269.68417181260963},"slope":{"confidence_interval":{"confidence_level":0.95,"lower_bound":100581.8879341183,"upper_bound":101430.66519425042},"point_estimate":100994.9218770504,"standard_error":217.11293265830795},"std_dev":{"confidence_interval":{"confidence_level":0.95,"lower_bound":2624.1360119002998,"upper_bound":6570.826511285714},"point_estimate":4715.081681885223,"standard_error":1023.6378473651401}}