{"mean":{"confidence_interval":{"confidence_level":0.95,"lower_bound":72026.22172996175,"upper_bound":74756.10747705097},"point_estimate":73309.09534965215,"standard_error":700.5573618253964},"median":{"confidence_interval":{"confidence_level":0.95,"lower_bound":70188.45034722223,"upper_bound":71710.28568899253},"point_estimate":70994.28695838696,"standard_error":350.4848874403094},"median_abs_dev":{"confidence_interval":{"confidence_level":0.95,"lower_bound":2215.8453404778897,"upper_bound":3912.3374581576795},"point_estimate":3000.281166238871,"standard_error":425.95455654199264},"slope":{"confidence_interval":{"confidence_level":0.95,"lower_bound":70697.57694166212,"upper_bound":72125.2768389739},"point_estimate":71375.76850716713,"standard_error":364.28885381475163},"std_dev":{"confidence_interval":{"confidence_level":0.95,"lower_bound":4935.8614223714285,"upper_bound":8745.082544920097},"point_estimate":6999.8677022412385,"standard_error":977.9129144409924}}