{"mean":{"confidence_interval":{"confidence_level":0.95,"lower_bound":24901165.355750002,"upper_bound":25425783.537583336},"point_estimate":25146098.246666674,"standard_error":133888.00770168597},"median":{"confidence_interval":{"confidence_level":0.95,"lower_bound":25014973.833333336,"upper_bound":25373512.333333332},"point_estimate":25155626.0,"standard_error":91828.13828973584},"median_abs_dev":{"confidence_interval":{"confidence_level":0.95,"lower_bound":555192.6715433635,"upper_bound":914135.3142708521},"point_estimate":762611.3730609426,"standard_error":92473.27147680636},"slope":null,"std_dev":{"confidence_interval":{"confidence_level":0.95,"lower_bound":817747.4657192739,"upper_bound":1943852.0499397942},"point_estimate":1347293.9741662003,"standard_error":325836.6649496881}}