{"mean":{"confidence_interval":{"confidence_level":0.95,"lower_bound":288477.25069409236,"upper_bound":293205.7167082872},"point_estimate":290731.3423249319,"standard_error":1212.0589392206732},"median":{"confidence_interval":{"confidence_level":0.95,"lower_bound":286840.3253205128,"upper_bound":289580.74818840576},"point_estimate":288461.1695614035,"standard_error":764.4099476211769},"median_abs_dev":{"confidence_interval":{"confidence_level":0.95,"lower_bound":5835.293079539663,"upper_bound":11160.780365456587},"point_estimate":8216.547909099278,"standard_error":1356.7140391290777},"slope":{"confidence_interval":{"confidence_level":0.95,"lower_bound":285880.4611087888,"upper_bound":291515.4280224831},"point_estimate":288607.9502948131,"standard_error":1430.093225374573},"std_dev":{"confidence_interval":{"confidence_level":0.95,"lower_bound":8803.024136182728,"upper_bound":15285.201129276962},"point_estimate":12208.404870059412,"standard_error":1658.9892876820002}}