{"mean":{"confidence_interval":{"confidence_level":0.95,"lower_bound":4377.467639896251,"upper_bound":4380.741030437526},"point_estimate":4379.085154201365,"standard_error":0.8272708126356589},"median":{"confidence_interval":{"confidence_level":0.95,"lower_bound":4377.19566273646,"upper_bound":4380.18825256975},"point_estimate":4378.761237620483,"standard_error":0.6686948431391911},"median_abs_dev":{"confidence_interval":{"confidence_level":0.95,"lower_bound":4.539364546616165,"upper_bound":7.792514352148616},"point_estimate":6.01983258040509,"standard_error":0.8620248839796919},"slope":{"confidence_interval":{"confidence_level":0.95,"lower_bound":4375.626929310283,"upper_bound":4378.738495972397},"point_estimate":4377.164387592286,"standard_error":0.7887396351776461},"std_dev":{"confidence_interval":{"confidence_level":0.95,"lower_bound":6.5599137074500025,"upper_bound":10.082492719640536},"point_estimate":8.359233503470858,"standard_error":0.9049009748581809}}