{"mean":{"confidence_interval":{"confidence_level":0.95,"lower_bound":540551.7664869385,"upper_bound":573368.2028449739},"point_estimate":555464.2681530252,"standard_error":8414.676764743059},"median":{"confidence_interval":{"confidence_level":0.95,"lower_bound":522244.22993230174,"upper_bound":537287.2846153846},"point_estimate":529781.29,"standard_error":4272.454288192908},"median_abs_dev":{"confidence_interval":{"confidence_level":0.95,"lower_bound":22523.296000044866,"upper_bound":42147.497671929734},"point_estimate":31661.38343155329,"standard_error":5246.312726174806},"slope":{"confidence_interval":{"confidence_level":0.95,"lower_bound":523182.5298751048,"upper_bound":539312.5098177149},"point_estimate":530753.6930116743,"standard_error":4105.769293538317},"std_dev":{"confidence_interval":{"confidence_level":0.95,"lower_bound":47436.660716725775,"upper_bound":115619.53681592352},"point_estimate":84511.9135510845,"standard_error":17420.813680075706}}