{"mean":{"confidence_interval":{"confidence_level":0.95,"lower_bound":121992.45447874816,"upper_bound":126071.13303658183},"point_estimate":123787.81315358174,"standard_error":1049.2801533901902},"median":{"confidence_interval":{"confidence_level":0.95,"lower_bound":120653.04670516304,"upper_bound":121970.33928571429},"point_estimate":121336.078542205,"standard_error":341.4516093911442},"median_abs_dev":{"confidence_interval":{"confidence_level":0.95,"lower_bound":2171.8531985409595,"upper_bound":4090.4454121557155},"point_estimate":3307.044287255969,"standard_error":527.7517031121414},"slope":{"confidence_interval":{"confidence_level":0.95,"lower_bound":121793.40270929635,"upper_bound":125902.64644123885},"point_estimate":123583.98555822374,"standard_error":1057.7151336492843},"std_dev":{"confidence_interval":{"confidence_level":0.95,"lower_bound":4081.6084503208563,"upper_bound":15334.317095549055},"point_estimate":10555.100313363793,"standard_error":2840.928004470789}}