{"mean":{"confidence_interval":{"confidence_level":0.95,"lower_bound":116521.22823698567,"upper_bound":120151.50218374137},"point_estimate":118262.51147253696,"standard_error":928.6155196404143},"median":{"confidence_interval":{"confidence_level":0.95,"lower_bound":115262.58333333333,"upper_bound":116729.72037037037},"point_estimate":116051.39939458689,"standard_error":448.79197915771664},"median_abs_dev":{"confidence_interval":{"confidence_level":0.95,"lower_bound":4757.3901862465,"upper_bound":7876.4255505562},"point_estimate":6137.583550840027,"standard_error":858.0236545906188},"slope":{"confidence_interval":{"confidence_level":0.95,"lower_bound":115568.08866285754,"upper_bound":120121.3203276296},"point_estimate":117673.53109436316,"standard_error":1164.3541961296892},"std_dev":{"confidence_interval":{"confidence_level":0.95,"lower_bound":7027.370379718899,"upper_bound":11528.312164046882},"point_estimate":9394.114639029496,"standard_error":1153.9517748145322}}