{"mean":{"confidence_interval":{"confidence_level":0.95,"lower_bound":191555.46707771733,"upper_bound":199509.4313534776},"point_estimate":195306.3151053746,"standard_error":2038.7751992457772},"median":{"confidence_interval":{"confidence_level":0.95,"lower_bound":188226.04945687953,"upper_bound":193850.29710144928},"point_estimate":191023.23462441313,"standard_error":1202.0782872462753},"median_abs_dev":{"confidence_interval":{"confidence_level":0.95,"lower_bound":7746.729278014065,"upper_bound":14451.635333218763},"point_estimate":9552.008092470334,"standard_error":1700.6446387375238},"slope":{"confidence_interval":{"confidence_level":0.95,"lower_bound":190697.63321599504,"upper_bound":198837.27248832793},"point_estimate":194494.7859652234,"standard_error":2083.772729701219},"std_dev":{"confidence_interval":{"confidence_level":0.95,"lower_bound":14100.380581929187,"upper_bound":27168.847240629762},"point_estimate":20445.18943267903,"standard_error":3492.4804539684937}}