{"mean":{"confidence_interval":{"confidence_level":0.95,"lower_bound":102550.24321439037,"upper_bound":103468.70398784705},"point_estimate":102995.55551845249,"standard_error":234.39160439041066},"median":{"confidence_interval":{"confidence_level":0.95,"lower_bound":102226.80907653384,"upper_bound":103269.33111111111},"point_estimate":102878.05731132075,"standard_error":248.79512072102202},"median_abs_dev":{"confidence_interval":{"confidence_level":0.95,"lower_bound":1372.8207897761677,"upper_bound":2322.9368150929668},"point_estimate":1954.5593630395144,"standard_error":247.64047622388048},"slope":{"confidence_interval":{"confidence_level":0.95,"lower_bound":102599.45775426856,"upper_bound":103559.0934723827},"point_estimate":103065.46198049356,"standard_error":245.01401623775132},"std_dev":{"confidence_interval":{"confidence_level":0.95,"lower_bound":1848.9895715263929,"upper_bound":2842.9250135163934},"point_estimate":2350.8956998414615,"standard_error":255.7515136590892}}