{"mean":{"confidence_interval":{"confidence_level":0.95,"lower_bound":1449713.2967408127,"upper_bound":1525229.6553769675},"point_estimate":1484884.3298533512,"standard_error":19355.81910564095},"median":{"confidence_interval":{"confidence_level":0.95,"lower_bound":1414525.111111111,"upper_bound":1462414.401940756},"point_estimate":1427823.161367596,"standard_error":11319.412076419776},"median_abs_dev":{"confidence_interval":{"confidence_level":0.95,"lower_bound":87585.26027431316,"upper_bound":144166.12013979134},"point_estimate":118607.86560538718,"standard_error":14677.961540363576},"slope":{"confidence_interval":{"confidence_level":0.95,"lower_bound":1406174.9531408371,"upper_bound":1474213.2268435375},"point_estimate":1437680.7940741836,"standard_error":17418.697606792342},"std_dev":{"confidence_interval":{"confidence_level":0.95,"lower_bound":127680.23797982572,"upper_bound":263650.5362046509},"point_estimate":194780.56175459345,"standard_error":35820.8157101975}}