{"mean":{"confidence_interval":{"confidence_level":0.95,"lower_bound":636289.8960285053,"upper_bound":714697.51129531},"point_estimate":667708.1403809349,"standard_error":20611.92394133765},"median":{"confidence_interval":{"confidence_level":0.95,"lower_bound":611391.8039215687,"upper_bound":638075.2726814516},"point_estimate":625351.2476551227,"standard_error":6161.202516940568},"median_abs_dev":{"confidence_interval":{"confidence_level":0.95,"lower_bound":34366.04406543445,"upper_bound":59227.02382199505},"point_estimate":46242.76470783729,"standard_error":6403.1300955907345},"slope":{"confidence_interval":{"confidence_level":0.95,"lower_bound":610629.9437367427,"upper_bound":633201.1051727915},"point_estimate":621265.3329850746,"standard_error":5752.944374337564},"std_dev":{"confidence_interval":{"confidence_level":0.95,"lower_bound":58301.25518643086,"upper_bound":336450.1090595229},"point_estimate":207034.6665236909,"standard_error":85360.4770256058}}