{"mean":{"confidence_interval":{"confidence_level":0.95,"lower_bound":861253.0244949724,"upper_bound":892842.3409074143},"point_estimate":874994.5619805473,"standard_error":8108.763084076937},"median":{"confidence_interval":{"confidence_level":0.95,"lower_bound":855245.1135592154,"upper_bound":871390.6847826086},"point_estimate":861524.8257113821,"standard_error":4363.627282864709},"median_abs_dev":{"confidence_interval":{"confidence_level":0.95,"lower_bound":23889.670179321918,"upper_bound":40914.71966205376},"point_estimate":31165.01557660167,"standard_error":4202.069406814313},"slope":{"confidence_interval":{"confidence_level":0.95,"lower_bound":850926.9941427556,"upper_bound":862669.6013243188},"point_estimate":857051.2110772869,"standard_error":2997.677758154587},"std_dev":{"confidence_interval":{"confidence_level":0.95,"lower_bound":36057.66806209288,"upper_bound":124378.74288169596},"point_estimate":81415.15939821817,"standard_error":24663.18270249849}}