{"mean":{"confidence_interval":{"confidence_level":0.95,"lower_bound":5723033.080777779,"upper_bound":5725370.8711388875},"point_estimate":5724182.746666665,"standard_error":593.4667132229278},"median":{"confidence_interval":{"confidence_level":0.95,"lower_bound":5721844.222222222,"upper_bound":5724877.555555556},"point_estimate":5723255.388888889,"standard_error":697.0490006961571},"median_abs_dev":{"confidence_interval":{"confidence_level":0.95,"lower_bound":3928.7231377513945,"upper_bound":6671.864614883905},"point_estimate":5288.022272785198,"standard_error":705.1154184252898},"slope":null,"std_dev":{"confidence_interval":{"confidence_level":0.95,"lower_bound":4924.15710601878,"upper_bound":6942.228764784723},"point_estimate":5964.32020467955,"standard_error":515.3169828203964}}