{"mean":{"confidence_interval":{"confidence_level":0.95,"lower_bound":12105881.51945,"upper_bound":12383801.11325},"point_estimate":12241567.978000002,"standard_error":70594.77925994027},"median":{"confidence_interval":{"confidence_level":0.95,"lower_bound":12005387.4,"upper_bound":12244792.6},"point_estimate":12115517.5,"standard_error":48051.35747027357},"median_abs_dev":{"confidence_interval":{"confidence_level":0.95,"lower_bound":412827.88703084073,"upper_bound":698737.5067949292},"point_estimate":528228.8729220629,"standard_error":73489.50323919681},"slope":null,"std_dev":{"confidence_interval":{"confidence_level":0.95,"lower_bound":576914.1725546012,"upper_bound":833593.9065215929},"point_estimate":709098.4960537915,"standard_error":65673.70619059727}}