{"mean":{"confidence_interval":{"confidence_level":0.95,"lower_bound":185304.75688335072,"upper_bound":189988.2659792283},"point_estimate":187529.40933516956,"standard_error":1196.553664165009},"median":{"confidence_interval":{"confidence_level":0.95,"lower_bound":182552.13684210528,"upper_bound":186111.07692307694},"point_estimate":184053.4927536232,"standard_error":893.2981925568898},"median_abs_dev":{"confidence_interval":{"confidence_level":0.95,"lower_bound":4973.565791062592,"upper_bound":9375.119551550732},"point_estimate":6913.458284982241,"standard_error":1068.4694680294228},"slope":{"confidence_interval":{"confidence_level":0.95,"lower_bound":184190.433525983,"upper_bound":189269.1400739188},"point_estimate":186674.644930299,"standard_error":1295.3651890124786},"std_dev":{"confidence_interval":{"confidence_level":0.95,"lower_bound":8871.380624567033,"upper_bound":15217.888462280964},"point_estimate":12038.047369667276,"standard_error":1650.7090530906448}}