{"mean":{"confidence_interval":{"confidence_level":0.95,"lower_bound":902511.289190244,"upper_bound":938338.0330586832},"point_estimate":919097.3767443289,"standard_error":9180.602193947741},"median":{"confidence_interval":{"confidence_level":0.95,"lower_bound":881307.6842105263,"upper_bound":915547.074074074},"point_estimate":899837.3784482758,"standard_error":8152.352043551958},"median_abs_dev":{"confidence_interval":{"confidence_level":0.95,"lower_bound":41765.42043325789,"upper_bound":69742.10507873847},"point_estimate":55420.31809275473,"standard_error":7346.258969085277},"slope":{"confidence_interval":{"confidence_level":0.95,"lower_bound":872763.5246669616,"upper_bound":891880.7050576742},"point_estimate":881707.4144229349,"standard_error":4882.837438697261},"std_dev":{"confidence_interval":{"confidence_level":0.95,"lower_bound":57467.116137098565,"upper_bound":128184.47792865745},"point_estimate":92420.65789653613,"standard_error":18929.378837327313}}