{"mean":{"confidence_interval":{"confidence_level":0.95,"lower_bound":72194.1819690089,"upper_bound":72794.92827621351},"point_estimate":72484.91400621597,"standard_error":153.5776241783044},"median":{"confidence_interval":{"confidence_level":0.95,"lower_bound":72099.16452380952,"upper_bound":72592.74761904762},"point_estimate":72339.45943223443,"standard_error":104.98061177560699},"median_abs_dev":{"confidence_interval":{"confidence_level":0.95,"lower_bound":818.113871428134,"upper_bound":1397.2091811114165},"point_estimate":1071.922389711126,"standard_error":141.52454200461182},"slope":{"confidence_interval":{"confidence_level":0.95,"lower_bound":71642.13579666802,"upper_bound":72203.62237918437},"point_estimate":71924.43347822415,"standard_error":142.8814119050866},"std_dev":{"confidence_interval":{"confidence_level":0.95,"lower_bound":1196.310266213015,"upper_bound":1880.9652301065623},"point_estimate":1543.24064477877,"standard_error":175.95245011504892}}