{"mean":{"confidence_interval":{"confidence_level":0.95,"lower_bound":15939069.207499998,"upper_bound":16458030.196749998},"point_estimate":16195153.730000004,"standard_error":132740.69756574926},"median":{"confidence_interval":{"confidence_level":0.95,"lower_bound":15688150.0,"upper_bound":16434094.666666666},"point_estimate":16063066.166666668,"standard_error":226860.52539797677},"median_abs_dev":{"confidence_interval":{"confidence_level":0.95,"lower_bound":1074087.0950311418,"upper_bound":1748467.2139585018},"point_estimate":1410117.3906654138,"standard_error":165934.70690970204},"slope":null,"std_dev":{"confidence_interval":{"confidence_level":0.95,"lower_bound":1134854.189483157,"upper_bound":1519149.8253495567},"point_estimate":1329742.6456884672,"standard_error":98572.04274664959}}