{"mean":{"confidence_interval":{"confidence_level":0.95,"lower_bound":4167.792475311318,"upper_bound":4216.900348997251},"point_estimate":4192.437717380868,"standard_error":12.587649190054266},"median":{"confidence_interval":{"confidence_level":0.95,"lower_bound":4146.471916971917,"upper_bound":4248.031149097816},"point_estimate":4201.5673118014465,"standard_error":27.63722468744695},"median_abs_dev":{"confidence_interval":{"confidence_level":0.95,"lower_bound":128.82202659462837,"upper_bound":206.64834070289518},"point_estimate":181.51681316013318,"standard_error":20.75362061299291},"slope":{"confidence_interval":{"confidence_level":0.95,"lower_bound":4176.294106759384,"upper_bound":4240.452999834916},"point_estimate":4208.769626227835,"standard_error":16.444108020467947},"std_dev":{"confidence_interval":{"confidence_level":0.95,"lower_bound":116.75100167173733,"upper_bound":135.24241091896198},"point_estimate":126.86805366037568,"standard_error":4.712102246237945}}