{"mean":{"confidence_interval":{"confidence_level":0.95,"lower_bound":37702.46422455878,"upper_bound":37854.251168848234},"point_estimate":37774.54105153275,"standard_error":38.65824854125919},"median":{"confidence_interval":{"confidence_level":0.95,"lower_bound":37734.07898259706,"upper_bound":37803.87773795301},"point_estimate":37774.42584175084,"standard_error":19.048325805191244},"median_abs_dev":{"confidence_interval":{"confidence_level":0.95,"lower_bound":93.66008832176874,"upper_bound":176.40029556977106},"point_estimate":113.33105419434571,"standard_error":21.00375799979757},"slope":{"confidence_interval":{"confidence_level":0.95,"lower_bound":37631.48402348574,"upper_bound":37766.09749216251},"point_estimate":37701.3548983356,"standard_error":34.33963252248726},"std_dev":{"confidence_interval":{"confidence_level":0.95,"lower_bound":252.52660326153818,"upper_bound":516.4857984172639},"point_estimate":390.1258171763256,"standard_error":68.3413784722968}}