{"mean":{"confidence_interval":{"confidence_level":0.95,"lower_bound":9736296.844041664,"upper_bound":9967587.078083333},"point_estimate":9847667.658333333,"standard_error":58961.85454561402},"median":{"confidence_interval":{"confidence_level":0.95,"lower_bound":9639660.5,"upper_bound":9922286.0},"point_estimate":9715555.333333332,"standard_error":67971.50611210361},"median_abs_dev":{"confidence_interval":{"confidence_level":0.95,"lower_bound":303558.3910107622,"upper_bound":562876.8636569381},"point_estimate":415768.7229186315,"standard_error":65729.39560662881},"slope":null,"std_dev":{"confidence_interval":{"confidence_level":0.95,"lower_bound":439527.71562796953,"upper_bound":755276.1892002957},"point_estimate":591476.1283579076,"standard_error":83047.66989520569}}