{"mean":{"confidence_interval":{"confidence_level":0.95,"lower_bound":3160227.8729218747,"upper_bound":3218244.73246875},"point_estimate":3188459.690625,"standard_error":14819.12923988787},"median":{"confidence_interval":{"confidence_level":0.95,"lower_bound":3124085.5625,"upper_bound":3192305.75},"point_estimate":3150767.375,"standard_error":17013.463141832006},"median_abs_dev":{"confidence_interval":{"confidence_level":0.95,"lower_bound":90218.06164830923,"upper_bound":160152.0244192332},"point_estimate":122178.09863090515,"standard_error":17876.711724470013},"slope":null,"std_dev":{"confidence_interval":{"confidence_level":0.95,"lower_bound":121230.03421353588,"upper_bound":175647.4879528468},"point_estimate":148968.40372328457,"standard_error":13982.019044417264}}