{"mean":{"confidence_interval":{"confidence_level":0.95,"lower_bound":228894.92791486048,"upper_bound":241549.30955756508},"point_estimate":234294.97112372343,"standard_error":3277.2423063144715},"median":{"confidence_interval":{"confidence_level":0.95,"lower_bound":223013.43057692307,"upper_bound":228335.34761904762},"point_estimate":224556.1042087542,"standard_error":1537.2159405066552},"median_abs_dev":{"confidence_interval":{"confidence_level":0.95,"lower_bound":6915.718433941893,"upper_bound":13593.013814685168},"point_estimate":9708.963405268272,"standard_error":1867.1845548728045},"slope":{"confidence_interval":{"confidence_level":0.95,"lower_bound":224421.26712999906,"upper_bound":232012.2835875149},"point_estimate":227765.82445928772,"standard_error":1942.440968822604},"std_dev":{"confidence_interval":{"confidence_level":0.95,"lower_bound":14976.671797542916,"upper_bound":50587.702671977066},"point_estimate":32811.11691499172,"standard_error":10956.551767198105}}