{"mean":{"confidence_interval":{"confidence_level":0.95,"lower_bound":353321.0374821081,"upper_bound":365285.9803001614},"point_estimate":358894.0568058027,"standard_error":3044.218214461975},"median":{"confidence_interval":{"confidence_level":0.95,"lower_bound":348522.0909435392,"upper_bound":354920.81944444444},"point_estimate":351983.8335978836,"standard_error":1558.534963784975},"median_abs_dev":{"confidence_interval":{"confidence_level":0.95,"lower_bound":9673.157384892093,"upper_bound":17333.461004042732},"point_estimate":13281.480622539937,"standard_error":2065.931087672626},"slope":{"confidence_interval":{"confidence_level":0.95,"lower_bound":348234.9245529436,"upper_bound":356113.8623541418},"point_estimate":351959.0989527609,"standard_error":2016.970621895789},"std_dev":{"confidence_interval":{"confidence_level":0.95,"lower_bound":19668.277301369762,"upper_bound":40070.70117263682},"point_estimate":30614.635630508856,"standard_error":5192.613319005318}}