{"mean":{"confidence_interval":{"confidence_level":0.95,"lower_bound":326738.4280814289,"upper_bound":332123.8958828982},"point_estimate":329210.1081249704,"standard_error":1379.9969199149339},"median":{"confidence_interval":{"confidence_level":0.95,"lower_bound":323319.704292385,"upper_bound":326893.6323529412},"point_estimate":324314.4300986842,"standard_error":855.9527971157162},"median_abs_dev":{"confidence_interval":{"confidence_level":0.95,"lower_bound":3890.950155005528,"upper_bound":8145.676792150014},"point_estimate":5477.708297002287,"standard_error":1044.0932911081686},"slope":{"confidence_interval":{"confidence_level":0.95,"lower_bound":322894.74066922604,"upper_bound":325651.9199577},"point_estimate":324187.0774604699,"standard_error":702.99904599357},"std_dev":{"confidence_interval":{"confidence_level":0.95,"lower_bound":8550.461749301174,"upper_bound":19231.33515055437},"point_estimate":13908.342267184453,"standard_error":2818.5820080931335}}