{"mean":{"confidence_interval":{"confidence_level":0.95,"lower_bound":2786560.5742624993,"upper_bound":2916622.495249999},"point_estimate":2848018.8744999985,"standard_error":33186.65503395067},"median":{"confidence_interval":{"confidence_level":0.95,"lower_bound":2714007.6,"upper_bound":2824146.5},"point_estimate":2768865.8,"standard_error":28107.645593562145},"median_abs_dev":{"confidence_interval":{"confidence_level":0.95,"lower_bound":163821.99679657823,"upper_bound":275003.6143577104},"point_estimate":220465.47009095555,"standard_error":28446.29804968122},"slope":null,"std_dev":{"confidence_interval":{"confidence_level":0.95,"lower_bound":234810.1356556298,"upper_bound":435904.7062709787},"point_estimate":333872.2859229939,"standard_error":52863.70830377466}}