{"mean":{"confidence_interval":{"confidence_level":0.95,"lower_bound":613.4918840296712,"upper_bound":618.1498110392514},"point_estimate":615.8240452719754,"standard_error":1.1828194317697658},"median":{"confidence_interval":{"confidence_level":0.95,"lower_bound":614.4066299243208,"upper_bound":618.8328606755972},"point_estimate":616.9897831524532,"standard_error":0.9867020208623312},"median_abs_dev":{"confidence_interval":{"confidence_level":0.95,"lower_bound":5.5940274247789725,"upper_bound":10.37734160011383},"point_estimate":7.6931183061406,"standard_error":1.229999544707743},"slope":{"confidence_interval":{"confidence_level":0.95,"lower_bound":614.909928221294,"upper_bound":619.3896302273433},"point_estimate":617.0831596667547,"standard_error":1.1404837287225944},"std_dev":{"confidence_interval":{"confidence_level":0.95,"lower_bound":9.548114043616048,"upper_bound":14.024125051140448},"point_estimate":11.902538238779966,"standard_error":1.1450931543057203}}