{"mean":{"confidence_interval":{"confidence_level":0.95,"lower_bound":112963.31313753476,"upper_bound":118429.35901619289},"point_estimate":115494.35423058855,"standard_error":1397.0713839384846},"median":{"confidence_interval":{"confidence_level":0.95,"lower_bound":109858.32336182336,"upper_bound":113161.6875},"point_estimate":111831.56563384974,"standard_error":780.1869521694026},"median_abs_dev":{"confidence_interval":{"confidence_level":0.95,"lower_bound":4751.961946822255,"upper_bound":8101.166594591805},"point_estimate":6473.621163445494,"standard_error":863.2861395125087},"slope":{"confidence_interval":{"confidence_level":0.95,"lower_bound":113288.64636231508,"upper_bound":118502.94471073295},"point_estimate":115775.08783738075,"standard_error":1326.7690361033444},"std_dev":{"confidence_interval":{"confidence_level":0.95,"lower_bound":8691.999226902812,"upper_bound":18576.14415816711},"point_estimate":14047.896890924421,"standard_error":2518.87907111024}}