{"mean":{"confidence_interval":{"confidence_level":0.95,"lower_bound":362614.76523490326,"upper_bound":385129.503644304},"point_estimate":373194.1897824433,"standard_error":5746.032369209241},"median":{"confidence_interval":{"confidence_level":0.95,"lower_bound":355619.0938764852,"upper_bound":370017.8797250859},"point_estimate":360936.57023809524,"standard_error":3904.66605473021},"median_abs_dev":{"confidence_interval":{"confidence_level":0.95,"lower_bound":25302.965276373514,"upper_bound":47827.44128339031},"point_estimate":34896.89475656738,"standard_error":5664.4754855638985},"slope":{"confidence_interval":{"confidence_level":0.95,"lower_bound":348742.99279048195,"upper_bound":367020.23489300767},"point_estimate":357627.35020048276,"standard_error":4677.071123323942},"std_dev":{"confidence_interval":{"confidence_level":0.95,"lower_bound":39587.07185611432,"upper_bound":74757.59800450441},"point_estimate":57455.56959292489,"standard_error":9137.189730094957}}