{"mean":{"confidence_interval":{"confidence_level":0.95,"lower_bound":19084673.722000003,"upper_bound":19194215.67225},"point_estimate":19138437.736666676,"standard_error":27834.295734170504},"median":{"confidence_interval":{"confidence_level":0.95,"lower_bound":18999251.666666664,"upper_bound":19157881.333333332},"point_estimate":19034049.5,"standard_error":36034.59532950071},"median_abs_dev":{"confidence_interval":{"confidence_level":0.95,"lower_bound":180762.09761083132,"upper_bound":323265.38784839417},"point_estimate":246210.43562889006,"standard_error":35994.26072202646},"slope":null,"std_dev":{"confidence_interval":{"confidence_level":0.95,"lower_bound":237987.5828545177,"upper_bound":315643.6922342393},"point_estimate":279685.87907422596,"standard_error":19767.02344816306}}