{"mean":{"confidence_interval":{"confidence_level":0.95,"lower_bound":552448.7908890208,"upper_bound":561954.549529274},"point_estimate":556984.9513549957,"standard_error":2419.3444363327203},"median":{"confidence_interval":{"confidence_level":0.95,"lower_bound":547859.5602409638,"upper_bound":559368.9714285714},"point_estimate":550923.3443509615,"standard_error":3032.1689084415425},"median_abs_dev":{"confidence_interval":{"confidence_level":0.95,"lower_bound":16534.864949737006,"upper_bound":26203.671025674605},"point_estimate":19839.878336786896,"standard_error":2625.623162322458},"slope":{"confidence_interval":{"confidence_level":0.95,"lower_bound":546808.5666070149,"upper_bound":553862.5228261735},"point_estimate":550224.6972336338,"standard_error":1795.3936697360828},"std_dev":{"confidence_interval":{"confidence_level":0.95,"lower_bound":17931.748352135764,"upper_bound":32161.861825770207},"point_estimate":24488.956227169147,"standard_error":3947.564481490745}}