{"mean":{"confidence_interval":{"confidence_level":0.95,"lower_bound":415870.42774939444,"upper_bound":428684.2801976844},"point_estimate":422208.69497514924,"standard_error":3270.5881764394085},"median":{"confidence_interval":{"confidence_level":0.95,"lower_bound":413335.3761904762,"upper_bound":424402.4780907668},"point_estimate":419399.15881534485,"standard_error":3068.1539161360433},"median_abs_dev":{"confidence_interval":{"confidence_level":0.95,"lower_bound":21145.117509067873,"upper_bound":38148.2686770481},"point_estimate":26414.59558304716,"standard_error":4292.499200425674},"slope":{"confidence_interval":{"confidence_level":0.95,"lower_bound":414991.0349715078,"upper_bound":426769.6028797854},"point_estimate":420728.73266046005,"standard_error":3008.9631037449003},"std_dev":{"confidence_interval":{"confidence_level":0.95,"lower_bound":27307.786455679357,"upper_bound":38090.35527060465},"point_estimate":32867.335103514306,"standard_error":2759.3104065782645}}