{"mean":{"confidence_interval":{"confidence_level":0.95,"lower_bound":40360456.824374996,"upper_bound":40768038.170875},"point_estimate":40562080.325,"standard_error":103500.7243945823},"median":{"confidence_interval":{"confidence_level":0.95,"lower_bound":40349413.5,"upper_bound":40661993.25},"point_estimate":40518066.25,"standard_error":77935.44865594759},"median_abs_dev":{"confidence_interval":{"confidence_level":0.95,"lower_bound":520881.4781025052,"upper_bound":880602.4858161807},"point_estimate":692494.6489557624,"standard_error":92002.30434958724},"slope":null,"std_dev":{"confidence_interval":{"confidence_level":0.95,"lower_bound":772659.1212943395,"upper_bound":1294521.6185187725},"point_estimate":1042636.3541571037,"standard_error":133488.99341739662}}