{"mean":{"confidence_interval":{"confidence_level":0.95,"lower_bound":430573.3803126141,"upper_bound":442481.48447897227},"point_estimate":436494.18739173375,"standard_error":3037.0789908698716},"median":{"confidence_interval":{"confidence_level":0.95,"lower_bound":425618.15204678365,"upper_bound":444241.34736842103},"point_estimate":432034.09164777026,"standard_error":4007.12819320468},"median_abs_dev":{"confidence_interval":{"confidence_level":0.95,"lower_bound":22415.269580832086,"upper_bound":35491.75695076494},"point_estimate":29356.506718860488,"standard_error":3277.2391770826184},"slope":{"confidence_interval":{"confidence_level":0.95,"lower_bound":426025.90796936414,"upper_bound":439997.1553460646},"point_estimate":433059.5118604995,"standard_error":3574.5044823713965},"std_dev":{"confidence_interval":{"confidence_level":0.95,"lower_bound":25394.942169633523,"upper_bound":35283.229983168654},"point_estimate":30557.87045376986,"standard_error":2531.407385797615}}