{"mean":{"confidence_interval":{"confidence_level":0.95,"lower_bound":531494.8471205074,"upper_bound":550681.9172378287},"point_estimate":540501.3445352812,"standard_error":4885.149595649243},"median":{"confidence_interval":{"confidence_level":0.95,"lower_bound":517502.4047093928,"upper_bound":529930.0},"point_estimate":522776.1632575757,"standard_error":3041.0557023845754},"median_abs_dev":{"confidence_interval":{"confidence_level":0.95,"lower_bound":14704.893044073378,"upper_bound":29415.73822520111},"point_estimate":23006.804217931072,"standard_error":3856.3280630097697},"slope":{"confidence_interval":{"confidence_level":0.95,"lower_bound":521990.9112869915,"upper_bound":536171.7517664405},"point_estimate":528578.7893143195,"standard_error":3625.4848737293983},"std_dev":{"confidence_interval":{"confidence_level":0.95,"lower_bound":33658.06651124454,"upper_bound":62597.359017459334},"point_estimate":48812.223625965606,"standard_error":7412.4573754689745}}