{"mean":{"confidence_interval":{"confidence_level":0.95,"lower_bound":8546182.609500002,"upper_bound":8587518.851333335},"point_estimate":8565969.405,"standard_error":10571.49400985524},"median":{"confidence_interval":{"confidence_level":0.95,"lower_bound":8533952.75,"upper_bound":8570161.5},"point_estimate":8553361.333333334,"standard_error":9166.901689484299},"median_abs_dev":{"confidence_interval":{"confidence_level":0.95,"lower_bound":54016.800341009635,"upper_bound":95701.47000595726},"point_estimate":66334.98222231818,"standard_error":10477.238621540973},"slope":null,"std_dev":{"confidence_interval":{"confidence_level":0.95,"lower_bound":76569.43661052306,"upper_bound":132727.37404515315},"point_estimate":105649.33571948894,"standard_error":14457.566919998588}}