{"mean":{"confidence_interval":{"confidence_level":0.95,"lower_bound":3867238.778946431,"upper_bound":3887405.2900714274},"point_estimate":3877385.4371428583,"standard_error":5141.53856892608},"median":{"confidence_interval":{"confidence_level":0.95,"lower_bound":3867930.0714285714,"upper_bound":3899283.8571428573},"point_estimate":3882633.7142857146,"standard_error":9042.63305620413},"median_abs_dev":{"confidence_interval":{"confidence_level":0.95,"lower_bound":38283.06112034005,"upper_bound":63879.24951591633},"point_estimate":53675.78469706458,"standard_error":6964.025215577302},"slope":null,"std_dev":{"confidence_interval":{"confidence_level":0.95,"lower_bound":44401.935620993136,"upper_bound":58213.57545177961},"point_estimate":51654.27680992113,"standard_error":3530.094047543701}}