{"mean":{"confidence_interval":{"confidence_level":0.95,"lower_bound":2785629.504526317,"upper_bound":2789282.324236843},"point_estimate":2787477.201052633,"standard_error":937.338388973478},"median":{"confidence_interval":{"confidence_level":0.95,"lower_bound":2787452.8421052634,"upper_bound":2791190.3157894737},"point_estimate":2789216.2894736845,"standard_error":863.3582558401461},"median_abs_dev":{"confidence_interval":{"confidence_level":0.95,"lower_bound":5317.461852964783,"upper_bound":9429.843037850305},"point_estimate":7234.034445254172,"standard_error":1082.8848287602825},"slope":null,"std_dev":{"confidence_interval":{"confidence_level":0.95,"lower_bound":7788.162032577866,"upper_bound":10801.056931194064},"point_estimate":9402.143199595812,"standard_error":770.8127183172816}}