{"mean":{"confidence_interval":{"confidence_level":0.95,"lower_bound":819994.956587138,"upper_bound":825335.3752072927},"point_estimate":822703.460943244,"standard_error":1364.7683055791747},"median":{"confidence_interval":{"confidence_level":0.95,"lower_bound":821771.9333333333,"upper_bound":826704.7514204546},"point_estimate":824597.5384615385,"standard_error":1264.8458673252244},"median_abs_dev":{"confidence_interval":{"confidence_level":0.95,"lower_bound":8938.693544132555,"upper_bound":17476.37845598861},"point_estimate":13319.279986500715,"standard_error":2231.7772368584524},"slope":{"confidence_interval":{"confidence_level":0.95,"lower_bound":821489.3550645701,"upper_bound":827370.8698467258},"point_estimate":824583.3315664253,"standard_error":1501.166328818981},"std_dev":{"confidence_interval":{"confidence_level":0.95,"lower_bound":11755.975016514236,"upper_bound":15435.927400540006},"point_estimate":13713.90316275599,"standard_error":940.2873718275957}}