{"mean":{"confidence_interval":{"confidence_level":0.95,"lower_bound":221104.2218850115,"upper_bound":236095.8285246585},"point_estimate":227745.43940030813,"standard_error":3864.0714735839088},"median":{"confidence_interval":{"confidence_level":0.95,"lower_bound":215942.71797235022,"upper_bound":221557.79237967916},"point_estimate":219675.40989110706,"standard_error":1349.443854599116},"median_abs_dev":{"confidence_interval":{"confidence_level":0.95,"lower_bound":9924.422186041586,"upper_bound":17395.274939861785},"point_estimate":14695.937114499611,"standard_error":1998.4275822843808},"slope":{"confidence_interval":{"confidence_level":0.95,"lower_bound":214667.6688543559,"upper_bound":220663.91487179164},"point_estimate":217590.29268154278,"standard_error":1529.7275902201454},"std_dev":{"confidence_interval":{"confidence_level":0.95,"lower_bound":16989.780259541265,"upper_bound":57219.216927363086},"point_estimate":38850.260244790974,"standard_error":10434.266067724186}}