{"mean":{"confidence_interval":{"confidence_level":0.95,"lower_bound":15611680.690750001,"upper_bound":15675061.1974375},"point_estimate":15643082.185,"standard_error":16197.830315872621},"median":{"confidence_interval":{"confidence_level":0.95,"lower_bound":15589181.25,"upper_bound":15680355.625},"point_estimate":15627232.125,"standard_error":22238.354544170055},"median_abs_dev":{"confidence_interval":{"confidence_level":0.95,"lower_bound":152898.86736050248,"upper_bound":236555.03418780852},"point_estimate":210202.83894315362,"standard_error":21481.70286383794},"slope":null,"std_dev":{"confidence_interval":{"confidence_level":0.95,"lower_bound":145577.29250779175,"upper_bound":177814.98955419404},"point_estimate":162809.56575973437,"standard_error":8237.659616317196}}