{"mean":{"confidence_interval":{"confidence_level":0.95,"lower_bound":4878003.129136365,"upper_bound":4930256.956568182},"point_estimate":4900717.087272728,"standard_error":13485.2111482464},"median":{"confidence_interval":{"confidence_level":0.95,"lower_bound":4860369.636363637,"upper_bound":4878923.909090909},"point_estimate":4870629.181818182,"standard_error":4220.934913872595},"median_abs_dev":{"confidence_interval":{"confidence_level":0.95,"lower_bound":28391.29922708925,"upper_bound":47148.33360976788},"point_estimate":38151.138604500644,"standard_error":4503.417537860186},"slope":null,"std_dev":{"confidence_interval":{"confidence_level":0.95,"lower_bound":44462.99881437505,"upper_bound":201161.98445557297},"point_estimate":135812.8517009349,"standard_error":40415.620392308214}}