{"mean":{"confidence_interval":{"confidence_level":0.95,"lower_bound":122048.80164588241,"upper_bound":131301.18840044638},"point_estimate":126190.44946874525,"standard_error":2369.098574703091},"median":{"confidence_interval":{"confidence_level":0.95,"lower_bound":116884.98412698413,"upper_bound":122783.81196581197},"point_estimate":118653.0353252412,"standard_error":1275.751522695492},"median_abs_dev":{"confidence_interval":{"confidence_level":0.95,"lower_bound":7056.503313268102,"upper_bound":12826.153425892893},"point_estimate":9622.186061890812,"standard_error":1412.1168161491157},"slope":{"confidence_interval":{"confidence_level":0.95,"lower_bound":117614.73111192,"upper_bound":122504.59581344138},"point_estimate":120004.15532108434,"standard_error":1252.2158630713416},"std_dev":{"confidence_interval":{"confidence_level":0.95,"lower_bound":12849.531850054833,"upper_bound":34565.49517570766},"point_estimate":23791.34651869156,"standard_error":5954.218811333175}}