{"mean":{"confidence_interval":{"confidence_level":0.95,"lower_bound":126624.20828964411,"upper_bound":127940.61684826452},"point_estimate":127307.96471676895,"standard_error":335.8831799623573},"median":{"confidence_interval":{"confidence_level":0.95,"lower_bound":127129.14375,"upper_bound":128059.96320346321},"point_estimate":127550.934375,"standard_error":262.53012827902285},"median_abs_dev":{"confidence_interval":{"confidence_level":0.95,"lower_bound":1450.6020193593185,"upper_bound":2646.1604340575213},"point_estimate":1934.5059217289293,"standard_error":305.3707477956408},"slope":{"confidence_interval":{"confidence_level":0.95,"lower_bound":127436.65848380743,"upper_bound":128455.38012127666},"point_estimate":127903.62819048323,"standard_error":259.4392139984355},"std_dev":{"confidence_interval":{"confidence_level":0.95,"lower_bound":2373.7967734203817,"upper_bound":4323.006258216905},"point_estimate":3389.154006502604,"standard_error":499.0073355147556}}