{"mean":{"confidence_interval":{"confidence_level":0.95,"lower_bound":271547.4860954378,"upper_bound":284844.20692524384},"point_estimate":277848.2420171762,"standard_error":3405.242126098195},"median":{"confidence_interval":{"confidence_level":0.95,"lower_bound":264999.60198863636,"upper_bound":272469.4446831364},"point_estimate":268683.87356661813,"standard_error":1759.9193636183945},"median_abs_dev":{"confidence_interval":{"confidence_level":0.95,"lower_bound":15028.938623359716,"upper_bound":26154.101945679726},"point_estimate":20356.17413433336,"standard_error":2772.496495490043},"slope":{"confidence_interval":{"confidence_level":0.95,"lower_bound":267493.3464851091,"upper_bound":278311.5772618401},"point_estimate":272617.47193586524,"standard_error":2775.559554220279},"std_dev":{"confidence_interval":{"confidence_level":0.95,"lower_bound":24299.62888768036,"upper_bound":43064.96745696324},"point_estimate":34098.35475978705,"standard_error":4804.248537597389}}