{"mean":{"confidence_interval":{"confidence_level":0.95,"lower_bound":1402593.516578927,"upper_bound":1485472.152697074},"point_estimate":1441982.2145258936,"standard_error":21122.510817919298},"median":{"confidence_interval":{"confidence_level":0.95,"lower_bound":1351545.7325581396,"upper_bound":1431219.7666666666},"point_estimate":1394339.566384181,"standard_error":18965.928779210375},"median_abs_dev":{"confidence_interval":{"confidence_level":0.95,"lower_bound":122236.90811513923,"upper_bound":205815.42768101447},"point_estimate":162096.17154529472,"standard_error":20938.56353084367},"slope":{"confidence_interval":{"confidence_level":0.95,"lower_bound":1354994.76754545,"upper_bound":1432804.9527946166},"point_estimate":1392256.0345736663,"standard_error":19855.731894932822},"std_dev":{"confidence_interval":{"confidence_level":0.95,"lower_bound":162058.58227251665,"upper_bound":258968.95980627436},"point_estimate":212450.6983720161,"standard_error":24865.047206424442}}