{"mean":{"confidence_interval":{"confidence_level":0.95,"lower_bound":3022135.09603125,"upper_bound":3083473.8525},"point_estimate":3052039.951875,"standard_error":15712.159049739732},"median":{"confidence_interval":{"confidence_level":0.95,"lower_bound":3001271.625,"upper_bound":3068037.8125},"point_estimate":3047690.6875,"standard_error":16468.228710381394},"median_abs_dev":{"confidence_interval":{"confidence_level":0.95,"lower_bound":98152.38073244691,"upper_bound":158887.96894792467},"point_estimate":129635.9008172527,"standard_error":15291.54890987313},"slope":null,"std_dev":{"confidence_interval":{"confidence_level":0.95,"lower_bound":123297.46567113583,"upper_bound":189709.11115983195},"point_estimate":157465.01380208723,"standard_error":16961.446876252667}}