{"mean":{"confidence_interval":{"confidence_level":0.95,"lower_bound":113657389.96149999,"upper_bound":115756595.29625},"point_estimate":114627424.87,"standard_error":537107.9236518185},"median":{"confidence_interval":{"confidence_level":0.95,"lower_bound":112186028.5,"upper_bound":114682821.0},"point_estimate":113382772.0,"standard_error":639259.1098485771},"median_abs_dev":{"confidence_interval":{"confidence_level":0.95,"lower_bound":2816238.7913967674,"upper_bound":5237954.560740211},"point_estimate":4048656.5800219774,"standard_error":630309.1347415296},"slope":null,"std_dev":{"confidence_interval":{"confidence_level":0.95,"lower_bound":3542523.511601747,"upper_bound":7518169.321819656},"point_estimate":5394406.451126042,"standard_error":1160464.9227807631}}