{"mean":{"confidence_interval":{"confidence_level":0.95,"lower_bound":1403506.2837028683,"upper_bound":1458904.4935040309},"point_estimate":1428382.724742372,"standard_error":14170.288551880398},"median":{"confidence_interval":{"confidence_level":0.95,"lower_bound":1373328.177927928,"upper_bound":1408568.367816092},"point_estimate":1384573.0176263219,"standard_error":8919.074643526274},"median_abs_dev":{"confidence_interval":{"confidence_level":0.95,"lower_bound":44082.23487192943,"upper_bound":86111.62331121316},"point_estimate":56403.11719283807,"standard_error":10301.660436803437},"slope":{"confidence_interval":{"confidence_level":0.95,"lower_bound":1366674.6254624608,"upper_bound":1387459.3785835742},"point_estimate":1376502.644962317,"standard_error":5303.568770544852},"std_dev":{"confidence_interval":{"confidence_level":0.95,"lower_bound":73500.96353866521,"upper_bound":203751.09875497443},"point_estimate":142253.85357921568,"standard_error":34235.22440151064}}