{"mean":{"confidence_interval":{"confidence_level":0.95,"lower_bound":5048547.405625,"upper_bound":5058442.846400003},"point_estimate":5053301.751000001,"standard_error":2511.808736009987},"median":{"confidence_interval":{"confidence_level":0.95,"lower_bound":5049297.5,"upper_bound":5058867.5},"point_estimate":5054481.3,"standard_error":2537.5279186172556},"median_abs_dev":{"confidence_interval":{"confidence_level":0.95,"lower_bound":16805.12244164999,"upper_bound":29590.916354655943},"point_estimate":22566.209419369974,"standard_error":3384.3247577416632},"slope":null,"std_dev":{"confidence_interval":{"confidence_level":0.95,"lower_bound":19375.843448847525,"upper_bound":32202.085172735802},"point_estimate":25236.043939877993,"standard_error":3469.178220128442}}