{"mean":{"confidence_interval":{"confidence_level":0.95,"lower_bound":1611306.380642311,"upper_bound":1702957.2345226477},"point_estimate":1652242.5630150405,"standard_error":23487.32923373273},"median":{"confidence_interval":{"confidence_level":0.95,"lower_bound":1578374.7023809524,"upper_bound":1629643.9655172413},"point_estimate":1602092.9604377104,"standard_error":13532.101613511313},"median_abs_dev":{"confidence_interval":{"confidence_level":0.95,"lower_bound":75662.09278672947,"upper_bound":125324.44715305911},"point_estimate":95198.20037670806,"standard_error":12599.972824584844},"slope":{"confidence_interval":{"confidence_level":0.95,"lower_bound":1562932.4263149684,"upper_bound":1610029.0051318414},"point_estimate":1585829.9463750555,"standard_error":12007.95641212675},"std_dev":{"confidence_interval":{"confidence_level":0.95,"lower_bound":115861.45884385245,"upper_bound":341751.060431324},"point_estimate":236308.24675817275,"standard_error":59362.63549695835}}