{"mean":{"confidence_interval":{"confidence_level":0.95,"lower_bound":65338.160541482524,"upper_bound":66684.72856321088},"point_estimate":65926.32790431814,"standard_error":346.9187423630852},"median":{"confidence_interval":{"confidence_level":0.95,"lower_bound":64857.99142608518,"upper_bound":65396.039649936065},"point_estimate":65106.293650793654,"standard_error":137.57510241764822},"median_abs_dev":{"confidence_interval":{"confidence_level":0.95,"lower_bound":773.7677413544726,"upper_bound":1255.571628892274},"point_estimate":1025.4773668639075,"standard_error":119.43636152123844},"slope":{"confidence_interval":{"confidence_level":0.95,"lower_bound":64802.84158606763,"upper_bound":65263.36920607481},"point_estimate":65012.67437509236,"standard_error":117.47071638473862},"std_dev":{"confidence_interval":{"confidence_level":0.95,"lower_bound":1575.4099833964274,"upper_bound":5227.3809898287145},"point_estimate":3470.2498262856793,"standard_error":1014.9167361446371}}