{"mean":{"confidence_interval":{"confidence_level":0.95,"lower_bound":518.8629988989493,"upper_bound":519.0973085665826},"point_estimate":518.9663504991702,"standard_error":0.06035703950870841},"median":{"confidence_interval":{"confidence_level":0.95,"lower_bound":518.7882449660111,"upper_bound":518.8740504906734},"point_estimate":518.8331184098122,"standard_error":0.02264321181954396},"median_abs_dev":{"confidence_interval":{"confidence_level":0.95,"lower_bound":0.141510128411685,"upper_bound":0.2533916750012759},"point_estimate":0.18277692538523876,"standard_error":0.028903795733968472},"slope":{"confidence_interval":{"confidence_level":0.95,"lower_bound":518.8333138822761,"upper_bound":519.036370003556},"point_estimate":518.9229898449934,"standard_error":0.052512191602594856},"std_dev":{"confidence_interval":{"confidence_level":0.95,"lower_bound":0.302837472423509,"upper_bound":0.9032107373220608},"point_estimate":0.6063729746111635,"standard_error":0.171114131050735}}