{"mean":{"confidence_interval":{"confidence_level":0.95,"lower_bound":3856511.22642857,"upper_bound":3971147.4591785716},"point_estimate":3910374.677142856,"standard_error":29240.529702013086},"median":{"confidence_interval":{"confidence_level":0.95,"lower_bound":3798386.428571428,"upper_bound":3818629.714285714},"point_estimate":3808909.8571428573,"standard_error":5528.455787497468},"median_abs_dev":{"confidence_interval":{"confidence_level":0.95,"lower_bound":37507.820184102835,"upper_bound":109095.3875981698},"point_estimate":60149.76928212818,"standard_error":18358.944351699898},"slope":null,"std_dev":{"confidence_interval":{"confidence_level":0.95,"lower_bound":210903.4654609503,"upper_bound":359202.0008564066},"point_estimate":293661.9968525158,"standard_error":37809.06897508903}}