{"mean":{"confidence_interval":{"confidence_level":0.95,"lower_bound":713778.3249180972,"upper_bound":751985.2194790442},"point_estimate":731627.7181176523,"standard_error":9822.0945261352},"median":{"confidence_interval":{"confidence_level":0.95,"lower_bound":701415.1625,"upper_bound":737262.6875},"point_estimate":715171.6554599719,"standard_error":9633.139800669049},"median_abs_dev":{"confidence_interval":{"confidence_level":0.95,"lower_bound":48357.42589898409,"upper_bound":80968.40282484997},"point_estimate":58988.97213175603,"standard_error":8529.667782809063},"slope":{"confidence_interval":{"confidence_level":0.95,"lower_bound":705993.78822283,"upper_bound":731455.8743898289},"point_estimate":718884.7557499631,"standard_error":6500.055935715789},"std_dev":{"confidence_interval":{"confidence_level":0.95,"lower_bound":64727.64169946237,"upper_bound":133731.43292597088},"point_estimate":99336.8270818326,"standard_error":18096.136319734826}}