{"mean":{"confidence_interval":{"confidence_level":0.95,"lower_bound":11445038.1797,"upper_bound":11707682.535749998},"point_estimate":11574431.911999995,"standard_error":67164.89095104081},"median":{"confidence_interval":{"confidence_level":0.95,"lower_bound":11393558.8,"upper_bound":11591490.0},"point_estimate":11471709.3,"standard_error":49039.96412709818},"median_abs_dev":{"confidence_interval":{"confidence_level":0.95,"lower_bound":408161.6185906815,"upper_bound":746612.8838449717},"point_estimate":585156.4123713964,"standard_error":88524.38326557445},"slope":null,"std_dev":{"confidence_interval":{"confidence_level":0.95,"lower_bound":561402.4063785138,"upper_bound":782987.3261354953},"point_estimate":675932.923178885,"standard_error":56708.50427404789}}