{"mean":{"confidence_interval":{"confidence_level":0.95,"lower_bound":4682709.648145832,"upper_bound":4695017.674958332},"point_estimate":4688572.694999999,"standard_error":3146.2271776482303},"median":{"confidence_interval":{"confidence_level":0.95,"lower_bound":4678702.375,"upper_bound":4690974.833333333},"point_estimate":4685250.291666667,"standard_error":2687.8160103447667},"median_abs_dev":{"confidence_interval":{"confidence_level":0.95,"lower_bound":19611.069530583223,"upper_bound":31463.895712029593},"point_estimate":27234.126016497383,"standard_error":2981.1496109950017},"slope":null,"std_dev":{"confidence_interval":{"confidence_level":0.95,"lower_bound":22971.26120982949,"upper_bound":41700.75803819397},"point_estimate":31651.464473553173,"standard_error":5139.860975653814}}