{"mean":{"confidence_interval":{"confidence_level":0.95,"lower_bound":4725466.221431817,"upper_bound":4727220.9078409085},"point_estimate":4726303.047272728,"standard_error":446.08158662784905},"median":{"confidence_interval":{"confidence_level":0.95,"lower_bound":4724634.454545455,"upper_bound":4726254.090909091},"point_estimate":4725305.727272727,"standard_error":443.0658819872319},"median_abs_dev":{"confidence_interval":{"confidence_level":0.95,"lower_bound":2477.8289014652933,"upper_bound":4124.323563142508},"point_estimate":3248.241760513434,"standard_error":408.7978655934328},"slope":null,"std_dev":{"confidence_interval":{"confidence_level":0.95,"lower_bound":3353.339288657818,"upper_bound":5525.307146344949},"point_estimate":4485.075247533502,"standard_error":556.9838858362682}}