{"mean":{"confidence_interval":{"confidence_level":0.95,"lower_bound":1916383.518542746,"upper_bound":2124676.26845831},"point_estimate":2010356.7259399781,"standard_error":53294.796329144185},"median":{"confidence_interval":{"confidence_level":0.95,"lower_bound":1819844.9493670885,"upper_bound":1993585.7631975869},"point_estimate":1897562.4129349226,"standard_error":41995.6716070797},"median_abs_dev":{"confidence_interval":{"confidence_level":0.95,"lower_bound":259725.6557187138,"upper_bound":398110.77630947717},"point_estimate":313127.90233485244,"standard_error":35235.39544494234},"slope":{"confidence_interval":{"confidence_level":0.95,"lower_bound":1837405.9952910815,"upper_bound":2025329.305824866},"point_estimate":1926204.1417289788,"standard_error":48110.08138248153},"std_dev":{"confidence_interval":{"confidence_level":0.95,"lower_bound":312091.8324076498,"upper_bound":776356.7859435237},"point_estimate":536515.900585722,"standard_error":133776.48492279337}}