{"mean":{"confidence_interval":{"confidence_level":0.95,"lower_bound":2004571.9980399997,"upper_bound":2020669.9110300003},"point_estimate":2011482.140399999,"standard_error":4130.392870570561},"median":{"confidence_interval":{"confidence_level":0.95,"lower_bound":2006812.4,"upper_bound":2016696.56},"point_estimate":2010462.46,"standard_error":2841.523118800476},"median_abs_dev":{"confidence_interval":{"confidence_level":0.95,"lower_bound":15689.079744163011,"upper_bound":25862.829764842973},"point_estimate":21557.30013728135,"standard_error":2696.97874423479},"slope":null,"std_dev":{"confidence_interval":{"confidence_level":0.95,"lower_bound":19867.937073630663,"upper_bound":64421.58899630455},"point_estimate":41361.29690213898,"standard_error":14008.679068040612}}