{"mean":{"confidence_interval":{"confidence_level":0.95,"lower_bound":9789.85703497093,"upper_bound":9987.23744709304},"point_estimate":9888.941724654473,"standard_error":50.40552186597727},"median":{"confidence_interval":{"confidence_level":0.95,"lower_bound":9398.321336429308,"upper_bound":10301.781121751026},"point_estimate":10268.850111932323,"standard_error":293.8539381262716},"median_abs_dev":{"confidence_interval":{"confidence_level":0.95,"lower_bound":85.20984202101313,"upper_bound":745.9050215557096},"point_estimate":214.9684599081409,"standard_error":181.4644223827531},"slope":{"confidence_interval":{"confidence_level":0.95,"lower_bound":9697.998812660795,"upper_bound":9960.809165012086},"point_estimate":9828.911825612764,"standard_error":67.41047802211745},"std_dev":{"confidence_interval":{"confidence_level":0.95,"lower_bound":482.7324374605351,"upper_bound":524.2690700158641},"point_estimate":506.7630766773679,"standard_error":10.393037503109051}}