{"mean":{"confidence_interval":{"confidence_level":0.95,"lower_bound":1913406.1539049083,"upper_bound":2142255.5332337464},"point_estimate":2009898.7863299462,"standard_error":59118.23949705565},"median":{"confidence_interval":{"confidence_level":0.95,"lower_bound":1851762.294117647,"upper_bound":1921888.3049019608},"point_estimate":1881188.6022727273,"standard_error":19230.134704204684},"median_abs_dev":{"confidence_interval":{"confidence_level":0.95,"lower_bound":98391.9959205613,"upper_bound":175142.67550766663},"point_estimate":118887.76711037284,"standard_error":18602.150630765354},"slope":{"confidence_interval":{"confidence_level":0.95,"lower_bound":1806853.8269287548,"upper_bound":1848339.3166786828},"point_estimate":1826770.1611733413,"standard_error":10619.951407676672},"std_dev":{"confidence_interval":{"confidence_level":0.95,"lower_bound":207382.2477429266,"upper_bound":930134.6488699303},"point_estimate":593974.0104216016,"standard_error":202805.1570495448}}