{"mean":{"confidence_interval":{"confidence_level":0.95,"lower_bound":2505491.8213645825,"upper_bound":2598589.8250937494},"point_estimate":2552145.6470833328,"standard_error":23759.09137664058},"median":{"confidence_interval":{"confidence_level":0.95,"lower_bound":2488753.875,"upper_bound":2647305.9791666665},"point_estimate":2570975.8125,"standard_error":43115.22516600776},"median_abs_dev":{"confidence_interval":{"confidence_level":0.95,"lower_bound":211406.12325929082,"upper_bound":329299.10642877244},"point_estimate":295844.4233477118,"standard_error":31179.057215715722},"slope":null,"std_dev":{"confidence_interval":{"confidence_level":0.95,"lower_bound":209472.95509442905,"upper_bound":265354.3072933558},"point_estimate":238441.6009843183,"standard_error":14236.76954734314}}