{"mean":{"confidence_interval":{"confidence_level":0.95,"lower_bound":2552931.5599999996,"upper_bound":2561763.2908095233},"point_estimate":2557014.7204761906,"standard_error":2258.466345248927},"median":{"confidence_interval":{"confidence_level":0.95,"lower_bound":2549771.761904762,"upper_bound":2557409.9523809524},"point_estimate":2554056.738095238,"standard_error":2005.965501694136},"median_abs_dev":{"confidence_interval":{"confidence_level":0.95,"lower_bound":12612.172631089397,"upper_bound":20297.111339653944},"point_estimate":17470.14618984297,"standard_error":1985.6205140210084},"slope":null,"std_dev":{"confidence_interval":{"confidence_level":0.95,"lower_bound":14590.808482631988,"upper_bound":32104.197200064278},"point_estimate":22799.044193319554,"standard_error":5085.977706096479}}