{"mean":{"confidence_interval":{"confidence_level":0.95,"lower_bound":3274348.649578125,"upper_bound":3360617.0038593747},"point_estimate":3313988.174375,"standard_error":22002.050625949032},"median":{"confidence_interval":{"confidence_level":0.95,"lower_bound":3224537.5,"upper_bound":3267864.6874999995},"point_estimate":3250991.21875,"standard_error":13012.278146482737},"median_abs_dev":{"confidence_interval":{"confidence_level":0.95,"lower_bound":50900.71495883167,"upper_bound":93683.77808053046},"point_estimate":71819.64461244643,"standard_error":11761.32402813519},"slope":null,"std_dev":{"confidence_interval":{"confidence_level":0.95,"lower_bound":135542.41984028526,"upper_bound":292497.5875762452},"point_estimate":221093.21605754146,"standard_error":40051.828599746295}}