{"mean":{"confidence_interval":{"confidence_level":0.95,"lower_bound":173302.07485253058,"upper_bound":187867.7924029168},"point_estimate":179221.50990410964,"standard_error":3807.321007587488},"median":{"confidence_interval":{"confidence_level":0.95,"lower_bound":167371.39256535948,"upper_bound":173764.33333333334},"point_estimate":169531.3644396384,"standard_error":1722.1938332314062},"median_abs_dev":{"confidence_interval":{"confidence_level":0.95,"lower_bound":5632.425504347872,"upper_bound":12347.07610746228},"point_estimate":8241.21946928748,"standard_error":1743.8135294780268},"slope":{"confidence_interval":{"confidence_level":0.95,"lower_bound":171415.18172243898,"upper_bound":177158.1055944453},"point_estimate":174167.42879020737,"standard_error":1463.0018198677433},"std_dev":{"confidence_interval":{"confidence_level":0.95,"lower_bound":11708.502799924252,"upper_bound":61125.57703163033},"point_estimate":37994.43457391236,"standard_error":14875.0864431362}}