{"mean":{"confidence_interval":{"confidence_level":0.95,"lower_bound":125283.97971900692,"upper_bound":127294.98071673262},"point_estimate":126240.64315458327,"standard_error":514.3412201598316},"median":{"confidence_interval":{"confidence_level":0.95,"lower_bound":123756.13559726712,"upper_bound":124951.18055555556},"point_estimate":124365.29755140693,"standard_error":311.55861382834917},"median_abs_dev":{"confidence_interval":{"confidence_level":0.95,"lower_bound":1600.2856928983654,"upper_bound":3103.240120943395},"point_estimate":2364.840841143268,"standard_error":390.14171573841276},"slope":{"confidence_interval":{"confidence_level":0.95,"lower_bound":126222.490327965,"upper_bound":129269.0217577345},"point_estimate":127713.04279037978,"standard_error":776.6249755177307},"std_dev":{"confidence_interval":{"confidence_level":0.95,"lower_bound":3925.563005582382,"upper_bound":6256.191684748832},"point_estimate":5177.505576754888,"standard_error":597.1373567615422}}