{"mean":{"confidence_interval":{"confidence_level":0.95,"lower_bound":89562.45642477066,"upper_bound":92547.50968030465},"point_estimate":90843.97870146231,"standard_error":770.3547269213466},"median":{"confidence_interval":{"confidence_level":0.95,"lower_bound":88623.83968048028,"upper_bound":89921.49551856593},"point_estimate":89190.55227272728,"standard_error":340.3462687786389},"median_abs_dev":{"confidence_interval":{"confidence_level":0.95,"lower_bound":2089.2705857132337,"upper_bound":3551.600515621547},"point_estimate":2670.9386070359174,"standard_error":375.0230744603084},"slope":{"confidence_interval":{"confidence_level":0.95,"lower_bound":90054.22573379231,"upper_bound":92012.74966037321},"point_estimate":90976.97298332819,"standard_error":500.32746600512843},"std_dev":{"confidence_interval":{"confidence_level":0.95,"lower_bound":3564.3934650069295,"upper_bound":11870.24042830151},"point_estimate":7718.47751484033,"standard_error":2513.0572087783057}}