{"mean":{"confidence_interval":{"confidence_level":0.95,"lower_bound":5749547.2637777785,"upper_bound":5882920.83036111},"point_estimate":5814295.973333332,"standard_error":33957.92671976569},"median":{"confidence_interval":{"confidence_level":0.95,"lower_bound":5635821.444444444,"upper_bound":5774983.222222222},"point_estimate":5699844.055555556,"standard_error":37921.9409835257},"median_abs_dev":{"confidence_interval":{"confidence_level":0.95,"lower_bound":191612.41697403285,"upper_bound":363152.2382527599},"point_estimate":286242.19988485216,"standard_error":45371.993846447855},"slope":null,"std_dev":{"confidence_interval":{"confidence_level":0.95,"lower_bound":286758.21435718884,"upper_bound":384837.68208684394},"point_estimate":340190.4313591682,"standard_error":25013.327396650857}}