{"mean":{"confidence_interval":{"confidence_level":0.95,"lower_bound":136845.1195213539,"upper_bound":141126.93924805697},"point_estimate":138898.14920928195,"standard_error":1089.6698647401206},"median":{"confidence_interval":{"confidence_level":0.95,"lower_bound":134215.9793699187,"upper_bound":137618.53847254004},"point_estimate":135727.55982142856,"standard_error":922.8481328094934},"median_abs_dev":{"confidence_interval":{"confidence_level":0.95,"lower_bound":5696.126595123542,"upper_bound":10319.51386570331},"point_estimate":7442.849410424508,"standard_error":1149.0596017999214},"slope":{"confidence_interval":{"confidence_level":0.95,"lower_bound":134419.26631195834,"upper_bound":139726.41323814745},"point_estimate":136796.2753469041,"standard_error":1359.6785211116241},"std_dev":{"confidence_interval":{"confidence_level":0.95,"lower_bound":8218.896620396417,"upper_bound":13585.831758803542},"point_estimate":10976.779175839996,"standard_error":1375.5517381759735}}