{"mean":{"confidence_interval":{"confidence_level":0.95,"lower_bound":1587682.3540532135,"upper_bound":1617581.451851619},"point_estimate":1602187.0921112194,"standard_error":7617.930113901505},"median":{"confidence_interval":{"confidence_level":0.95,"lower_bound":1590560.368877551,"upper_bound":1609589.1666666667},"point_estimate":1600116.7071428571,"standard_error":4110.330887130679},"median_abs_dev":{"confidence_interval":{"confidence_level":0.95,"lower_bound":31308.780098388565,"upper_bound":59864.06261853405},"point_estimate":42272.101662491346,"standard_error":7151.7445313161215},"slope":{"confidence_interval":{"confidence_level":0.95,"lower_bound":1589245.8629589572,"upper_bound":1624978.7350839397},"point_estimate":1606006.0243268805,"standard_error":9115.238395208153},"std_dev":{"confidence_interval":{"confidence_level":0.95,"lower_bound":58169.66943651052,"upper_bound":93721.82751871087},"point_estimate":76486.37655046234,"standard_error":9117.278201397348}}