{"mean":{"confidence_interval":{"confidence_level":0.95,"lower_bound":563900.8043317356,"upper_bound":602513.4128016023},"point_estimate":580038.0774825737,"standard_error":10043.366309440931},"median":{"confidence_interval":{"confidence_level":0.95,"lower_bound":553648.8461538461,"upper_bound":570658.2708333334},"point_estimate":562058.8132401316,"standard_error":3769.3182925967244},"median_abs_dev":{"confidence_interval":{"confidence_level":0.95,"lower_bound":20913.36312334295,"upper_bound":39567.25393093743},"point_estimate":32633.705191041834,"standard_error":4668.256645272299},"slope":{"confidence_interval":{"confidence_level":0.95,"lower_bound":555232.1835347373,"upper_bound":567960.8548471463},"point_estimate":561588.1121737845,"standard_error":3249.80399389444},"std_dev":{"confidence_interval":{"confidence_level":0.95,"lower_bound":36754.308395518005,"upper_bound":158073.1568159039},"point_estimate":100438.001423352,"standard_error":35214.02476578774}}