{"mean":{"confidence_interval":{"confidence_level":0.95,"lower_bound":3195815.100073529,"upper_bound":3313760.6287941183},"point_estimate":3253782.619411763,"standard_error":30032.91526219479},"median":{"confidence_interval":{"confidence_level":0.95,"lower_bound":3193864.823529412,"upper_bound":3291260.1764705884},"point_estimate":3236680.0588235296,"standard_error":26288.445549800585},"median_abs_dev":{"confidence_interval":{"confidence_level":0.95,"lower_bound":147847.66015164996,"upper_bound":275318.0738121271},"point_estimate":197167.70005839737,"standard_error":33273.25673037924},"slope":null,"std_dev":{"confidence_interval":{"confidence_level":0.95,"lower_bound":234639.12346387742,"upper_bound":367299.7613103767},"point_estimate":301910.17531337804,"standard_error":33945.445480555936}}