{"mean":{"confidence_interval":{"confidence_level":0.95,"lower_bound":16742901.6151875,"upper_bound":16797714.73775},"point_estimate":16770338.61,"standard_error":13945.265377542792},"median":{"confidence_interval":{"confidence_level":0.95,"lower_bound":16761855.625,"upper_bound":16806415.5},"point_estimate":16790183.625,"standard_error":14158.428068727038},"median_abs_dev":{"confidence_interval":{"confidence_level":0.95,"lower_bound":77922.5681797229,"upper_bound":175026.97775389993},"point_estimate":133684.00105163455,"standard_error":25906.0338469734},"slope":null,"std_dev":{"confidence_interval":{"confidence_level":0.95,"lower_bound":117073.20343454237,"upper_bound":162364.29462308483},"point_estimate":140155.86858674412,"standard_error":11580.331156016768}}