{"mean":{"confidence_interval":{"confidence_level":0.95,"lower_bound":222437.41319025238,"upper_bound":228350.10263969857},"point_estimate":224937.7238692176,"standard_error":1527.053731043873},"median":{"confidence_interval":{"confidence_level":0.95,"lower_bound":220479.52,"upper_bound":222716.77606060606},"point_estimate":221370.66758241758,"standard_error":674.0066893789809},"median_abs_dev":{"confidence_interval":{"confidence_level":0.95,"lower_bound":3118.821207914907,"upper_bound":5187.592113085377},"point_estimate":4095.3866579759065,"standard_error":527.344495874947},"slope":{"confidence_interval":{"confidence_level":0.95,"lower_bound":219650.71349608692,"upper_bound":221265.63845924745},"point_estimate":220391.50453554012,"standard_error":413.03076597169473},"std_dev":{"confidence_interval":{"confidence_level":0.95,"lower_bound":5619.621645656851,"upper_bound":24017.63196138043},"point_estimate":15329.244813359233,"standard_error":5227.5765754513895}}