{"mean":{"confidence_interval":{"confidence_level":0.95,"lower_bound":36990.00456315645,"upper_bound":37858.97622790982},"point_estimate":37295.41405628208,"standard_error":262.10292887561775},"median":{"confidence_interval":{"confidence_level":0.95,"lower_bound":36907.60470272905,"upper_bound":36983.871913580246},"point_estimate":36951.479352347,"standard_error":19.9460252780919},"median_abs_dev":{"confidence_interval":{"confidence_level":0.95,"lower_bound":110.51759715698822,"upper_bound":227.2326154486401},"point_estimate":158.6884263304003,"standard_error":30.653923154257825},"slope":{"confidence_interval":{"confidence_level":0.95,"lower_bound":36902.1236346872,"upper_bound":37003.00547833868},"point_estimate":36949.122084626375,"standard_error":25.79458475269068},"std_dev":{"confidence_interval":{"confidence_level":0.95,"lower_bound":198.2599683530682,"upper_bound":4491.01682740412},"point_estimate":2629.7569922972425,"standard_error":1510.9861680221136}}