{"mean":{"confidence_interval":{"confidence_level":0.95,"lower_bound":46803.51119081013,"upper_bound":48130.201450519955},"point_estimate":47425.570274134836,"standard_error":339.555486343105},"median":{"confidence_interval":{"confidence_level":0.95,"lower_bound":46046.716310160424,"upper_bound":47344.75},"point_estimate":46680.766928704856,"standard_error":321.29759729883125},"median_abs_dev":{"confidence_interval":{"confidence_level":0.95,"lower_bound":1823.750218281789,"upper_bound":3290.3914038566054},"point_estimate":2453.438660125235,"standard_error":378.28678966755194},"slope":{"confidence_interval":{"confidence_level":0.95,"lower_bound":46315.02865102283,"upper_bound":47723.5868994727},"point_estimate":47000.67611819391,"standard_error":361.15964884104585},"std_dev":{"confidence_interval":{"confidence_level":0.95,"lower_bound":2369.488157491645,"upper_bound":4600.258193765522},"point_estimate":3408.0513219764566,"standard_error":627.6140929999256}}