{"mean":{"confidence_interval":{"confidence_level":0.95,"lower_bound":55652.05893891075,"upper_bound":59173.11414884802},"point_estimate":57321.537142837886,"standard_error":898.8461632715621},"median":{"confidence_interval":{"confidence_level":0.95,"lower_bound":53671.66967035274,"upper_bound":56470.62058008799},"point_estimate":54752.754330968484,"standard_error":655.6185334811718},"median_abs_dev":{"confidence_interval":{"confidence_level":0.95,"lower_bound":4024.141731606206,"upper_bound":6736.800731667546},"point_estimate":5112.546601878706,"standard_error":682.7145636373364},"slope":{"confidence_interval":{"confidence_level":0.95,"lower_bound":56436.085093617665,"upper_bound":60933.416913922716},"point_estimate":58560.582818476665,"standard_error":1148.9646955269868},"std_dev":{"confidence_interval":{"confidence_level":0.95,"lower_bound":6206.533312004424,"upper_bound":11531.297530999496},"point_estimate":9033.09799066129,"standard_error":1363.7314732482755}}