{"mean":{"confidence_interval":{"confidence_level":0.95,"lower_bound":38532.88333862714,"upper_bound":38610.09066644507},"point_estimate":38570.39175552505,"standard_error":19.691447485693747},"median":{"confidence_interval":{"confidence_level":0.95,"lower_bound":38510.37589214909,"upper_bound":38559.74132730015},"point_estimate":38529.77025449675,"standard_error":12.199921864829596},"median_abs_dev":{"confidence_interval":{"confidence_level":0.95,"lower_bound":89.3736102069334,"upper_bound":176.4869358043482},"point_estimate":132.05116829236763,"standard_error":21.793695646924863},"slope":{"confidence_interval":{"confidence_level":0.95,"lower_bound":38461.24036210561,"upper_bound":38529.36806113202},"point_estimate":38494.20870684658,"standard_error":17.36351813976353},"std_dev":{"confidence_interval":{"confidence_level":0.95,"lower_bound":163.07934929877703,"upper_bound":227.31030369429257},"point_estimate":198.22818254249214,"standard_error":16.315585991429817}}