{"mean":{"confidence_interval":{"confidence_level":0.95,"lower_bound":194007.85316188136,"upper_bound":206907.04126890987},"point_estimate":199517.7006637175,"standard_error":3331.307905538835},"median":{"confidence_interval":{"confidence_level":0.95,"lower_bound":189540.21296296295,"upper_bound":194437.4696969697},"point_estimate":191984.897723031,"standard_error":1254.4312980431532},"median_abs_dev":{"confidence_interval":{"confidence_level":0.95,"lower_bound":7606.28653165296,"upper_bound":14461.882752318867},"point_estimate":10705.385662440503,"standard_error":1791.4971377934637},"slope":{"confidence_interval":{"confidence_level":0.95,"lower_bound":189487.4718602198,"upper_bound":195604.69530333648},"point_estimate":192411.83043840204,"standard_error":1564.6910044669203},"std_dev":{"confidence_interval":{"confidence_level":0.95,"lower_bound":11913.834114738525,"upper_bound":51672.53457706114},"point_estimate":33468.08365378845,"standard_error":10899.83543639493}}