{"mean":{"confidence_interval":{"confidence_level":0.95,"lower_bound":9639792.834583329,"upper_bound":9933867.84066667},"point_estimate":9785644.631666666,"standard_error":74873.36360791588},"median":{"confidence_interval":{"confidence_level":0.95,"lower_bound":9636083.0,"upper_bound":9900266.5},"point_estimate":9752766.5,"standard_error":63025.72930319001},"median_abs_dev":{"confidence_interval":{"confidence_level":0.95,"lower_bound":521751.6407370558,"upper_bound":1010762.532055378},"point_estimate":770309.5263242726,"standard_error":130129.8127610279},"slope":null,"std_dev":{"confidence_interval":{"confidence_level":0.95,"lower_bound":637989.9306185046,"upper_bound":858494.6255719967},"point_estimate":752527.9858785459,"standard_error":56471.77424728763}}