{"mean":{"confidence_interval":{"confidence_level":0.95,"lower_bound":2621.318190373939,"upper_bound":2635.149437724549},"point_estimate":2628.445450170624,"standard_error":3.53033513001803},"median":{"confidence_interval":{"confidence_level":0.95,"lower_bound":2622.0931293612452,"upper_bound":2641.7313634026455},"point_estimate":2632.9168511360003,"standard_error":4.751008114861797},"median_abs_dev":{"confidence_interval":{"confidence_level":0.95,"lower_bound":26.07279347650876,"upper_bound":41.515382837451426},"point_estimate":31.83797372488646,"standard_error":3.8433030899908878},"slope":{"confidence_interval":{"confidence_level":0.95,"lower_bound":2625.4463543137754,"upper_bound":2638.4986310527497},"point_estimate":2632.127004737432,"standard_error":3.329081768656486},"std_dev":{"confidence_interval":{"confidence_level":0.95,"lower_bound":28.334618304583593,"upper_bound":42.826687328271206},"point_estimate":35.51924964955176,"standard_error":3.7454107685613884}}