{"mean":{"confidence_interval":{"confidence_level":0.95,"lower_bound":85651.72850500759,"upper_bound":86879.69401664415},"point_estimate":86231.64510499971,"standard_error":313.19438271879187},"median":{"confidence_interval":{"confidence_level":0.95,"lower_bound":84945.06737132353,"upper_bound":85728.43496260684},"point_estimate":85231.34635416666,"standard_error":193.9284201742834},"median_abs_dev":{"confidence_interval":{"confidence_level":0.95,"lower_bound":1215.7178721423904,"upper_bound":2103.666285527605},"point_estimate":1581.666160816411,"standard_error":227.99995867107418},"slope":{"confidence_interval":{"confidence_level":0.95,"lower_bound":84872.14465143862,"upper_bound":85786.93372047081},"point_estimate":85300.19256539087,"standard_error":233.8125748799322},"std_dev":{"confidence_interval":{"confidence_level":0.95,"lower_bound":2197.5194036297526,"upper_bound":3971.9992546544486},"point_estimate":3157.8765865746795,"standard_error":451.6899295628388}}