{"mean":{"confidence_interval":{"confidence_level":0.95,"lower_bound":94564.31247018257,"upper_bound":95415.27413749439},"point_estimate":94984.88789983185,"standard_error":218.52788428431398},"median":{"confidence_interval":{"confidence_level":0.95,"lower_bound":94164.92090909091,"upper_bound":95255.19755244756},"point_estimate":94651.93022328548,"standard_error":276.528634663983},"median_abs_dev":{"confidence_interval":{"confidence_level":0.95,"lower_bound":1652.2281984356825,"upper_bound":2770.128800086843},"point_estimate":2383.6069497192457,"standard_error":285.0760997961532},"slope":{"confidence_interval":{"confidence_level":0.95,"lower_bound":93450.73440118055,"upper_bound":94158.68309799528},"point_estimate":93786.69375848032,"standard_error":180.04388948094905},"std_dev":{"confidence_interval":{"confidence_level":0.95,"lower_bound":1879.824200987135,"upper_bound":2481.3879952584825},"point_estimate":2195.215636859564,"standard_error":153.36562496857331}}