{"mean":{"confidence_interval":{"confidence_level":0.95,"lower_bound":583156.0106529921,"upper_bound":586399.7720466645},"point_estimate":584705.7030011448,"standard_error":825.7678096365241},"median":{"confidence_interval":{"confidence_level":0.95,"lower_bound":585647.3846153846,"upper_bound":586763.2527472527},"point_estimate":586243.5654040404,"standard_error":290.56394828871123},"median_abs_dev":{"confidence_interval":{"confidence_level":0.95,"lower_bound":2268.0778521438065,"upper_bound":4834.469783862766},"point_estimate":3305.125007111807,"standard_error":685.9676490918295},"slope":{"confidence_interval":{"confidence_level":0.95,"lower_bound":582935.592829551,"upper_bound":585725.0611218415},"point_estimate":584384.19600266,"standard_error":714.439495212769},"std_dev":{"confidence_interval":{"confidence_level":0.95,"lower_bound":5446.975577910914,"upper_bound":11520.005585916497},"point_estimate":8293.346283120816,"standard_error":1661.237170678259}}