{"mean":{"confidence_interval":{"confidence_level":0.95,"lower_bound":66045.89280573775,"upper_bound":66867.98060790432},"point_estimate":66436.36870302897,"standard_error":209.85589209386708},"median":{"confidence_interval":{"confidence_level":0.95,"lower_bound":65596.47686688311,"upper_bound":65931.29630486516},"point_estimate":65769.01108047387,"standard_error":86.39334771609948},"median_abs_dev":{"confidence_interval":{"confidence_level":0.95,"lower_bound":526.4021101737287,"upper_bound":1077.6581493108083},"point_estimate":806.2513789674292,"standard_error":140.51395186047623},"slope":{"confidence_interval":{"confidence_level":0.95,"lower_bound":66310.22397864446,"upper_bound":67590.64988094644},"point_estimate":66935.85655367962,"standard_error":327.7895298160337},"std_dev":{"confidence_interval":{"confidence_level":0.95,"lower_bound":1568.3657827198695,"upper_bound":2553.8395328765864},"point_estimate":2109.070230213241,"standard_error":250.9585243945479}}