{"mean":{"confidence_interval":{"confidence_level":0.95,"lower_bound":11972537.067799998,"upper_bound":12128690.839749996},"point_estimate":12048244.113999996,"standard_error":39800.67034961718},"median":{"confidence_interval":{"confidence_level":0.95,"lower_bound":12008960.8,"upper_bound":12130997.4},"point_estimate":12049296.7,"standard_error":32363.996401034896},"median_abs_dev":{"confidence_interval":{"confidence_level":0.95,"lower_bound":174737.00899779797,"upper_bound":275252.83941328526},"point_estimate":239403.57204973834,"standard_error":25054.028535369784},"slope":null,"std_dev":{"confidence_interval":{"confidence_level":0.95,"lower_bound":293363.02110469283,"upper_bound":515843.8979383938},"point_estimate":399902.2556140703,"standard_error":58744.96803686654}}