{"mean":{"confidence_interval":{"confidence_level":0.95,"lower_bound":68467.68975341327,"upper_bound":70099.2265483938},"point_estimate":69223.15782908851,"standard_error":416.21868067809925},"median":{"confidence_interval":{"confidence_level":0.95,"lower_bound":67736.28258706468,"upper_bound":69048.12275641026},"point_estimate":68529.77531022679,"standard_error":337.49349624975423},"median_abs_dev":{"confidence_interval":{"confidence_level":0.95,"lower_bound":2057.506380214388,"upper_bound":3324.4511898996448},"point_estimate":2708.356041528423,"standard_error":323.33177657629994},"slope":{"confidence_interval":{"confidence_level":0.95,"lower_bound":67152.47588851942,"upper_bound":68239.60067043423},"point_estimate":67682.19729845821,"standard_error":278.0531147537442},"std_dev":{"confidence_interval":{"confidence_level":0.95,"lower_bound":2712.626071324129,"upper_bound":5746.137992246797},"point_estimate":4198.687442954115,"standard_error":822.5765166932144}}