{"mean":{"confidence_interval":{"confidence_level":0.95,"lower_bound":84055.0650587818,"upper_bound":85770.21408707464},"point_estimate":84847.35282078738,"standard_error":439.46536079601094},"median":{"confidence_interval":{"confidence_level":0.95,"lower_bound":83655.34526342452,"upper_bound":84338.54557291667},"point_estimate":83968.99927974647,"standard_error":187.91946726352708},"median_abs_dev":{"confidence_interval":{"confidence_level":0.95,"lower_bound":945.5016457706301,"upper_bound":1766.7436817056278},"point_estimate":1242.7050555890933,"standard_error":220.27465416551854},"slope":{"confidence_interval":{"confidence_level":0.95,"lower_bound":84047.10293526182,"upper_bound":85626.49215670995},"point_estimate":84770.7847359736,"standard_error":406.8112684952718},"std_dev":{"confidence_interval":{"confidence_level":0.95,"lower_bound":2675.3726284705444,"upper_bound":6086.134673062797},"point_estimate":4419.981779232234,"standard_error":890.7090194613189}}