{"mean":{"confidence_interval":{"confidence_level":0.95,"lower_bound":536616.6966573312,"upper_bound":567865.0757009037},"point_estimate":550672.9505136997,"standard_error":8013.097015982218},"median":{"confidence_interval":{"confidence_level":0.95,"lower_bound":518762.9240506329,"upper_bound":531435.380952381},"point_estimate":523733.97730654763,"standard_error":3283.5239203179167},"median_abs_dev":{"confidence_interval":{"confidence_level":0.95,"lower_bound":14529.50599642478,"upper_bound":29312.797235370854},"point_estimate":20493.475887946734,"standard_error":3760.879561930237},"slope":{"confidence_interval":{"confidence_level":0.95,"lower_bound":525189.7542278116,"upper_bound":536121.0124077125},"point_estimate":530536.8908068568,"standard_error":2786.6569503948604},"std_dev":{"confidence_interval":{"confidence_level":0.95,"lower_bound":42753.266659737594,"upper_bound":116362.43897551628},"point_estimate":80426.00578082632,"standard_error":19765.449015135408}}