{"mean":{"confidence_interval":{"confidence_level":0.95,"lower_bound":3053887.545191176,"upper_bound":3225294.252897058},"point_estimate":3139071.5811764705,"standard_error":43818.95978336239},"median":{"confidence_interval":{"confidence_level":0.95,"lower_bound":3008842.8235294116,"upper_bound":3209136.5882352944},"point_estimate":3097266.2647058824,"standard_error":51095.51147434214},"median_abs_dev":{"confidence_interval":{"confidence_level":0.95,"lower_bound":318746.74108817324,"upper_bound":523529.46924461116},"point_estimate":397682.41316325555,"standard_error":51770.5167497291},"slope":null,"std_dev":{"confidence_interval":{"confidence_level":0.95,"lower_bound":375208.00799804676,"upper_bound":499237.9194538664},"point_estimate":440871.0339279614,"standard_error":31679.599277683836}}