{"mean":{"confidence_interval":{"confidence_level":0.95,"lower_bound":672949.8489663181,"upper_bound":691847.653033093},"point_estimate":681251.916024495,"standard_error":4875.2321364799855},"median":{"confidence_interval":{"confidence_level":0.95,"lower_bound":666319.6574760245,"upper_bound":672677.2856804172},"point_estimate":670413.1225775194,"standard_error":1633.0740370107628},"median_abs_dev":{"confidence_interval":{"confidence_level":0.95,"lower_bound":11016.894154870623,"upper_bound":18389.934039344153},"point_estimate":15729.0036880821,"standard_error":1907.086377895774},"slope":{"confidence_interval":{"confidence_level":0.95,"lower_bound":664027.6789259244,"upper_bound":669595.9506908122},"point_estimate":666681.8156952859,"standard_error":1428.2408104047213},"std_dev":{"confidence_interval":{"confidence_level":0.95,"lower_bound":21450.222480776596,"upper_bound":73061.08932133541},"point_estimate":49098.73755767703,"standard_error":13607.89527024234}}