{"mean":{"confidence_interval":{"confidence_level":0.95,"lower_bound":987573.4412687251,"upper_bound":998001.9862253303},"point_estimate":992377.3670854501,"standard_error":2680.817169597415},"median":{"confidence_interval":{"confidence_level":0.95,"lower_bound":979991.474025974,"upper_bound":988710.7888888889},"point_estimate":981849.1753968254,"standard_error":2178.479479886723},"median_abs_dev":{"confidence_interval":{"confidence_level":0.95,"lower_bound":8328.789775842217,"upper_bound":17565.541974928117},"point_estimate":11596.201448877197,"standard_error":2351.346180732385},"slope":{"confidence_interval":{"confidence_level":0.95,"lower_bound":979980.6918124242,"upper_bound":986288.1830641598},"point_estimate":982988.7484705187,"standard_error":1616.4519667216396},"std_dev":{"confidence_interval":{"confidence_level":0.95,"lower_bound":17235.699790677583,"upper_bound":36951.01379655782},"point_estimate":26889.91636472366,"standard_error":5325.032105080021}}