{"mean":{"confidence_interval":{"confidence_level":0.95,"lower_bound":344766.936523359,"upper_bound":373216.48689483484},"point_estimate":357759.8221547114,"standard_error":7300.773847200735},"median":{"confidence_interval":{"confidence_level":0.95,"lower_bound":328614.0487804878,"upper_bound":333746.92424242425},"point_estimate":330721.64085271314,"standard_error":1158.7487606929692},"median_abs_dev":{"confidence_interval":{"confidence_level":0.95,"lower_bound":7867.911211434559,"upper_bound":15959.364045526496},"point_estimate":10997.563009765225,"standard_error":1892.652747403523},"slope":{"confidence_interval":{"confidence_level":0.95,"lower_bound":337851.57040579204,"upper_bound":370475.65099768183},"point_estimate":352565.10998275946,"standard_error":8389.54877130628},"std_dev":{"confidence_interval":{"confidence_level":0.95,"lower_bound":42760.44308015709,"upper_bound":99551.82786441004},"point_estimate":73442.60561978954,"standard_error":14515.356459140196}}