{"mean":{"confidence_interval":{"confidence_level":0.95,"lower_bound":294282.322862788,"upper_bound":304186.2727811893},"point_estimate":298733.60796239367,"standard_error":2538.185379882143},"median":{"confidence_interval":{"confidence_level":0.95,"lower_bound":289074.47865853657,"upper_bound":295844.5466666667},"point_estimate":292156.2922149123,"standard_error":1649.8633920939617},"median_abs_dev":{"confidence_interval":{"confidence_level":0.95,"lower_bound":8959.075859694649,"upper_bound":17611.038537901306},"point_estimate":12697.980947144762,"standard_error":2258.792598028225},"slope":{"confidence_interval":{"confidence_level":0.95,"lower_bound":295139.3110052358,"upper_bound":306708.9509795952},"point_estimate":300386.707699867,"standard_error":2950.578637238968},"std_dev":{"confidence_interval":{"confidence_level":0.95,"lower_bound":14171.785317557738,"upper_bound":37288.594610593835},"point_estimate":25499.36690207684,"standard_error":6649.804252707987}}