{"mean":{"confidence_interval":{"confidence_level":0.95,"lower_bound":353423.3881017528,"upper_bound":364076.75785804406},"point_estimate":358804.97939524153,"standard_error":2706.6712764452086},"median":{"confidence_interval":{"confidence_level":0.95,"lower_bound":348964.9401709402,"upper_bound":375390.85610902257},"point_estimate":367367.0724954463,"standard_error":7819.248358501658},"median_abs_dev":{"confidence_interval":{"confidence_level":0.95,"lower_bound":21068.46105139716,"upper_bound":40413.783598708},"point_estimate":32331.208927237098,"standard_error":4804.7527782815405},"slope":{"confidence_interval":{"confidence_level":0.95,"lower_bound":344385.5018610351,"upper_bound":357183.15584335284},"point_estimate":350758.01236392296,"standard_error":3268.596253174527},"std_dev":{"confidence_interval":{"confidence_level":0.95,"lower_bound":24579.756818223243,"upper_bound":29381.052533939914},"point_estimate":27193.057819652182,"standard_error":1222.4736910726147}}