{"mean":{"confidence_interval":{"confidence_level":0.95,"lower_bound":2398.320258396791,"upper_bound":2540.441875421124},"point_estimate":2467.0683478381216,"standard_error":36.16130662918202},"median":{"confidence_interval":{"confidence_level":0.95,"lower_bound":2217.460621208571,"upper_bound":2428.9754317998386},"point_estimate":2313.6093329874325,"standard_error":53.55030184220134},"median_abs_dev":{"confidence_interval":{"confidence_level":0.95,"lower_bound":96.26760048697817,"upper_bound":352.0838831940679},"point_estimate":220.65748319392694,"standard_error":66.61620621524193},"slope":{"confidence_interval":{"confidence_level":0.95,"lower_bound":2435.4058440464123,"upper_bound":2626.619703660148},"point_estimate":2526.280759668681,"standard_error":48.73196551474036},"std_dev":{"confidence_interval":{"confidence_level":0.95,"lower_bound":300.2365151981726,"upper_bound":419.40894984371494},"point_estimate":364.45154669149633,"standard_error":30.41542837642038}}