{"mean":{"confidence_interval":{"confidence_level":0.95,"lower_bound":70831.0059943737,"upper_bound":70969.3282771431},"point_estimate":70899.18361841676,"standard_error":35.40299758937582},"median":{"confidence_interval":{"confidence_level":0.95,"lower_bound":70704.98915009042,"upper_bound":70912.93242097409},"point_estimate":70788.40103926806,"standard_error":57.94232826804931},"median_abs_dev":{"confidence_interval":{"confidence_level":0.95,"lower_bound":227.06299006279772,"upper_bound":452.4032552908728},"point_estimate":321.8970714289318,"standard_error":62.12526390504515},"slope":{"confidence_interval":{"confidence_level":0.95,"lower_bound":70742.7311606782,"upper_bound":70899.88858694135},"point_estimate":70819.4560577593,"standard_error":40.03973576627303},"std_dev":{"confidence_interval":{"confidence_level":0.95,"lower_bound":308.3313192868528,"upper_bound":399.85870214161974},"point_estimate":356.5770672778031,"standard_error":23.28247028301397}}