{"mean":{"confidence_interval":{"confidence_level":0.95,"lower_bound":338181.618373536,"upper_bound":338974.81812490005},"point_estimate":338553.62840616325,"standard_error":202.41510150846756},"median":{"confidence_interval":{"confidence_level":0.95,"lower_bound":337689.9048130256,"upper_bound":338368.3211382114},"point_estimate":338004.55613535736,"standard_error":182.20454272329565},"median_abs_dev":{"confidence_interval":{"confidence_level":0.95,"lower_bound":688.7769866335082,"upper_bound":1268.6343021898424},"point_estimate":1036.1052930214282,"standard_error":139.63388801812027},"slope":{"confidence_interval":{"confidence_level":0.95,"lower_bound":337980.5644613866,"upper_bound":338848.074604858},"point_estimate":338378.7148928624,"standard_error":221.83918612951024},"std_dev":{"confidence_interval":{"confidence_level":0.95,"lower_bound":1346.0555391631758,"upper_bound":2644.4150447333172},"point_estimate":2033.1589587045548,"standard_error":332.9527124220325}}