{"mean":{"confidence_interval":{"confidence_level":0.95,"lower_bound":60440.99412160412,"upper_bound":62378.144196789915},"point_estimate":61304.48662398665,"standard_error":495.03593649478114},"median":{"confidence_interval":{"confidence_level":0.95,"lower_bound":59939.52524038462,"upper_bound":61344.10778985507},"point_estimate":60710.76625890899,"standard_error":378.0878898488909},"median_abs_dev":{"confidence_interval":{"confidence_level":0.95,"lower_bound":2006.3191662465515,"upper_bound":3675.2647057917325},"point_estimate":2869.0687320597385,"standard_error":430.59380854768864},"slope":{"confidence_interval":{"confidence_level":0.95,"lower_bound":61672.55352936784,"upper_bound":64535.54136641649},"point_estimate":62893.96880707847,"standard_error":738.4663619916842},"std_dev":{"confidence_interval":{"confidence_level":0.95,"lower_bound":2801.829935748825,"upper_bound":7333.093178078564},"point_estimate":4963.121202485507,"standard_error":1372.96003948054}}