{"mean":{"confidence_interval":{"confidence_level":0.95,"lower_bound":218891.68821186756,"upper_bound":224640.2325924984},"point_estimate":221624.90548758532,"standard_error":1462.4171717471038},"median":{"confidence_interval":{"confidence_level":0.95,"lower_bound":216052.17631578946,"upper_bound":221888.2788888889},"point_estimate":219399.26051136362,"standard_error":1377.0541002733414},"median_abs_dev":{"confidence_interval":{"confidence_level":0.95,"lower_bound":8396.886136198207,"upper_bound":14965.777346983798},"point_estimate":11042.09009653724,"standard_error":1592.6036747213407},"slope":{"confidence_interval":{"confidence_level":0.95,"lower_bound":216832.5546040648,"upper_bound":222320.7344325406},"point_estimate":219519.65643327916,"standard_error":1401.6230524785494},"std_dev":{"confidence_interval":{"confidence_level":0.95,"lower_bound":10681.490110237488,"upper_bound":18812.44595116998},"point_estimate":14717.011952048255,"standard_error":2113.371988389654}}