{"mean":{"confidence_interval":{"confidence_level":0.95,"lower_bound":1465816.0399848383,"upper_bound":1552637.7796429144},"point_estimate":1506558.8150261878,"standard_error":22261.696091405993},"median":{"confidence_interval":{"confidence_level":0.95,"lower_bound":1418332.2571428572,"upper_bound":1496794.8475609757},"point_estimate":1467309.1987179485,"standard_error":21962.66440174873},"median_abs_dev":{"confidence_interval":{"confidence_level":0.95,"lower_bound":108639.17878889282,"upper_bound":186458.87281225616},"point_estimate":149505.13209972324,"standard_error":19573.204202055706},"slope":{"confidence_interval":{"confidence_level":0.95,"lower_bound":1378386.5560122465,"upper_bound":1438480.6210034452},"point_estimate":1406130.3245367224,"standard_error":15359.782470475246},"std_dev":{"confidence_interval":{"confidence_level":0.95,"lower_bound":152153.62591452542,"upper_bound":290094.38222689234},"point_estimate":224219.1612678367,"standard_error":35380.95893837534}}