{"mean":{"confidence_interval":{"confidence_level":0.95,"lower_bound":470914.5414698463,"upper_bound":471647.22653922165},"point_estimate":471239.0239110519,"standard_error":187.70241148899805},"median":{"confidence_interval":{"confidence_level":0.95,"lower_bound":470625.7826086957,"upper_bound":470989.875},"point_estimate":470796.774433489,"standard_error":92.69203969026643},"median_abs_dev":{"confidence_interval":{"confidence_level":0.95,"lower_bound":567.5454701114745,"upper_bound":1041.3813452944896},"point_estimate":789.3191622113816,"standard_error":119.31877059154972},"slope":{"confidence_interval":{"confidence_level":0.95,"lower_bound":470380.6022088962,"upper_bound":470672.2599124911},"point_estimate":470519.50845771143,"standard_error":74.42168610515003},"std_dev":{"confidence_interval":{"confidence_level":0.95,"lower_bound":952.4051990114567,"upper_bound":2816.2040004732185},"point_estimate":1893.8775526815773,"standard_error":523.1873604405822}}