{"mean":{"confidence_interval":{"confidence_level":0.95,"lower_bound":5394837.999599999,"upper_bound":5414550.1925},"point_estimate":5404838.501000001,"standard_error":5046.498727056568},"median":{"confidence_interval":{"confidence_level":0.95,"lower_bound":5395676.4,"upper_bound":5424658.4},"point_estimate":5413992.7,"standard_error":7367.408489742642},"median_abs_dev":{"confidence_interval":{"confidence_level":0.95,"lower_bound":41849.052937030516,"upper_bound":65023.94377559465},"point_estimate":55660.65777182593,"standard_error":6169.108289569957},"slope":null,"std_dev":{"confidence_interval":{"confidence_level":0.95,"lower_bound":44104.828604872724,"upper_bound":56805.496528610885},"point_estimate":50756.7341715074,"standard_error":3239.07104228967}}