{"mean":{"confidence_interval":{"confidence_level":0.95,"lower_bound":251249.30382083773,"upper_bound":267452.400412512},"point_estimate":259006.86781904643,"standard_error":4148.779653034789},"median":{"confidence_interval":{"confidence_level":0.95,"lower_bound":239595.95052631578,"upper_bound":253666.39210526316},"point_estimate":246875.20859550562,"standard_error":3581.5762775292246},"median_abs_dev":{"confidence_interval":{"confidence_level":0.95,"lower_bound":19159.24817379321,"upper_bound":33179.857275340946},"point_estimate":26502.291850167298,"standard_error":3719.7482873396},"slope":{"confidence_interval":{"confidence_level":0.95,"lower_bound":237551.63171383014,"upper_bound":248343.7919100369},"point_estimate":242597.06689522683,"standard_error":2745.426414511418},"std_dev":{"confidence_interval":{"confidence_level":0.95,"lower_bound":31460.932871550718,"upper_bound":50245.19842599843},"point_estimate":41746.99860978068,"standard_error":4783.970699647619}}