{"mean":{"confidence_interval":{"confidence_level":0.95,"lower_bound":3699959.207903847,"upper_bound":3762272.4886153853},"point_estimate":3731170.699230769,"standard_error":15918.692995347481},"median":{"confidence_interval":{"confidence_level":0.95,"lower_bound":3675808.1153846155,"upper_bound":3798419.6153846155},"point_estimate":3730444.346153846,"standard_error":33313.80077286967},"median_abs_dev":{"confidence_interval":{"confidence_level":0.95,"lower_bound":153351.0175851673,"upper_bound":230361.70801795425},"point_estimate":191104.62759183013,"standard_error":21511.58153654974},"slope":null,"std_dev":{"confidence_interval":{"confidence_level":0.95,"lower_bound":138716.7118609683,"upper_bound":182563.8168515045},"point_estimate":160217.79796674522,"standard_error":11239.361890558908}}