{"mean":{"confidence_interval":{"confidence_level":0.95,"lower_bound":959659.6198569982,"upper_bound":1005041.3927554904},"point_estimate":981320.0445679873,"standard_error":11627.896135080506},"median":{"confidence_interval":{"confidence_level":0.95,"lower_bound":942475.7281820455,"upper_bound":982047.0735294118},"point_estimate":957804.1985294118,"standard_error":10918.966021322236},"median_abs_dev":{"confidence_interval":{"confidence_level":0.95,"lower_bound":70655.8558588411,"upper_bound":116712.43380719984},"point_estimate":94815.98800569064,"standard_error":11840.49287722389},"slope":{"confidence_interval":{"confidence_level":0.95,"lower_bound":968567.8088357958,"upper_bound":1012677.8275755474},"point_estimate":989871.8349578838,"standard_error":11223.349464380606},"std_dev":{"confidence_interval":{"confidence_level":0.95,"lower_bound":82799.49645514377,"upper_bound":148859.40624781625},"point_estimate":117079.80577769599,"standard_error":16951.859559239834}}