{"mean":{"confidence_interval":{"confidence_level":0.95,"lower_bound":3147312.167890625,"upper_bound":3155736.2063125},"point_estimate":3151476.05375,"standard_error":2147.513529040122},"median":{"confidence_interval":{"confidence_level":0.95,"lower_bound":3140284.65625,"upper_bound":3150675.3125},"point_estimate":3145175.3125,"standard_error":2721.217856795385},"median_abs_dev":{"confidence_interval":{"confidence_level":0.95,"lower_bound":13913.274127990007,"upper_bound":28000.38310289383},"point_estimate":21785.138688236475,"standard_error":3688.75186033303},"slope":null,"std_dev":{"confidence_interval":{"confidence_level":0.95,"lower_bound":19088.514170243678,"upper_bound":23676.0878202136},"point_estimate":21577.479273963883,"standard_error":1168.5610739195574}}