{"mean":{"confidence_interval":{"confidence_level":0.95,"lower_bound":214211.74260706245,"upper_bound":226455.13019307773},"point_estimate":219345.984207565,"standard_error":3202.4602632147494},"median":{"confidence_interval":{"confidence_level":0.95,"lower_bound":211616.04,"upper_bound":216510.33186813188},"point_estimate":214406.57047101448,"standard_error":1198.2329275228801},"median_abs_dev":{"confidence_interval":{"confidence_level":0.95,"lower_bound":5905.531360242054,"upper_bound":9933.068876230745},"point_estimate":7565.894535053516,"standard_error":1022.8953344560117},"slope":{"confidence_interval":{"confidence_level":0.95,"lower_bound":215791.25969882665,"upper_bound":233509.39423648381},"point_estimate":222601.09589951235,"standard_error":4726.6665476534},"std_dev":{"confidence_interval":{"confidence_level":0.95,"lower_bound":10938.932348340411,"upper_bound":51185.435261209306},"point_estimate":32300.417816867353,"standard_error":11720.235620725121}}