{"mean":{"confidence_interval":{"confidence_level":0.95,"lower_bound":8518968.398541667,"upper_bound":8742311.264625},"point_estimate":8623888.71,"standard_error":57037.66829706829},"median":{"confidence_interval":{"confidence_level":0.95,"lower_bound":8452585.833333334,"upper_bound":8582775.5},"point_estimate":8524628.333333332,"standard_error":36381.94920556269},"median_abs_dev":{"confidence_interval":{"confidence_level":0.95,"lower_bound":372778.3892318602,"upper_bound":637908.0576461193},"point_estimate":492499.4490563879,"standard_error":67262.60619152783},"slope":null,"std_dev":{"confidence_interval":{"confidence_level":0.95,"lower_bound":409728.0194240718,"upper_bound":767914.7004865744},"point_estimate":574899.1754077544,"standard_error":101294.30686837128}}