{"mean":{"confidence_interval":{"confidence_level":0.95,"lower_bound":24139663.906250007,"upper_bound":24325971.530333336},"point_estimate":24230339.01,"standard_error":47458.34183231617},"median":{"confidence_interval":{"confidence_level":0.95,"lower_bound":24012085.0,"upper_bound":24198121.0},"point_estimate":24084584.666666664,"standard_error":46642.42921148451},"median_abs_dev":{"confidence_interval":{"confidence_level":0.95,"lower_bound":280091.55152738,"upper_bound":476564.4645392876},"point_estimate":352220.04024684336,"standard_error":48224.321183480395},"slope":null,"std_dev":{"confidence_interval":{"confidence_level":0.95,"lower_bound":398745.47323824826,"upper_bound":547972.1379215344},"point_estimate":478060.10900819337,"standard_error":37985.06497104907}}