{"mean":{"confidence_interval":{"confidence_level":0.95,"lower_bound":65375.63328788459,"upper_bound":69312.91347639277},"point_estimate":67296.62438928195,"standard_error":1000.8810536841052},"median":{"confidence_interval":{"confidence_level":0.95,"lower_bound":63671.42857142857,"upper_bound":67499.00595238095},"point_estimate":65018.023765774175,"standard_error":899.0442274325154},"median_abs_dev":{"confidence_interval":{"confidence_level":0.95,"lower_bound":7287.522350163589,"upper_bound":12518.549467672798},"point_estimate":10108.959154416892,"standard_error":1289.6892969977928},"slope":{"confidence_interval":{"confidence_level":0.95,"lower_bound":67805.84535903507,"upper_bound":72191.86562323124},"point_estimate":69914.32726128903,"standard_error":1118.3953568692123},"std_dev":{"confidence_interval":{"confidence_level":0.95,"lower_bound":8363.897597607716,"upper_bound":11841.058456387978},"point_estimate":10097.552740473633,"standard_error":891.7986831208526}}