{"mean":{"confidence_interval":{"confidence_level":0.95,"lower_bound":991696.7728503642,"upper_bound":1011412.9323470362},"point_estimate":1001458.191708179,"standard_error":5030.618436402391},"median":{"confidence_interval":{"confidence_level":0.95,"lower_bound":984838.7760416667,"upper_bound":1012717.6563275434},"point_estimate":996363.6175438596,"standard_error":7296.391346312577},"median_abs_dev":{"confidence_interval":{"confidence_level":0.95,"lower_bound":43735.96765698727,"upper_bound":65995.55730781832},"point_estimate":53605.748094330476,"standard_error":5709.933751243946},"slope":{"confidence_interval":{"confidence_level":0.95,"lower_bound":995150.791678808,"upper_bound":1017617.9743729425},"point_estimate":1006348.1593468302,"standard_error":5715.540037062122},"std_dev":{"confidence_interval":{"confidence_level":0.95,"lower_bound":43389.4078421874,"upper_bound":57390.13892097795},"point_estimate":50677.077720412744,"standard_error":3585.8535924318285}}