{"mean":{"confidence_interval":{"confidence_level":0.95,"lower_bound":1903761.0671117373,"upper_bound":1939801.6641133868},"point_estimate":1920663.8107869648,"standard_error":9176.852266950213},"median":{"confidence_interval":{"confidence_level":0.95,"lower_bound":1887487.183974359,"upper_bound":1917326.425531915},"point_estimate":1897443.0227272727,"standard_error":8095.241637605719},"median_abs_dev":{"confidence_interval":{"confidence_level":0.95,"lower_bound":44577.34458692729,"upper_bound":76769.45713129433},"point_estimate":56831.258280905844,"standard_error":8469.249835932558},"slope":{"confidence_interval":{"confidence_level":0.95,"lower_bound":1892258.9046754306,"upper_bound":1937428.284509308},"point_estimate":1912268.1339707403,"standard_error":11537.498067194601},"std_dev":{"confidence_interval":{"confidence_level":0.95,"lower_bound":63798.65101311317,"upper_bound":123020.67912699045},"point_estimate":92416.58802876362,"standard_error":15903.522002431868}}