{"mean":{"confidence_interval":{"confidence_level":0.95,"lower_bound":334256.50470221986,"upper_bound":337633.75818748644},"point_estimate":335924.4913509795,"standard_error":862.0239363044105},"median":{"confidence_interval":{"confidence_level":0.95,"lower_bound":333623.0,"upper_bound":337971.8285495599},"point_estimate":336743.09627016133,"standard_error":1114.0475468794357},"median_abs_dev":{"confidence_interval":{"confidence_level":0.95,"lower_bound":6503.191940314522,"upper_bound":10091.541551216547},"point_estimate":8911.615747707378,"standard_error":939.5700932920431},"slope":{"confidence_interval":{"confidence_level":0.95,"lower_bound":332637.21044954966,"upper_bound":335985.3556474591},"point_estimate":334272.36536943994,"standard_error":856.5297214765623},"std_dev":{"confidence_interval":{"confidence_level":0.95,"lower_bound":7128.274486608646,"upper_bound":10193.789358955775},"point_estimate":8686.668542025058,"standard_error":787.7113345725911}}