{"mean":{"confidence_interval":{"confidence_level":0.95,"lower_bound":3155219.925578125,"upper_bound":3160695.168625},"point_estimate":3157848.50625,"standard_error":1397.644410410523},"median":{"confidence_interval":{"confidence_level":0.95,"lower_bound":3152782.0625,"upper_bound":3158438.6875},"point_estimate":3154841.75,"standard_error":1685.852245209417},"median_abs_dev":{"confidence_interval":{"confidence_level":0.95,"lower_bound":9243.176873400807,"upper_bound":14034.291350841522},"point_estimate":12246.275782585144,"standard_error":1244.2197738490784},"slope":null,"std_dev":{"confidence_interval":{"confidence_level":0.95,"lower_bound":10846.508986178405,"upper_bound":17164.15047777366},"point_estimate":14077.115329056978,"standard_error":1626.6855728476733}}