{"mean":{"confidence_interval":{"confidence_level":0.95,"lower_bound":38266767.989625,"upper_bound":38662660.06575},"point_estimate":38442726.64,"standard_error":101505.87147996521},"median":{"confidence_interval":{"confidence_level":0.95,"lower_bound":38226631.25,"upper_bound":38399859.75},"point_estimate":38290192.0,"standard_error":40986.785980735935},"median_abs_dev":{"confidence_interval":{"confidence_level":0.95,"lower_bound":357832.175347209,"upper_bound":590878.3587098122},"point_estimate":480919.1077619791,"standard_error":57621.17010099527},"slope":null,"std_dev":{"confidence_interval":{"confidence_level":0.95,"lower_bound":544544.1864733086,"upper_bound":1526247.7715142379},"point_estimate":1023213.3271907589,"standard_error":293336.9125755635}}