{"mean":{"confidence_interval":{"confidence_level":0.95,"lower_bound":27072.990463291746,"upper_bound":27443.08779049934},"point_estimate":27258.272363612366,"standard_error":94.53153326451121},"median":{"confidence_interval":{"confidence_level":0.95,"lower_bound":27351.554285714286,"upper_bound":27631.919571995466},"point_estimate":27467.903772374197,"standard_error":77.51492623688327},"median_abs_dev":{"confidence_interval":{"confidence_level":0.95,"lower_bound":545.2803381590866,"upper_bound":1013.9752116134495},"point_estimate":798.8775736319468,"standard_error":116.22997164136653},"slope":{"confidence_interval":{"confidence_level":0.95,"lower_bound":27679.778911315505,"upper_bound":27993.04781929013},"point_estimate":27828.95930587515,"standard_error":80.03586990187615},"std_dev":{"confidence_interval":{"confidence_level":0.95,"lower_bound":795.3891376664131,"upper_bound":1093.9046725573226},"point_estimate":946.4600753142068,"standard_error":76.28536040966965}}