{"mean":{"confidence_interval":{"confidence_level":0.95,"lower_bound":217297.9108999598,"upper_bound":226227.49223782044},"point_estimate":221267.15107559448,"standard_error":2291.143990626875},"median":{"confidence_interval":{"confidence_level":0.95,"lower_bound":213169.4802536232,"upper_bound":216809.6},"point_estimate":214205.38149717514,"standard_error":972.725357586265},"median_abs_dev":{"confidence_interval":{"confidence_level":0.95,"lower_bound":3881.556565460747,"upper_bound":7581.201268915556},"point_estimate":5058.428377308664,"standard_error":956.5266538751057},"slope":{"confidence_interval":{"confidence_level":0.95,"lower_bound":212715.37093718388,"upper_bound":215095.51857258033},"point_estimate":213798.06978336044,"standard_error":612.1256883736136},"std_dev":{"confidence_interval":{"confidence_level":0.95,"lower_bound":10294.43062207189,"upper_bound":33190.55448966238},"point_estimate":23252.609275248302,"standard_error":5844.510570610363}}