{"mean":{"confidence_interval":{"confidence_level":0.95,"lower_bound":21714955.586666666,"upper_bound":22263723.84666667},"point_estimate":21959623.809999995,"standard_error":140903.7681198086},"median":{"confidence_interval":{"confidence_level":0.95,"lower_bound":21542262.333333332,"upper_bound":21912251.166666664},"point_estimate":21678548.333333336,"standard_error":99416.84455559109},"median_abs_dev":{"confidence_interval":{"confidence_level":0.95,"lower_bound":630110.919213295,"upper_bound":1052581.2411129484},"point_estimate":785589.9429529896,"standard_error":110796.79639174792},"slope":null,"std_dev":{"confidence_interval":{"confidence_level":0.95,"lower_bound":810652.7285951719,"upper_bound":2061524.7566771128},"point_estimate":1413093.947934305,"standard_error":367943.8637032026}}