{"mean":{"confidence_interval":{"confidence_level":0.95,"lower_bound":2873.358802977224,"upper_bound":2884.801861704118},"point_estimate":2878.8866452465613,"standard_error":2.909843300723724},"median":{"confidence_interval":{"confidence_level":0.95,"lower_bound":2866.1440209290167,"upper_bound":2877.8970028818444},"point_estimate":2871.218795176009,"standard_error":3.046953799174668},"median_abs_dev":{"confidence_interval":{"confidence_level":0.95,"lower_bound":17.46467700196455,"upper_bound":29.287572967363396},"point_estimate":24.624577465148896,"standard_error":3.0275678874735354},"slope":{"confidence_interval":{"confidence_level":0.95,"lower_bound":2870.7377107829043,"upper_bound":2884.2535154393263},"point_estimate":2877.110077265114,"standard_error":3.4553286737644804},"std_dev":{"confidence_interval":{"confidence_level":0.95,"lower_bound":23.194191667051324,"upper_bound":34.70199804909898},"point_estimate":29.397809565626623,"standard_error":2.9426551357524056}}