{"mean":{"confidence_interval":{"confidence_level":0.95,"lower_bound":113096.9343103142,"upper_bound":115738.79045706292},"point_estimate":114411.73180705463,"standard_error":674.8885191716711},"median":{"confidence_interval":{"confidence_level":0.95,"lower_bound":112232.45935456948,"upper_bound":115252.47714285714},"point_estimate":113886.03125,"standard_error":887.0162270412848},"median_abs_dev":{"confidence_interval":{"confidence_level":0.95,"lower_bound":5756.560562380971,"upper_bound":9996.69588999685},"point_estimate":7979.502554393557,"standard_error":1068.5350691661063},"slope":{"confidence_interval":{"confidence_level":0.95,"lower_bound":115754.73935766061,"upper_bound":118627.85839014578},"point_estimate":117180.23345736663,"standard_error":733.8594937226522},"std_dev":{"confidence_interval":{"confidence_level":0.95,"lower_bound":6016.434519213282,"upper_bound":7417.240288884004},"point_estimate":6759.469007837933,"standard_error":357.7765539277051}}