{"mean":{"confidence_interval":{"confidence_level":0.95,"lower_bound":212559.00626276594,"upper_bound":222644.5605508518},"point_estimate":217154.5205059255,"standard_error":2586.751806127788},"median":{"confidence_interval":{"confidence_level":0.95,"lower_bound":205014.90625,"upper_bound":216186.5945945946},"point_estimate":210872.23904006046,"standard_error":3039.6538834351886},"median_abs_dev":{"confidence_interval":{"confidence_level":0.95,"lower_bound":9991.66798490408,"upper_bound":19951.117534821224},"point_estimate":14974.190795218747,"standard_error":2587.3806916473654},"slope":{"confidence_interval":{"confidence_level":0.95,"lower_bound":202499.39719555457,"upper_bound":206624.74445886776},"point_estimate":204362.9919920201,"standard_error":1048.6791905745454},"std_dev":{"confidence_interval":{"confidence_level":0.95,"lower_bound":15664.267818281927,"upper_bound":36775.318590381976},"point_estimate":25863.784282215867,"standard_error":5995.058371321866}}