{"mean":{"confidence_interval":{"confidence_level":0.95,"lower_bound":10577465.036649996,"upper_bound":10706853.583849998},"point_estimate":10627803.265999997,"standard_error":34399.0404514003},"median":{"confidence_interval":{"confidence_level":0.95,"lower_bound":10550609.0,"upper_bound":10605719.8},"point_estimate":10586169.5,"standard_error":13747.708597683824},"median_abs_dev":{"confidence_interval":{"confidence_level":0.95,"lower_bound":83056.58486545141,"upper_bound":132991.29327893312},"point_estimate":120062.576728464,"standard_error":13175.832121652942},"slope":null,"std_dev":{"confidence_interval":{"confidence_level":0.95,"lower_bound":91224.84722915542,"upper_bound":571482.8822633467},"point_estimate":345655.0319448102,"standard_error":157359.62433220452}}