{"mean":{"confidence_interval":{"confidence_level":0.95,"lower_bound":3080795.714955882,"upper_bound":3155339.9619264696},"point_estimate":3117201.0776470583,"standard_error":18968.29081555583},"median":{"confidence_interval":{"confidence_level":0.95,"lower_bound":3084613.6470588236,"upper_bound":3147572.3529411764},"point_estimate":3118525.470588235,"standard_error":14482.70378482587},"median_abs_dev":{"confidence_interval":{"confidence_level":0.95,"lower_bound":109520.4013556242,"upper_bound":183052.82503839803},"point_estimate":142883.5229868401,"standard_error":17675.03058917912},"slope":null,"std_dev":{"confidence_interval":{"confidence_level":0.95,"lower_bound":152017.0312933679,"upper_bound":228406.47822215914},"point_estimate":190633.52015328224,"standard_error":19605.14440585494}}