{"mean":{"confidence_interval":{"confidence_level":0.95,"lower_bound":645186.7545496537,"upper_bound":661764.2980167947},"point_estimate":653119.4553813193,"standard_error":4249.082061727053},"median":{"confidence_interval":{"confidence_level":0.95,"lower_bound":637047.3581081082,"upper_bound":652769.0},"point_estimate":646067.3,"standard_error":4068.895766180993},"median_abs_dev":{"confidence_interval":{"confidence_level":0.95,"lower_bound":16758.448295581522,"upper_bound":36048.0727755806},"point_estimate":21760.542531173232,"standard_error":5045.639885111598},"slope":{"confidence_interval":{"confidence_level":0.95,"lower_bound":651208.5960896689,"upper_bound":668761.1004542807},"point_estimate":660018.294071228,"standard_error":4489.04442240229},"std_dev":{"confidence_interval":{"confidence_level":0.95,"lower_bound":31617.038759369283,"upper_bound":54123.35624940755},"point_estimate":42601.1840545464,"standard_error":5908.747439153854}}