{"mean":{"confidence_interval":{"confidence_level":0.95,"lower_bound":27797586.12575,"upper_bound":28342298.65575},"point_estimate":28058188.3,"standard_error":138693.58338937323},"median":{"confidence_interval":{"confidence_level":0.95,"lower_bound":27473158.0,"upper_bound":27918087.0},"point_estimate":27766385.5,"standard_error":124562.0997284685},"median_abs_dev":{"confidence_interval":{"confidence_level":0.95,"lower_bound":733966.3060694933,"upper_bound":1173932.666708529},"point_estimate":950205.736130476,"standard_error":107953.43119444198},"slope":null,"std_dev":{"confidence_interval":{"confidence_level":0.95,"lower_bound":1027878.1699376339,"upper_bound":1737725.1845279962},"point_estimate":1395166.4856819205,"standard_error":181636.84012850514}}