{"mean":{"confidence_interval":{"confidence_level":0.95,"lower_bound":4856.754407747965,"upper_bound":4882.354754916418},"point_estimate":4869.6560493357465,"standard_error":6.531503520159491},"median":{"confidence_interval":{"confidence_level":0.95,"lower_bound":4855.707730388423,"upper_bound":4885.881362901597},"point_estimate":4871.7109486812515,"standard_error":7.02967976831599},"median_abs_dev":{"confidence_interval":{"confidence_level":0.95,"lower_bound":43.98293598163585,"upper_bound":73.57888572492327},"point_estimate":58.89426117735242,"standard_error":7.181232119377178},"slope":{"confidence_interval":{"confidence_level":0.95,"lower_bound":4864.343932119127,"upper_bound":4890.725929375455},"point_estimate":4877.682387064774,"standard_error":6.745494553573661},"std_dev":{"confidence_interval":{"confidence_level":0.95,"lower_bound":56.270831006106974,"upper_bound":73.88067856229092},"point_estimate":65.54278517647064,"standard_error":4.502163327675424}}