{"mean":{"confidence_interval":{"confidence_level":0.95,"lower_bound":548947.3949241453,"upper_bound":577915.3118019592},"point_estimate":562926.5097295824,"standard_error":7415.048085776075},"median":{"confidence_interval":{"confidence_level":0.95,"lower_bound":538989.8235294118,"upper_bound":566692.467032967},"point_estimate":555640.6633064516,"standard_error":6983.422329154444},"median_abs_dev":{"confidence_interval":{"confidence_level":0.95,"lower_bound":40101.86566119483,"upper_bound":77482.3039400391},"point_estimate":57747.95348162369,"standard_error":9888.392054999042},"slope":{"confidence_interval":{"confidence_level":0.95,"lower_bound":544336.9057417654,"upper_bound":572851.8040061747},"point_estimate":558381.1050332496,"standard_error":7272.68753830309},"std_dev":{"confidence_interval":{"confidence_level":0.95,"lower_bound":58211.64646595496,"upper_bound":90983.96485720016},"point_estimate":74819.60340114681,"standard_error":8453.626501721776}}