{"mean":{"confidence_interval":{"confidence_level":0.95,"lower_bound":1058035.533098365,"upper_bound":1209054.0970065587},"point_estimate":1121138.337113732,"standard_error":39091.24594398435},"median":{"confidence_interval":{"confidence_level":0.95,"lower_bound":1008149.3795420607,"upper_bound":1076718.2684210525},"point_estimate":1050572.5316901407,"standard_error":16946.973563822525},"median_abs_dev":{"confidence_interval":{"confidence_level":0.95,"lower_bound":104925.17554981983,"upper_bound":189575.95353852055},"point_estimate":137881.5327171897,"standard_error":21088.450072318545},"slope":{"confidence_interval":{"confidence_level":0.95,"lower_bound":1057708.4939767777,"upper_bound":1162906.010440857},"point_estimate":1106671.009883257,"standard_error":26876.049185115895},"std_dev":{"confidence_interval":{"confidence_level":0.95,"lower_bound":153341.65699099703,"upper_bound":623613.9658889172},"point_estimate":394386.2146988212,"standard_error":143973.55431261938}}