{"mean":{"confidence_interval":{"confidence_level":0.95,"lower_bound":109891.13017480393,"upper_bound":112756.0843054571},"point_estimate":111235.93798123361,"standard_error":731.902056184247},"median":{"confidence_interval":{"confidence_level":0.95,"lower_bound":107823.96464646465,"upper_bound":109886.77414529915},"point_estimate":108695.6423915068,"standard_error":480.2033712096812},"median_abs_dev":{"confidence_interval":{"confidence_level":0.95,"lower_bound":2579.5744270239143,"upper_bound":5440.508022362462},"point_estimate":3615.61983126037,"standard_error":773.599732347372},"slope":{"confidence_interval":{"confidence_level":0.95,"lower_bound":109858.59566504713,"upper_bound":112760.71764436406},"point_estimate":111255.28792834507,"standard_error":740.2939450212965},"std_dev":{"confidence_interval":{"confidence_level":0.95,"lower_bound":5107.52047702488,"upper_bound":9665.441838847695},"point_estimate":7346.234368364844,"standard_error":1195.8642290722125}}