{"mean":{"confidence_interval":{"confidence_level":0.95,"lower_bound":68935.31030293516,"upper_bound":68988.57786410095},"point_estimate":68961.32418302847,"standard_error":13.601611916114189},"median":{"confidence_interval":{"confidence_level":0.95,"lower_bound":68929.72068357997,"upper_bound":68966.56188332601},"point_estimate":68947.64635387225,"standard_error":10.423599334726635},"median_abs_dev":{"confidence_interval":{"confidence_level":0.95,"lower_bound":80.48022104312938,"upper_bound":140.06176287148173},"point_estimate":105.77538912210996,"standard_error":15.460760863868781},"slope":{"confidence_interval":{"confidence_level":0.95,"lower_bound":68926.16022423886,"upper_bound":68974.00592725535},"point_estimate":68950.86648145411,"standard_error":12.19427684732063},"std_dev":{"confidence_interval":{"confidence_level":0.95,"lower_bound":111.14892870035331,"upper_bound":161.4249381869386},"point_estimate":136.57592595729176,"standard_error":12.927268688056568}}