{"mean":{"confidence_interval":{"confidence_level":0.95,"lower_bound":437101.776242288,"upper_bound":445386.3929938222},"point_estimate":440903.3540532338,"standard_error":2120.5189855047056},"median":{"confidence_interval":{"confidence_level":0.95,"lower_bound":433308.37700534763,"upper_bound":441672.1635220126},"point_estimate":437126.92599502485,"standard_error":1893.6765658039858},"median_abs_dev":{"confidence_interval":{"confidence_level":0.95,"lower_bound":8980.533806566962,"upper_bound":15648.054484828861},"point_estimate":11286.033718218678,"standard_error":1695.1172826158731},"slope":{"confidence_interval":{"confidence_level":0.95,"lower_bound":437121.1876688741,"upper_bound":442720.6126108055},"point_estimate":439918.2549736466,"standard_error":1429.7508280416123},"std_dev":{"confidence_interval":{"confidence_level":0.95,"lower_bound":12648.128994278579,"upper_bound":30354.905977744966},"point_estimate":21412.529349749067,"standard_error":4800.85208266059}}