{"mean":{"confidence_interval":{"confidence_level":0.95,"lower_bound":82483.42500879426,"upper_bound":82639.39471006411},"point_estimate":82556.19120254599,"standard_error":39.78671820733071},"median":{"confidence_interval":{"confidence_level":0.95,"lower_bound":82398.62943580543,"upper_bound":82561.47117066468},"point_estimate":82480.62665868673,"standard_error":39.04409254697289},"median_abs_dev":{"confidence_interval":{"confidence_level":0.95,"lower_bound":227.6868010713844,"upper_bound":355.6033679666594},"point_estimate":284.1007607872607,"standard_error":33.21767100354051},"slope":{"confidence_interval":{"confidence_level":0.95,"lower_bound":82413.87411584193,"upper_bound":82570.95833371594},"point_estimate":82488.6998972957,"standard_error":40.243260598012945},"std_dev":{"confidence_interval":{"confidence_level":0.95,"lower_bound":271.86207225408276,"upper_bound":532.2958249525584},"point_estimate":398.6407643630162,"standard_error":68.83204569117427}}