{"mean":{"confidence_interval":{"confidence_level":0.95,"lower_bound":68340.31739910999,"upper_bound":69701.4398717885},"point_estimate":68922.86225384013,"standard_error":352.83599654614005},"median":{"confidence_interval":{"confidence_level":0.95,"lower_bound":68140.26336917563,"upper_bound":68733.81264367816},"point_estimate":68393.11586580465,"standard_error":161.37329332255737},"median_abs_dev":{"confidence_interval":{"confidence_level":0.95,"lower_bound":749.0882610701134,"upper_bound":1324.1620919986376},"point_estimate":972.2488484254027,"standard_error":140.57868059756075},"slope":{"confidence_interval":{"confidence_level":0.95,"lower_bound":68533.71002075082,"upper_bound":69122.2940824055},"point_estimate":68819.5006902123,"standard_error":149.81657452040147},"std_dev":{"confidence_interval":{"confidence_level":0.95,"lower_bound":1432.9488917648819,"upper_bound":5501.771543238335},"point_estimate":3551.536211504027,"standard_error":1169.8739580604342}}