{"mean":{"confidence_interval":{"confidence_level":0.95,"lower_bound":3653716.705016664,"upper_bound":3740004.736666665},"point_estimate":3694913.3706666655,"standard_error":21984.339416852217},"median":{"confidence_interval":{"confidence_level":0.95,"lower_bound":3607338.4,"upper_bound":3687245.3333333335},"point_estimate":3649028.666666667,"standard_error":19827.409903688716},"median_abs_dev":{"confidence_interval":{"confidence_level":0.95,"lower_bound":115159.27267551358,"upper_bound":194562.2864258291},"point_estimate":143907.28152513533,"standard_error":20378.607526511296},"slope":null,"std_dev":{"confidence_interval":{"confidence_level":0.95,"lower_bound":164633.95683348202,"upper_bound":271037.1363306958},"point_estimate":220727.53688053443,"standard_error":27165.322883874167}}