{"mean":{"confidence_interval":{"confidence_level":0.95,"lower_bound":76209.00731747977,"upper_bound":78569.9356846582},"point_estimate":77296.39446339589,"standard_error":604.4514432123746},"median":{"confidence_interval":{"confidence_level":0.95,"lower_bound":75308.94497863247,"upper_bound":76027.39360617287},"point_estimate":75591.83286819002,"standard_error":183.5261358732364},"median_abs_dev":{"confidence_interval":{"confidence_level":0.95,"lower_bound":1223.704935321356,"upper_bound":2916.4791063063776},"point_estimate":1920.5719273427017,"standard_error":406.466376510178},"slope":{"confidence_interval":{"confidence_level":0.95,"lower_bound":75113.33696390077,"upper_bound":76576.77986581277},"point_estimate":75791.71788111991,"standard_error":372.0529638341473},"std_dev":{"confidence_interval":{"confidence_level":0.95,"lower_bound":3870.901806932697,"upper_bound":8405.296302631325},"point_estimate":6065.4675517273745,"standard_error":1245.8475066016586}}