{"mean":{"confidence_interval":{"confidence_level":0.95,"lower_bound":192336.6309003133,"upper_bound":201714.7210075486},"point_estimate":196741.192531256,"standard_error":2396.3437965864277},"median":{"confidence_interval":{"confidence_level":0.95,"lower_bound":185413.64705882352,"upper_bound":193410.01388888888},"point_estimate":189914.19764957263,"standard_error":1813.964919633625},"median_abs_dev":{"confidence_interval":{"confidence_level":0.95,"lower_bound":9722.87051069527,"upper_bound":16967.23833790885},"point_estimate":13037.794821615322,"standard_error":1883.7176802048396},"slope":{"confidence_interval":{"confidence_level":0.95,"lower_bound":187903.2563559205,"upper_bound":196340.83854729493},"point_estimate":191850.91103049112,"standard_error":2163.8980543965254},"std_dev":{"confidence_interval":{"confidence_level":0.95,"lower_bound":16543.14209779735,"upper_bound":31631.601154509033},"point_estimate":24095.2865831469,"standard_error":3928.7909201348048}}