{"mean":{"confidence_interval":{"confidence_level":0.95,"lower_bound":2519831.5595,"upper_bound":2538540.2180124996},"point_estimate":2529341.437499999,"standard_error":4789.9228813875225},"median":{"confidence_interval":{"confidence_level":0.95,"lower_bound":2526216.375,"upper_bound":2544444.2},"point_estimate":2534262.3,"standard_error":5042.9545686922875},"median_abs_dev":{"confidence_interval":{"confidence_level":0.95,"lower_bound":33006.937889009714,"upper_bound":55022.69500315231},"point_estimate":44193.26588541228,"standard_error":5601.4183065646375},"slope":null,"std_dev":{"confidence_interval":{"confidence_level":0.95,"lower_bound":39757.73215143865,"upper_bound":55546.44488370806},"point_estimate":48052.160378358014,"standard_error":4045.959553547429}}