{"mean":{"confidence_interval":{"confidence_level":0.95,"lower_bound":1194374.3167580373,"upper_bound":1257198.101737938},"point_estimate":1223794.2076079592,"standard_error":16030.3685201596},"median":{"confidence_interval":{"confidence_level":0.95,"lower_bound":1147993.7922077922,"upper_bound":1190489.1825396824},"point_estimate":1176444.3736842105,"standard_error":10500.217379773061},"median_abs_dev":{"confidence_interval":{"confidence_level":0.95,"lower_bound":52127.30621269667,"upper_bound":107705.61392062993},"point_estimate":80426.19003717748,"standard_error":14045.426227253449},"slope":{"confidence_interval":{"confidence_level":0.95,"lower_bound":1156383.5018817808,"upper_bound":1202279.7327362974},"point_estimate":1177625.7606649918,"standard_error":11707.168973408237},"std_dev":{"confidence_interval":{"confidence_level":0.95,"lower_bound":109869.54029230257,"upper_bound":208119.0619755559},"point_estimate":161682.3110537392,"standard_error":25135.617800469707}}