{"mean":{"confidence_interval":{"confidence_level":0.95,"lower_bound":51946.1706745268,"upper_bound":52381.565133186},"point_estimate":52160.26550803489,"standard_error":110.93628454689977},"median":{"confidence_interval":{"confidence_level":0.95,"lower_bound":51635.48823953824,"upper_bound":52363.65},"point_estimate":51886.04605654762,"standard_error":179.95148092563167},"median_abs_dev":{"confidence_interval":{"confidence_level":0.95,"lower_bound":810.4776856062266,"upper_bound":1432.1228366046219},"point_estimate":1216.0118141296703,"standard_error":160.0704204346307},"slope":{"confidence_interval":{"confidence_level":0.95,"lower_bound":51399.82769235178,"upper_bound":51709.315201650184},"point_estimate":51546.60557721295,"standard_error":79.13756171228725},"std_dev":{"confidence_interval":{"confidence_level":0.95,"lower_bound":959.2900316378095,"upper_bound":1264.5626707952838},"point_estimate":1115.9406927180762,"standard_error":78.23002493755261}}