{"mean":{"confidence_interval":{"confidence_level":0.95,"lower_bound":958040.7868264271,"upper_bound":991155.3926342215},"point_estimate":973509.1293543994,"standard_error":8474.970407244848},"median":{"confidence_interval":{"confidence_level":0.95,"lower_bound":921964.5718634486,"upper_bound":985611.3908695653},"point_estimate":939209.4832041344,"standard_error":20427.742227657633},"median_abs_dev":{"confidence_interval":{"confidence_level":0.95,"lower_bound":20985.2699352495,"upper_bound":94395.41898720688},"point_estimate":49710.41138409527,"standard_error":21720.628869489305},"slope":{"confidence_interval":{"confidence_level":0.95,"lower_bound":934608.8085526632,"upper_bound":956714.9777187435},"point_estimate":945243.4550583715,"standard_error":5657.355405657632},"std_dev":{"confidence_interval":{"confidence_level":0.95,"lower_bound":56419.82602540353,"upper_bound":113003.85814252277},"point_estimate":85064.62149571339,"standard_error":14739.800291884865}}