{"mean":{"confidence_interval":{"confidence_level":0.95,"lower_bound":5431.485094072566,"upper_bound":5573.7335915126005},"point_estimate":5499.703920308718,"standard_error":36.47831306158975},"median":{"confidence_interval":{"confidence_level":0.95,"lower_bound":5315.050722311396,"upper_bound":5498.726051198888},"point_estimate":5417.32096251659,"standard_error":43.0704360695102},"median_abs_dev":{"confidence_interval":{"confidence_level":0.95,"lower_bound":211.16084781514581,"upper_bound":377.18950671022617},"point_estimate":313.73584424649766,"standard_error":41.27273934894284},"slope":{"confidence_interval":{"confidence_level":0.95,"lower_bound":5425.579158512909,"upper_bound":5579.275124342745},"point_estimate":5500.525319387045,"standard_error":39.25255647024756},"std_dev":{"confidence_interval":{"confidence_level":0.95,"lower_bound":284.9769719524269,"upper_bound":441.7406976326665},"point_estimate":366.75857135563007,"standard_error":40.22086446602357}}