{"mean":{"confidence_interval":{"confidence_level":0.95,"lower_bound":287437.6164128109,"upper_bound":291994.9126645512},"point_estimate":289732.32981800224,"standard_error":1160.8219750032538},"median":{"confidence_interval":{"confidence_level":0.95,"lower_bound":286973.61842105264,"upper_bound":291711.7549548666},"point_estimate":289161.087602459,"standard_error":1235.6417575822172},"median_abs_dev":{"confidence_interval":{"confidence_level":0.95,"lower_bound":6964.362883561503,"upper_bound":12692.22844299024},"point_estimate":9182.56998356771,"standard_error":1489.5684867797754},"slope":{"confidence_interval":{"confidence_level":0.95,"lower_bound":293231.52318163443,"upper_bound":298326.77812571614},"point_estimate":295793.2313351559,"standard_error":1301.7103613892},"std_dev":{"confidence_interval":{"confidence_level":0.95,"lower_bound":9722.374832780873,"upper_bound":13521.483935586635},"point_estimate":11682.849068120624,"standard_error":971.5662613010647}}