{"mean":{"confidence_interval":{"confidence_level":0.95,"lower_bound":373386.87335144664,"upper_bound":386627.0768411409},"point_estimate":379016.60268719756,"standard_error":3416.0854119575906},"median":{"confidence_interval":{"confidence_level":0.95,"lower_bound":369946.7147465438,"upper_bound":377015.4166666667},"point_estimate":373318.4641025641,"standard_error":2133.5960593138466},"median_abs_dev":{"confidence_interval":{"confidence_level":0.95,"lower_bound":10465.739684287713,"upper_bound":16880.815402697957},"point_estimate":13438.396588531135,"standard_error":1622.00847827924},"slope":{"confidence_interval":{"confidence_level":0.95,"lower_bound":367229.31341932004,"upper_bound":372106.7705570885},"point_estimate":369622.22356238606,"standard_error":1250.0434857390717},"std_dev":{"confidence_interval":{"confidence_level":0.95,"lower_bound":15292.85578654877,"upper_bound":53474.36709320842},"point_estimate":34295.950935954614,"standard_error":11878.445144089108}}