{"mean":{"confidence_interval":{"confidence_level":0.95,"lower_bound":1657765.3557176783,"upper_bound":1688749.7094989729},"point_estimate":1672603.4919686613,"standard_error":7951.6789071308995},"median":{"confidence_interval":{"confidence_level":0.95,"lower_bound":1642602.0671417853,"upper_bound":1669375.302705224},"point_estimate":1657031.6346153845,"standard_error":6094.5323157271305},"median_abs_dev":{"confidence_interval":{"confidence_level":0.95,"lower_bound":45928.976150258924,"upper_bound":75534.43747811622},"point_estimate":57392.613546846565,"standard_error":7621.087347455033},"slope":{"confidence_interval":{"confidence_level":0.95,"lower_bound":1645161.6006511198,"upper_bound":1677273.4520975854},"point_estimate":1660533.5328565096,"standard_error":8199.307783621422},"std_dev":{"confidence_interval":{"confidence_level":0.95,"lower_bound":55997.44728387456,"upper_bound":102928.91109566927},"point_estimate":80145.01277472054,"standard_error":12195.19404243393}}