{"mean":{"confidence_interval":{"confidence_level":0.95,"lower_bound":118422.27410488013,"upper_bound":124853.25133197737},"point_estimate":121270.35683145236,"standard_error":1655.2496570486676},"median":{"confidence_interval":{"confidence_level":0.95,"lower_bound":115960.90735373054,"upper_bound":117253.87777777777},"point_estimate":116694.68023091689,"standard_error":354.2991035830592},"median_abs_dev":{"confidence_interval":{"confidence_level":0.95,"lower_bound":2318.2065333868604,"upper_bound":4292.335135815137},"point_estimate":3649.5706773367956,"standard_error":474.01393991540846},"slope":{"confidence_interval":{"confidence_level":0.95,"lower_bound":115666.58231627007,"upper_bound":117889.94734102543},"point_estimate":116684.68401523735,"standard_error":568.1454549595974},"std_dev":{"confidence_interval":{"confidence_level":0.95,"lower_bound":7399.286975847565,"upper_bound":24085.832364919275},"point_estimate":16621.601981717864,"standard_error":4363.455864555783}}