{"mean":{"confidence_interval":{"confidence_level":0.95,"lower_bound":302320.062788468,"upper_bound":318546.7898073963},"point_estimate":309964.75833874504,"standard_error":4154.497439789065},"median":{"confidence_interval":{"confidence_level":0.95,"lower_bound":293581.28226227796,"upper_bound":306953.72222222225},"point_estimate":298413.0404611211,"standard_error":3808.8666314925763},"median_abs_dev":{"confidence_interval":{"confidence_level":0.95,"lower_bound":18693.980528616892,"upper_bound":30720.612710307698},"point_estimate":23288.372779657224,"standard_error":2940.9119880637336},"slope":{"confidence_interval":{"confidence_level":0.95,"lower_bound":293848.7493257233,"upper_bound":309155.6002358652},"point_estimate":301058.4722461948,"standard_error":3930.820216284288},"std_dev":{"confidence_interval":{"confidence_level":0.95,"lower_bound":27583.686097726815,"upper_bound":53990.4121771268},"point_estimate":41946.2267623138,"standard_error":6713.357373271033}}