{"mean":{"confidence_interval":{"confidence_level":0.95,"lower_bound":124664.9515393803,"upper_bound":132351.44129040028},"point_estimate":127900.63383363839,"standard_error":1989.3340724054262},"median":{"confidence_interval":{"confidence_level":0.95,"lower_bound":123794.16689592262,"upper_bound":126316.13522597254},"point_estimate":124823.84188802083,"standard_error":621.9210472387272},"median_abs_dev":{"confidence_interval":{"confidence_level":0.95,"lower_bound":4132.9438394461,"upper_bound":9156.854191454095},"point_estimate":6315.589081547474,"standard_error":1368.0871650356378},"slope":{"confidence_interval":{"confidence_level":0.95,"lower_bound":123379.03384947094,"upper_bound":135670.3080478415},"point_estimate":127867.80034764297,"standard_error":3366.839595719461},"std_dev":{"confidence_interval":{"confidence_level":0.95,"lower_bound":7413.864862667529,"upper_bound":31459.96404722726},"point_estimate":19995.129175372167,"standard_error":6989.242161046405}}