{"mean":{"confidence_interval":{"confidence_level":0.95,"lower_bound":15007450.263124999,"upper_bound":15367705.505},"point_estimate":15187287.225,"standard_error":91812.19842016962},"median":{"confidence_interval":{"confidence_level":0.95,"lower_bound":14883409.25,"upper_bound":15356182.125},"point_estimate":15136857.875,"standard_error":128066.6533085357},"median_abs_dev":{"confidence_interval":{"confidence_level":0.95,"lower_bound":845251.9280187786,"upper_bound":1236358.4652252495},"point_estimate":1014890.0903820992,"standard_error":102651.45751293379},"slope":null,"std_dev":{"confidence_interval":{"confidence_level":0.95,"lower_bound":791524.4225357266,"upper_bound":1050278.2865231836},"point_estimate":922505.7317401855,"standard_error":66387.83224847396}}